season,player_name,wiki_title,team,role,nationality,capped,base_price_lakh,sold_price_lakh,status,ipl_matches,set_name,overseas,mega_auction,person,display_name
2022,Ravindra Jadeja,Ravindra Jadeja,CSK,,IND,,,1600.0,retained,,retained,False,True,Ravindra Jadeja,Ravindra Jadeja
2022,MS Dhoni,MS Dhoni,CSK,,IND,,,1200.0,retained,,retained,False,True,MS Dhoni,MS Dhoni
2022,Moeen Ali,Moeen Ali,CSK,,ENG,,,800.0,retained,,retained,True,True,Moeen Ali,Moeen Ali
2022,Ruturaj Gaikwad,Ruturaj Gaikwad,CSK,,IND,,,600.0,retained,,retained,False,True,Ruturaj Gaikwad,Ruturaj Gaikwad
2022,Rishabh Pant,Rishabh Pant,DC,Batter,IND,,,1600.0,retained,,retained,False,True,Rishabh Pant,Rishabh Pant
2022,Axar Patel,Axar Patel,DC,,IND,,,900.0,retained,,retained,False,True,Axar Patel,Axar Patel
2022,Prithvi Shaw,Prithvi Shaw,DC,Batter,IND,,,750.0,retained,,retained,False,True,Prithvi Shaw,Prithvi Shaw
2022,Anrich Nortje,Anrich Nortje,DC,Fast bowler,SA,,,650.0,retained,,retained,True,True,Anrich Nortje,Anrich Nortje
2022,Hardik Pandya,Hardik Pandya,GT,,IND,,,1500.0,retained,,retained,False,True,Hardik Pandya,Hardik Pandya
2022,Rashid Khan,Rashid Khan,GT,,AFG,,,1500.0,retained,,retained,True,True,Rashid Khan,Rashid Khan
2022,Shubman Gill,Shubman Gill,GT,,IND,,,800.0,retained,,retained,False,True,Shubman Gill,Shubman Gill
2022,Andre Russell,Andre Russell,KKR,,WIN,,,1200.0,retained,,retained,True,True,Andre Russell,Andre Russell
2022,Varun Chakravarthy,Varun Chakravarthy,KKR,,IND,,,800.0,retained,,retained,False,True,Varun Chakravarthy,Varun Chakravarthy
2022,Venkatesh Iyer,Venkatesh Iyer,KKR,All-rounder,IND,,,800.0,retained,,retained,False,True,Venkatesh Iyer,Venkatesh Iyer
2022,Sunil Narine,Sunil Narine,KKR,,WIN,,,600.0,retained,,retained,True,True,Sunil Narine,Sunil Narine
2022,KL Rahul,KL Rahul,LSG,Wicket-keeper,IND,,,1700.0,retained,,retained,False,True,KL Rahul,KL Rahul
2022,Marcus Stoinis,Marcus Stoinis,LSG,All-rounder,AUS,,,919.9999999999999,retained,,retained,True,True,Marcus Stoinis,Marcus Stoinis
2022,Ravi Bishnoi,Ravi Bishnoi,LSG,Spin bowler,IND,,,400.0,retained,,retained,False,True,Ravi Bishnoi,Ravi Bishnoi
2022,Rohit Sharma,Rohit Sharma,MI,,IND,,,1600.0,retained,,retained,False,True,Rohit Sharma,Rohit Sharma
2022,Jasprit Bumrah,Jasprit Bumrah,MI,,IND,,,1200.0,retained,,retained,False,True,Jasprit Bumrah,Jasprit Bumrah
2022,Suryakumar Yadav,Suryakumar Yadav,MI,,IND,,,800.0,retained,,retained,False,True,Suryakumar Yadav,Suryakumar Yadav
2022,Kieron Pollard,Kieron Pollard,MI,,WIN,,,600.0,retained,,retained,True,True,Kieron Pollard,Kieron Pollard
2022,Mayank Agarwal,Mayank Agarwal,PBKS,Batter,IND,,,1200.0,retained,,retained,False,True,Mayank Agarwal,Mayank Agarwal
2022,Arshdeep Singh,Arshdeep Singh (cricketer),PBKS,Fast bowler,IND,,,400.0,retained,,retained,False,True,Arshdeep Singh,Arshdeep Singh
2022,Sanju Samson,Sanju Samson,RR,,IND,,,1400.0,retained,,retained,False,True,Sanju Samson,Sanju Samson
2022,Jos Buttler,Jos Buttler,RR,Wicket-keeper,ENG,,,1000.0,retained,,retained,True,True,Jos Buttler,Jos Buttler
2022,Yashasvi Jaiswal,Yashasvi Jaiswal,RR,,IND,,,400.0,retained,,retained,False,True,Yashasvi Jaiswal,Yashasvi Jaiswal
2022,Virat Kohli,Virat Kohli,RCB,,IND,,,1500.0,retained,,retained,False,True,Virat Kohli,Virat Kohli
2022,Glenn Maxwell,Glenn Maxwell,RCB,All-rounder,AUS,,,1100.0,retained,,retained,True,True,Glenn Maxwell,Glenn Maxwell
2022,Mohammed Siraj,Mohammed Siraj,RCB,Fast bowler,IND,,,700.0,retained,,retained,False,True,Mohammed Siraj,Mohammed Siraj
2022,Kane Williamson,Kane Williamson,SRH,Batter,NZ,,,1400.0,retained,,retained,True,True,Kane Williamson,Kane Williamson
2022,Abdul Samad,Abdul Samad (Indian cricketer),SRH,All-rounder,IND,,,400.0,retained,,retained,False,True,Abdul Samad (Indian cricketer),Abdul Samad
2022,Umran Malik,Umran Malik,SRH,Fast bowler,IND,,,400.0,retained,,retained,False,True,Umran Malik,Umran Malik
2022,Shikhar Dhawan,Shikhar Dhawan,PBKS,Batter,IND,True,200.0,825.0,sold,192.0,,False,True,Shikhar Dhawan,Shikhar Dhawan
2022,Ravichandran Ashwin,Ravichandran Ashwin,RR,All-rounder,IND,True,200.0,500.0,sold,167.0,,False,True,Ravichandran Ashwin,Ravichandran Ashwin
2022,Pat Cummins,Pat Cummins,KKR,All-rounder,AUS,True,200.0,725.0,sold,37.0,,True,True,Pat Cummins,Pat Cummins
2022,Kagiso Rabada,Kagiso Rabada,PBKS,Fast bowler,SA,True,200.0,925.0,sold,50.0,,True,True,Kagiso Rabada,Kagiso Rabada
2022,Trent Boult,Trent Boult,RR,Fast bowler,NZ,True,200.0,800.0,sold,62.0,,True,True,Trent Boult,Trent Boult
2022,Shreyas Iyer,Shreyas Iyer,KKR,Batter,IND,True,200.0,1225.0,sold,87.0,,False,True,Shreyas Iyer,Shreyas Iyer
2022,Mohammed Shami,Mohammed Shami,GT,Fast bowler,IND,True,200.0,625.0,sold,77.0,,False,True,Mohammed Shami,Mohammed Shami
2022,Faf du Plessis,Faf du Plessis,RCB,Batter,SA,True,200.0,700.0,sold,100.0,,True,True,Faf du Plessis,Faf du Plessis
2022,Quinton de Kock,Quinton de Kock,LSG,Wicket-keeper,SA,True,200.0,675.0,sold,77.0,,True,True,Quinton de Kock,Quinton de Kock
2022,David Warner,David Warner (cricketer),DC,Batter,AUS,True,200.0,625.0,sold,150.0,,True,True,David Warner (cricketer),David Warner
2022,Manish Pandey,Manish Pandey,LSG,Batter,IND,True,150.0,460.0,sold,154.0,,False,True,Manish Pandey,Manish Pandey
2022,Shimron Hetmyer,Shimron Hetmyer,RR,Batter,WIN,True,150.0,850.0,sold,31.0,,True,True,Shimron Hetmyer,Shimron Hetmyer
2022,Robin Uthappa,Robin Uthappa,CSK,Batter,IND,True,200.0,200.0,sold,193.0,,False,True,Robin Uthappa,Robin Uthappa
2022,Jason Roy,Jason Roy,GT,Batter,ENG,True,200.0,200.0,sold,13.0,,True,True,Jason Roy,Jason Roy
2022,Devdutt Padikkal,Devdutt Padikkal,RR,Batter,IND,True,150.0,775.0,sold,332.0,,False,True,Devdutt Padikkal,Devdutt Padikkal
2022,Dwayne Bravo,Dwayne Bravo,CSK,All-rounder,WIN,True,150.0,440.0,sold,151.0,,True,True,Dwayne Bravo,Dwayne Bravo
2022,Nitish Rana,Nitish Rana,KKR,All-rounder,IND,True,150.0,800.0,sold,77.0,,False,True,Nitish Rana,Nitish Rana
2022,Jason Holder,Jason Holder,LSG,All-rounder,WIN,True,150.0,875.0,sold,26.0,,True,True,Jason Holder,Jason Holder
2022,Harshal Patel,Harshal Patel,RCB,All-rounder,IND,True,150.0,1075.0,sold,63.0,,False,True,Harshal Patel,Harshal Patel
2022,Deepak Hooda,Deepak Hooda,LSG,All-rounder,IND,True,75.0,575.0,sold,80.0,,False,True,Deepak Hooda,Deepak Hooda
2022,Wanindu Hasaranga,Wanindu Hasaranga,RCB,Batter,SL,True,100.0,1075.0,sold,2.0,,True,True,Wanindu Hasaranga,Wanindu Hasaranga
2022,Washington Sundar,Washington Sundar,SRH,All-rounder,IND,True,150.0,875.0,sold,42.0,,False,True,Washington Sundar,Washington Sundar
2022,Krunal Pandya,Krunal Pandya,LSG,All-rounder,IND,True,200.0,825.0,sold,84.0,,False,True,Krunal Pandya,Krunal Pandya
2022,Mitchell Marsh,Mitchell Marsh,DC,All-rounder,AUS,True,200.0,650.0,sold,21.0,,True,True,Mitchell Marsh,Mitchell Marsh
2022,Ambati Rayudu,Ambati Rayudu,CSK,Wicket-keeper,IND,True,200.0,675.0,sold,175.0,,False,True,Ambati Rayudu,Ambati Rayudu
2022,Ishan Kishan,Ishan Kishan,MI,Wicket-keeper,IND,True,150.0,1525.0,sold,61.0,,False,True,Ishan Kishan,Ishan Kishan
2022,Jonny Bairstow,Jonny Bairstow,PBKS,Wicket-keeper,ENG,True,100.0,675.0,sold,28.0,,True,True,Jonny Bairstow,Jonny Bairstow
2022,Dinesh Karthik,Dinesh Karthik,RCB,Wicket-keeper,IND,True,200.0,550.0,sold,213.0,,False,True,Dinesh Karthik,Dinesh Karthik
2022,Nicholas Pooran,Nicholas Pooran,SRH,Wicket-keeper,WIN,True,150.0,1075.0,sold,33.0,,True,True,Nicholas Pooran,Nicholas Pooran
2022,T. Natarajan,T. Natarajan,SRH,Fast bowler,IND,True,100.0,400.0,sold,24.0,,False,True,T. Natarajan,T. Natarajan
2022,Deepak Chahar,Deepak Chahar,CSK,Fast bowler,IND,True,200.0,1400.0,sold,63.0,,False,True,Deepak Chahar,Deepak Chahar
2022,Prasidh Krishna,Prasidh Krishna,RR,Fast bowler,IND,True,100.0,1000.0,sold,34.0,,False,True,Prasidh Krishna,Prasidh Krishna
2022,Lockie Ferguson,Lockie Ferguson,GT,Fast bowler,NZ,True,200.0,1000.0,sold,22.0,,True,True,Lockie Ferguson,Lockie Ferguson
2022,Josh Hazlewood,Josh Hazlewood,RCB,Fast bowler,AUS,True,150.0,775.0,sold,12.0,,True,True,Josh Hazlewood,Josh Hazlewood
2022,Mark Wood,Mark Wood (cricketer),LSG,Fast bowler,ENG,True,200.0,750.0,sold,1.0,,True,True,Mark Wood (cricketer),Mark Wood
2022,Bhuvneshwar Kumar,Bhuvneshwar Kumar,SRH,Fast bowler,IND,True,200.0,420.0,sold,132.0,,False,True,Bhuvneshwar Kumar,Bhuvneshwar Kumar
2022,Shardul Thakur,Shardul Thakur,DC,Fast bowler,IND,True,200.0,1075.0,sold,61.0,,False,True,Shardul Thakur,Shardul Thakur
2022,Mustafizur Rahman,Mustafizur Rahman,DC,Fast bowler,BAN,True,200.0,200.0,sold,38.0,,True,True,Mustafizur Rahman,Mustafizur Rahman
2022,Kuldeep Yadav,Kuldeep Yadav,DC,Fast bowler,IND,True,100.0,200.0,sold,45.0,,False,True,Kuldeep Yadav,Kuldeep Yadav
2022,Rahul Chahar,Rahul Chahar,PBKS,Fast bowler,IND,True,75.0,525.0,sold,42.0,,False,True,Rahul Chahar,Rahul Chahar
2022,Yuzvendra Chahal,Yuzvendra Chahal,RR,Fast bowler,IND,True,200.0,650.0,sold,114.0,,False,True,Yuzvendra Chahal,Yuzvendra Chahal
2022,Priyam Garg,Priyam Garg,SRH,Batter,IND,False,20.0,20.0,sold,19.0,,False,True,Priyam Garg,Priyam Garg
2022,Abhinav Manohar Sadarangani,Abhinav Manohar,GT,Batter,IND,False,20.0,260.0,sold,,,False,True,Abhinav Manohar,Abhinav Manohar
2022,Dewald Brevis,Dewald Brevis,MI,Batter,SA,False,20.0,300.0,sold,,,True,True,Dewald Brevis,Dewald Brevis
2022,Ashwin Hebbar,Ashwin Hebbar,DC,Batter,IND,False,20.0,20.0,sold,,,False,True,Ashwin Hebbar,Ashwin Hebbar
2022,Rahul Tripathi,Rahul Tripathi,SRH,Batter,IND,False,40.0,850.0,sold,62.0,,False,True,Rahul Tripathi,Rahul Tripathi
2022,Riyan Parag,Riyan Parag,RR,All-rounder,IND,False,30.0,380.0,sold,30.0,,False,True,Riyan Parag,Riyan Parag
2022,Abhishek Sharma,"Abhishek Sharma (cricketer, born 2000)",SRH,All-rounder,IND,False,20.0,650.0,sold,22.0,,False,True,Abhishek Sharma,Abhishek Sharma
2022,Sarfaraz Khan,Sarfaraz Khan (cricketer),DC,All-rounder,IND,False,20.0,20.0,sold,40.0,,False,True,Sarfaraz Khan (cricketer),Sarfaraz Khan
2022,M. Shahrukh Khan,Shahrukh Khan (cricketer),PBKS,All-rounder,IND,False,40.0,900.0,sold,11.0,,False,True,Shahrukh Khan (cricketer),Shahrukh Khan
2022,Shivam Mavi,Shivam Mavi,KKR,All-rounder,IND,False,40.0,725.0,sold,26.0,,False,True,Shivam Mavi,Shivam Mavi
2022,Rahul Tewatia,Rahul Tewatia,GT,All-rounder,IND,False,40.0,900.0,sold,48.0,,False,True,Rahul Tewatia,Rahul Tewatia
2022,Kamlesh Nagarkoti,Kamlesh Nagarkoti,DC,All-rounder,IND,False,40.0,110.0,sold,11.0,,False,True,Kamlesh Nagarkoti,Kamlesh Nagarkoti
2022,Harpreet Brar,Harpreet Brar,PBKS,All-rounder,IND,False,20.0,380.0,sold,10.0,,False,True,Harpreet Brar,Harpreet Brar
2022,Shahbaz Ahmed,Shahbaz Ahmed (cricketer),RCB,All-rounder,IND,False,30.0,240.0,sold,13.0,,False,True,Shahbaz Ahmed (cricketer),Shahbaz Ahmed
2022,K. S. Bharat,K. S. Bharat,DC,Wicket-keeper,IND,False,20.0,200.0,sold,8.0,,False,True,K. S. Bharat,K. S. Bharat
2022,Anuj Rawat,Anuj Rawat,RCB,Wicket-keeper,IND,False,20.0,340.0,sold,2.0,,False,True,Anuj Rawat,Anuj Rawat
2022,Prabhsimran Singh,Prabhsimran Singh,PBKS,Wicket-keeper,IND,False,20.0,60.0,sold,5.0,,False,True,Prabhsimran Singh,Prabhsimran Singh
2022,Sheldon Jackson,Sheldon Jackson (cricketer),KKR,Wicket-keeper,IND,False,30.0,60.0,sold,4.0,,False,True,Sheldon Jackson (cricketer),Sheldon Jackson
2022,Jitesh Sharma,Jitesh Sharma,PBKS,Wicket-keeper,IND,False,20.0,20.0,sold,,,False,True,Jitesh Sharma,Jitesh Sharma
2022,Basil Thampi,Basil Thampi,MI,Fast bowler,IND,False,30.0,30.0,sold,20.0,,False,True,Basil Thampi,Basil Thampi
2022,Kartik Tyagi,Kartik Tyagi,SRH,Fast bowler,IND,False,20.0,400.0,sold,14.0,,False,True,Kartik Tyagi,Kartik Tyagi
2022,Akash Deep,Akash Deep,RCB,Fast bowler,IND,False,20.0,20.0,sold,,,False,True,Akash Deep,Akash Deep
2022,KM Asif,KM Asif,CSK,Fast bowler,IND,False,20.0,20.0,sold,3.0,,False,True,KM Asif,KM Asif
2022,Avesh Khan,Avesh Khan,LSG,Fast bowler,IND,False,20.0,1000.0,sold,25.0,,False,True,Avesh Khan,Avesh Khan
2022,Ishan Porel,Ishan Porel,PBKS,Fast bowler,IND,False,20.0,25.0,sold,1.0,,False,True,Ishan Porel,Ishan Porel
2022,Tushar Deshpande,Tushar Deshpande,CSK,Fast bowler,IND,False,20.0,20.0,sold,5.0,,False,True,Tushar Deshpande,Tushar Deshpande
2022,Ankit Rajpoot,Ankit Rajpoot,LSG,Fast bowler,IND,False,20.0,50.0,sold,29.0,,False,True,Ankit Rajpoot,Ankit Rajpoot
2022,Noor Ahmad,Noor Ahmad,GT,Fast bowler,AFG,False,30.0,30.0,sold,,,True,True,Noor Ahmad,Noor Ahmad
2022,Murugan Ashwin,Murugan Ashwin,MI,Fast bowler,IND,False,20.0,160.0,sold,34.0,,False,True,Murugan Ashwin,Murugan Ashwin
2022,K. C. Cariappa,K. C. Cariappa (cricketer),RR,Fast bowler,IND,False,20.0,30.0,sold,11.0,,False,True,K. C. Cariappa (cricketer),K.C.Cariappa
2022,Shreyas Gopal,Shreyas Gopal,SRH,Fast bowler,IND,False,20.0,75.0,sold,48.0,,False,True,Shreyas Gopal,Shreyas Gopal
2022,Jagadeesha Suchith,Jagadeesha Suchith,SRH,Fast bowler,IND,False,20.0,20.0,sold,17.0,,False,True,Jagadeesha Suchith,Jagadeesha Suchith
2022,Ravisrinivasan Sai Kishore,Ravisrinivasan Sai Kishore,GT,Fast bowler,IND,False,20.0,300.0,sold,,,False,True,Sai Kishore,Sai Kishore
2022,Aiden Markram,Aiden Markram,SRH,Batter,SA,True,100.0,260.0,sold,6.0,,True,True,Aiden Markram,Aiden Markram
2022,Ajinkya Rahane,Ajinkya Rahane,KKR,Batter,IND,True,100.0,100.0,sold,151.0,,False,True,Ajinkya Rahane,Ajinkya Rahane
2022,Mandeep Singh,Mandeep Singh,DC,Batter,IND,True,50.0,110.0,sold,105.0,,False,True,Mandeep Singh,Mandeep Singh
2022,Liam Livingstone,Liam Livingstone,PBKS,All-rounder,ENG,True,100.0,1150.0,sold,9.0,,True,True,Liam Livingstone,Liam Livingstone
2022,Dominic Drakes,Dominic Drakes,GT,All-rounder,WIN,True,75.0,110.0,sold,,,True,True,Dominic Drakes,Dominic Drakes
2022,Jayant Yadav,Jayant Yadav,GT,All-rounder,IND,True,100.0,170.0,sold,19.0,,False,True,Jayant Yadav,Jayant Yadav
2022,Vijay Shankar,Vijay Shankar (cricketer),GT,All-rounder,IND,True,50.0,140.0,sold,47.0,,False,True,Vijay Shankar,Vijay Shankar
2022,Odean Smith,Odean Smith,PBKS,All-rounder,WIN,True,100.0,600.0,sold,,,True,True,Odean Smith,Odean Smith
2022,Marco Jansen,Marco Jansen,SRH,All-rounder,SA,True,50.0,420.0,sold,2.0,,True,True,Marco Jansen,Marco Jansen
2022,Shivam Dube,Shivam Dube,CSK,All-rounder,IND,True,50.0,400.0,sold,24.0,,False,True,Shivam Dube,Shivam Dube
2022,Krishnappa Gowtham,Krishnappa Gowtham,LSG,All-rounder,IND,True,50.0,90.0,sold,24.0,,False,True,Krishnappa Gowtham,Krishnappa Gowtham
2022,Khaleel Ahmed,Khaleel Ahmed,DC,Fast bowler,IND,True,50.0,525.0,sold,24.0,,False,True,Khaleel Ahmed,Khaleel Ahmed
2022,Dushmantha Chameera,Dushmantha Chameera,LSG,Fast bowler,SL,True,50.0,200.0,sold,,,True,True,Dushmantha Chameera,Dushmantha Chameera
2022,Chetan Sakariya,Chetan Sakariya,DC,Fast bowler,IND,True,50.0,420.0,sold,14.0,,False,True,Chetan Sakariya,Chetan Sakariya
2022,Sandeep Sharma,Sandeep Sharma,PBKS,Fast bowler,IND,True,50.0,50.0,sold,99.0,,False,True,Sandeep Sharma,Sandeep Sharma
2022,Navdeep Saini,Navdeep Saini,RR,Fast bowler,IND,True,75.0,260.0,sold,28.0,,False,True,Navdeep Saini,Navdeep Saini
2022,Jaydev Unadkat,Jaydev Unadkat,MI,Fast bowler,IND,True,75.0,130.0,sold,86.0,,False,True,Jaydev Unadkat,Jaydev Unadkat
2022,Mayank Markande,Mayank Markande,MI,Fast bowler,IND,True,50.0,65.0,sold,18.0,,False,True,Mayank Markande,Mayank Markande
2022,Shahbaz Nadeem,Shahbaz Nadeem,LSG,Fast bowler,IND,True,50.0,50.0,sold,72.0,,False,True,Shahbaz Nadeem,Shahbaz Nadeem
2022,Maheesh Theekshana,Maheesh Theekshana,CSK,Fast bowler,SL,True,50.0,70.0,sold,,,True,True,Maheesh Theekshana,Maheesh Theekshana
2022,Rinku Singh,Rinku Singh (cricketer),KKR,Batter,IND,False,20.0,55.0,sold,11.0,,False,True,Rinku Singh (cricketer),Rinku Singh
2022,Manan Vohra,Manan Vohra,LSG,Batter,IND,False,20.0,20.0,sold,53.0,,False,True,Manan Vohra,Manan Vohra
2022,Lalit Yadav,Lalit Yadav (Delhi cricketer),DC,All-rounder,IND,False,20.0,65.0,sold,7.0,,False,True,Lalit Yadav (Delhi cricketer),Lalit Yadav
2022,Ripal Patel,Ripal Patel,DC,All-rounder,IND,False,20.0,20.0,sold,2.0,,False,True,Ripal Patel,Ripal Patel
2022,Yash Dhull,Yash Dhull,DC,All-rounder,IND,False,20.0,50.0,sold,,,False,True,Yash Dhull,Yash Dhull
2022,Tilak Varma,Tilak Varma,MI,All-rounder,IND,False,20.0,170.0,sold,,,False,True,Tilak Varma,Tilak Varma
2022,Mahipal Lomror,Mahipal Lomror,RCB,All-rounder,IND,False,40.0,95.0,sold,11.0,,False,True,Mahipal Lomror,Mahipal Lomror
2022,Anukul Roy,Anukul Roy,KKR,All-rounder,IND,False,20.0,20.0,sold,1.0,,False,True,Anukul Roy,Anukul Roy
2022,Darshan Nalkande,Darshan Nalkande,GT,All-rounder,IND,False,20.0,20.0,sold,,,False,True,Darshan Nalkande,Darshan Nalkande
2022,R. Sanjay Yadav,Sanjay Yadav (cricketer),MI,All-rounder,IND,False,20.0,50.0,sold,,,False,True,Sanjay Yadav (cricketer),R. Sanjay Yadav
2022,Raj Bawa,Raj Angad Bawa,PBKS,All-rounder,IND,False,20.0,200.0,sold,,,False,True,Raj Angad Bawa,Raj Angad Bawa
2022,Rajvardhan Hangargekar,Rajvardhan Hangargekar,CSK,All-rounder,IND,False,30.0,150.0,sold,,,False,True,Rajvardhan Hangargekar,Rajvardhan Hangargekar
2022,Yash Dayal,Yash Dayal,GT,Fast bowler,IND,False,20.0,320.0,sold,,,False,True,Yash Dayal,Yash Dayal
2022,Simarjeet Singh,Simarjeet Singh,CSK,Fast bowler,IND,False,20.0,20.0,sold,,,False,True,Simarjeet Singh,Simarjeet Singh
2022,Finn Allen,Finn Allen,RCB,Batter,NZ,True,50.0,80.0,sold,,,True,True,Finn Allen,Finn Allen
2022,Devon Conway,Devon Conway,CSK,Batter,NZ,True,100.0,100.0,sold,,,True,True,Devon Conway,Devon Conway
2022,Rovman Powell,Rovman Powell,DC,Batter,WIN,True,75.0,280.0,sold,,,True,True,Rovman Powell,Rovman Powell
2022,Jofra Archer,Jofra Archer,MI,All-rounder,ENG,True,200.0,800.0,sold,35.0,,True,True,Jofra Archer,Jofra Archer
2022,Rishi Dhawan,Rishi Dhawan,PBKS,All-rounder,IND,True,50.0,55.0,sold,26.0,,False,True,Rishi Dhawan,Rishi Dhawan
2022,Dwaine Pretorius,Dwaine Pretorius,CSK,All-rounder,SA,True,50.0,50.0,sold,,,True,True,Dwaine Pretorius,Dwaine Pretorius
2022,Sherfane Rutherford,Sherfane Rutherford,RCB,All-rounder,WIN,True,100.0,100.0,sold,7.0,,True,True,Sherfane Rutherford,Sherfane Rutherford
2022,Daniel Sams,Daniel Sams (cricketer),MI,All-rounder,AUS,True,100.0,260.0,sold,5.0,,True,True,Daniel Sams,Daniel Sams
2022,Mitchell Santner,Mitchell Santner,CSK,All-rounder,NZ,True,100.0,190.0,sold,6.0,,True,True,Mitchell Santner,Mitchell Santner
2022,Romario Shepherd,Romario Shepherd,SRH,All-rounder,WIN,True,75.0,775.0,sold,,,True,True,Romario Shepherd,Romario Shepherd
2022,Jason Behrendorff,Jason Behrendorff,RCB,Fast bowler,AUS,True,75.0,75.0,sold,5.0,,True,True,Jason Behrendorff,Jason Behrendorff
2022,Obed McCoy,Obed McCoy,RR,Fast bowler,WIN,True,75.0,75.0,sold,,,True,True,Obed McCoy,Obed McCoy
2022,Tymal Mills,Tymal Mills,MI,Fast bowler,ENG,True,100.0,150.0,sold,5.0,,True,True,Tymal Mills,Tymal Mills
2022,Adam Milne,Adam Milne,CSK,Fast bowler,NZ,True,150.0,190.0,sold,9.0,,True,True,Adam Milne,Adam Milne
2022,Subhranshu Senapati,Subhranshu Senapati,CSK,Batter,IND,False,20.0,20.0,sold,,,False,True,Subhranshu Senapati,Subhranshu Senapati
2022,Tim David,Tim David,MI,Batter,AUS,True,40.0,825.0,sold,1.0,,True,True,Tim David,Tim David
2022,Pravin Dubey,Pravin Dubey,DC,All-rounder,IND,False,20.0,50.0,sold,3.0,,False,True,Praveen Dubey,Praveen Dubey
2022,Prerak Mankad,Prerak Mankad,PBKS,All-rounder,IND,False,20.0,20.0,sold,,,False,True,Prerak Mankad,Prerak Mankad
2022,Suyash Prabhudessai,Suyash Prabhudessai,RCB,All-rounder,IND,False,20.0,30.0,sold,,,False,True,Suyash Prabhudessai,Suyash Prabhudessai
2022,Vaibhav Arora,Vaibhav Arora,PBKS,Fast bowler,IND,False,20.0,200.0,sold,,,False,True,Vaibhav Arora,Vaibhav Arora
2022,Mukesh Choudhary,Mukesh Choudhary (cricketer),CSK,Fast bowler,IND,False,20.0,20.0,sold,,,False,True,Mukesh Choudhary,Mukesh Choudhary
2022,Rasikh Salam Dar,Rasikh Salam,KKR,Fast bowler,IND,False,20.0,20.0,sold,1.0,,False,True,Rasikh Salam,Rasikh Salam
2022,Mohsin Khan,Mohsin Khan (Indian cricketer),LSG,Fast bowler,IND,False,20.0,20.0,sold,,,False,True,Mohsin Khan (Indian cricketer),Mohsin Khan
2022,Chama Milind,Chama Milind,RCB,Fast bowler,IND,False,20.0,25.0,sold,,,False,True,Chama Milind,Chama Milind
2022,Prashant Solanki,Prashant Solanki,CSK,Fast bowler,IND,False,20.0,120.0,sold,,,False,True,Prashant Solanki,Prashant Solanki
2022,Sean Abbott,Sean Abbott,SRH,All-rounder,AUS,True,20.0,240.0,sold,2.0,,True,True,Sean Abbott,Sean Abbott
2022,Alzarri Joseph,Alzarri Joseph,GT,Fast bowler,WIN,True,75.0,240.0,sold,3.0,,True,True,Alzarri Joseph,Alzarri Joseph
2022,Riley Meredith,Riley Meredith,MI,Fast bowler,AUS,True,100.0,100.0,sold,5.0,,True,True,Riley Meredith,Riley Meredith
2022,Ayush Badoni,Ayush Badoni,LSG,Batter,IND,False,20.0,20.0,sold,,,False,True,Ayush Badoni,Ayush Badoni
2022,Aneeshwar Gautam,,RCB,All-rounder,IND,False,100.0,100.0,sold,,,False,True,Aneeshwar Gautam,Aneeshwar Gautam
2022,Baba Indrajith,Baba Indrajith,KKR,Wicket-keeper,IND,False,20.0,20.0,sold,,,False,True,Baba Indrajith,Baba Indrajith
2022,Chamika Karunaratne,Chamika Karunaratne,KKR,All-rounder,SL,True,50.0,50.0,sold,,,True,True,Chamika Karunaratne,Chamika Karunaratne
2022,Ravikumar Samarth,Ravikumar Samarth,SRH,Batter,IND,False,20.0,20.0,sold,,,False,True,Ravikumar Samarth,Ravikumar Samarth
2022,Abhijeet Tomar,Abhijeet Tomar,KKR,Batter,IND,False,20.0,40.0,sold,,,False,True,Abhijeet Tomar,Abhijeet Tomar
2022,Pradeep Sangwan,Pradeep Sangwan,GT,Fast bowler,IND,False,20.0,20.0,sold,39.0,,False,True,Pradeep Sangwan,Pradeep Sangwan
2022,Writtick Chatterjee,Writtick Chatterjee,PBKS,All-rounder,IND,False,20.0,20.0,sold,,,False,True,Writtick Chatterjee,Writtick Chatterjee
2022,Pratham Singh,Pratham Singh,KKR,Batter,IND,False,20.0,20.0,sold,,,False,True,Pratham Singh,Pratham Singh
2022,Shashank Singh,Shashank Singh,SRH,All-rounder,IND,False,20.0,20.0,sold,,,False,True,Shashank Singh,Shashank Singh
2022,Kyle Mayers,Kyle Mayers,LSG,All-rounder,WIN,True,50.0,50.0,sold,,,True,True,Kyle Mayers,Kyle Mayers
2022,Karan Sharma,"Karan Sharma (cricketer, born 1998)",LSG,All-rounder,IND,False,20.0,20.0,sold,,,False,True,"Karan Sharma (cricketer, born 1998)",Karan Sharma
2022,Baltej Singh,Baltej Singh,PBKS,Fast bowler,IND,False,20.0,20.0,sold,,,False,True,Baltej Singh,Baltej Dhanda
2022,Saurabh Dubey,Saurabh Dubey (Maharashtra cricketer),SRH,Fast bowler,IND,False,20.0,20.0,sold,,,False,True,Saurabh Dubey (Maharashtra cricketer),Saurabh Dubey
2022,Mohammed Arshad Khan,Arshad Khan (Indian cricketer),MI,Fast bowler,IND,False,20.0,20.0,sold,,,False,True,Arshad Khan (Indian cricketer),Arshad Khan
2022,Ansh Patel,,PBKS,All-rounder,IND,False,20.0,20.0,sold,,,False,True,Ansh Patel,Ansh Patel
2022,Ashok Sharma,,KKR,Fast bowler,IND,False,20.0,50.0,sold,,,False,True,Ashok Sharma,Ashok Sharma
2022,Anunay Singh,Anunay Singh,RR,Fast bowler,IND,False,20.0,20.0,sold,,,False,True,Anunay Singh,Anunay Singh
2022,David Miller,David Miller (South African cricketer),GT,Batter,SA,True,100.0,300.0,sold,89.0,,True,True,David Miller (South African cricketer),David Miller
2022,Sam Billings,Sam Billings,KKR,Wicket-keeper,ENG,True,200.0,200.0,sold,22.0,,True,True,Sam Billings,Sam Billings
2022,Wriddhiman Saha,Wriddhiman Saha,GT,Wicket-keeper,IND,True,100.0,190.0,sold,133.0,,False,True,Wriddhiman Saha,Wriddhiman Saha
2022,Matthew Wade,Matthew Wade,GT,Wicket-keeper,AUS,True,200.0,240.0,sold,3.0,,True,True,Matthew Wade,Matthew Wade
2022,C. Hari Nishanth,Chezhian Harinishanth,CSK,Batter,IND,False,20.0,20.0,sold,,,False,True,C. Hari Nishanth,C. Hari Nishanth
2022,Anmolpreet Singh,Anmolpreet Singh,MI,Batter,IND,False,20.0,20.0,sold,1.0,,False,True,Anmolpreet Singh,Anmolpreet Singh
2022,Narayan Jagadeesan,Narayan Jagadeesan,CSK,Wicket-keeper,IND,False,20.0,20.0,sold,5.0,,False,True,Narayan Jagadeesan,N Jagadeesan
2022,Vishnu Vinod,Vishnu Vinod,SRH,Wicket-keeper,IND,False,20.0,50.0,sold,3.0,,False,True,Vishnu Vinod,Vishnu Vinod
2022,Chris Jordan,Chris Jordan (cricketer),CSK,Fast bowler,ENG,True,200.0,360.0,sold,24.0,,True,True,Chris Jordan (cricketer),Chris Jordan
2022,Lungi Ngidi,Lungi Ngidi,DC,Fast bowler,SA,True,50.0,50.0,sold,14.0,,True,True,Lungi Ngidi,Lungi Ngidi
2022,Karn Sharma,Karn Sharma,RCB,Fast bowler,IND,True,50.0,50.0,sold,68.0,,False,True,Karn Sharma,Karn Sharma
2022,Kuldeep Sen,Kuldeep Sen,RR,Fast bowler,IND,False,20.0,20.0,sold,,,False,True,Kuldeep Sen,Kuldeep Sen
2022,Alex Hales,Alex Hales,KKR,Batter,ENG,True,150.0,150.0,sold,6.0,,True,True,Alex Hales,Alex Hales
2022,Evin Lewis,Evin Lewis,LSG,Batter,WIN,True,200.0,200.0,sold,21.0,,True,True,Evin Lewis,Evin Lewis
2022,Karun Nair,Karun Nair,RR,Batter,IND,True,50.0,140.0,sold,73.0,,False,True,Karun Nair,Karun Nair
2022,Glenn Phillips,Glenn Phillips (cricketer),SRH,Wicket-keeper,NZ,True,150.0,150.0,sold,3.0,,True,True,Glenn Phillips (cricketer),Glenn Phillips
2022,Tim Seifert,Tim Seifert,DC,Wicket-keeper,NZ,True,50.0,50.0,sold,1.0,,True,True,Tim Seifert,Tim Seifert
2022,Nathan Ellis,Nathan Ellis,PBKS,Fast bowler,AUS,True,75.0,75.0,sold,3.0,,True,True,Nathan Ellis,Nathan Ellis
2022,Fazalhaq Farooqi,Fazalhaq Farooqi,SRH,Fast bowler,AFG,True,50.0,50.0,sold,,,True,True,Fazalhaq Farooqi,Fazalhaq Farooqi
2022,Ramandeep Singh,Ramandeep Singh (cricketer),MI,Batter,IND,False,20.0,20.0,sold,,,False,True,Ramandeep Singh (cricketer),Ramandeep Singh
2022,Atharva Taide,Atharva Taide,PBKS,All-rounder,IND,False,20.0,20.0,sold,,,False,True,Atharva Taide,Atharva Taide
2022,Dhruv Jurel,Dhruv Jurel,RR,Wicket-keeper,IND,False,20.0,20.0,sold,,,False,True,Dhruv Jurel,Dhruv Jurel
2022,Mayank Yadav,,LSG,Fast bowler,IND,False,20.0,20.0,sold,,,False,True,Mayank Yadav,Mayank Yadav
2022,Tejas Baroka,Tejas Baroka,RR,Fast bowler,IND,False,20.0,20.0,sold,1.0,,False,True,Tejas Baroka,Tejas Baroka
2022,Bhanuka Rajapaksa,Bhanuka Rajapaksa,PBKS,Batter,SL,True,50.0,50.0,sold,,,True,True,Bhanuka Rajapaksa,Bhanuka Rajapaksa
2022,Gurkeerat Singh,Gurkeerat Singh,GT,Batter,IND,True,50.0,50.0,sold,41.0,,False,True,Gurkeerat Singh,Gurkeerat Singh
2022,Tim Southee,Tim Southee,KKR,Fast bowler,NZ,True,150.0,150.0,sold,43.0,,True,True,Tim Southee,Tim Southee
2022,Rahul Buddhi,Rahul Buddhi,MI,Batter,IND,False,20.0,20.0,sold,,,False,True,Rahul Buddhi,Rahul Buddhi
2022,Benny Howell,Benny Howell,PBKS,All-rounder,ENG,False,40.0,40.0,sold,,,True,True,Benny Howell,Benny Howell
2022,Kuldip Yadav,Kuldip Yadav,RR,Fast bowler,IND,False,20.0,20.0,sold,1.0,,False,True,Kuldip Yadav,Kuldip Yadav
2022,Varun Aaron,Varun Aaron,GT,Fast bowler,IND,True,50.0,50.0,sold,50.0,,False,True,Varun Aaron,Varun Aaron
2022,Ramesh Kumar,Ramesh Kumar (cricketer),KKR,Fast bowler,IND,False,20.0,20.0,sold,,,False,True,Ramesh Kumar (cricketer),Ramesh Kumar
2022,Hrithik Shokeen,Hrithik Shokeen,MI,All-rounder,IND,False,20.0,20.0,sold,,,False,True,Hrithik Shokeen,Hrithik Shokeen
2022,K. Bhagath Varma,Bhagath Varma,CSK,All-rounder,IND,False,20.0,20.0,sold,,,False,True,Bhagath Varma,Bhagath Varma
2022,Arjun Tendulkar,Arjun Tendulkar,MI,All-rounder,IND,False,20.0,30.0,sold,,,False,True,Arjun Tendulkar,Arjun Tendulkar
2022,Shubham Garhwal,,RR,All-rounder,IND,False,20.0,20.0,sold,,,False,True,Shubham Garhwal,Shubham Garhwal
2022,Mohammad Nabi,Mohammad Nabi,KKR,All-rounder,AFG,True,100.0,100.0,sold,17.0,,True,True,Mohammad Nabi,Mohammad Nabi
2022,Umesh Yadav,Umesh Yadav,KKR,Fast bowler,IND,True,200.0,200.0,sold,121.0,,False,True,Umesh Yadav,Umesh Yadav
2022,James Neesham,James Neesham,RR,All-rounder,NZ,True,150.0,150.0,sold,12.0,,True,True,James Neesham,James Neesham
2022,Nathan Coulter-Nile,Nathan Coulter-Nile,RR,All-rounder,AUS,True,200.0,200.0,sold,38.0,,True,True,Nathan Coulter-Nile,Nathan Coulter-Nile
2022,Vicky Ostwal,,DC,Fast bowler,IND,False,20.0,20.0,sold,,,False,True,Vicky Ostwal,Vicky Ostwal
2022,Rassie van der Dussen,Rassie van der Dussen,RR,Batter,SA,True,100.0,100.0,sold,,,True,True,Rassie van der Dussen,Rassie van der Dussen
2022,Daryl Mitchell,Daryl Mitchell (New Zealand cricketer),RR,All-rounder,NZ,True,75.0,75.0,sold,,,True,True,Daryl Mitchell (New Zealand cricketer),Daryl Mitchell
2022,Siddharth Kaul,Siddarth Kaul,RCB,Fast bowler,IND,True,75.0,75.0,sold,54.0,,False,True,Siddarth Kaul,Siddarth Kaul
2022,B. Sai Sudharshan,Sai Sudharshan,GT,Batter,IND,False,20.0,20.0,sold,,,False,True,Sai Sudharsan,Sai Sudharsan
2022,Aryan Juyal,Aryan Juyal,MI,Wicket-keeper,IND,False,20.0,20.0,sold,,,False,True,Aryan Juyal,Aryan Juyal
2022,Luvnith Sisodia,Luvnith Sisodia,RCB,Wicket-keeper,IND,False,20.0,20.0,sold,,,False,True,Luvnith Sisodia,Luvnith Sisodia
2022,Fabian Allen,Fabian Allen,MI,All-rounder,WIN,True,75.0,75.0,sold,4.0,,True,True,Fabian Allen,Fabian Allen
2022,David Willey,David Willey (cricketer),RCB,All-rounder,ENG,True,200.0,200.0,sold,3.0,,True,True,David Willey (cricketer),David Willey
2022,Aman Khan,Aman Khan,KKR,All-rounder,IND,False,20.0,20.0,sold,,,False,True,Aman Hakim Khan,Aman Khan
2023,Ravindra Jadeja,Ravindra Jadeja,CSK,,IND,,,1600.0,retained,,retained,False,False,Ravindra Jadeja,Ravindra Jadeja
2023,Deepak Chahar,Deepak Chahar,CSK,Fast bowler,IND,,,1400.0,retained,,retained,False,False,Deepak Chahar,Deepak Chahar
2023,MS Dhoni,MS Dhoni,CSK,,IND,,,1200.0,retained,,retained,False,False,MS Dhoni,MS Dhoni
2023,Moeen Ali,Moeen Ali,CSK,,ENG,,,800.0,retained,,retained,True,False,Moeen Ali,Moeen Ali
2023,Ambati Rayudu,Ambati Rayudu,CSK,Wicket-keeper,IND,,,675.0,retained,,retained,False,False,Ambati Rayudu,Ambati Rayudu
2023,Ruturaj Gaikwad,Ruturaj Gaikwad,CSK,,IND,,,600.0,retained,,retained,False,False,Ruturaj Gaikwad,Ruturaj Gaikwad
2023,Shivam Dube,Shivam Dube,CSK,All-rounder,IND,,,400.0,retained,,retained,False,False,Shivam Dube,Shivam Dube
2023,Mitchell Santner,Mitchell Santner,CSK,All-rounder,NZ,,,190.0,retained,,retained,True,False,Mitchell Santner,Mitchell Santner
2023,Rajvardhan Hangargekar,Rajvardhan Hangargekar,CSK,All-rounder,IND,,,150.0,retained,,retained,False,False,Rajvardhan Hangargekar,Rajvardhan Hangargekar
2023,Prashant Solanki,Prashant Solanki,CSK,Spin bowler,IND,,,120.0,retained,,retained,False,False,Prashant Solanki,Prashant Solanki
2023,Devon Conway,Devon Conway,CSK,Batter,NZ,,,100.0,retained,,retained,True,False,Devon Conway,Devon Conway
2023,Maheesh Theekshana,Maheesh Theekshana,CSK,Spin bowler,SL,,,70.0,retained,,retained,True,False,Maheesh Theekshana,Maheesh Theekshana
2023,Dwaine Pretorius,Dwaine Pretorius,CSK,All-rounder,SA,,,50.0,retained,,retained,True,False,Dwaine Pretorius,Dwaine Pretorius
2023,Matheesha Pathirana,Matheesha Pathirana,CSK,Fast bowler,SL,,,20.0,retained,,retained,True,False,Matheesha Pathirana,Matheesha Pathirana
2023,Mukesh Choudhary,Mukesh Choudhary,CSK,Fast bowler,IND,,,20.0,retained,,retained,False,False,Mukesh Choudhary,Mukesh Choudhary
2023,Simarjeet Singh,Simarjeet Singh,CSK,Fast bowler,IND,,,20.0,retained,,retained,False,False,Simarjeet Singh,Simarjeet Singh
2023,Subhranshu Senapati,Subhranshu Senapati,CSK,Batter,IND,,,20.0,retained,,retained,False,False,Subhranshu Senapati,Subhranshu Senapati
2023,Tushar Deshpande,Tushar Deshpande,CSK,Fast bowler,IND,,,20.0,retained,,retained,False,False,Tushar Deshpande,Tushar Deshpande
2023,Rishabh Pant,Rishabh Pant,DC,Batter,IND,,,1600.0,retained,,retained,False,False,Rishabh Pant,Rishabh Pant
2023,Axar Patel,Axar Patel,DC,,IND,,,900.0,retained,,retained,False,False,Axar Patel,Axar Patel
2023,Prithvi Shaw,Prithvi Shaw,DC,Batter,IND,,,750.0,retained,,retained,False,False,Prithvi Shaw,Prithvi Shaw
2023,Anrich Nortje,Anrich Nortje,DC,Fast bowler,SA,,,650.0,retained,,retained,True,False,Anrich Nortje,Anrich Nortje
2023,Mitchell Marsh,Mitchell Marsh,DC,All-rounder,AUS,,,650.0,retained,,retained,True,False,Mitchell Marsh,Mitchell Marsh
2023,David Warner,David Warner (cricketer),DC,Batter,AUS,,,625.0,retained,,retained,True,False,David Warner (cricketer),David Warner
2023,Khaleel Ahmed,Khaleel Ahmed,DC,Fast bowler,IND,,,525.0,retained,,retained,False,False,Khaleel Ahmed,Khaleel Ahmed
2023,Chetan Sakariya,Chetan Sakariya,DC,Fast bowler,IND,,,420.0,retained,,retained,False,False,Chetan Sakariya,Chetan Sakariya
2023,Rovman Powell,Rovman Powell,DC,Batter,WIN,,,280.0,retained,,retained,True,False,Rovman Powell,Rovman Powell
2023,Kuldeep Yadav,Kuldeep Yadav,DC,Fast bowler,IND,,,200.0,retained,,retained,False,False,Kuldeep Yadav,Kuldeep Yadav
2023,Mustafizur Rahman,Mustafizur Rahman,DC,Fast bowler,BAN,,,200.0,retained,,retained,True,False,Mustafizur Rahman,Mustafizur Rahman
2023,Kamlesh Nagarkoti,Kamlesh Nagarkoti,DC,All-rounder,IND,,,110.00000000000001,retained,,retained,False,False,Kamlesh Nagarkoti,Kamlesh Nagarkoti
2023,Lalit Yadav,Lalit Yadav (Delhi cricketer),DC,All-rounder,IND,,,65.0,retained,,retained,False,False,Lalit Yadav (Delhi cricketer),Lalit Yadav
2023,Lungi Ngidi,Lungi Ngidi,DC,Fast bowler,SA,,,50.0,retained,,retained,True,False,Lungi Ngidi,Lungi Ngidi
2023,Praveen Dubey,Praveen Dubey,DC,Fast bowler,IND,,,50.0,retained,,retained,False,False,Praveen Dubey,Praveen Dubey
2023,Yash Dhull,Yash Dhull,DC,All-rounder,IND,,,50.0,retained,,retained,False,False,Yash Dhull,Yash Dhull
2023,Aman Hakim Khan,Aman Hakim Khan,DC,,IND,,,20.0,retained,,retained,False,False,Aman Hakim Khan,Aman Khan
2023,Ripal Patel,Ripal Patel,DC,All-rounder,IND,,,20.0,retained,,retained,False,False,Ripal Patel,Ripal Patel
2023,Sarfaraz Khan,Sarfaraz Khan (cricketer),DC,Batter,IND,,,20.0,retained,,retained,False,False,Sarfaraz Khan (cricketer),Sarfaraz Khan
2023,Vicky Ostwal,Vicky Ostwal,DC,All-rounder,IND,,,20.0,retained,,retained,False,False,Vicky Ostwal,Vicky Ostwal
2023,Hardik Pandya,Hardik Pandya,GT,,IND,,,1500.0,retained,,retained,False,False,Hardik Pandya,Hardik Pandya
2023,Rashid Khan,Rashid Khan,GT,,AFG,,,1500.0,retained,,retained,True,False,Rashid Khan,Rashid Khan
2023,Rahul Tewatia,Rahul Tewatia,GT,All-rounder,IND,,,900.0,retained,,retained,False,False,Rahul Tewatia,Rahul Tewatia
2023,Shubman Gill,Shubman Gill,GT,,IND,,,800.0,retained,,retained,False,False,Shubman Gill,Shubman Gill
2023,Mohammed Shami,Mohammed Shami,GT,Fast bowler,IND,,,625.0,retained,,retained,False,False,Mohammed Shami,Mohammed Shami
2023,Yash Dayal,Yash Dayal,GT,Fast bowler,IND,,,320.0,retained,,retained,False,False,Yash Dayal,Yash Dayal
2023,David Miller,David Miller (South African cricketer),GT,Batter,SA,,,300.0,retained,,retained,True,False,David Miller (South African cricketer),David Miller
2023,Ravisrinivasan Sai Kishore,Ravisrinivasan Sai Kishore,GT,Fast bowler,IND,,,300.0,retained,,retained,False,False,Sai Kishore,Sai Kishore
2023,Abhinav Manohar,Abhinav Manohar,GT,Batter,IND,,,260.0,retained,,retained,False,False,Abhinav Manohar,Abhinav Manohar
2023,Alzarri Joseph,Alzarri Joseph,GT,Fast bowler,WIN,,,240.0,retained,,retained,True,False,Alzarri Joseph,Alzarri Joseph
2023,Matthew Wade,Matthew Wade,GT,Wicket-keeper,AUS,,,240.0,retained,,retained,True,False,Matthew Wade,Matthew Wade
2023,Wriddhiman Saha,Wriddhiman Saha,GT,Wicket-keeper,IND,,,190.0,retained,,retained,False,False,Wriddhiman Saha,Wriddhiman Saha
2023,Jayant Yadav,Jayant Yadav,GT,All-rounder,IND,,,170.0,retained,,retained,False,False,Jayant Yadav,Jayant Yadav
2023,Vijay Shankar,Vijay Shankar,GT,All-rounder,IND,,,140.0,retained,,retained,False,False,Vijay Shankar,Vijay Shankar
2023,Noor Ahmad,Noor Ahmad,GT,Spin bowler,AFG,,,30.0,retained,,retained,True,False,Noor Ahmad,Noor Ahmad
2023,Darshan Nalkande,Darshan Nalkande,GT,All-rounder,IND,,,20.0,retained,,retained,False,False,Darshan Nalkande,Darshan Nalkande
2023,Pradeep Sangwan,Pradeep Sangwan,GT,Fast bowler,IND,,,20.0,retained,,retained,False,False,Pradeep Sangwan,Pradeep Sangwan
2023,Sai Sudharshan,Sai Sudharshan,GT,,IND,,,20.0,retained,,retained,False,False,Sai Sudharsan,Sai Sudharsan
2023,Andre Russell,Andre Russell,KKR,,WIN,,,1200.0,retained,,retained,True,False,Andre Russell,Andre Russell
2023,Shreyas Iyer,Shreyas Iyer,KKR,Batter,IND,,,1225.0,retained,,retained,False,False,Shreyas Iyer,Shreyas Iyer
2023,Varun Chakravarthy,Varun Chakravarthy,KKR,,IND,,,800.0,retained,,retained,False,False,Varun Chakravarthy,Varun Chakravarthy
2023,Shardul Thakur,Shardul Thakur,KKR,All-rounder,IND,,,1075.0,retained,,retained,False,False,Shardul Thakur,Shardul Thakur
2023,Lockie Ferguson,Lockie Ferguson,KKR,Fast bowler,NZ,,,1000.0,retained,,retained,True,False,Lockie Ferguson,Lockie Ferguson
2023,Nitish Rana,Nitish Rana,KKR,All-rounder,IND,,,800.0,retained,,retained,False,False,Nitish Rana,Nitish Rana
2023,Venkatesh Iyer,Venkatesh Iyer,KKR,All-rounder,IND,,,800.0,retained,,retained,False,False,Venkatesh Iyer,Venkatesh Iyer
2023,Sunil Narine,Sunil Narine,KKR,,WIN,,,600.0,retained,,retained,True,False,Sunil Narine,Sunil Narine
2023,Umesh Yadav,Umesh Yadav,KKR,Fast bowler,IND,,,200.0,retained,,retained,False,False,Umesh Yadav,Umesh Yadav
2023,Tim Southee,Tim Southee,KKR,Fast bowler,NZ,,,150.0,retained,,retained,True,False,Tim Southee,Tim Southee
2023,Rinku Singh,Rinku Singh (cricketer),KKR,Batter,IND,,,55.0,retained,,retained,False,False,Rinku Singh (cricketer),Rinku Singh
2023,Rahmanullah Gurbaz,Rahmanullah Gurbaz,KKR,Wicket-keeper,AFG,,,50.0,retained,,retained,True,False,Rahmanullah Gurbaz,Rahmanullah Gurbaz
2023,Anukul Roy,Anukul Roy,KKR,All-rounder,IND,,,20.0,retained,,retained,False,False,Anukul Roy,Anukul Roy
2023,Harshit Rana,Harshit Rana,KKR,,IND,,,20.0,retained,,retained,False,False,Harshit Rana,Harshit Rana
2023,KL Rahul,KL Rahul,LSG,Wicket-keeper,IND,,,1700.0,retained,,retained,False,False,KL Rahul,KL Rahul
2023,Avesh Khan,Avesh Khan,LSG,Fast bowler,IND,,,1000.0,retained,,retained,False,False,Avesh Khan,Avesh Khan
2023,Marcus Stoinis,Marcus Stoinis,LSG,All-rounder,AUS,,,919.9999999999999,retained,,retained,True,False,Marcus Stoinis,Marcus Stoinis
2023,Krunal Pandya,Krunal Pandya,LSG,All-rounder,IND,,,825.0,retained,,retained,False,False,Krunal Pandya,Krunal Pandya
2023,Mark Wood,Mark Wood (cricketer),LSG,Fast bowler,ENG,,,750.0,retained,,retained,True,False,Mark Wood (cricketer),Mark Wood
2023,Quinton de Kock,Quinton de Kock,LSG,Wicket-keeper,SA,,,675.0,retained,,retained,True,False,Quinton de Kock,Quinton de Kock
2023,Deepak Hooda,Deepak Hooda,LSG,All-rounder,IND,,,575.0,retained,,retained,False,False,Deepak Hooda,Deepak Hooda
2023,Ravi Bishnoi,Ravi Bishnoi,LSG,Spin bowler,IND,,,400.0,retained,,retained,False,False,Ravi Bishnoi,Ravi Bishnoi
2023,Krishnappa Gowtham,Krishnappa Gowtham,LSG,All-rounder,IND,,,90.0,retained,,retained,False,False,Krishnappa Gowtham,Krishnappa Gowtham
2023,Kyle Mayers,Kyle Mayers,LSG,All-rounder,WIN,,,50.0,retained,,retained,True,False,Kyle Mayers,Kyle Mayers
2023,Ayush Badoni,Ayush Badoni,LSG,Batter,IND,,,20.0,retained,,retained,False,False,Ayush Badoni,Ayush Badoni
2023,Karan Sharma,"Karan Sharma (cricketer, born 1998)",LSG,All-rounder,IND,,,20.0,retained,,retained,False,False,"Karan Sharma (cricketer, born 1998)",Karan Sharma
2023,Manan Vohra,Manan Vohra,LSG,Batter,IND,,,20.0,retained,,retained,False,False,Manan Vohra,Manan Vohra
2023,Mayank Yadav,Mayank Yadav,LSG,Fast bowler,IND,,,20.0,retained,,retained,False,False,Mayank Yadav,Mayank Yadav
2023,Mohsin Khan,Mohsin Khan (Indian cricketer),LSG,Fast bowler,IND,,,20.0,retained,,retained,False,False,Mohsin Khan (Indian cricketer),Mohsin Khan
2023,Rohit Sharma,Rohit Sharma,MI,,IND,,,1600.0,retained,,retained,False,False,Rohit Sharma,Rohit Sharma
2023,Ishan Kishan,Ishan Kishan,MI,Wicket-keeper,IND,,,1525.0,retained,,retained,False,False,Ishan Kishan,Ishan Kishan
2023,Jasprit Bumrah,Jasprit Bumrah,MI,,IND,,,1200.0,retained,,retained,False,False,Jasprit Bumrah,Jasprit Bumrah
2023,Tim David,Tim David,MI,All-rounder,AUS,,,825.0,retained,,retained,True,False,Tim David,Tim David
2023,Jofra Archer,Jofra Archer,MI,Fast bowler,ENG,,,800.0,retained,,retained,True,False,Jofra Archer,Jofra Archer
2023,Suryakumar Yadav,Suryakumar Yadav,MI,,IND,,,800.0,retained,,retained,False,False,Suryakumar Yadav,Suryakumar Yadav
2023,Dewald Brevis,Dewald Brevis,MI,Batter,SA,,,300.0,retained,,retained,True,False,Dewald Brevis,Dewald Brevis
2023,Tilak Varma,Tilak Varma,MI,All-rounder,IND,,,170.0,retained,,retained,False,False,Tilak Varma,Tilak Varma
2023,Jason Behrendorff,Jason Behrendorff,MI,Fast bowler,AUS,,,75.0,retained,,retained,True,False,Jason Behrendorff,Jason Behrendorff
2023,Arjun Tendulkar,Arjun Tendulkar,MI,Fast bowler,IND,,,30.0,retained,,retained,False,False,Arjun Tendulkar,Arjun Tendulkar
2023,Akash Madhwal,Akash Madhwal,MI,Fast bowler,IND,,,20.0,retained,,retained,False,False,Akash Madhwal,Akash Madhwal
2023,Hrithik Shokeen,Hrithik Shokeen,MI,All-rounder,IND,,,20.0,retained,,retained,False,False,Hrithik Shokeen,Hrithik Shokeen
2023,Kumar Kartikeya Singh,Kumar Kartikeya,MI,,IND,,,20.0,retained,,retained,False,False,Kumar Kartikeya,Kumar Kartikeya
2023,Mohd Arshad Khan,Arshad Khan (Indian cricketer),MI,,IND,,,20.0,retained,,retained,False,False,Arshad Khan (Indian cricketer),Arshad Khan
2023,Ramandeep Singh,Ramandeep Singh (cricketer),MI,All-rounder,IND,,,20.0,retained,,retained,False,False,Ramandeep Singh (cricketer),Ramandeep Singh
2023,Tristan Stubbs,Tristan Stubbs,MI,Wicket-keeper,SA,,,20.0,retained,,retained,True,False,Tristan Stubbs,Tristan Stubbs
2023,Liam Livingstone,Liam Livingstone,PBKS,All-rounder,ENG,,,1150.0,retained,,retained,True,False,Liam Livingstone,Liam Livingstone
2023,Kagiso Rabada,Kagiso Rabada,PBKS,Fast bowler,SA,,,925.0,retained,,retained,True,False,Kagiso Rabada,Kagiso Rabada
2023,Shahrukh Khan,Shahrukh Khan (cricketer),PBKS,All-rounder,IND,,,900.0,retained,,retained,False,False,Shahrukh Khan (cricketer),Shahrukh Khan
2023,Shikhar Dhawan,Shikhar Dhawan,PBKS,Batter,IND,,,825.0,retained,,retained,False,False,Shikhar Dhawan,Shikhar Dhawan
2023,Jonny Bairstow,Jonny Bairstow,PBKS,Wicket-keeper,ENG,,,675.0,retained,,retained,True,False,Jonny Bairstow,Jonny Bairstow
2023,Rahul Chahar,Rahul Chahar,PBKS,Spin bowler,IND,,,525.0,retained,,retained,False,False,Rahul Chahar,Rahul Chahar
2023,Arshdeep Singh,Arshdeep Singh (cricketer),PBKS,Fast bowler,IND,,,400.0,retained,,retained,False,False,Arshdeep Singh,Arshdeep Singh
2023,Harpreet Brar,Harpreet Brar,PBKS,All-rounder,IND,,,380.0,retained,,retained,False,False,Harpreet Brar,Harpreet Brar
2023,Raj Bawa,Raj Angad Bawa,PBKS,All-rounder,IND,,,200.0,retained,,retained,False,False,Raj Angad Bawa,Raj Angad Bawa
2023,Nathan Ellis,Nathan Ellis,PBKS,Fast bowler,AUS,,,75.0,retained,,retained,True,False,Nathan Ellis,Nathan Ellis
2023,Prabhsimran Singh,Prabhsimran Singh,PBKS,Wicket-keeper,IND,,,60.0,retained,,retained,False,False,Prabhsimran Singh,Prabhsimran Singh
2023,Rishi Dhawan,Rishi Dhawan,PBKS,All-rounder,IND,,,55.0,retained,,retained,False,False,Rishi Dhawan,Rishi Dhawan
2023,Bhanuka Rajapaksa,Bhanuka Rajapaksa,PBKS,Batter,SL,,,50.0,retained,,retained,True,False,Bhanuka Rajapaksa,Bhanuka Rajapaksa
2023,Atharva Taide,Atharva Taide,PBKS,Batter,IND,,,20.0,retained,,retained,False,False,Atharva Taide,Atharva Taide
2023,Baltej Dhanda,Baltej Dhanda,PBKS,,IND,,,20.0,retained,,retained,False,False,Baltej Singh,Baltej Dhanda
2023,Jitesh Sharma,Jitesh Sharma,PBKS,Wicket-keeper,IND,,,20.0,retained,,retained,False,False,Jitesh Sharma,Jitesh Sharma
2023,Sanju Samson,Sanju Samson,RR,,IND,,,1400.0,retained,,retained,False,False,Sanju Samson,Sanju Samson
2023,Jos Buttler,Jos Buttler,RR,Wicket-keeper,ENG,,,1000.0,retained,,retained,True,False,Jos Buttler,Jos Buttler
2023,Prasidh Krishna,Prasidh Krishna,RR,Fast bowler,IND,,,1000.0,retained,,retained,False,False,Prasidh Krishna,Prasidh Krishna
2023,Shimron Hetmyer,Shimron Hetmyer,RR,Batter,WIN,,,850.0,retained,,retained,True,False,Shimron Hetmyer,Shimron Hetmyer
2023,Trent Boult,Trent Boult,RR,Fast bowler,NZ,,,800.0,retained,,retained,True,False,Trent Boult,Trent Boult
2023,Devdutt Padikkal,Devdutt Padikkal,RR,Batter,IND,,,775.0,retained,,retained,False,False,Devdutt Padikkal,Devdutt Padikkal
2023,Yuzvendra Chahal,Yuzvendra Chahal,RR,Fast bowler,IND,,,650.0,retained,,retained,False,False,Yuzvendra Chahal,Yuzvendra Chahal
2023,Ravichandran Ashwin,Ravichandran Ashwin,RR,All-rounder,IND,,,500.0,retained,,retained,False,False,Ravichandran Ashwin,Ravichandran Ashwin
2023,Yashasvi Jaiswal,Yashasvi Jaiswal,RR,,IND,,,400.0,retained,,retained,False,False,Yashasvi Jaiswal,Yashasvi Jaiswal
2023,Riyan Parag,Riyan Parag,RR,All-rounder,IND,,,380.0,retained,,retained,False,False,Riyan Parag,Riyan Parag
2023,Navdeep Saini,Navdeep Saini,RR,Fast bowler,IND,,,260.0,retained,,retained,False,False,Navdeep Saini,Navdeep Saini
2023,Obed McCoy,Obed McCoy,RR,Fast bowler,WIN,,,75.0,retained,,retained,True,False,Obed McCoy,Obed McCoy
2023,K.C.Cariappa,K. C. Cariappa (cricketer),RR,,IND,,,30.0,retained,,retained,False,False,K. C. Cariappa (cricketer),K.C.Cariappa
2023,Dhruv Jurel,Dhruv Jurel,RR,Wicket-keeper,IND,,,20.0,retained,,retained,False,False,Dhruv Jurel,Dhruv Jurel
2023,Kuldeep Sen,Kuldeep Sen,RR,Fast bowler,IND,,,20.0,retained,,retained,False,False,Kuldeep Sen,Kuldeep Sen
2023,Kuldip Yadav,Kuldip Yadav,RR,Fast bowler,IND,,,20.0,retained,,retained,False,False,Kuldip Yadav,Kuldip Yadav
2023,Virat Kohli,Virat Kohli,RCB,,IND,,,1500.0,retained,,retained,False,False,Virat Kohli,Virat Kohli
2023,Glenn Maxwell,Glenn Maxwell,RCB,All-rounder,AUS,,,1100.0,retained,,retained,True,False,Glenn Maxwell,Glenn Maxwell
2023,Harshal Patel,Harshal Patel,RCB,All-rounder,IND,,,1075.0,retained,,retained,False,False,Harshal Patel,Harshal Patel
2023,Wanindu Hasaranga,Wanindu Hasaranga,RCB,All-rounder,SL,,,1075.0,retained,,retained,True,False,Wanindu Hasaranga,Wanindu Hasaranga
2023,Josh Hazlewood,Josh Hazlewood,RCB,Fast bowler,AUS,,,775.0,retained,,retained,True,False,Josh Hazlewood,Josh Hazlewood
2023,Faf du Plessis,Faf du Plessis,RCB,Batter,SA,,,700.0,retained,,retained,True,False,Faf du Plessis,Faf du Plessis
2023,Mohammed Siraj,Mohammed Siraj,RCB,Fast bowler,IND,,,700.0,retained,,retained,False,False,Mohammed Siraj,Mohammed Siraj
2023,Dinesh Karthik,Dinesh Karthik,RCB,Wicket-keeper,IND,,,550.0,retained,,retained,False,False,Dinesh Karthik,Dinesh Karthik
2023,Anuj Rawat,Anuj Rawat,RCB,Wicket-keeper,IND,,,340.0,retained,,retained,False,False,Anuj Rawat,Anuj Rawat
2023,Shahbaz Ahmed,Shahbaz Ahmed (cricketer),RCB,All-rounder,IND,,,240.0,retained,,retained,False,False,Shahbaz Ahmed (cricketer),Shahbaz Ahmed
2023,David Willey,David Willey (cricketer),RCB,All-rounder,ENG,,,200.0,retained,,retained,True,False,David Willey (cricketer),David Willey
2023,Mahipal Lomror,Mahipal Lomror,RCB,All-rounder,IND,,,95.0,retained,,retained,False,False,Mahipal Lomror,Mahipal Lomror
2023,Finn Allen,Finn Allen,RCB,Wicket-keeper,NZ,,,80.0,retained,,retained,True,False,Finn Allen,Finn Allen
2023,Siddarth Kaul,Siddarth Kaul,RCB,,IND,,,75.0,retained,,retained,False,False,Siddarth Kaul,Siddarth Kaul
2023,Karn Sharma,Karn Sharma,RCB,Spin bowler,IND,,,50.0,retained,,retained,False,False,Karn Sharma,Karn Sharma
2023,Suyash Prabhudessai,Suyash Prabhudessai,RCB,All-rounder,IND,,,30.0,retained,,retained,False,False,Suyash Prabhudessai,Suyash Prabhudessai
2023,Akash Deep,Akash Deep,RCB,Fast bowler,IND,,,20.0,retained,,retained,False,False,Akash Deep,Akash Deep
2023,Rajat Patidar,Rajat Patidar,RCB,,IND,,,20.0,retained,,retained,False,False,Rajat Patidar,Rajat Patidar
2023,Washington Sundar,Washington Sundar,SRH,All-rounder,IND,,,875.0,retained,,retained,False,False,Washington Sundar,Washington Sundar
2023,Rahul Tripathi,Rahul Tripathi,SRH,Batter,IND,,,850.0,retained,,retained,False,False,Rahul Tripathi,Rahul Tripathi
2023,Abhishek Sharma,"Abhishek Sharma (cricketer, born 2000)",SRH,All-rounder,IND,,,650.0,retained,,retained,False,False,Abhishek Sharma,Abhishek Sharma
2023,Bhuvneshwar Kumar,Bhuvneshwar Kumar,SRH,Fast bowler,IND,,,420.0,retained,,retained,False,False,Bhuvneshwar Kumar,Bhuvneshwar Kumar
2023,Marco Jansen,Marco Jansen,SRH,All-rounder,SA,,,420.0,retained,,retained,True,False,Marco Jansen,Marco Jansen
2023,Abdul Samad,Abdul Samad (Indian cricketer),SRH,All-rounder,IND,,,400.0,retained,,retained,False,False,Abdul Samad (Indian cricketer),Abdul Samad
2023,Kartik Tyagi,Kartik Tyagi,SRH,Fast bowler,IND,,,400.0,retained,,retained,False,False,Kartik Tyagi,Kartik Tyagi
2023,T. Natarajan,T. Natarajan,SRH,Fast bowler,IND,,,400.0,retained,,retained,False,False,T. Natarajan,T. Natarajan
2023,Umran Malik,Umran Malik,SRH,Fast bowler,IND,,,400.0,retained,,retained,False,False,Umran Malik,Umran Malik
2023,Aiden Markram,Aiden Markram,SRH,Batter,SA,,,260.0,retained,,retained,True,False,Aiden Markram,Aiden Markram
2023,Glenn Phillips,Glenn Phillips (cricketer),SRH,Batter,NZ,,,150.0,retained,,retained,True,False,Glenn Phillips (cricketer),Glenn Phillips
2023,Fazalhaq Farooqi,Fazalhaq Farooqi,SRH,Fast bowler,AFG,,,50.0,retained,,retained,True,False,Fazalhaq Farooqi,Fazalhaq Farooqi
2023,Kane Williamson,Kane Williamson,GT,Batter,NZ,True,200.0,200.0,sold,76.0,,True,False,Kane Williamson,Kane Williamson
2023,Harry Brook,Harry Brook,SRH,Batter,ENG,True,150.0,1325.0,sold,0.0,,True,False,Harry Brook,Harry Brook
2023,Mayank Agarwal,Mayank Agarwal,SRH,Batter,IND,True,100.0,825.0,sold,113.0,,False,False,Mayank Agarwal,Mayank Agarwal
2023,Ajinkya Rahane,Ajinkya Rahane,CSK,Batter,IND,True,50.0,50.0,sold,158.0,,False,False,Ajinkya Rahane,Ajinkya Rahane
2023,Sam Curran,Sam Curran,PBKS,All-rounder,ENG,True,200.0,1850.0,sold,32.0,,True,False,Sam Curran,Sam Curran
2023,Odean Smith,Odean Smith,GT,All-rounder,WIN,True,50.0,50.0,sold,6.0,,True,False,Odean Smith,Odean Smith
2023,Sikandar Raza,Sikandar Raza,PBKS,All-rounder,ZIM,True,50.0,50.0,sold,0.0,,True,False,Sikandar Raza,Sikandar Raza
2023,Jason Holder,Jason Holder,RR,All-rounder,WIN,True,200.0,575.0,sold,38.0,,True,False,Jason Holder,Jason Holder
2023,Cameron Green,Cameron Green,MI,All-rounder,AUS,True,200.0,1750.0,sold,0.0,,True,False,Cameron Green,Cameron Green
2023,Ben Stokes,Ben Stokes,CSK,All-rounder,ENG,True,200.0,1625.0,sold,43.0,,True,False,Ben Stokes,Ben Stokes
2023,Nicholas Pooran,Nicholas Pooran,LSG,Wicket-keeper,WIN,True,200.0,1600.0,sold,47.0,,True,False,Nicholas Pooran,Nicholas Pooran
2023,Heinrich Klaasen,Heinrich Klaasen,SRH,Wicket-keeper,SA,True,100.0,525.0,sold,7.0,,True,False,Heinrich Klaasen,Heinrich Klaasen
2023,Phil Salt,Phil Salt,DC,Wicket-keeper,ENG,True,200.0,200.0,sold,0.0,,True,False,Phil Salt,Phil Salt
2023,Reece Topley,Reece Topley,RCB,Fast bowler,ENG,True,75.0,190.0,sold,0.0,,True,False,Reece Topley,Reece Topley
2023,Jaydev Unadkat,Jaydev Unadkat,LSG,Fast bowler,IND,True,50.0,50.0,sold,91.0,,False,False,Jaydev Unadkat,Jaydev Unadkat
2023,Jhye Richardson,Jhye Richardson,MI,Fast bowler,AUS,True,150.0,150.0,sold,3.0,,True,False,Jhye Richardson,Jhye Richardson
2023,Ishant Sharma,Ishant Sharma,DC,Fast bowler,IND,True,50.0,50.0,sold,93.0,,False,False,Ishant Sharma,Ishant Sharma
2023,Adil Rashid,Adil Rashid,SRH,Fast bowler,ENG,True,200.0,200.0,sold,0.0,,True,False,Adil Rashid,Adil Rashid
2023,Mayank Markande,Mayank Markande,SRH,Fast bowler,IND,True,50.0,50.0,sold,20.0,,False,False,Mayank Markande,Mayank Markande
2023,Shaik Rasheed,Shaik Rasheed,CSK,Batter,IND,False,20.0,20.0,sold,0.0,,False,False,Shaik Rasheed,Shaik Rasheed
2023,Vivrant Sharma,Vivrant Sharma,SRH,All-rounder,IND,False,20.0,260.0,sold,0.0,,False,False,Vivrant Sharma,Vivrant Sharma
2023,Samarth Vyas,Samarth Vyas,SRH,All-rounder,IND,False,20.0,20.0,sold,0.0,,False,False,Samarth Vyas,Samarth Vyas
2023,Sanvir Singh,Sanvir Singh,SRH,All-rounder,IND,False,20.0,20.0,sold,0.0,,False,False,Sanvir Singh,Sanvir Singh
2023,Nishant Sindhu,Nishant Sindhu,CSK,All-rounder,IND,False,20.0,60.0,sold,0.0,,False,False,Nishant Sindhu,Nishant Sindhu
2023,N Jagadeesan,N Jagadeesan,KKR,Wicket-keeper,IND,False,20.0,90.0,sold,7.0,,False,False,Narayan Jagadeesan,N Jagadeesan
2023,K. S. Bharat,K. S. Bharat,GT,Wicket-keeper,IND,False,20.0,120.0,sold,10.0,,False,False,K. S. Bharat,K. S. Bharat
2023,Upendra Yadav,Upendra Yadav (cricketer),SRH,Wicket-keeper,IND,False,20.0,25.0,sold,0.0,,False,False,Upendra Yadav (cricketer),Upendra Yadav
2023,Vaibhav Arora,Vaibhav Arora,KKR,Fast bowler,IND,False,20.0,60.0,sold,5.0,,False,False,Vaibhav Arora,Vaibhav Arora
2023,Yash Thakur,Yash Thakur,LSG,Fast bowler,IND,False,20.0,45.0,sold,0.0,,False,False,Yash Thakur,Yash Thakur
2023,Shivam Mavi,Shivam Mavi,GT,Fast bowler,IND,False,40.0,600.0,sold,32.0,,False,False,Shivam Mavi,Shivam Mavi
2023,Mukesh Kumar,Mukesh Kumar (cricketer),DC,Fast bowler,IND,False,20.0,550.0,sold,0.0,,False,False,Mukesh Kumar (cricketer),Mukesh Kumar
2023,Himanshu Sharma,Himanshu Sharma (cricketer),RCB,Fast bowler,IND,False,20.0,20.0,sold,0.0,,False,False,Himanshu Sharma (cricketer),Himanshu Sharma
2023,Manish Pandey,Manish Pandey,DC,Batter,IND,True,100.0,240.0,sold,160.0,,False,False,Manish Pandey,Manish Pandey
2023,Will Jacks,Will Jacks,RCB,Batter,ENG,True,150.0,320.0,sold,0.0,,True,False,Will Jacks,Will Jacks
2023,Romario Shepherd,Romario Shepherd,LSG,All-rounder,WIN,True,50.0,50.0,sold,3.0,,True,False,Romario Shepherd,Romario Shepherd
2023,Daniel Sams,Daniel Sams,LSG,All-rounder,AUS,True,75.0,75.0,sold,16.0,,True,False,Daniel Sams,Daniel Sams
2023,Kyle Jamieson,Kyle Jamieson,CSK,Fast bowler,NZ,True,100.0,100.0,sold,9.0,,True,False,Kyle Jamieson,Kyle Jamieson
2023,Piyush Chawla,Piyush Chawla,MI,Fast bowler,IND,True,50.0,50.0,sold,165.0,,False,False,Piyush Chawla,Piyush Chawla
2023,Amit Mishra,Amit Mishra,LSG,Fast bowler,IND,True,50.0,50.0,sold,154.0,,False,False,Amit Mishra,Amit Mishra
2023,Harpreet Singh Bhatia,Harpreet Singh Bhatia,PBKS,Batter,IND,False,20.0,40.0,sold,4.0,,False,False,Harpreet Singh Bhatia,Harpreet Singh Bhatia
2023,Manoj Bhandage,Manoj Bhandage,RCB,All-rounder,IND,False,20.0,20.0,sold,0.0,,False,False,Manoj Bhandage,Manoj Bhandage
2023,Mayank Dagar,Mayank Dagar,SRH,All-rounder,IND,False,20.0,180.0,sold,0.0,,False,False,Mayank Dagar,Mayank Dagar
2023,Duan Jansen,Duan Jansen,MI,All-rounder,SA,False,20.0,20.0,sold,0.0,,True,False,Duan Jansen,Duan Jansen
2023,Prerak Mankad,Prerak Mankad,LSG,All-rounder,IND,False,20.0,180.0,sold,0.0,,False,False,Prerak Mankad,Prerak Mankad
2023,Donavon Ferreira,Donavon Ferreira,RR,Wicket-keeper,SA,False,20.0,20.0,sold,0.0,,True,False,Donovan Ferreira,Donovan Ferreira
2023,Urvil Patel,Urvil Patel,GT,Wicket-keeper,IND,False,20.0,20.0,sold,0.0,,False,False,Urvil Patel,Urvil Patel
2023,Vishnu Vinod,Vishnu Vinod,MI,Wicket-keeper,IND,False,20.0,20.0,sold,3.0,,False,False,Vishnu Vinod,Vishnu Vinod
2023,Vidwath Kaverappa,,PBKS,Fast bowler,IND,False,20.0,20.0,sold,0.0,,False,False,Vidwath Kaverappa,Vidwath Kaverappa
2023,Rajan Kumar,,RCB,Fast bowler,IND,False,20.0,20.0,sold,0.0,,False,False,Rajan Kumar,Rajan Kumar
2023,Suyash Sharma,Suyash Sharma,KKR,Fast bowler,IND,False,20.0,20.0,sold,0.0,,False,False,Suyash Sharma,Suyash Sharma
2023,Josh Little,Josh Little,GT,Fast bowler,IRE,True,50.0,440.0,sold,0.0,,True,False,Josh Little,Josh Little
2023,Mohit Sharma,Mohit Sharma,GT,Fast bowler,IND,True,50.0,50.0,sold,86.0,,False,False,Mohit Sharma,Mohit Sharma
2023,Shams Mulani,Shams Mulani,MI,All-rounder,IND,False,20.0,20.0,sold,0.0,,False,False,Shams Mulani,Shams Mulani
2023,Swapnil Singh,Swapnil Singh,LSG,All-rounder,IND,False,20.0,20.0,sold,5.0,,False,False,Swapnil Singh,Swapnil Singh
2023,David Wiese,David Wiese,KKR,All-rounder,NAM,True,100.0,100.0,sold,15.0,,True,False,David Wiese,David Wiese
2023,Nitish Kumar Reddy,Nitish Kumar Reddy,SRH,Wicket-keeper,IND,False,20.0,20.0,sold,0.0,,False,False,Nitish Kumar Reddy,Nitish Kumar Reddy
2023,Avinash Singh,,RCB,Fast bowler,IND,False,20.0,60.0,sold,0.0,,False,False,Avinash Singh,Avinash Singh
2023,Kunal Rathore,Kunal Rathore,RR,Wicket-keeper,IND,False,20.0,20.0,sold,0.0,,False,False,Kunal Singh Rathore,Kunal Rathore
2023,Sonu Yadav,Sonu Yadav,RCB,All-rounder,IND,False,20.0,20.0,sold,0.0,,False,False,Sonu Yadav,Sonu Yadav
2023,Kulwant Khejroliya,Kulwant Khejroliya,KKR,Fast bowler,IND,False,20.0,20.0,sold,5.0,,False,False,Kulwant Khejroliya,Kulwant Khejroliya
2023,Ajay Mandal,Ajay Mandal,CSK,All-rounder,IND,False,20.0,20.0,sold,0.0,,False,False,Ajay Mandal,Ajay Mandal
2023,Mohit Rathee,,PBKS,All-rounder,IND,False,20.0,20.0,sold,0.0,,False,False,Mohit Rathee,Mohit Rathee
2023,Nehal Wadhera,Nehal Wadhera,MI,All-rounder,IND,False,20.0,20.0,sold,0.0,,False,False,Nehal Wadhera,Nehal Wadhera
2023,Bhagath Varma,Bhagath Varma,CSK,All-rounder,IND,False,20.0,20.0,sold,0.0,,False,False,Bhagath Varma,Bhagath Varma
2023,Shivam Singh,,PBKS,All-rounder,IND,False,20.0,20.0,sold,0.0,,False,False,Shivam Singh,Shivam Singh
2023,Rilee Rossouw,Rilee Rossouw,DC,Batter,SA,True,200.0,460.0,sold,5.0,,True,False,Rilee Rossouw,Rilee Rossouw
2023,Litton Das,Litton Das,KKR,Wicket-keeper,BAN,True,50.0,50.0,sold,0.0,,True,False,Litton Das,Litton Das
2023,Akeal Hosein,Akeal Hosein,SRH,Fast bowler,WIN,True,100.0,100.0,sold,0.0,,True,False,Akeal Hosein,Akeal Hosein
2023,Adam Zampa,Adam Zampa,RR,Fast bowler,AUS,True,150.0,150.0,sold,14.0,,True,False,Adam Zampa,Adam Zampa
2023,Anmolpreet Singh,Anmolpreet Singh,SRH,Batter,IND,False,20.0,20.0,sold,3.0,,False,False,Anmolpreet Singh,Anmolpreet Singh
2023,KM Asif,KM Asif,RR,Fast bowler,IND,False,20.0,30.0,sold,3.0,,False,False,KM Asif,KM Asif
2023,Murugan Ashwin,Murugan Ashwin,RR,Fast bowler,IND,False,20.0,20.0,sold,42.0,,False,False,Murugan Ashwin,Murugan Ashwin
2023,Mandeep Singh,Mandeep Singh,KKR,Batter,IND,True,50.0,50.0,sold,108.0,,False,False,Mandeep Singh,Mandeep Singh
2023,Akash Vasisht,Akash Vasisht,RR,All-rounder,IND,False,20.0,20.0,sold,0.0,,False,False,Akash Vasisht,Akash Vasisht
2023,Naveen-ul-Haq,Naveen-ul-Haq,LSG,Fast bowler,AFG,True,50.0,50.0,sold,0.0,,True,False,Naveen-ul-Haq,Naveen-ul-Haq
2023,Yudhvir Singh Charak,Yudhvir Singh (cricketer),LSG,Fast bowler,IND,False,20.0,20.0,sold,0.0,,False,False,Yudhvir Singh (cricketer),Yudhvir Singh
2023,Raghav Goyal,,MI,Fast bowler,IND,False,20.0,20.0,sold,0.0,,False,False,Raghav Goyal,Raghav Goyal
2023,Abdul Basith,,RR,All-rounder,IND,False,20.0,20.0,sold,0.0,,False,False,Abdul Basith,Abdul Basith
2023,Joe Root,Joe Root,RR,Batter,ENG,True,100.0,100.0,sold,0.0,,True,False,Joe Root,Joe Root
2023,Shakib al Hasan,Shakib al Hasan,KKR,All-rounder,BAN,True,150.0,150.0,sold,71.0,,True,False,Shakib Al Hasan,Shakib al Hasan
2024,Ravindra Jadeja,Ravindra Jadeja,CSK,,IND,,,1600.0,retained,,retained,False,False,Ravindra Jadeja,Ravindra Jadeja
2024,Deepak Chahar,Deepak Chahar,CSK,Fast bowler,IND,,,1400.0,retained,,retained,False,False,Deepak Chahar,Deepak Chahar
2024,MS Dhoni,MS Dhoni,CSK,,IND,,,1200.0,retained,,retained,False,False,MS Dhoni,MS Dhoni
2024,Moeen Ali,Moeen Ali,CSK,,ENG,,,800.0,retained,,retained,True,False,Moeen Ali,Moeen Ali
2024,Ruturaj Gaikwad,Ruturaj Gaikwad,CSK,,IND,,,600.0,retained,,retained,False,False,Ruturaj Gaikwad,Ruturaj Gaikwad
2024,Shivam Dube,Shivam Dube,CSK,All-rounder,IND,,,400.0,retained,,retained,False,False,Shivam Dube,Shivam Dube
2024,Mitchell Santner,Mitchell Santner,CSK,All-rounder,NZ,,,190.0,retained,,retained,True,False,Mitchell Santner,Mitchell Santner
2024,Rajvardhan Hangargekar,Rajvardhan Hangargekar,CSK,All-rounder,IND,,,150.0,retained,,retained,False,False,Rajvardhan Hangargekar,Rajvardhan Hangargekar
2024,Prashant Solanki,Prashant Solanki,CSK,Spin bowler,IND,,,120.0,retained,,retained,False,False,Prashant Solanki,Prashant Solanki
2024,Devon Conway,Devon Conway,CSK,Batter,NZ,,,100.0,retained,,retained,True,False,Devon Conway,Devon Conway
2024,Maheesh Theekshana,Maheesh Theekshana,CSK,Spin bowler,SL,,,70.0,retained,,retained,True,False,Maheesh Theekshana,Maheesh Theekshana
2024,Nishant Sindhu,Nishant Sindhu,CSK,All-rounder,IND,,,60.0,retained,,retained,False,False,Nishant Sindhu,Nishant Sindhu
2024,Ajinkya Rahane,Ajinkya Rahane,CSK,Batter,IND,,,50.0,retained,,retained,False,False,Ajinkya Rahane,Ajinkya Rahane
2024,Ajay Mandal,Ajay Mandal,CSK,All-rounder,IND,,,20.0,retained,,retained,False,False,Ajay Mandal,Ajay Mandal
2024,Matheesha Pathirana,Matheesha Pathirana,CSK,Fast bowler,SL,,,20.0,retained,,retained,True,False,Matheesha Pathirana,Matheesha Pathirana
2024,Mukesh Choudhary,Mukesh Choudhary,CSK,Fast bowler,IND,,,20.0,retained,,retained,False,False,Mukesh Choudhary,Mukesh Choudhary
2024,Shaik Rasheed,Shaik Rasheed,CSK,Batter,IND,,,20.0,retained,,retained,False,False,Shaik Rasheed,Shaik Rasheed
2024,Simarjeet Singh,Simarjeet Singh,CSK,Fast bowler,IND,,,20.0,retained,,retained,False,False,Simarjeet Singh,Simarjeet Singh
2024,Tushar Deshpande,Tushar Deshpande,CSK,Fast bowler,IND,,,20.0,retained,,retained,False,False,Tushar Deshpande,Tushar Deshpande
2024,Rishabh Pant,Rishabh Pant,DC,Batter,IND,,,1600.0,retained,,retained,False,False,Rishabh Pant,Rishabh Pant
2024,Axar Patel,Axar Patel,DC,,IND,,,1200.0,retained,,retained,False,False,Axar Patel,Axar Patel
2024,Prithvi Shaw,Prithvi Shaw,DC,Batter,IND,,,800.0,retained,,retained,False,False,Prithvi Shaw,Prithvi Shaw
2024,Anrich Nortje,Anrich Nortje,DC,Fast bowler,SA,,,650.0,retained,,retained,True,False,Anrich Nortje,Anrich Nortje
2024,Mitchell Marsh,Mitchell Marsh,DC,All-rounder,AUS,,,650.0,retained,,retained,True,False,Mitchell Marsh,Mitchell Marsh
2024,David Warner,David Warner (cricketer),DC,Batter,AUS,,,625.0,retained,,retained,True,False,David Warner (cricketer),David Warner
2024,Mukesh Kumar,Mukesh Kumar (cricketer),DC,Fast bowler,IND,,,550.0,retained,,retained,False,False,Mukesh Kumar (cricketer),Mukesh Kumar
2024,Khaleel Ahmed,Khaleel Ahmed,DC,Fast bowler,IND,,,525.0,retained,,retained,False,False,Khaleel Ahmed,Khaleel Ahmed
2024,Kuldeep Yadav,Kuldeep Yadav,DC,Fast bowler,IND,,,200.0,retained,,retained,False,False,Kuldeep Yadav,Kuldeep Yadav
2024,Lalit Yadav,Lalit Yadav (Delhi cricketer),DC,All-rounder,IND,,,65.0,retained,,retained,False,False,Lalit Yadav (Delhi cricketer),Lalit Yadav
2024,Pravin Dubey,Pravin Dubey,DC,All-rounder,IND,,,50.0,retained,,retained,False,False,Praveen Dubey,Praveen Dubey
2024,Lungi Ngidi,Lungi Ngidi,DC,Fast bowler,SA,,,50.0,retained,,retained,True,False,Lungi Ngidi,Lungi Ngidi
2024,Yash Dhull,Yash Dhull,DC,All-rounder,IND,,,50.0,retained,,retained,False,False,Yash Dhull,Yash Dhull
2024,Ishant Sharma,Ishant Sharma,DC,Fast bowler,IND,,,50.0,retained,,retained,False,False,Ishant Sharma,Ishant Sharma
2024,Vicky Ostwal,Vicky Ostwal,DC,All-rounder,IND,,,20.0,retained,,retained,False,False,Vicky Ostwal,Vicky Ostwal
2024,Abishek Porel,,DC,,IND,,,20.0,retained,,retained,False,False,Abishek Porel,Abhishek Porel
2024,Rashid Khan,Rashid Khan,GT,,AFG,,,1500.0,retained,,retained,True,False,Rashid Khan,Rashid Khan
2024,Rahul Tewatia,Rahul Tewatia,GT,All-rounder,IND,,,900.0,retained,,retained,False,False,Rahul Tewatia,Rahul Tewatia
2024,Shubman Gill,Shubman Gill,GT,,IND,,,700.0,retained,,retained,False,False,Shubman Gill,Shubman Gill
2024,Mohammed Shami,Mohammed Shami,GT,Fast bowler,IND,,,625.0,retained,,retained,False,False,Mohammed Shami,Mohammed Shami
2024,Josh Little,Josh Little,GT,Fast bowler,IRE,,,440.00000000000006,retained,,retained,True,False,Josh Little,Josh Little
2024,David Miller,David Miller (South African cricketer),GT,Batter,SA,,,300.0,retained,,retained,True,False,David Miller (South African cricketer),David Miller
2024,R Sai Kishore,R Sai Kishore,GT,,IND,,,300.0,retained,,retained,False,False,Sai Kishore,Sai Kishore
2024,Abhinav Manohar,Abhinav Manohar,GT,Batter,IND,,,260.0,retained,,retained,False,False,Abhinav Manohar,Abhinav Manohar
2024,Matthew Wade,Matthew Wade,GT,Wicket-keeper,AUS,,,240.0,retained,,retained,True,False,Matthew Wade,Matthew Wade
2024,Kane Williamson,Kane Williamson,GT,Batter,NZ,,,200.0,retained,,retained,True,False,Kane Williamson,Kane Williamson
2024,Wriddhiman Saha,Wriddhiman Saha,GT,Wicket-keeper,IND,,,190.0,retained,,retained,False,False,Wriddhiman Saha,Wriddhiman Saha
2024,Jayant Yadav,Jayant Yadav,GT,All-rounder,IND,,,170.0,retained,,retained,False,False,Jayant Yadav,Jayant Yadav
2024,Vijay Shankar,Vijay Shankar,GT,All-rounder,IND,,,140.0,retained,,retained,False,False,Vijay Shankar,Vijay Shankar
2024,Mohit Sharma,Mohit Sharma,GT,Fast bowler,IND,,,50.0,retained,,retained,False,False,Mohit Sharma,Mohit Sharma
2024,Noor Ahmad,Noor Ahmad,GT,Spin bowler,AFG,,,30.0,retained,,retained,True,False,Noor Ahmad,Noor Ahmad
2024,Darshan Nalkande,Darshan Nalkande,GT,All-rounder,IND,,,20.0,retained,,retained,False,False,Darshan Nalkande,Darshan Nalkande
2024,Sai Sudarshan,Sai Sudarshan,GT,,IND,,,20.0,retained,,retained,False,False,Sai Sudharsan,Sai Sudharsan
2024,Andre Russell,Andre Russell,KKR,,WIN,,,1400.0,retained,,retained,True,False,Andre Russell,Andre Russell
2024,Shreyas Iyer,Shreyas Iyer,KKR,Batter,IND,,,1225.0,retained,,retained,False,False,Shreyas Iyer,Shreyas Iyer
2024,Varun Chakaravarthy,Varun Chakaravarthy,KKR,,IND,,,1200.0,retained,,retained,False,False,Varun Chakravarthy,Varun Chakravarthy
2024,Venkatesh Iyer,Venkatesh Iyer,KKR,All-rounder,IND,,,800.0,retained,,retained,False,False,Venkatesh Iyer,Venkatesh Iyer
2024,Nitish Rana,Nitish Rana,KKR,All-rounder,IND,,,800.0,retained,,retained,False,False,Nitish Rana,Nitish Rana
2024,Sunil Narine,Sunil Narine,KKR,,WIN,,,600.0,retained,,retained,True,False,Sunil Narine,Sunil Narine
2024,Harshit Rana,Harshit Rana,KKR,,IND,,,200.0,retained,,retained,False,False,Harshit Rana,Harshit Rana
2024,Jason Roy,Jason Roy,KKR,Batter,ENG,,,150.0,retained,,retained,True,False,Jason Roy,Jason Roy
2024,Vaibhav Arora,Vaibhav Arora,KKR,Fast bowler,IND,,,60.0,retained,,retained,False,False,Vaibhav Arora,Vaibhav Arora
2024,Rinku Singh,Rinku Singh (cricketer),KKR,Batter,IND,,,55.0,retained,,retained,False,False,Rinku Singh (cricketer),Rinku Singh
2024,Rahmanullah Gurbaz,Rahmanullah Gurbaz,KKR,Wicket-keeper,AFG,,,50.0,retained,,retained,True,False,Rahmanullah Gurbaz,Rahmanullah Gurbaz
2024,Anukul Roy,Anukul Roy,KKR,All-rounder,IND,,,20.0,retained,,retained,False,False,Anukul Roy,Anukul Roy
2024,Suyash Sharma,Suyash Sharma,KKR,Spin bowler,IND,,,20.0,retained,,retained,False,False,Suyash Sharma,Suyash Sharma
2024,KL Rahul,KL Rahul,LSG,Wicket-keeper,IND,,,1700.0,retained,,retained,False,False,KL Rahul,KL Rahul
2024,Nicholas Pooran,Nicholas Pooran,LSG,Wicket-keeper,WIN,,,1600.0,retained,,retained,True,False,Nicholas Pooran,Nicholas Pooran
2024,Marcus Stoinis,Marcus Stoinis,LSG,All-rounder,AUS,,,1100.0,retained,,retained,True,False,Marcus Stoinis,Marcus Stoinis
2024,Krunal Pandya,Krunal Pandya,LSG,All-rounder,IND,,,825.0,retained,,retained,False,False,Krunal Pandya,Krunal Pandya
2024,Devdutt Padikkal,Devdutt Padikkal,LSG,Batter,IND,,,7.75,retained,,retained,False,False,Devdutt Padikkal,Devdutt Padikkal
2024,Mark Wood,Mark Wood (cricketer),LSG,Fast bowler,ENG,,,750.0,retained,,retained,True,False,Mark Wood (cricketer),Mark Wood
2024,Quinton de Kock,Quinton de Kock,LSG,Wicket-keeper,SA,,,675.0,retained,,retained,True,False,Quinton de Kock,Quinton de Kock
2024,Deepak Hooda,Deepak Hooda,LSG,All-rounder,IND,,,575.0,retained,,retained,False,False,Deepak Hooda,Deepak Hooda
2024,Ravi Bishnoi,Ravi Bishnoi,LSG,Spin bowler,IND,,,400.0,retained,,retained,False,False,Ravi Bishnoi,Ravi Bishnoi
2024,Krishnappa Gowtham,Krishnappa Gowtham,LSG,All-rounder,IND,,,90.0,retained,,retained,False,False,Krishnappa Gowtham,Krishnappa Gowtham
2024,Kyle Mayers,Kyle Mayers,LSG,All-rounder,WIN,,,50.0,retained,,retained,True,False,Kyle Mayers,Kyle Mayers
2024,Amit Mishra,Amit Mishra,LSG,Fast bowler,IND,,,50.0,retained,,retained,False,False,Amit Mishra,Amit Mishra
2024,Naveen-ul-Haq,Naveen-ul-Haq,LSG,Fast bowler,AFG,,,50.0,retained,,retained,True,False,Naveen-ul-Haq,Naveen-ul-Haq
2024,Yash Thakur,Yash Thakur,LSG,Fast bowler,IND,,,45.0,retained,,retained,False,False,Yash Thakur,Yash Thakur
2024,Mayank Yadav,Mayank Yadav,LSG,Fast bowler,IND,,,20.0,retained,,retained,False,False,Mayank Yadav,Mayank Yadav
2024,Ayush Badoni,Ayush Badoni,LSG,Batter,IND,,,20.0,retained,,retained,False,False,Ayush Badoni,Ayush Badoni
2024,Yudhvir Singh,Yudhvir Singh,LSG,All-rounder,IND,,,20.0,retained,,retained,False,False,Yudhvir Singh (cricketer),Yudhvir Singh
2024,Prerak Mankad,Prerak Mankad,LSG,All-rounder,IND,,,20.0,retained,,retained,False,False,Prerak Mankad,Prerak Mankad
2024,Mohsin Khan,Mohsin Khan (Indian cricketer),LSG,Fast bowler,IND,,,20.0,retained,,retained,False,False,Mohsin Khan (Indian cricketer),Mohsin Khan
2024,Rohit Sharma,Rohit Sharma,MI,,IND,,,1600.0,retained,,retained,False,False,Rohit Sharma,Rohit Sharma
2024,Ishan Kishan,Ishan Kishan,MI,Wicket-keeper,IND,,,1525.0,retained,,retained,False,False,Ishan Kishan,Ishan Kishan
2024,Hardik Pandya,Hardik Pandya,MI,,IND,,,1500.0,retained,,retained,False,False,Hardik Pandya,Hardik Pandya
2024,Jasprit Bumrah,Jasprit Bumrah,MI,,IND,,,1200.0,retained,,retained,False,False,Jasprit Bumrah,Jasprit Bumrah
2024,Tim David,Tim David,MI,All-rounder,AUS,,,825.0,retained,,retained,True,False,Tim David,Tim David
2024,Suryakumar Yadav,Suryakumar Yadav,MI,,IND,,,800.0,retained,,retained,False,False,Suryakumar Yadav,Suryakumar Yadav
2024,Dewald Brevis,Dewald Brevis,MI,Batter,SA,,,300.0,retained,,retained,True,False,Dewald Brevis,Dewald Brevis
2024,Tilak Varma,Tilak Varma,MI,All-rounder,IND,,,170.0,retained,,retained,False,False,Tilak Varma,Tilak Varma
2024,Jason Behrendorff,Jason Behrendorff,MI,Fast bowler,AUS,,,75.0,retained,,retained,True,False,Jason Behrendorff,Jason Behrendorff
2024,Piyush Chawla,Piyush Chawla,MI,Fast bowler,IND,,,50.0,retained,,retained,False,False,Piyush Chawla,Piyush Chawla
2024,Romario Shepherd,Romario Shepherd,MI,All-rounder,WIN,,,50.0,retained,,retained,True,False,Romario Shepherd,Romario Shepherd
2024,Arjun Tendulkar,Arjun Tendulkar,MI,Fast bowler,IND,,,30.0,retained,,retained,False,False,Arjun Tendulkar,Arjun Tendulkar
2024,Akash Madhwal,Akash Madhwal,MI,Fast bowler,IND,,,20.0,retained,,retained,False,False,Akash Madhwal,Akash Madhwal
2024,Kumar Kartikeya,Kumar Kartikeya,MI,Spin bowler,IND,,,20.0,retained,,retained,False,False,Kumar Kartikeya,Kumar Kartikeya
2024,Nehal Wadhera,Nehal Wadhera,MI,Batter,IND,,,20.0,retained,,retained,False,False,Nehal Wadhera,Nehal Wadhera
2024,Shams Mulani,Shams Mulani,MI,All-rounder,IND,,,20.0,retained,,retained,False,False,Shams Mulani,Shams Mulani
2024,Vishnu Vinod,Vishnu Vinod,MI,Wicket-keeper,IND,,,20.0,retained,,retained,False,False,Vishnu Vinod,Vishnu Vinod
2024,Sam Curran,Sam Curran,PBKS,All-rounder,ENG,,,1850.0,retained,,retained,True,False,Sam Curran,Sam Curran
2024,Liam Livingstone,Liam Livingstone,PBKS,All-rounder,ENG,,,1150.0,retained,,retained,True,False,Liam Livingstone,Liam Livingstone
2024,Kagiso Rabada,Kagiso Rabada,PBKS,Fast bowler,SA,,,925.0,retained,,retained,True,False,Kagiso Rabada,Kagiso Rabada
2024,Shikhar Dhawan,Shikhar Dhawan,PBKS,Batter,IND,,,825.0,retained,,retained,False,False,Shikhar Dhawan,Shikhar Dhawan
2024,Jonny Bairstow,Jonny Bairstow,PBKS,Wicket-keeper,ENG,,,675.0,retained,,retained,True,False,Jonny Bairstow,Jonny Bairstow
2024,Rahul Chahar,Rahul Chahar,PBKS,Spin bowler,IND,,,525.0,retained,,retained,False,False,Rahul Chahar,Rahul Chahar
2024,Arshdeep Singh,Arshdeep Singh (cricketer),PBKS,Fast bowler,IND,,,400.0,retained,,retained,False,False,Arshdeep Singh,Arshdeep Singh
2024,Harpreet Brar,Harpreet Brar,PBKS,All-rounder,IND,,,380.0,retained,,retained,False,False,Harpreet Brar,Harpreet Brar
2024,Nathan Ellis,Nathan Ellis,PBKS,Fast bowler,AUS,,,75.0,retained,,retained,True,False,Nathan Ellis,Nathan Ellis
2024,Prabhsimran Singh,Prabhsimran Singh,PBKS,Wicket-keeper,IND,,,60.0,retained,,retained,False,False,Prabhsimran Singh,Prabhsimran Singh
2024,Rishi Dhawan,Rishi Dhawan,PBKS,All-rounder,IND,,,55.0,retained,,retained,False,False,Rishi Dhawan,Rishi Dhawan
2024,Sikandar Raza,Sikandar Raza,PBKS,All-rounder,ZIM,,,50.0,retained,,retained,True,False,Sikandar Raza,Sikandar Raza
2024,Harpreet Singh Bhatia,Harpreet Singh Bhatia,PBKS,Batter,IND,,,40.0,retained,,retained,False,False,Harpreet Singh Bhatia,Harpreet Singh Bhatia
2024,Atharva Taide,Atharva Taide,PBKS,Batter,IND,,,20.0,retained,,retained,False,False,Atharva Taide,Atharva Taide
2024,Jitesh Sharma,Jitesh Sharma,PBKS,Wicket-keeper,IND,,,20.0,retained,,retained,False,False,Jitesh Sharma,Jitesh Sharma
2024,Shivam Singh,,PBKS,All-rounder,IND,,,20.0,retained,,retained,False,False,Shivam Singh,Shivam Singh
2024,Vidwath Kaverappa,Vidwath Kaverappa,PBKS,Fast bowler,IND,,,20.0,retained,,retained,False,False,Vidwath Kaverappa,Vidwath Kaverappa
2024,Sanju Samson,Sanju Samson,RR,,IND,,,1400.0,retained,,retained,False,False,Sanju Samson,Sanju Samson
2024,Avesh Khan,Avesh Khan,RR,Fast bowler,IND,,,1000.0,retained,,retained,False,False,Avesh Khan,Avesh Khan
2024,Jos Buttler,Jos Buttler,RR,Wicket-keeper,ENG,,,1000.0,retained,,retained,True,False,Jos Buttler,Jos Buttler
2024,Prasidh Krishna,Prasidh Krishna,RR,Fast bowler,IND,,,1000.0,retained,,retained,False,False,Prasidh Krishna,Prasidh Krishna
2024,Shimron Hetmyer,Shimron Hetmyer,RR,Batter,WIN,,,850.0,retained,,retained,True,False,Shimron Hetmyer,Shimron Hetmyer
2024,Trent Boult,Trent Boult,RR,Fast bowler,NZ,,,800.0,retained,,retained,True,False,Trent Boult,Trent Boult
2024,Yuzvendra Chahal,Yuzvendra Chahal,RR,Fast bowler,IND,,,650.0,retained,,retained,False,False,Yuzvendra Chahal,Yuzvendra Chahal
2024,Ravichandran Ashwin,Ravichandran Ashwin,RR,All-rounder,IND,,,500.0,retained,,retained,False,False,Ravichandran Ashwin,Ravichandran Ashwin
2024,Yashasvi Jaiswal,Yashasvi Jaiswal,RR,,IND,,,400.0,retained,,retained,False,False,Yashasvi Jaiswal,Yashasvi Jaiswal
2024,Riyan Parag,Riyan Parag,RR,All-rounder,IND,,,380.0,retained,,retained,False,False,Riyan Parag,Riyan Parag
2024,Navdeep Saini,Navdeep Saini,RR,Fast bowler,IND,,,260.0,retained,,retained,False,False,Navdeep Saini,Navdeep Saini
2024,Adam Zampa,Adam Zampa,RR,Spin bowler,AUS,,,150.0,retained,,retained,True,False,Adam Zampa,Adam Zampa
2024,Donovan Ferreira,Donovan Ferreira,RR,Wicket-keeper,SA,,,50.0,retained,,retained,True,False,Donovan Ferreira,Donovan Ferreira
2024,Sandeep Sharma,Sandeep Sharma,RR,Fast bowler,IND,,,50.0,retained,,retained,False,False,Sandeep Sharma,Sandeep Sharma
2024,Dhruv Jurel,Dhruv Jurel,RR,Wicket-keeper,IND,,,20.0,retained,,retained,False,False,Dhruv Jurel,Dhruv Jurel
2024,Kuldeep Sen,Kuldeep Sen,RR,Fast bowler,IND,,,20.0,retained,,retained,False,False,Kuldeep Sen,Kuldeep Sen
2024,Kunal Singh Rathore,Kunal Singh Rathore,RR,,IND,,,20.0,retained,,retained,False,False,Kunal Singh Rathore,Kunal Rathore
2024,Cameron Green,Cameron Green,RCB,Batter,AUS,,,1750.0,retained,,retained,True,False,Cameron Green,Cameron Green
2024,Virat Kohli,Virat Kohli,RCB,,IND,,,1500.0,retained,,retained,False,False,Virat Kohli,Virat Kohli
2024,Glenn Maxwell,Glenn Maxwell,RCB,All-rounder,AUS,,,1100.0,retained,,retained,True,False,Glenn Maxwell,Glenn Maxwell
2024,Faf du Plessis,Faf du Plessis,RCB,Batter,SA,,,700.0,retained,,retained,True,False,Faf du Plessis,Faf du Plessis
2024,Mohammed Siraj,Mohammed Siraj,RCB,Fast bowler,IND,,,700.0,retained,,retained,False,False,Mohammed Siraj,Mohammed Siraj
2024,Dinesh Karthik,Dinesh Karthik,RCB,Wicket-keeper,IND,,,550.0,retained,,retained,False,False,Dinesh Karthik,Dinesh Karthik
2024,Anuj Rawat,Anuj Rawat,RCB,Wicket-keeper,IND,,,340.0,retained,,retained,False,False,Anuj Rawat,Anuj Rawat
2024,Will Jacks,Will Jacks,RCB,All-rounder,ENG,,,320.0,retained,,retained,True,False,Will Jacks,Will Jacks
2024,Reece Topley,Reece Topley,RCB,Fast bowler,ENG,,,190.0,retained,,retained,True,False,Reece Topley,Reece Topley
2024,Mayank Dagar,Mayank Dagar,RCB,All-rounder,IND,,,180.0,retained,,retained,False,False,Mayank Dagar,Mayank Dagar
2024,Mahipal Lomror,Mahipal Lomror,RCB,All-rounder,IND,,,95.0,retained,,retained,False,False,Mahipal Lomror,Mahipal Lomror
2024,Rajan Kumar,,RCB,Fast bowler,IND,,,70.0,retained,,retained,False,False,Rajan Kumar,Rajan Kumar
2024,Karn Sharma,Karn Sharma,RCB,Spin bowler,IND,,,50.0,retained,,retained,False,False,Karn Sharma,Karn Sharma
2024,Suyash Prabhudessai,Suyash Prabhudessai,RCB,All-rounder,IND,,,30.0,retained,,retained,False,False,Suyash Prabhudessai,Suyash Prabhudessai
2024,Akash Deep,Akash Deep,RCB,Fast bowler,IND,,,20.0,retained,,retained,False,False,Akash Deep,Akash Deep
2024,Himanshu Sharma,Himanshu Sharma (cricketer),RCB,Fast bowler,IND,,,20.0,retained,,retained,False,False,Himanshu Sharma (cricketer),Himanshu Sharma
2024,Manoj Bhandage,Manoj Bhandage,RCB,All-rounder,IND,,,20.0,retained,,retained,False,False,Manoj Bhandage,Manoj Bhandage
2024,Rajat Patidar,Rajat Patidar,RCB,,IND,,,20.0,retained,,retained,False,False,Rajat Patidar,Rajat Patidar
2024,Vijaykumar Vyshak,Vijaykumar Vyshak,RCB,Fast bowler,IND,,,20.0,retained,,retained,False,False,Vijaykumar Vyshak,Vijaykumar Vyshak
2024,Washington Sundar,Washington Sundar,SRH,All-rounder,IND,,,875.0,retained,,retained,False,False,Washington Sundar,Washington Sundar
2024,Rahul Tripathi,Rahul Tripathi,SRH,Batter,IND,,,850.0,retained,,retained,False,False,Rahul Tripathi,Rahul Tripathi
2024,Mayank Agarwal,Mayank Agarwal,SRH,Batter,IND,,,825.0,retained,,retained,False,False,Mayank Agarwal,Mayank Agarwal
2024,Abhishek Sharma,"Abhishek Sharma (cricketer, born 2000)",SRH,All-rounder,IND,,,650.0,retained,,retained,False,False,Abhishek Sharma,Abhishek Sharma
2024,Heinrich Klaasen,Heinrich Klaasen,SRH,Wicket-keeper,SA,,,525.0,retained,,retained,True,False,Heinrich Klaasen,Heinrich Klaasen
2024,Bhuvneshwar Kumar,Bhuvneshwar Kumar,SRH,Fast bowler,IND,,,420.0,retained,,retained,False,False,Bhuvneshwar Kumar,Bhuvneshwar Kumar
2024,Marco Jansen,Marco Jansen,SRH,All-rounder,SA,,,420.0,retained,,retained,True,False,Marco Jansen,Marco Jansen
2024,Abdul Samad,Abdul Samad (Indian cricketer),SRH,All-rounder,IND,,,400.0,retained,,retained,False,False,Abdul Samad (Indian cricketer),Abdul Samad
2024,T Natarajan,T Natarajan,SRH,,IND,,,400.0,retained,,retained,False,False,T. Natarajan,T. Natarajan
2024,Umran Malik,Umran Malik,SRH,Fast bowler,IND,,,400.0,retained,,retained,False,False,Umran Malik,Umran Malik
2024,Aiden Markram,Aiden Markram,SRH,Batter,SA,,,260.0,retained,,retained,True,False,Aiden Markram,Aiden Markram
2024,Shahbaz Ahmed,Shahbaz Ahmed (cricketer),SRH,All-rounder,IND,,,240.0,retained,,retained,False,False,Shahbaz Ahmed (cricketer),Shahbaz Ahmed
2024,Glenn Phillips,Glenn Phillips (cricketer),SRH,Batter,NZ,,,150.0,retained,,retained,True,False,Glenn Phillips (cricketer),Glenn Phillips
2024,Fazalhaq Farooqi,Fazalhaq Farooqi,SRH,Fast bowler,AFG,,,50.0,retained,,retained,True,False,Fazalhaq Farooqi,Fazalhaq Farooqi
2024,Mayank Markande,Mayank Markande,SRH,Spin bowler,IND,,,50.0,retained,,retained,False,False,Mayank Markande,Mayank Markande
2024,Upendra Yadav,Upendra Yadav (cricketer),SRH,Wicket-keeper,IND,,,25.0,retained,,retained,False,False,Upendra Yadav (cricketer),Upendra Yadav
2024,Anmolpreet Singh,Anmolpreet Singh,SRH,Batter,IND,,,20.0,retained,,retained,False,False,Anmolpreet Singh,Anmolpreet Singh
2024,Nitish Kumar Reddy,Nitish Kumar Reddy,SRH,Wicket-keeper,IND,,,20.0,retained,,retained,False,False,Nitish Kumar Reddy,Nitish Kumar Reddy
2024,Sanvir Singh,Sanvir Singh,SRH,All-rounder,IND,,,20.0,retained,,retained,False,False,Sanvir Singh,Sanvir Singh
2024,Harry Brook,Harry Brook,DC,Batter,ENG,True,200.0,400.0,sold,11.0,Set 1: Capped Batters,True,False,Harry Brook,Harry Brook
2024,Travis Head,Travis Head,SRH,Batter,AUS,True,200.0,680.0,sold,10.0,Set 1: Capped Batters,True,False,Travis Head,Travis Head
2024,Rovman Powell,Rovman Powell,RR,Batter,WIN,True,100.0,740.0,sold,17.0,Set 1: Capped Batters,True,False,Rovman Powell,Rovman Powell
2024,Wanindu Hasaranga,Wanindu Hasaranga,SRH,All-rounder,SL,True,150.0,150.0,sold,26.0,Set 2: Capped All-Rounders,True,False,Wanindu Hasaranga,Wanindu Hasaranga
2024,Rachin Ravindra,Rachin Ravindra,CSK,All-rounder,NZ,True,50.0,180.0,sold,0.0,Set 2: Capped All-Rounders,True,False,Rachin Ravindra,Rachin Ravindra
2024,Shardul Thakur,Shardul Thakur,CSK,All-rounder,IND,True,200.0,400.0,sold,86.0,Set 2: Capped All-Rounders,False,False,Shardul Thakur,Shardul Thakur
2024,Azmatullah Omarzai,Azmatullah Omarzai,GT,All-rounder,AFG,True,50.0,50.0,sold,0.0,Set 2: Capped All-Rounders,True,False,Azmatullah Omarzai,Azmatullah Omarzai
2024,Pat Cummins,Pat Cummins,SRH,All-rounder,AUS,True,200.0,2050.0,sold,42.0,Set 2: Capped All-Rounders,True,False,Pat Cummins,Pat Cummins
2024,Gerald Coetzee,Gerald Coetzee,MI,All-rounder,SA,True,200.0,500.0,sold,0.0,Set 2: Capped All-Rounders,True,False,Gerald Coetzee,Gerald Coetzee
2024,Harshal Patel,Harshal Patel,PBKS,All-rounder,IND,True,200.0,1175.0,sold,92.0,Set 2: Capped All-Rounders,False,False,Harshal Patel,Harshal Patel
2024,Daryl Mitchell,Daryl Mitchell (New Zealand cricketer),CSK,All-rounder,NZ,True,100.0,1400.0,sold,2.0,Set 2: Capped All-Rounders,True,False,Daryl Mitchell (New Zealand cricketer),Daryl Mitchell
2024,Chris Woakes,Chris Woakes,PBKS,All-rounder,ENG,True,200.0,420.0,sold,21.0,Set 2: Capped All-Rounders,True,False,Chris Woakes,Chris Woakes
2024,Tristan Stubbs,Tristan Stubbs,DC,Wicket-keeper,SA,True,50.0,50.0,sold,4.0,Set 3: Capped Wicket-Keepers,True,False,Tristan Stubbs,Tristan Stubbs
2024,K. S. Bharat,K. S. Bharat,KKR,Wicket-keeper,IND,True,50.0,50.0,sold,10.0,Set 3: Capped Wicket-Keepers,False,False,K. S. Bharat,K. S. Bharat
2024,Chetan Sakariya,Chetan Sakariya,KKR,Fast bowler,IND,True,50.0,50.0,sold,19.0,Set 4: Capped Fast Bowlers,False,False,Chetan Sakariya,Chetan Sakariya
2024,Alzarri Joseph,Alzarri Joseph,RCB,Fast bowler,WIN,True,100.0,1150.0,sold,19.0,Set 4: Capped Fast Bowlers,True,False,Alzarri Joseph,Alzarri Joseph
2024,Umesh Yadav,Umesh Yadav,GT,Fast bowler,IND,True,200.0,580.0,sold,141.0,Set 4: Capped Fast Bowlers,False,False,Umesh Yadav,Umesh Yadav
2024,Shivam Mavi,Shivam Mavi,LSG,Fast bowler,IND,True,50.0,640.0,sold,32.0,Set 4: Capped Fast Bowlers,False,False,Shivam Mavi,Shivam Mavi
2024,Mitchell Starc,Mitchell Starc,KKR,Fast bowler,AUS,True,200.0,2475.0,sold,27.0,Set 4: Capped Fast Bowlers,True,False,Mitchell Starc,Mitchell Starc
2024,Jaydev Unadkat,Jaydev Unadkat,SRH,Fast bowler,IND,True,50.0,160.0,sold,94.0,Set 4: Capped Fast Bowlers,False,False,Jaydev Unadkat,Jaydev Unadkat
2024,Dilshan Madushanka,Dilshan Madushanka,MI,Fast bowler,SL,True,50.0,460.0,sold,,Set 4: Capped Fast Bowlers,True,False,Dilshan Madushanka,Dilshan Madushanka
2024,Shubham Dubey,Shubham Dubey,RR,Batter,IND,False,20.0,580.0,sold,,Set 6: Uncapped Batters,False,False,Shubham Dubey,Shubham Dubey
2024,Sameer Rizvi,Sameer Rizvi,CSK,Batter,IND,False,20.0,840.0,sold,,Set 6: Uncapped Batters,False,False,Sameer Rizvi,Sameer Rizvi
2024,Angkrish Raghuvanshi,Angkrish Raghuvanshi,KKR,Batter,IND,False,20.0,20.0,sold,,Set 6: Uncapped Batters,False,False,Angkrish Raghuvanshi,Angkrish Raghuvanshi
2024,Arshin Kulkarni,Arshin Kulkarni,LSG,All-rounder,IND,False,20.0,20.0,sold,,Set 7: Uncapped All-Ronders,False,False,Arshin Kulkarni,Arshin Kulkarni
2024,Shahrukh Khan,Shahrukh Khan (cricketer),GT,All-rounder,IND,False,20.0,740.0,sold,33.0,Set 7: Uncapped All-Ronders,False,False,Shahrukh Khan (cricketer),Shahrukh Khan
2024,Ramandeep Singh,Ramandeep Singh (cricketer),KKR,All-rounder,IND,False,20.0,20.0,sold,5.0,Set 7: Uncapped All-Ronders,False,False,Ramandeep Singh (cricketer),Ramandeep Singh
2024,Tom Kohler-Cadmore,Tom Kohler-Cadmore,RR,Wicket-keeper,ENG,False,40.0,40.0,sold,,Set 8: Uncapped Wicket-Keepers,True,False,Tom Kohler-Cadmore,Tom Kohler-Cadmore
2024,Ricky Bhui,Ricky Bhui,DC,Wicket-keeper,IND,False,20.0,20.0,sold,2.0,Set 8: Uncapped Wicket-Keepers,False,False,Ricky Bhui,Ricky Bhui
2024,Kumar Kushagra,Kumar Kushagra,DC,Wicket-keeper,IND,False,20.0,720.0,sold,,Set 8: Uncapped Wicket-Keepers,False,False,Kumar Kushagra,Kumar Kushagra
2024,Yash Dayal,Yash Dayal,RCB,Fast bowler,IND,False,20.0,500.0,sold,14.0,Set 9: Uncapped Fast Bowlers,False,False,Yash Dayal,Yash Dayal
2024,Sushant Mishra,Sushant Mishra,GT,Fast bowler,IND,False,20.0,220.0,sold,,Set 9: Uncapped Fast Bowlers,False,False,Sushant Mishra,Sushant Mishra
2024,Kartik Tyagi,Kartik Tyagi,GT,Fast bowler,IND,False,20.0,500.0,sold,19.0,Set 9: Uncapped Fast Bowlers,False,False,Kartik Tyagi,Kartik Tyagi
2024,Rasikh Dar,Rasikh Salam,DC,Fast bowler,IND,False,20.0,20.0,sold,3.0,Set 9: Uncapped Fast Bowlers,False,False,Rasikh Salam,Rasikh Salam
2024,Akash Singh,"Akash Singh (cricketer, born 2002)",SRH,Fast bowler,IND,False,20.0,20.0,sold,7.0,Set 9: Uncapped Fast Bowlers,False,False,"Akash Singh (cricketer, born 2002)",Akash Singh
2024,Manav Suthar,Manav Suthar,GT,Fast bowler,IND,False,20.0,20.0,sold,,Set 10: Uncapped Spinners,False,False,Manav Suthar,Manav Suthar
2024,Manimaran Siddharth,Manimaran Siddharth,LSG,Fast bowler,IND,False,20.0,240.0,sold,,Set 10: Uncapped Spinners,False,False,Manimaran Siddharth,Manimaran Siddharth
2024,Shreyas Gopal,Shreyas Gopal,MI,Fast bowler,IND,False,20.0,20.0,sold,49.0,Set 10: Uncapped Spinners,False,False,Shreyas Gopal,Shreyas Gopal
2024,Sherfane Rutherford,Sherfane Rutherford,KKR,Batter,WIN,True,150.0,150.0,sold,10.0,Accelerated Round 1,True,False,Sherfane Rutherford,Sherfane Rutherford
2024,Ashton Turner,Ashton Turner,LSG,Batter,AUS,True,100.0,100.0,sold,4.0,Accelerated Round 1,True,False,Ashton Turner,Ashton Turner
2024,Tom Curran,Tom Curran (cricketer),RCB,All-rounder,ENG,True,150.0,150.0,sold,13.0,Accelerated Round 1,True,False,Tom Curran (cricketer),Tom Curran
2024,David Willey,David Willey (cricketer),LSG,All-rounder,ENG,True,200.0,200.0,sold,11.0,Accelerated Round 1,True,False,David Willey (cricketer),David Willey
2024,Spencer Johnson,Spencer Johnson (cricketer),GT,Fast bowler,AUS,True,50.0,1000.0,sold,,Accelerated Round 1,True,False,Spencer Johnson (cricketer),Spencer Johnson
2024,Mustafizur Rahman,Mustafizur Rahman,CSK,Fast bowler,BAN,True,200.0,200.0,sold,48.0,Accelerated Round 1,True,False,Mustafizur Rahman,Mustafizur Rahman
2024,Jhye Richardson,Jhye Richardson,DC,Fast bowler,AUS,True,150.0,500.0,sold,3.0,Accelerated Round 1,True,False,Jhye Richardson,Jhye Richardson
2024,Nuwan Thushara,Nuwan Thushara,MI,Fast bowler,SL,True,50.0,480.0,sold,,Accelerated Round 1,True,False,Nuwan Thushara,Nuwan Thushara
2024,Naman Dhir,Naman Dhir,MI,All-rounder,IND,False,20.0,20.0,sold,,Accelerated Round 1,False,False,Naman Dhir,Naman Dhir
2024,Anshul Kamboj,Anshul Kamboj,MI,All-rounder,IND,False,20.0,20.0,sold,,Accelerated Round 1,False,False,Anshul Kamboj,Anshul Kamboj
2024,Sumit Kumar,,DC,All-rounder,IND,False,20.0,100.0,sold,,Accelerated Round 1,False,False,Sumit Kumar,Sumit Kumar
2024,Ashutosh Sharma,Ashutosh Sharma (cricketer),PBKS,All-rounder,IND,False,20.0,20.0,sold,,Accelerated Round 1,False,False,Ashutosh Sharma (cricketer),Ashutosh Sharma
2024,Vishwanath Singh,,PBKS,All-rounder,IND,False,20.0,20.0,sold,,Accelerated Round 1,False,False,V. P. Singh,Vishwanath Singh
2024,Shashank Singh,Shashank Singh,PBKS,All-rounder,IND,False,20.0,20.0,sold,10.0,Accelerated Round 1,False,False,Shashank Singh,Shashank Singh
2024,Tanay Thyagarajan,Tanay Thyagarajan,PBKS,All-rounder,IND,False,20.0,20.0,sold,,Accelerated Round 1,False,False,Tanay Thyagarajan,Tanay Thyagarajan
2024,Robin Minz,,GT,Wicket-keeper,IND,False,20.0,360.0,sold,,Accelerated Round 1,False,False,Robin Minz,Robin Minz
2024,Prince Choudary,,PBKS,Fast bowler,IND,False,20.0,20.0,sold,,Accelerated Round 1,False,False,Prince Choudary,Prince Choudary
2024,Jhathavedh Subramanyan,Jhathavedh Subramanyan,SRH,Fast bowler,IND,False,20.0,20.0,sold,,Accelerated Round 1,False,False,Jhathavedh Subramanyan,Jhathavedh Subramanyan
2024,Manish Pandey,Manish Pandey,KKR,Batter,IND,True,50.0,50.0,sold,170.0,Accelerated Round 2,False,False,Manish Pandey,Manish Pandey
2024,Rilee Rossouw,Rilee Rossouw,PBKS,Batter,SA,True,200.0,800.0,sold,14.0,Accelerated Round 2,True,False,Rilee Rossouw,Rilee Rossouw
2024,Lockie Ferguson,Lockie Ferguson,RCB,Fast bowler,NZ,True,200.0,200.0,sold,38.0,Accelerated Round 2,True,False,Lockie Ferguson,Lockie Ferguson
2024,Mujeeb Ur Rahman,Mujeeb Ur Rahman,KKR,Fast bowler,AFG,True,200.0,200.0,sold,19.0,Accelerated Round 2,True,False,Mujeeb Ur Rahman,Mujeeb Ur Rahman
2024,Arshad Khan,Arshad Khan (Indian cricketer),LSG,All-rounder,IND,False,20.0,20.0,sold,6.0,Accelerated Round 2,False,False,Arshad Khan (Indian cricketer),Arshad Khan
2024,Mohammad Nabi,Mohammad Nabi,MI,All-rounder,AFG,True,150.0,150.0,sold,17.0,Accelerated Round 2,True,False,Mohammad Nabi,Mohammad Nabi
2024,Shai Hope,Shai Hope,DC,Wicket-keeper,WIN,True,75.0,75.0,sold,,Accelerated Round 2,True,False,Shai Hope,Shai Hope
2024,Gus Atkinson,Gus Atkinson,KKR,Fast bowler,ENG,True,100.0,100.0,sold,,Accelerated Round 2,True,False,Gus Atkinson,Gus Atkinson
2024,Swastik Chhikara,,DC,Batter,IND,False,20.0,20.0,sold,,Accelerated Round 2,False,False,Swastik Chhikara,Swastik Chikara
2024,Abid Mushtaq,Abid Mushtaq,RR,All-rounder,IND,False,20.0,20.0,sold,,Accelerated Round 2,False,False,Abid Mushtaq,Abid Mushtaq
2024,Shivalik Sharma,Shivalik Sharma,MI,All-rounder,IND,False,20.0,20.0,sold,,Accelerated Round 2,False,False,Shivalik Sharma,Shivalik Sharma
2024,Swapnil Singh,Swapnil Singh,RCB,All-rounder,IND,False,20.0,20.0,sold,7.0,Accelerated Round 2,False,False,Swapnil Singh,Swapnil Singh
2024,Avanish Rao Aravelly,,CSK,Wicket-keeper,IND,False,20.0,20.0,sold,,Accelerated Round 2,False,False,Avanish Rao Aravelly,Avanish Rao Aravelly
2024,Nandre Burger,Nandre Burger,RR,Fast bowler,SA,True,50.0,50.0,sold,,Accelerated Round 2,True,False,Nandre Burger,Nandre Burger
2024,Sakib Hussain,,KKR,Fast bowler,IND,False,20.0,20.0,sold,,Accelerated Round 2,False,False,Sakib Hussain,Sakib Hussain
2024,Saurav Chauhan,,RCB,Batter,IND,False,20.0,20.0,sold,,Accelerated Round 2,False,False,Saurav Chauhan,Saurav Chauhan
2025,Ruturaj Gaikwad,Ruturaj Gaikwad,CSK,,IND,,,1800.0,retained,,retained,False,True,Ruturaj Gaikwad,Ruturaj Gaikwad
2025,Ravindra Jadeja,Ravindra Jadeja,CSK,,IND,,,1800.0,retained,,retained,False,True,Ravindra Jadeja,Ravindra Jadeja
2025,Matheesha Pathirana,Matheesha Pathirana,CSK,Fast bowler,SL,,,1300.0,retained,,retained,True,True,Matheesha Pathirana,Matheesha Pathirana
2025,Shivam Dube,Shivam Dube,CSK,All-rounder,IND,,,1200.0,retained,,retained,False,True,Shivam Dube,Shivam Dube
2025,MS Dhoni,MS Dhoni,CSK,,IND,,,400.0,retained,,retained,False,True,MS Dhoni,MS Dhoni
2025,Axar Patel,Axar Patel,DC,,IND,,,1650.0,retained,,retained,False,True,Axar Patel,Axar Patel
2025,Kuldeep Yadav,Kuldeep Yadav,DC,Fast bowler,IND,,,1325.0,retained,,retained,False,True,Kuldeep Yadav,Kuldeep Yadav
2025,Tristan Stubbs,Tristan Stubbs,DC,Wicket-keeper,SA,,,1000.0,retained,,retained,True,True,Tristan Stubbs,Tristan Stubbs
2025,Abhishek Porel,Abhishek Porel,DC,,IND,,,400.0,retained,,retained,False,True,Abishek Porel,Abhishek Porel
2025,Rashid Khan,Rashid Khan,GT,,AFG,,,1800.0,retained,,retained,True,True,Rashid Khan,Rashid Khan
2025,Shubman Gill,Shubman Gill,GT,,IND,,,1650.0,retained,,retained,False,True,Shubman Gill,Shubman Gill
2025,Sai Sudharsan,Sai Sudharsan,GT,,IND,,,850.0,retained,,retained,False,True,Sai Sudharsan,Sai Sudharsan
2025,Rahul Tewatia,Rahul Tewatia,GT,All-rounder,IND,,,400.0,retained,,retained,False,True,Rahul Tewatia,Rahul Tewatia
2025,Shahrukh Khan,Shahrukh Khan (cricketer),GT,All-rounder,IND,,,400.0,retained,,retained,False,True,Shahrukh Khan (cricketer),Shahrukh Khan
2025,Rinku Singh,Rinku Singh (cricketer),KKR,Batter,IND,,,1300.0,retained,,retained,False,True,Rinku Singh (cricketer),Rinku Singh
2025,Varun Chakravarthy,Varun Chakravarthy,KKR,,IND,,,1200.0,retained,,retained,False,True,Varun Chakravarthy,Varun Chakravarthy
2025,Sunil Narine,Sunil Narine,KKR,,WIN,,,1200.0,retained,,retained,True,True,Sunil Narine,Sunil Narine
2025,Andre Russell,Andre Russell,KKR,,WIN,,,1200.0,retained,,retained,True,True,Andre Russell,Andre Russell
2025,Ramandeep Singh,Ramandeep Singh (cricketer),KKR,All-rounder,IND,,,400.0,retained,,retained,False,True,Ramandeep Singh (cricketer),Ramandeep Singh
2025,Harshit Rana,Harshit Rana,KKR,,IND,,,400.0,retained,,retained,False,True,Harshit Rana,Harshit Rana
2025,Nicholas Pooran,Nicholas Pooran,LSG,Wicket-keeper,WIN,,,2100.0,retained,,retained,True,True,Nicholas Pooran,Nicholas Pooran
2025,Ravi Bishnoi,Ravi Bishnoi,LSG,Spin bowler,IND,,,1100.0,retained,,retained,False,True,Ravi Bishnoi,Ravi Bishnoi
2025,Mayank Yadav,Mayank Yadav,LSG,Fast bowler,IND,,,1100.0,retained,,retained,False,True,Mayank Yadav,Mayank Yadav
2025,Mohsin Khan,Mohsin Khan (Indian cricketer),LSG,Fast bowler,IND,,,400.0,retained,,retained,False,True,Mohsin Khan (Indian cricketer),Mohsin Khan
2025,Ayush Badoni,Ayush Badoni,LSG,Batter,IND,,,400.0,retained,,retained,False,True,Ayush Badoni,Ayush Badoni
2025,Jasprit Bumrah,Jasprit Bumrah,MI,,IND,,,1800.0,retained,,retained,False,True,Jasprit Bumrah,Jasprit Bumrah
2025,Suryakumar Yadav,Suryakumar Yadav,MI,,IND,,,1635.0000000000002,retained,,retained,False,True,Suryakumar Yadav,Suryakumar Yadav
2025,Hardik Pandya,Hardik Pandya,MI,,IND,,,1635.0000000000002,retained,,retained,False,True,Hardik Pandya,Hardik Pandya
2025,Rohit Sharma,Rohit Sharma,MI,,IND,,,1630.0,retained,,retained,False,True,Rohit Sharma,Rohit Sharma
2025,Tilak Varma,Tilak Varma,MI,All-rounder,IND,,,800.0,retained,,retained,False,True,Tilak Varma,Tilak Varma
2025,Shashank Singh,Shashank Singh,PBKS,All-rounder,IND,,,550.0,retained,,retained,False,True,Shashank Singh,Shashank Singh
2025,Prabhsimran Singh,Prabhsimran Singh,PBKS,Wicket-keeper,IND,,,400.0,retained,,retained,False,True,Prabhsimran Singh,Prabhsimran Singh
2025,Sanju Samson,Sanju Samson,RR,,IND,,,1800.0,retained,,retained,False,True,Sanju Samson,Sanju Samson
2025,Yashasvi Jaiswal,Yashasvi Jaiswal,RR,,IND,,,1800.0,retained,,retained,False,True,Yashasvi Jaiswal,Yashasvi Jaiswal
2025,Dhruv Jurel,Dhruv Jurel,RR,Wicket-keeper,IND,,,1400.0,retained,,retained,False,True,Dhruv Jurel,Dhruv Jurel
2025,Riyan Parag,Riyan Parag,RR,All-rounder,IND,,,1400.0,retained,,retained,False,True,Riyan Parag,Riyan Parag
2025,Shimron Hetmyer,Shimron Hetmyer,RR,Batter,WIN,,,1100.0,retained,,retained,True,True,Shimron Hetmyer,Shimron Hetmyer
2025,Sandeep Sharma,Sandeep Sharma,RR,Fast bowler,IND,,,400.0,retained,,retained,False,True,Sandeep Sharma,Sandeep Sharma
2025,Virat Kohli,Virat Kohli,RCB,,IND,,,2100.0,retained,,retained,False,True,Virat Kohli,Virat Kohli
2025,Rajat Patidar,Rajat Patidar,RCB,,IND,,,1100.0,retained,,retained,False,True,Rajat Patidar,Rajat Patidar
2025,Yash Dayal,Yash Dayal,RCB,Fast bowler,IND,,,500.0,retained,,retained,False,True,Yash Dayal,Yash Dayal
2025,Heinrich Klaasen,Heinrich Klaasen,SRH,Wicket-keeper,SA,,,2300.0,retained,,retained,True,True,Heinrich Klaasen,Heinrich Klaasen
2025,Pat Cummins,Pat Cummins,SRH,All-rounder,AUS,,,1800.0,retained,,retained,True,True,Pat Cummins,Pat Cummins
2025,Abhishek Sharma,Abhishek Sharma,SRH,All-rounder,IND,,,1400.0,retained,,retained,False,True,Abhishek Sharma,Abhishek Sharma
2025,Travis Head,Travis Head,SRH,Batter,AUS,,,1400.0,retained,,retained,True,True,Travis Head,Travis Head
2025,Nitish Kumar Reddy,Nitish Kumar Reddy,SRH,Wicket-keeper,IND,,,600.0,retained,,retained,False,True,Nitish Kumar Reddy,Nitish Kumar Reddy
2025,Jos Buttler,Jos Buttler,GT,Wicket-keeper,ENG,True,200.0,1575.0,sold,107.0,Set 1: marquee players (M1),True,True,Jos Buttler,Jos Buttler
2025,Shreyas Iyer,Shreyas Iyer,PBKS,Batter,IND,True,200.0,2675.0,sold,116.0,Set 1: marquee players (M1),False,True,Shreyas Iyer,Shreyas Iyer
2025,Rishabh Pant,Rishabh Pant,LSG,Batter,IND,True,200.0,2700.0,sold,111.0,Set 1: marquee players (M1),False,True,Rishabh Pant,Rishabh Pant
2025,Kagiso Rabada,Kagiso Rabada,GT,Fast bowler,SA,True,200.0,1075.0,sold,80.0,Set 1: marquee players (M1),True,True,Kagiso Rabada,Kagiso Rabada
2025,Arshdeep Singh,Arshdeep Singh (cricketer),PBKS,Fast bowler,IND,True,200.0,1800.0,sold,65.0,Set 1: marquee players (M1),False,True,Arshdeep Singh,Arshdeep Singh
2025,Mitchell Starc,Mitchell Starc,DC,Fast bowler,AUS,True,200.0,1175.0,sold,41.0,Set 1: marquee players (M1),True,True,Mitchell Starc,Mitchell Starc
2025,Yuzvendra Chahal,Yuzvendra Chahal,PBKS,Fast bowler,IND,True,200.0,1800.0,sold,160.0,Set 2: marquee players (M2),False,True,Yuzvendra Chahal,Yuzvendra Chahal
2025,Liam Livingstone,Liam Livingstone,RCB,All-rounder,ENG,True,200.0,875.0,sold,39.0,Set 2: marquee players (M2),True,True,Liam Livingstone,Liam Livingstone
2025,David Miller,David Miller (South African cricketer),LSG,Batter,SA,True,150.0,750.0,sold,130.0,Set 2: marquee players (M2),True,True,David Miller (South African cricketer),David Miller
2025,KL Rahul,KL Rahul,DC,Wicket-keeper,IND,True,200.0,1400.0,sold,132.0,Set 2: marquee players (M2),False,True,KL Rahul,KL Rahul
2025,Mohammed Shami,Mohammed Shami,SRH,Fast bowler,IND,True,200.0,1000.0,sold,110.0,Set 2: marquee players (M2),False,True,Mohammed Shami,Mohammed Shami
2025,Mohammed Siraj,Mohammed Siraj,GT,Fast bowler,IND,True,200.0,1225.0,sold,93.0,Set 2: marquee players (M2),False,True,Mohammed Siraj,Mohammed Siraj
2025,Harry Brook,Harry Brook,DC,Batter,ENG,True,200.0,625.0,sold,11.0,Set 3: capped batters (BA1),True,True,Harry Brook,Harry Brook
2025,Devon Conway,Devon Conway,CSK,Batter,NZ,True,200.0,625.0,sold,23.0,Set 3: capped batters (BA1),True,True,Devon Conway,Devon Conway
2025,Jake Fraser-McGurk,Jake Fraser-McGurk,DC,Batter,AUS,True,200.0,900.0,sold,9.0,Set 3: capped batters (BA1),True,True,Jake Fraser-McGurk,Jake Fraser-McGurk
2025,Aiden Markram,Aiden Markram,LSG,Batter,SA,True,200.0,200.0,sold,44.0,Set 3: capped batters (BA1),True,True,Aiden Markram,Aiden Markram
2025,Devdutt Padikkal,Devdutt Padikkal,RCB,Batter,IND,True,200.0,200.0,sold,64.0,Set 3: capped batters (BA1),False,True,Devdutt Padikkal,Devdutt Padikkal
2025,Rahul Tripathi,Rahul Tripathi,CSK,Batter,IND,True,75.0,340.0,sold,95.0,Set 3: capped batters (BA1),False,True,Rahul Tripathi,Rahul Tripathi
2025,Ravichandran Ashwin,Ravichandran Ashwin,CSK,All-rounder,IND,True,200.0,975.0,sold,212.0,Set 4: capped all-rounders (AL1),False,True,Ravichandran Ashwin,Ravichandran Ashwin
2025,Venkatesh Iyer,Venkatesh Iyer,KKR,All-rounder,IND,True,200.0,2375.0,sold,51.0,Set 4: capped all-rounders (AL1),False,True,Venkatesh Iyer,Venkatesh Iyer
2025,Mitchell Marsh,Mitchell Marsh,LSG,All-rounder,AUS,True,200.0,340.0,sold,42.0,Set 4: capped all-rounders (AL1),True,True,Mitchell Marsh,Mitchell Marsh
2025,Glenn Maxwell,Glenn Maxwell,PBKS,All-rounder,AUS,True,200.0,420.0,sold,134.0,Set 4: capped all-rounders (AL1),True,True,Glenn Maxwell,Glenn Maxwell
2025,Harshal Patel,Harshal Patel,SRH,All-rounder,IND,True,200.0,800.0,sold,106.0,Set 4: capped all-rounders (AL1),False,True,Harshal Patel,Harshal Patel
2025,Rachin Ravindra,Rachin Ravindra,CSK,All-rounder,NZ,True,150.0,400.0,sold,10.0,Set 4: capped all-rounders (AL1),True,True,Rachin Ravindra,Rachin Ravindra
2025,Marcus Stoinis,Marcus Stoinis,PBKS,All-rounder,AUS,True,200.0,1100.0,sold,96.0,Set 4: capped all-rounders (AL1),True,True,Marcus Stoinis,Marcus Stoinis
2025,Quinton de Kock,Quinton de Kock,KKR,Wicket-keeper,SA,True,200.0,360.0,sold,107.0,Set 5: capped wicket-keepers (WK1),True,True,Quinton de Kock,Quinton de Kock
2025,Rahmanullah Gurbaz,Rahmanullah Gurbaz,KKR,Wicket-keeper,AFG,True,200.0,200.0,sold,14.0,Set 5: capped wicket-keepers (WK1),True,True,Rahmanullah Gurbaz,Rahmanullah Gurbaz
2025,Ishan Kishan,Ishan Kishan,SRH,Wicket-keeper,IND,True,200.0,1125.0,sold,104.0,Set 5: capped wicket-keepers (WK1),False,True,Ishan Kishan,Ishan Kishan
2025,Phil Salt,Phil Salt,RCB,Wicket-keeper,ENG,True,200.0,1150.0,sold,21.0,Set 5: capped wicket-keepers (WK1),True,True,Phil Salt,Phil Salt
2025,Jitesh Sharma,Jitesh Sharma,RCB,Wicket-keeper,IND,True,100.0,1100.0,sold,40.0,Set 5: capped wicket-keepers (WK1),False,True,Jitesh Sharma,Jitesh Sharma
2025,Khaleel Ahmed,Khaleel Ahmed,CSK,Fast bowler,IND,True,200.0,480.0,sold,57.0,Set 6: capped fast bowlers (FA1),False,True,Khaleel Ahmed,Khaleel Ahmed
2025,Jofra Archer,Jofra Archer,RR,Fast bowler,ENG,True,200.0,1250.0,sold,40.0,Set 6: capped fast bowlers (FA1),True,True,Jofra Archer,Jofra Archer
2025,Trent Boult,Trent Boult,MI,Fast bowler,NZ,True,200.0,1250.0,sold,104.0,Set 6: capped fast bowlers (FA1),True,True,Trent Boult,Trent Boult
2025,Josh Hazlewood,Josh Hazlewood,RCB,Fast bowler,AUS,True,200.0,1250.0,sold,27.0,Set 6: capped fast bowlers (FA1),True,True,Josh Hazlewood,Josh Hazlewood
2025,Avesh Khan,Avesh Khan,LSG,Fast bowler,IND,True,200.0,975.0,sold,63.0,Set 6: capped fast bowlers (FA1),False,True,Avesh Khan,Avesh Khan
2025,Prasidh Krishna,Prasidh Krishna,GT,Fast bowler,IND,True,200.0,950.0,sold,51.0,Set 6: capped fast bowlers (FA1),False,True,Prasidh Krishna,Prasidh Krishna
2025,T. Natarajan,T. Natarajan,DC,Fast bowler,IND,True,200.0,1075.0,sold,61.0,Set 6: capped fast bowlers (FA1),False,True,T. Natarajan,T. Natarajan
2025,Anrich Nortje,Anrich Nortje,KKR,Fast bowler,SA,True,200.0,650.0,sold,46.0,Set 6: capped fast bowlers (FA1),True,True,Anrich Nortje,Anrich Nortje
2025,Noor Ahmad,Noor Ahmad,CSK,Spin bowler,AFG,True,200.0,1000.0,sold,23.0,Set 7: capped spin bowlers (SP1),True,True,Noor Ahmad,Noor Ahmad
2025,Rahul Chahar,Rahul Chahar,SRH,Spin bowler,IND,True,100.0,320.0,sold,78.0,Set 7: capped spin bowlers (SP1),False,True,Rahul Chahar,Rahul Chahar
2025,Wanindu Hasaranga,Wanindu Hasaranga,RR,Spin bowler,SL,True,200.0,525.0,sold,26.0,Set 7: capped spin bowlers (SP1),True,True,Wanindu Hasaranga,Wanindu Hasaranga
2025,Maheesh Theekshana,Maheesh Theekshana,RR,Spin bowler,SL,True,200.0,440.0,sold,27.0,Set 7: capped spin bowlers (SP1),True,True,Maheesh Theekshana,Maheesh Theekshana
2025,Adam Zampa,Adam Zampa,SRH,Spin bowler,AUS,True,200.0,240.0,sold,20.0,Set 7: capped spin bowlers (SP1),True,True,Adam Zampa,Adam Zampa
2025,Abhinav Manohar,Abhinav Manohar,SRH,Batter,IND,False,30.0,320.0,sold,18.0,Set 8: uncapped batters (UBA1),False,True,Abhinav Manohar,Abhinav Manohar
2025,Karun Nair,Karun Nair,DC,Batter,IND,False,30.0,50.0,sold,76.0,Set 8: uncapped batters (UBA1),False,True,Karun Nair,Karun Nair
2025,Angkrish Raghuvanshi,Angkrish Raghuvanshi,KKR,Batter,IND,False,30.0,300.0,sold,10.0,Set 8: uncapped batters (UBA1),False,True,Angkrish Raghuvanshi,Angkrish Raghuvanshi
2025,Atharva Taide,Atharva Taide,SRH,Batter,IND,False,30.0,30.0,sold,9.0,Set 8: uncapped batters (UBA1),False,True,Atharva Taide,Atharva Taide
2025,Nehal Wadhera,Nehal Wadhera,PBKS,Batter,IND,False,30.0,420.0,sold,20.0,Set 8: uncapped batters (UBA1),False,True,Nehal Wadhera,Nehal Wadhera
2025,Harpreet Brar,Harpreet Brar,PBKS,All-rounder,IND,False,30.0,150.0,sold,41.0,Set 9: uncapped all-rounders (UAL1),False,True,Harpreet Brar,Harpreet Brar
2025,Naman Dhir,Naman Dhir,MI,All-rounder,IND,False,30.0,525.0,sold,7.0,Set 9: uncapped all-rounders (UAL1),False,True,Naman Dhir,Naman Dhir
2025,Mahipal Lomror,Mahipal Lomror,GT,All-rounder,IND,False,30.0,170.0,sold,40.0,Set 9: uncapped all-rounders (UAL1),False,True,Mahipal Lomror,Mahipal Lomror
2025,Sameer Rizvi,Sameer Rizvi,DC,All-rounder,IND,False,30.0,95.0,sold,9.0,Set 9: uncapped all-rounders (UAL1),False,True,Sameer Rizvi,Sameer Rizvi
2025,Abdul Samad,Abdul Samad,LSG,All-rounder,IND,False,30.0,420.0,sold,50.0,Set 9: uncapped all-rounders (UAL1),False,True,Abdul Samad (Indian cricketer),Abdul Samad
2025,Vijay Shankar,Vijay Shankar,CSK,All-rounder,IND,False,30.0,120.0,sold,72.0,Set 9: uncapped all-rounders (UAL1),False,True,Vijay Shankar,Vijay Shankar
2025,Ashutosh Sharma,Ashutosh Sharma (cricketer),DC,All-rounder,IND,False,30.0,380.0,sold,11.0,Set 9: uncapped all-rounders (UAL1),False,True,Ashutosh Sharma (cricketer),Ashutosh Sharma
2025,Nishant Sindhu,Nishant Sindhu,GT,All-rounder,IND,False,30.0,30.0,sold,,Set 9: uncapped all-rounders (UAL1),False,True,Nishant Sindhu,Nishant Sindhu
2025,Aryan Juyal,Aryan Juyal,LSG,Wicket-keeper,IND,False,30.0,30.0,sold,,Set 10: uncapped wicket-keepers (UWK1),False,True,Aryan Juyal,Aryan Juyal
2025,Kumar Kushagra,Kumar Kushagra,GT,Wicket-keeper,IND,False,30.0,65.0,sold,,Set 10: uncapped wicket-keepers (UWK1),False,True,Kumar Kushagra,Kumar Kushagra
2025,Robin Minz,Robin Minz,MI,Wicket-keeper,IND,False,30.0,65.0,sold,,Set 10: uncapped wicket-keepers (UWK1),False,True,Robin Minz,Robin Minz
2025,Anuj Rawat,Anuj Rawat,GT,Wicket-keeper,IND,False,30.0,30.0,sold,24.0,Set 10: uncapped wicket-keepers (UWK1),False,True,Anuj Rawat,Anuj Rawat
2025,Luvnith Sisodia,Luvnith Sisodia,KKR,Wicket-keeper,IND,False,30.0,30.0,sold,,Set 10: uncapped wicket-keepers (UWK1),False,True,Luvnith Sisodia,Luvnith Sisodia
2025,Vishnu Vinod,Vishnu Vinod,PBKS,Wicket-keeper,IND,False,30.0,95.0,sold,6.0,Set 10: uncapped wicket-keepers (UWK1),False,True,Vishnu Vinod,Vishnu Vinod
2025,Vaibhav Arora,Vaibhav Arora,KKR,Fast bowler,IND,False,30.0,180.0,sold,20.0,Set 11: uncapped fast bowlers (UFA1),False,True,Vaibhav Arora,Vaibhav Arora
2025,Rasikh Salam Dar,Rasikh Salam Dar,RCB,Fast bowler,IND,False,30.0,600.0,sold,11.0,Set 11: uncapped fast bowlers (UFA1),False,True,Rasikh Salam,Rasikh Salam
2025,Akash Madhwal,Akash Madhwal,RR,Fast bowler,IND,False,30.0,120.0,sold,12.0,Set 11: uncapped fast bowlers (UFA1),False,True,Akash Madhwal,Akash Madhwal
2025,Mohit Sharma,Mohit Sharma,DC,Fast bowler,IND,False,50.0,220.0,sold,111.0,Set 11: uncapped fast bowlers (UFA1),False,True,Mohit Sharma,Mohit Sharma
2025,Simarjeet Singh,Simarjeet Singh,SRH,Fast bowler,IND,False,30.0,150.0,sold,10.0,Set 11: uncapped fast bowlers (UFA1),False,True,Simarjeet Singh,Simarjeet Singh
2025,Yash Thakur,Yash Thakur,PBKS,Fast bowler,IND,False,30.0,160.0,sold,19.0,Set 11: uncapped fast bowlers (UFA1),False,True,Yash Thakur,Yash Thakur
2025,Vijaykumar Vyshak,Vijaykumar Vyshak,PBKS,Fast bowler,IND,False,30.0,180.0,sold,11.0,Set 11: uncapped fast bowlers (UFA1),False,True,Vijaykumar Vyshak,Vijaykumar Vyshak
2025,Shreyas Gopal,Shreyas Gopal,CSK,Spin bowler,IND,False,30.0,30.0,sold,52.0,Set 12: uncapped spin bowlers (USP1),False,True,Shreyas Gopal,Shreyas Gopal
2025,Mayank Markande,Mayank Markande,KKR,Spin bowler,IND,False,30.0,30.0,sold,37.0,Set 12: uncapped spin bowlers (USP1),False,True,Mayank Markande,Mayank Markande
2025,Suyash Sharma,Suyash Sharma,RCB,Spin bowler,IND,False,30.0,260.0,sold,13.0,Set 12: uncapped spin bowlers (USP1),False,True,Suyash Sharma,Suyash Sharma
2025,Karn Sharma,Karn Sharma,MI,Spin bowler,IND,False,50.0,50.0,sold,84.0,Set 12: uncapped spin bowlers (USP1),False,True,Karn Sharma,Karn Sharma
2025,Kumar Kartikeya,Kumar Kartikeya,RR,Spin bowler,IND,False,30.0,30.0,sold,12.0,Set 12: uncapped spin bowlers (USP1),False,True,Kumar Kartikeya,Kumar Kartikeya
2025,Manav Suthar,Manav Suthar,GT,Spin bowler,IND,False,30.0,30.0,sold,,Set 12: uncapped spin bowlers (USP1),False,True,Manav Suthar,Manav Suthar
2025,Faf du Plessis,Faf du Plessis,DC,Batter,SA,True,200.0,200.0,sold,145.0,Set 13: capped batters (BA2),True,True,Faf du Plessis,Faf du Plessis
2025,Glenn Phillips,Glenn Phillips (cricketer),GT,Batter,NZ,True,200.0,200.0,sold,8.0,Set 13: capped batters (BA2),True,True,Glenn Phillips (cricketer),Glenn Phillips
2025,Rovman Powell,Rovman Powell,KKR,Batter,WIN,True,150.0,150.0,sold,27.0,Set 13: capped batters (BA2),True,True,Rovman Powell,Rovman Powell
2025,Ajinkya Rahane,Ajinkya Rahane,KKR,Batter,IND,True,150.0,150.0,sold,185.0,Set 13: capped batters (BA2),False,True,Ajinkya Rahane,Ajinkya Rahane
2025,Sam Curran,Sam Curran,CSK,All-rounder,ENG,True,200.0,240.0,sold,59.0,Set 14: capped all-rounders (AL2),True,True,Sam Curran,Sam Curran
2025,Marco Jansen,Marco Jansen,PBKS,All-rounder,SA,True,125.0,700.0,sold,21.0,Set 14: capped all-rounders (AL2),True,True,Marco Jansen,Marco Jansen
2025,Krunal Pandya,Krunal Pandya,RCB,All-rounder,IND,True,200.0,575.0,sold,127.0,Set 14: capped all-rounders (AL2),False,True,Krunal Pandya,Krunal Pandya
2025,Nitish Rana,Nitish Rana,RR,All-rounder,IND,True,150.0,420.0,sold,107.0,Set 14: capped all-rounders (AL2),False,True,Nitish Rana,Nitish Rana
2025,Washington Sundar,Washington Sundar,GT,All-rounder,IND,True,200.0,320.0,sold,61.0,Set 14: capped all-rounders (AL2),False,True,Washington Sundar,Washington Sundar
2025,Donovan Ferreira,Donovan Ferreira,DC,Wicket-keeper,SA,True,75.0,75.0,sold,2.0,Set 15: capped wicket-keepers (WK2),True,True,Donovan Ferreira,Donovan Ferreira
2025,Josh Inglis,Josh Inglis,PBKS,Wicket-keeper,AUS,True,200.0,260.0,sold,,Set 15: capped wicket-keepers (WK2),True,True,Josh Inglis,Josh Inglis
2025,Ryan Rickelton,Ryan Rickelton,MI,Wicket-keeper,SA,True,100.0,100.0,sold,,Set 15: capped wicket-keepers (WK2),True,True,Ryan Rickelton,Ryan Rickelton
2025,Deepak Chahar,Deepak Chahar,MI,Fast bowler,IND,True,200.0,925.0,sold,81.0,Set 16: capped fast bowlers (FA2),False,True,Deepak Chahar,Deepak Chahar
2025,Gerald Coetzee,Gerald Coetzee,GT,Fast bowler,SA,True,125.0,240.0,sold,10.0,Set 16: capped fast bowlers (FA2),True,True,Gerald Coetzee,Gerald Coetzee
2025,Akash Deep,Akash Deep,LSG,Fast bowler,IND,True,100.0,800.0,sold,8.0,Set 16: capped fast bowlers (FA2),False,True,Akash Deep,Akash Deep
2025,Tushar Deshpande,Tushar Deshpande,RR,Fast bowler,IND,True,100.0,650.0,sold,36.0,Set 16: capped fast bowlers (FA2),False,True,Tushar Deshpande,Tushar Deshpande
2025,Lockie Ferguson,Lockie Ferguson,PBKS,Fast bowler,NZ,True,200.0,200.0,sold,45.0,Set 16: capped fast bowlers (FA2),True,True,Lockie Ferguson,Lockie Ferguson
2025,Bhuvneshwar Kumar,Bhuvneshwar Kumar,RCB,Fast bowler,IND,True,200.0,1075.0,sold,176.0,Set 16: capped fast bowlers (FA2),False,True,Bhuvneshwar Kumar,Bhuvneshwar Kumar
2025,Mukesh Kumar,Mukesh Kumar (cricketer),DC,Fast bowler,IND,True,200.0,800.0,sold,20.0,Set 16: capped fast bowlers (FA2),False,True,Mukesh Kumar (cricketer),Mukesh Kumar
2025,Allah Ghazanfar,Allah Ghazanfar,MI,Spin bowler,AFG,True,75.0,480.0,sold,,Set 17: capped spin bowlers (SP2),True,True,Allah Ghazanfar,Allah Ghazanfar
2025,Swastik Chikara,Swastik Chikara,RCB,Batter,IND,False,30.0,30.0,sold,,Accelerated round,False,True,Swastik Chhikara,Swastik Chikara
2025,Shubham Dubey,Shubham Dubey,RR,Batter,IND,False,30.0,80.0,sold,4.0,Accelerated round,False,True,Shubham Dubey,Shubham Dubey
2025,Shaik Rasheed,Shaik Rasheed,CSK,Batter,IND,False,30.0,30.0,sold,,Accelerated round,False,True,Shaik Rasheed,Shaik Rasheed
2025,Himmat Singh,Himmat Singh (cricketer),LSG,Batter,IND,False,30.0,30.0,sold,,Accelerated round,False,True,Himmat Singh (cricketer),Himmat Singh
2025,Anshul Kamboj,Anshul Kamboj,CSK,All-rounder,IND,False,30.0,340.0,sold,3.0,Accelerated round,False,True,Anshul Kamboj,Anshul Kamboj
2025,Arshad Khan,Arshad Khan (Indian cricketer),GT,All-rounder,IND,False,30.0,130.0,sold,10.0,Accelerated round,False,True,Arshad Khan (Indian cricketer),Arshad Khan
2025,Darshan Nalkande,Darshan Nalkande,DC,All-rounder,IND,False,30.0,30.0,sold,5.0,Accelerated round,False,True,Darshan Nalkande,Darshan Nalkande
2025,Anukul Roy,Anukul Roy,KKR,All-rounder,IND,False,30.0,40.0,sold,11.0,Accelerated round,False,True,Anukul Roy,Anukul Roy
2025,Swapnil Singh,Swapnil Singh,RCB,All-rounder,IND,False,30.0,50.0,sold,14.0,Accelerated round,False,True,Swapnil Singh,Swapnil Singh
2025,Vansh Bedi,Vansh Bedi,CSK,Wicket-keeper,IND,False,30.0,55.0,sold,,Accelerated round,False,True,Vansh Bedi,Vansh Bedi
2025,Kunal Rathore,Kunal Rathore,RR,Wicket-keeper,IND,False,30.0,30.0,sold,,Accelerated round,False,True,Kunal Singh Rathore,Kunal Rathore
2025,Gurnoor Brar,Gurnoor Brar,GT,Fast bowler,IND,False,30.0,130.0,sold,1.0,Accelerated round,False,True,Gurnoor Brar,Gurnoor Brar
2025,Mukesh Choudhary,Mukesh Choudhary,CSK,Fast bowler,IND,False,30.0,30.0,sold,14.0,Accelerated round,False,True,Mukesh Choudhary,Mukesh Choudhary
2025,Arjun Tendulkar,Arjun Tendulkar,MI,Fast bowler,IND,False,30.0,30.0,sold,5.0,Accelerated round,False,True,Arjun Tendulkar,Arjun Tendulkar
2025,Zeeshan Ansari,Zeeshan Ansari,SRH,Fast bowler,IND,False,30.0,40.0,sold,,Accelerated round,False,True,Zeeshan Ansari,Zeeshan Ansari
2025,Manimaran Siddharth,Manimaran Siddharth,LSG,Fast bowler,IND,False,30.0,75.0,sold,3.0,Accelerated round,False,True,Manimaran Siddharth,Manimaran Siddharth
2025,Digvesh Singh,Digvesh Singh,LSG,Fast bowler,IND,False,30.0,30.0,sold,3.0,Accelerated round,False,True,Digvesh Rathi,Digvesh Rathi
2025,Manish Pandey,Manish Pandey,KKR,Batter,IND,True,75.0,75.0,sold,171.0,Accelerated round,False,True,Manish Pandey,Manish Pandey
2025,Sherfane Rutherford,Sherfane Rutherford,GT,Batter,WIN,True,150.0,260.0,sold,10.0,Accelerated round,True,True,Sherfane Rutherford,Sherfane Rutherford
2025,Shahbaz Ahmed,Shahbaz Ahmed (cricketer),LSG,All-rounder,IND,True,100.0,240.0,sold,55.0,Accelerated round,False,True,Shahbaz Ahmed (cricketer),Shahbaz Ahmed
2025,Tim David,Tim David,RCB,All-rounder,AUS,True,200.0,300.0,sold,38.0,Accelerated round,True,True,Tim David,Tim David
2025,Deepak Hooda,Deepak Hooda,CSK,All-rounder,IND,True,75.0,170.0,sold,118.0,Accelerated round,False,True,Deepak Hooda,Deepak Hooda
2025,Will Jacks,Will Jacks,MI,All-rounder,ENG,True,200.0,525.0,sold,8.0,Accelerated round,True,True,Will Jacks,Will Jacks
2025,Azmatullah Omarzai,Azmatullah Omarzai,PBKS,All-rounder,AFG,True,150.0,240.0,sold,7.0,Accelerated round,True,True,Azmatullah Omarzai,Azmatullah Omarzai
2025,Sai Kishore,Sai Kishore,GT,All-rounder,IND,True,75.0,200.0,sold,10.0,Accelerated round,False,True,Sai Kishore,Sai Kishore
2025,Romario Shepherd,Romario Shepherd,RCB,All-rounder,WIN,True,150.0,150.0,sold,10.0,Accelerated round,True,True,Romario Shepherd,Romario Shepherd
2025,Spencer Johnson,Spencer Johnson (cricketer),KKR,Fast bowler,AUS,True,200.0,280.0,sold,5.0,Accelerated round,True,True,Spencer Johnson (cricketer),Spencer Johnson
2025,Umran Malik,Umran Malik,KKR,Fast bowler,IND,True,75.0,75.0,sold,26.0,Accelerated round,False,True,Umran Malik,Umran Malik
2025,Ishant Sharma,Ishant Sharma,GT,Fast bowler,IND,True,75.0,75.0,sold,109.0,Accelerated round,False,True,Ishant Sharma,Ishant Sharma
2025,Nuwan Thushara,Nuwan Thushara,RCB,Fast bowler,SL,True,75.0,160.0,sold,7.0,Accelerated round,True,True,Nuwan Thushara,Nuwan Thushara
2025,Jaydev Unadkat,Jaydev Unadkat,SRH,Fast bowler,IND,True,100.0,100.0,sold,105.0,Accelerated round,False,True,Jaydev Unadkat,Jaydev Unadkat
2025,Sachin Baby,Sachin Baby,SRH,Batter,IND,False,30.0,30.0,sold,19.0,Accelerated round,False,True,Sachin Baby,Sachin Baby
2025,Harnoor Singh,Harnoor Singh,PBKS,Batter,IND,False,30.0,30.0,sold,,Accelerated round,False,True,Harnoor Singh,Harnoor Singh
2025,Andre Siddarth,Andre Siddarth,CSK,Batter,IND,False,30.0,30.0,sold,,Accelerated round,False,True,Andre Siddarth,Andre Siddarth
2025,Yudhvir Singh,Yudhvir Singh (cricketer),RR,All-rounder,IND,False,30.0,35.0,sold,5.0,Accelerated round,False,True,Yudhvir Singh (cricketer),Yudhvir Singh
2025,Rajvardhan Hangargekar,Rajvardhan Hangargekar,LSG,All-rounder,IND,False,30.0,30.0,sold,2.0,Accelerated round,False,True,Rajvardhan Hangargekar,Rajvardhan Hangargekar
2025,Arshin Kulkarni,Arshin Kulkarni,LSG,All-rounder,IND,False,30.0,30.0,sold,2.0,Accelerated round,False,True,Arshin Kulkarni,Arshin Kulkarni
2025,Ashwani Kumar,Ashwani Kumar (cricketer),MI,Fast bowler,IND,False,30.0,30.0,sold,,Accelerated round,False,True,Ashwani Kumar (cricketer),Ashwani Kumar
2025,Akash Singh,"Akash Singh (cricketer, born 2002)",LSG,Fast bowler,IND,False,30.0,30.0,sold,7.0,Accelerated round,False,True,"Akash Singh (cricketer, born 2002)",Akash Singh
2025,Gurjapneet Singh,Gurjapneet Singh,CSK,Fast bowler,IND,False,30.0,220.0,sold,2.0,Accelerated round,False,True,Gurjapneet Singh,Gurjapneet Singh
2025,Matthew Breetzke,Matthew Breetzke,LSG,Batter,SA,True,,75.0,sold,,Accelerated round,True,True,Matthew Breetzke,Matthew Breetzke
2025,Mitchell Santner,Mitchell Santner,MI,All-rounder,NZ,True,200.0,200.0,sold,18.0,Accelerated round,True,True,Mitchell Santner,Mitchell Santner
2025,Jayant Yadav,Jayant Yadav,GT,All-rounder,IND,True,75.0,75.0,sold,20.0,Accelerated round,False,True,Jayant Yadav,Jayant Yadav
2025,Fazalhaq Farooqi,Fazalhaq Farooqi,RR,Fast bowler,AFG,True,200.0,200.0,sold,7.0,Accelerated round,True,True,Fazalhaq Farooqi,Fazalhaq Farooqi
2025,Kwena Maphaka,Kwena Maphaka,RR,Fast bowler,SA,True,75.0,150.0,sold,2.0,Accelerated round,True,True,Kwena Maphaka,Kwena Maphaka
2025,Kuldeep Sen,Kuldeep Sen,PBKS,Fast bowler,IND,True,75.0,80.0,sold,12.0,Accelerated round,False,True,Kuldeep Sen,Kuldeep Sen
2025,Reece Topley,Reece Topley,MI,Fast bowler,ENG,True,75.0,75.0,sold,5.0,Accelerated round,True,True,Reece Topley,Reece Topley
2025,Lizaad Williams,Lizaad Williams,MI,Fast bowler,SA,True,75.0,75.0,sold,2.0,Accelerated round,True,True,Lizaad Williams,Lizaad Williams
2025,Priyansh Arya,Priyansh Arya,PBKS,All-rounder,IND,False,30.0,380.0,sold,,Accelerated round,False,True,Priyansh Arya,Priyansh Arya
2025,Manoj Bhandage,Manoj Bhandage,RCB,All-rounder,IND,False,30.0,30.0,sold,,Accelerated round,False,True,Manoj Bhandage,Manoj Bhandage
2025,Praveen Dubey,Praveen Dubey,PBKS,All-rounder,IND,False,30.0,30.0,sold,4.0,Accelerated round,False,True,Praveen Dubey,Praveen Dubey
2025,Ajay Mandal,Ajay Mandal,DC,All-rounder,IND,False,30.0,30.0,sold,,Accelerated round,False,True,Ajay Mandal,Ajay Mandal
2025,Vipraj Nigam,Vipraj Nigam,DC,All-rounder,IND,False,30.0,50.0,sold,,Accelerated round,False,True,Vipraj Nigam,Vipraj Nigam
2025,Krishnan Shrijith,Krishnan Shrijith,MI,All-rounder,IND,False,30.0,30.0,sold,,Accelerated round,False,True,Krishnan Shrijith,Krishnan Shrijith
2025,Mohit Rathee,Mohit Rathee,RCB,Fast bowler,IND,False,30.0,30.0,sold,1.0,Accelerated round,False,True,Mohit Rathee,Mohit Rathee
2025,Jacob Bethell,Jacob Bethell,RCB,All-rounder,ENG,True,125.0,260.0,sold,,Accelerated round,True,True,Jacob Bethell,Jacob Bethell
2025,Brydon Carse,Brydon Carse,SRH,All-rounder,ENG,True,100.0,100.0,sold,,Accelerated round,True,True,Brydon Carse,Brydon Carse
2025,Aaron Hardie,Aaron Hardie,PBKS,All-rounder,AUS,True,125.0,125.0,sold,,Accelerated round,True,True,Aaron Hardie,Aaron Hardie
2025,Kamindu Mendis,Kamindu Mendis,SRH,All-rounder,SL,True,75.0,75.0,sold,,Accelerated round,True,True,Kamindu Mendis,Kamindu Mendis
2025,Dushmantha Chameera,Dushmantha Chameera,DC,Fast bowler,SL,True,75.0,75.0,sold,13.0,Accelerated round,True,True,Dushmantha Chameera,Dushmantha Chameera
2025,Nathan Ellis,Nathan Ellis,CSK,Fast bowler,AUS,True,100.0,200.0,sold,16.0,Accelerated round,True,True,Nathan Ellis,Nathan Ellis
2025,Shamar Joseph,Shamar Joseph,LSG,Fast bowler,WIN,True,75.0,75.0,sold,1.0,Accelerated round,True,True,Shamar Joseph,Shamar Joseph
2025,Aniket Verma,Aniket Verma,SRH,Batter,IND,False,30.0,30.0,sold,,Accelerated round,False,True,Aniket Verma,Aniket Verma
2025,Raj Angad Bawa,Raj Angad Bawa,MI,All-rounder,IND,False,30.0,30.0,sold,2.0,Accelerated round,False,True,Raj Angad Bawa,Raj Angad Bawa
2025,Musheer Khan,Musheer Khan,PBKS,All-rounder,IND,False,30.0,30.0,sold,,Accelerated round,False,True,Musheer Khan,Musheer Khan
2025,Manvanth Kumar L,Manvanth Kumar L,DC,All-rounder,IND,False,30.0,30.0,sold,,Accelerated round,False,True,Manvanth Kumar L,Manvanth Kumar L
2025,Suryansh Shedge,Suryansh Shedge,PBKS,All-rounder,IND,False,30.0,30.0,sold,,Accelerated round,False,True,Suryansh Shedge,Suryansh Shedge
2025,Kulwant Khejroliya,Kulwant Khejroliya,GT,Fast bowler,IND,False,30.0,30.0,sold,7.0,Accelerated round,False,True,Kulwant Khejroliya,Kulwant Khejroliya
2025,Prince Yadav,Prince Yadav,LSG,All-rounder,IND,False,30.0,30.0,sold,,Accelerated round,False,True,Prince Yadav,Prince Yadav
2025,Jamie Overton,Jamie Overton,CSK,All-rounder,ENG,True,150.0,150.0,sold,,Accelerated round,True,True,Jamie Overton,Jamie Overton
2025,Xavier Bartlett,Xavier Bartlett,PBKS,Fast bowler,AUS,True,75.0,80.0,sold,,Accelerated round,True,True,Xavier Bartlett,Xavier Bartlett
2025,Lungi Ngidi,Lungi Ngidi,RCB,Fast bowler,SA,True,30.0,100.0,sold,,Accelerated round,True,True,Lungi Ngidi,Lungi Ngidi
2025,Yuvraj Chaudhary,Yuvraj Chaudhary,LSG,All-rounder,IND,False,30.0,30.0,sold,,Accelerated round,False,True,Yuvraj Chaudhary,Yuvraj Chaudhary
2025,Kamlesh Nagarkoti,Kamlesh Nagarkoti,CSK,All-rounder,IND,False,30.0,30.0,sold,12.0,Accelerated round,False,True,Kamlesh Nagarkoti,Kamlesh Nagarkoti
2025,Abhinandan Singh,Abhinandan Singh,RCB,Fast bowler,IND,False,30.0,30.0,sold,,Accelerated round,False,True,Abhinandan Singh,Abhinandan Singh
2025,Karim Janat,Karim Janat,GT,All-rounder,AFG,True,30.0,75.0,sold,,Accelerated round,True,True,Karim Janat,Karim Janat
2025,Pyla Avinash,Pyla Avinash,PBKS,Batter,IND,False,30.0,30.0,sold,,Accelerated round,False,True,Pyla Avinash,Pyla Avinash
2025,Ramakrishna Ghosh,Ramakrishna Ghosh,CSK,All-rounder,IND,False,30.0,30.0,sold,,Accelerated round,False,True,Ramakrishna Ghosh,Ramakrishna Ghosh
2025,Bevon Jacobs,Bevon Jacobs,MI,Batter,NZ,False,30.0,30.0,sold,,Accelerated round,True,True,Bevon Jacobs,Bevon Jacobs
2025,Ashok Sharma,Ashok Sharma (cricketer),RR,Fast bowler,IND,False,30.0,30.0,sold,,Accelerated round,False,True,Ashok Sharma,Ashok Sharma
2025,Vaibhav Sooryavanshi,Vaibhav Sooryavanshi,RR,Batter,IND,False,30.0,110.0,sold,,Accelerated round,False,True,Vaibhav Sooryavanshi,Vaibhav Sooryavanshi
2025,Eshan Malinga,Eshan Malinga,SRH,Fast bowler,SL,False,30.0,120.0,sold,,Accelerated round,True,True,Eshan Malinga,Eshan Malinga
2025,Tripurana Vijay,Tripurana Vijay,DC,All-rounder,IND,False,30.0,30.0,sold,,Accelerated round,False,True,Tripurana Vijay,Tripurana Vijay
2025,Madhav Tiwari,Madhav Tiwari,DC,All-rounder,IND,False,30.0,40.0,sold,,Accelerated round,False,True,Madhav Tiwari,Madhav Tiwari
2025,Vignesh Puthur,Vignesh Puthur,MI,All-rounder,IND,False,30.0,30.0,sold,,Accelerated round,False,True,Vignesh Puthur,Vignesh Puthur
2026,Ruturaj Gaikwad,Ruturaj Gaikwad,CSK,,IND,,,1800.0,retained,,retained,False,False,Ruturaj Gaikwad,Ruturaj Gaikwad
2026,Sanju Samson,Sanju Samson,CSK,,IND,,,1800.0,retained,,retained,False,False,Sanju Samson,Sanju Samson
2026,Shivam Dube,Shivam Dube,CSK,All-rounder,IND,,,1200.0,retained,,retained,False,False,Shivam Dube,Shivam Dube
2026,Noor Ahmad,Noor Ahmad,CSK,Spin bowler,AFG,,,1000.0,retained,,retained,True,False,Noor Ahmad,Noor Ahmad
2026,Khaleel Ahmed,Khaleel Ahmed,CSK,Fast bowler,IND,,,480.0,retained,,retained,False,False,Khaleel Ahmed,Khaleel Ahmed
2026,MS Dhoni,MS Dhoni,CSK,,IND,,,400.0,retained,,retained,False,False,MS Dhoni,MS Dhoni
2026,Anshul Kamboj,Anshul Kamboj,CSK,All-rounder,IND,,,340.0,retained,,retained,False,False,Anshul Kamboj,Anshul Kamboj
2026,Dewald Brevis,Dewald Brevis,CSK,Batter,SA,,,220.00000000000003,retained,,retained,True,False,Dewald Brevis,Dewald Brevis
2026,Gurjapneet Singh,Gurjapneet Singh,CSK,Fast bowler,IND,,,220.00000000000003,retained,,retained,False,False,Gurjapneet Singh,Gurjapneet Singh
2026,Nathan Ellis,Nathan Ellis,CSK,Fast bowler,AUS,,,200.0,retained,,retained,True,False,Nathan Ellis,Nathan Ellis
2026,Jamie Overton,Jamie Overton,CSK,All-rounder,ENG,,,150.0,retained,,retained,True,False,Jamie Overton,Jamie Overton
2026,Mukesh Choudhary,Mukesh Choudhary,CSK,Fast bowler,IND,,,30.0,retained,,retained,False,False,Mukesh Choudhary,Mukesh Choudhary
2026,Ramakrishna Ghosh,Ramakrishna Ghosh,CSK,All-rounder,IND,,,30.0,retained,,retained,False,False,Ramakrishna Ghosh,Ramakrishna Ghosh
2026,Shreyas Gopal,Shreyas Gopal,CSK,Spin bowler,IND,,,30.0,retained,,retained,False,False,Shreyas Gopal,Shreyas Gopal
2026,Ayush Mhatre,Ayush Mhatre,CSK,,IND,,,30.0,retained,,retained,False,False,Ayush Mhatre,Ayush Mhatre
2026,Urvil Patel,Urvil Patel,CSK,Wicket-keeper,IND,,,30.0,retained,,retained,False,False,Urvil Patel,Urvil Patel
2026,Axar Patel,Axar Patel,DC,,IND,,,1650.0,retained,,retained,False,False,Axar Patel,Axar Patel
2026,KL Rahul,KL Rahul,DC,Wicket-keeper,IND,,,1400.0,retained,,retained,False,False,KL Rahul,KL Rahul
2026,Kuldeep Yadav,Kuldeep Yadav,DC,Fast bowler,IND,,,1325.0,retained,,retained,False,False,Kuldeep Yadav,Kuldeep Yadav
2026,Mitchell Starc,Mitchell Starc,DC,Fast bowler,AUS,,,1175.0,retained,,retained,True,False,Mitchell Starc,Mitchell Starc
2026,T. Natarajan,T. Natarajan,DC,Fast bowler,IND,,,1075.0,retained,,retained,False,False,T. Natarajan,T. Natarajan
2026,Tristan Stubbs,Tristan Stubbs,DC,Wicket-keeper,SA,,,1000.0,retained,,retained,True,False,Tristan Stubbs,Tristan Stubbs
2026,Mukesh Kumar,Mukesh Kumar (cricketer),DC,Fast bowler,IND,,,800.0,retained,,retained,False,False,Mukesh Kumar (cricketer),Mukesh Kumar
2026,Nitish Rana,Nitish Rana,DC,All-rounder,IND,,,420.0,retained,,retained,False,False,Nitish Rana,Nitish Rana
2026,Abhishek Porel,Abhishek Porel,DC,,IND,,,400.0,retained,,retained,False,False,Abishek Porel,Abhishek Porel
2026,Ashutosh Sharma,Ashutosh Sharma (cricketer),DC,All-rounder,IND,,,380.0,retained,,retained,False,False,Ashutosh Sharma (cricketer),Ashutosh Sharma
2026,Sameer Rizvi,Sameer Rizvi,DC,All-rounder,IND,,,95.0,retained,,retained,False,False,Sameer Rizvi,Sameer Rizvi
2026,Dushmantha Chameera,Dushmantha Chameera,DC,Fast bowler,SL,,,75.0,retained,,retained,True,False,Dushmantha Chameera,Dushmantha Chameera
2026,Karun Nair,Karun Nair,DC,Batter,IND,,,50.0,retained,,retained,False,False,Karun Nair,Karun Nair
2026,Madhav Tiwari,Madhav Tiwari,DC,All-rounder,IND,,,40.0,retained,,retained,False,False,Madhav Tiwari,Madhav Tiwari
2026,Ajay Mandal,Ajay Mandal,DC,All-rounder,IND,,,30.0,retained,,retained,False,False,Ajay Mandal,Ajay Mandal
2026,Tripurana Vijay,Tripurana Vijay,DC,All-rounder,IND,,,30.0,retained,,retained,False,False,Tripurana Vijay,Tripurana Vijay
2026,Vipraj Nigam,Vipraj Nigam,DC,All-rounder,IND,,,30.0,retained,,retained,False,False,Vipraj Nigam,Vipraj Nigam
2026,Rashid Khan,Rashid Khan,GT,,AFG,,,1800.0,retained,,retained,True,False,Rashid Khan,Rashid Khan
2026,Shubman Gill,Shubman Gill,GT,,IND,,,1650.0,retained,,retained,False,False,Shubman Gill,Shubman Gill
2026,Jos Buttler,Jos Buttler,GT,Wicket-keeper,ENG,,,1575.0,retained,,retained,True,False,Jos Buttler,Jos Buttler
2026,Mohammed Siraj,Mohammed Siraj,GT,Fast bowler,IND,,,1225.0,retained,,retained,False,False,Mohammed Siraj,Mohammed Siraj
2026,Kagiso Rabada,Kagiso Rabada,GT,Fast bowler,SA,,,1075.0,retained,,retained,True,False,Kagiso Rabada,Kagiso Rabada
2026,Prasidh Krishna,Prasidh Krishna,GT,Fast bowler,IND,,,950.0,retained,,retained,False,False,Prasidh Krishna,Prasidh Krishna
2026,Sai Sudharsan,Sai Sudharsan,GT,,IND,,,850.0,retained,,retained,False,False,Sai Sudharsan,Sai Sudharsan
2026,Rahul Tewatia,Rahul Tewatia,GT,All-rounder,IND,,,400.0,retained,,retained,False,False,Rahul Tewatia,Rahul Tewatia
2026,Shahrukh Khan,Shahrukh Khan (cricketer),GT,All-rounder,IND,,,400.0,retained,,retained,False,False,Shahrukh Khan (cricketer),Shahrukh Khan
2026,Washington Sundar,Washington Sundar,GT,All-rounder,IND,,,320.0,retained,,retained,False,False,Washington Sundar,Washington Sundar
2026,Sai Kishore,Sai Kishore,GT,All-rounder,IND,,,200.0,retained,,retained,False,False,Sai Kishore,Sai Kishore
2026,Glenn Phillips,Glenn Phillips (cricketer),GT,Batter,NZ,,,200.0,retained,,retained,True,False,Glenn Phillips (cricketer),Glenn Phillips
2026,Arshad Khan,Arshad Khan (Indian cricketer),GT,All-rounder,IND,,,130.0,retained,,retained,False,False,Arshad Khan (Indian cricketer),Arshad Khan
2026,Gurnoor Brar,Gurnoor Brar,GT,Fast bowler,IND,,,130.0,retained,,retained,False,False,Gurnoor Brar,Gurnoor Brar
2026,Ishant Sharma,Ishant Sharma,GT,Fast bowler,IND,,,75.0,retained,,retained,False,False,Ishant Sharma,Ishant Sharma
2026,Jayant Yadav,Jayant Yadav,GT,All-rounder,IND,,,75.0,retained,,retained,False,False,Jayant Yadav,Jayant Yadav
2026,Kumar Kushagra,Kumar Kushagra,GT,Wicket-keeper,IND,,,65.0,retained,,retained,False,False,Kumar Kushagra,Kumar Kushagra
2026,Anuj Rawat,Anuj Rawat,GT,Wicket-keeper,IND,,,30.0,retained,,retained,False,False,Anuj Rawat,Anuj Rawat
2026,Manav Suthar,Manav Suthar,GT,Spin bowler,IND,,,30.0,retained,,retained,False,False,Manav Suthar,Manav Suthar
2026,Nishant Sindhu,Nishant Sindhu,GT,All-rounder,IND,,,30.0,retained,,retained,False,False,Nishant Sindhu,Nishant Sindhu
2026,Rinku Singh,Rinku Singh (cricketer),KKR,Batter,IND,,,1300.0,retained,,retained,False,False,Rinku Singh (cricketer),Rinku Singh
2026,Sunil Narine,Sunil Narine,KKR,,WIN,,,1200.0,retained,,retained,True,False,Sunil Narine,Sunil Narine
2026,Varun Chakravarthy,Varun Chakravarthy,KKR,,IND,,,1200.0,retained,,retained,False,False,Varun Chakravarthy,Varun Chakravarthy
2026,Harshit Rana,Harshit Rana,KKR,,IND,,,400.0,retained,,retained,False,False,Harshit Rana,Harshit Rana
2026,Ramandeep Singh,Ramandeep Singh (cricketer),KKR,All-rounder,IND,,,400.0,retained,,retained,False,False,Ramandeep Singh (cricketer),Ramandeep Singh
2026,Angkrish Raghuvanshi,Angkrish Raghuvanshi,KKR,Batter,IND,,,300.0,retained,,retained,False,False,Angkrish Raghuvanshi,Angkrish Raghuvanshi
2026,Vaibhav Arora,Vaibhav Arora,KKR,Fast bowler,IND,,,180.0,retained,,retained,False,False,Vaibhav Arora,Vaibhav Arora
2026,Ajinkya Rahane,Ajinkya Rahane,KKR,Batter,IND,,,150.0,retained,,retained,False,False,Ajinkya Rahane,Ajinkya Rahane
2026,Rovman Powell,Rovman Powell,KKR,Batter,WIN,,,150.0,retained,,retained,True,False,Rovman Powell,Rovman Powell
2026,Manish Pandey,Manish Pandey,KKR,Batter,IND,,,75.0,retained,,retained,False,False,Manish Pandey,Manish Pandey
2026,Umran Malik,Umran Malik,KKR,Fast bowler,IND,,,75.0,retained,,retained,False,False,Umran Malik,Umran Malik
2026,Anukul Roy,Anukul Roy,KKR,All-rounder,IND,,,40.0,retained,,retained,False,False,Anukul Roy,Anukul Roy
2026,Rishabh Pant,Rishabh Pant,LSG,Batter,IND,,,2700.0,retained,,retained,False,False,Rishabh Pant,Rishabh Pant
2026,Nicholas Pooran,Nicholas Pooran,LSG,Wicket-keeper,WIN,,,2100.0,retained,,retained,True,False,Nicholas Pooran,Nicholas Pooran
2026,Mayank Yadav,Mayank Yadav,LSG,Fast bowler,IND,,,1100.0,retained,,retained,False,False,Mayank Yadav,Mayank Yadav
2026,Mohammed Shami,Mohammed Shami,LSG,Fast bowler,IND,,,1000.0,retained,,retained,False,False,Mohammed Shami,Mohammed Shami
2026,Avesh Khan,Avesh Khan,LSG,Fast bowler,IND,,,975.0,retained,,retained,False,False,Avesh Khan,Avesh Khan
2026,Abdul Samad,Abdul Samad (Indian cricketer),LSG,All-rounder,IND,,,420.0,retained,,retained,False,False,Abdul Samad (Indian cricketer),Abdul Samad
2026,Ayush Badoni,Ayush Badoni,LSG,Batter,IND,,,400.0,retained,,retained,False,False,Ayush Badoni,Ayush Badoni
2026,Mohsin Khan,Mohsin Khan (Indian cricketer),LSG,Fast bowler,IND,,,400.0,retained,,retained,False,False,Mohsin Khan (Indian cricketer),Mohsin Khan
2026,Mitchell Marsh,Mitchell Marsh,LSG,All-rounder,AUS,,,340.0,retained,,retained,True,False,Mitchell Marsh,Mitchell Marsh
2026,Shahbaz Ahmed,Shahbaz Ahmed (cricketer),LSG,All-rounder,IND,,,240.0,retained,,retained,False,False,Shahbaz Ahmed (cricketer),Shahbaz Ahmed
2026,Aiden Markram,Aiden Markram,LSG,Batter,SA,,,200.0,retained,,retained,True,False,Aiden Markram,Aiden Markram
2026,Manimaran Siddharth,Manimaran Siddharth,LSG,Fast bowler,IND,,,75.0,retained,,retained,False,False,Manimaran Siddharth,Manimaran Siddharth
2026,Matthew Breetzke,Matthew Breetzke,LSG,Batter,SA,,,75.0,retained,,retained,True,False,Matthew Breetzke,Matthew Breetzke
2026,Akash Singh,"Akash Singh (cricketer, born 2002)",LSG,Fast bowler,IND,,,30.0,retained,,retained,False,False,"Akash Singh (cricketer, born 2002)",Akash Singh
2026,Arjun Tendulkar,Arjun Tendulkar,LSG,Fast bowler,IND,,,30.0,retained,,retained,False,False,Arjun Tendulkar,Arjun Tendulkar
2026,Arshin Kulkarni,Arshin Kulkarni,LSG,All-rounder,IND,,,30.0,retained,,retained,False,False,Arshin Kulkarni,Arshin Kulkarni
2026,Himmat Singh,Himmat Singh (cricketer),LSG,Batter,IND,,,30.0,retained,,retained,False,False,Himmat Singh (cricketer),Himmat Singh
2026,Digvesh Rathi,Digvesh Rathi,LSG,,IND,,,30.0,retained,,retained,False,False,Digvesh Rathi,Digvesh Rathi
2026,Prince Yadav,Prince Yadav,LSG,All-rounder,IND,,,30.0,retained,,retained,False,False,Prince Yadav,Prince Yadav
2026,Jasprit Bumrah,Jasprit Bumrah,MI,,IND,,,1800.0,retained,,retained,False,False,Jasprit Bumrah,Jasprit Bumrah
2026,Hardik Pandya,Hardik Pandya,MI,,IND,,,1635.0000000000002,retained,,retained,False,False,Hardik Pandya,Hardik Pandya
2026,Suryakumar Yadav,Suryakumar Yadav,MI,,IND,,,1635.0000000000002,retained,,retained,False,False,Suryakumar Yadav,Suryakumar Yadav
2026,Rohit Sharma,Rohit Sharma,MI,,IND,,,1630.0,retained,,retained,False,False,Rohit Sharma,Rohit Sharma
2026,Trent Boult,Trent Boult,MI,Fast bowler,NZ,,,1250.0,retained,,retained,True,False,Trent Boult,Trent Boult
2026,Deepak Chahar,Deepak Chahar,MI,Fast bowler,IND,,,925.0,retained,,retained,False,False,Deepak Chahar,Deepak Chahar
2026,Tilak Varma,Tilak Varma,MI,All-rounder,IND,,,800.0,retained,,retained,False,False,Tilak Varma,Tilak Varma
2026,Will Jacks,Will Jacks,MI,All-rounder,ENG,,,525.0,retained,,retained,True,False,Will Jacks,Will Jacks
2026,Naman Dhir,Naman Dhir,MI,All-rounder,IND,,,525.0,retained,,retained,False,False,Naman Dhir,Naman Dhir
2026,Allah Ghazanfar,Allah Ghazanfar,MI,Spin bowler,AFG,,,480.0,retained,,retained,True,False,Allah Ghazanfar,Allah Ghazanfar
2026,Sherfane Rutherford,Sherfane Rutherford,MI,Batter,WIN,,,260.0,retained,,retained,True,False,Sherfane Rutherford,Sherfane Rutherford
2026,Shardul Thakur,Shardul Thakur,MI,All-rounder,IND,,,200.0,retained,,retained,False,False,Shardul Thakur,Shardul Thakur
2026,Mitchell Santner,Mitchell Santner,MI,All-rounder,NZ,,,200.0,retained,,retained,True,False,Mitchell Santner,Mitchell Santner
2026,Ryan Rickelton,Ryan Rickelton,MI,Wicket-keeper,SA,,,100.0,retained,,retained,True,False,Ryan Rickelton,Ryan Rickelton
2026,Corbin Bosch,Corbin Bosch,MI,,SA,,,75.0,retained,,retained,True,False,Corbin Bosch,Corbin Bosch
2026,Robin Minz,Robin Minz,MI,Wicket-keeper,IND,,,65.0,retained,,retained,False,False,Robin Minz,Robin Minz
2026,Raj Angad Bawa,Raj Angad Bawa,MI,All-rounder,IND,,,30.0,retained,,retained,False,False,Raj Angad Bawa,Raj Angad Bawa
2026,Ashwani Kumar,Ashwani Kumar (cricketer),MI,Fast bowler,IND,,,30.0,retained,,retained,False,False,Ashwani Kumar (cricketer),Ashwani Kumar
2026,Raghu Sharma,Raghu Sharma (cricketer),MI,,IND,,,30.0,retained,,retained,False,False,Raghu Sharma (cricketer),Raghu Sharma
2026,Mayank Markande,Mayank Markande,MI,Spin bowler,IND,,,30.0,retained,,retained,False,False,Mayank Markande,Mayank Markande
2026,Shreyas Iyer,Shreyas Iyer,PBKS,Batter,IND,,,2675.0,retained,,retained,False,False,Shreyas Iyer,Shreyas Iyer
2026,Arshdeep Singh,Arshdeep Singh,PBKS,Fast bowler,IND,,,1800.0,retained,,retained,False,False,Arshdeep Singh,Arshdeep Singh
2026,Yuzvendra Chahal,Yuzvendra Chahal,PBKS,Fast bowler,IND,,,1800.0,retained,,retained,False,False,Yuzvendra Chahal,Yuzvendra Chahal
2026,Marcus Stoinis,Marcus Stoinis,PBKS,All-rounder,AUS,,,1100.0,retained,,retained,True,False,Marcus Stoinis,Marcus Stoinis
2026,Marco Jansen,Marco Jansen,PBKS,All-rounder,SA,,,700.0,retained,,retained,True,False,Marco Jansen,Marco Jansen
2026,Shashank Singh,Shashank Singh,PBKS,All-rounder,IND,,,550.0,retained,,retained,False,False,Shashank Singh,Shashank Singh
2026,Nehal Wadhera,Nehal Wadhera,PBKS,Batter,IND,,,420.0,retained,,retained,False,False,Nehal Wadhera,Nehal Wadhera
2026,Prabhsimran Singh,Prabhsimran Singh,PBKS,Wicket-keeper,IND,,,400.0,retained,,retained,False,False,Prabhsimran Singh,Prabhsimran Singh
2026,Priyansh Arya,Priyansh Arya,PBKS,All-rounder,IND,,,380.0,retained,,retained,False,False,Priyansh Arya,Priyansh Arya
2026,Mitchell Owen,Mitchell Owen,PBKS,,AUS,,,300.0,retained,,retained,True,False,Mitchell Owen,Mitchell Owen
2026,Azmatullah Omarzai,Azmatullah Omarzai,PBKS,All-rounder,AFG,,,240.0,retained,,retained,True,False,Azmatullah Omarzai,Azmatullah Omarzai
2026,Lockie Ferguson,Lockie Ferguson,PBKS,Fast bowler,NZ,,,200.0,retained,,retained,True,False,Lockie Ferguson,Lockie Ferguson
2026,Vijaykumar Vyshak,Vijaykumar Vyshak,PBKS,Fast bowler,IND,,,180.0,retained,,retained,False,False,Vijaykumar Vyshak,Vijaykumar Vyshak
2026,Yash Thakur,Yash Thakur,PBKS,Fast bowler,IND,,,160.0,retained,,retained,False,False,Yash Thakur,Yash Thakur
2026,Harpreet Brar,Harpreet Brar,PBKS,All-rounder,IND,,,150.0,retained,,retained,False,False,Harpreet Brar,Harpreet Brar
2026,Vishnu Vinod,Vishnu Vinod,PBKS,Wicket-keeper,IND,,,95.0,retained,,retained,False,False,Vishnu Vinod,Vishnu Vinod
2026,Xavier Bartlett,Xavier Bartlett,PBKS,Fast bowler,AUS,,,80.0,retained,,retained,True,False,Xavier Bartlett,Xavier Bartlett
2026,Pyla Avinash,Pyla Avinash,PBKS,Batter,IND,,,30.0,retained,,retained,False,False,Pyla Avinash,Pyla Avinash
2026,Harnoor Pannu,Harnoor Pannu,PBKS,,IND,,,30.0,retained,,retained,False,False,Harnoor Pannu,Harnoor Pannu
2026,Musheer Khan,Musheer Khan,PBKS,All-rounder,IND,,,30.0,retained,,retained,False,False,Musheer Khan,Musheer Khan
2026,Suryansh Shedge,Suryansh Shedge,PBKS,All-rounder,IND,,,30.0,retained,,retained,False,False,Suryansh Shedge,Suryansh Shedge
2026,Yashasvi Jaiswal,Yashasvi Jaiswal,RR,,IND,,,1800.0,retained,,retained,False,False,Yashasvi Jaiswal,Yashasvi Jaiswal
2026,Riyan Parag,Riyan Parag,RR,All-rounder,IND,,,1400.0,retained,,retained,False,False,Riyan Parag,Riyan Parag
2026,Ravindra Jadeja,Ravindra Jadeja,RR,,IND,,,1400.0,retained,,retained,False,False,Ravindra Jadeja,Ravindra Jadeja
2026,Dhruv Jurel,Dhruv Jurel,RR,Wicket-keeper,IND,,,1400.0,retained,,retained,False,False,Dhruv Jurel,Dhruv Jurel
2026,Jofra Archer,Jofra Archer,RR,Fast bowler,ENG,,,1250.0,retained,,retained,True,False,Jofra Archer,Jofra Archer
2026,Shimron Hetmyer,Shimron Hetmyer,RR,Batter,WIN,,,1100.0,retained,,retained,True,False,Shimron Hetmyer,Shimron Hetmyer
2026,Tushar Deshpande,Tushar Deshpande,RR,Fast bowler,IND,,,650.0,retained,,retained,False,False,Tushar Deshpande,Tushar Deshpande
2026,Sandeep Sharma,Sandeep Sharma,RR,Fast bowler,IND,,,400.0,retained,,retained,False,False,Sandeep Sharma,Sandeep Sharma
2026,Nandre Burger,Nandre Burger,RR,Fast bowler,SA,,,350.0,retained,,retained,True,False,Nandre Burger,Nandre Burger
2026,Sam Curran,Sam Curran,RR,All-rounder,ENG,,,240.0,retained,,retained,True,False,Sam Curran,Sam Curran
2026,Kwena Maphaka,Kwena Maphaka,RR,Fast bowler,SA,,,150.0,retained,,retained,True,False,Kwena Maphaka,Kwena Maphaka
2026,Vaibhav Sooryavanshi,Vaibhav Sooryavanshi,RR,Batter,IND,,,110.00000000000001,retained,,retained,False,False,Vaibhav Sooryavanshi,Vaibhav Sooryavanshi
2026,Donovan Ferreira,Donovan Ferreira,RR,Wicket-keeper,SA,,,100.0,retained,,retained,True,False,Donovan Ferreira,Donovan Ferreira
2026,Shubham Dubey,Shubham Dubey,RR,Batter,IND,,,80.0,retained,,retained,False,False,Shubham Dubey,Shubham Dubey
2026,Yudhvir Singh,Yudhvir Singh (cricketer),RR,All-rounder,IND,,,35.0,retained,,retained,False,False,Yudhvir Singh (cricketer),Yudhvir Singh
2026,Lhuan-dre Pretorius,Lhuan-dre Pretorius,RR,,SA,,,30.0,retained,,retained,True,False,Lhuan-dre Pretorius,Lhuan-dre Pretorius
2026,Virat Kohli,Virat Kohli,RCB,,IND,,,2100.0,retained,,retained,False,False,Virat Kohli,Virat Kohli
2026,Josh Hazlewood,Josh Hazlewood,RCB,Fast bowler,AUS,,,1250.0,retained,,retained,True,False,Josh Hazlewood,Josh Hazlewood
2026,Phil Salt,Phil Salt,RCB,Wicket-keeper,ENG,,,1150.0,retained,,retained,True,False,Phil Salt,Phil Salt
2026,Rajat Patidar,Rajat Patidar,RCB,,IND,,,1100.0,retained,,retained,False,False,Rajat Patidar,Rajat Patidar
2026,Jitesh Sharma,Jitesh Sharma,RCB,Wicket-keeper,IND,,,1100.0,retained,,retained,False,False,Jitesh Sharma,Jitesh Sharma
2026,Bhuvneshwar Kumar,Bhuvneshwar Kumar,RCB,Fast bowler,IND,,,1075.0,retained,,retained,False,False,Bhuvneshwar Kumar,Bhuvneshwar Kumar
2026,Rasikh Salam,Rasikh Salam,RCB,,IND,,,600.0,retained,,retained,False,False,Rasikh Salam,Rasikh Salam
2026,Krunal Pandya,Krunal Pandya,RCB,All-rounder,IND,,,575.0,retained,,retained,False,False,Krunal Pandya,Krunal Pandya
2026,Yash Dayal,Yash Dayal,RCB,Fast bowler,IND,,,500.0,retained,,retained,False,False,Yash Dayal,Yash Dayal
2026,Tim David,Tim David,RCB,All-rounder,AUS,,,300.0,retained,,retained,True,False,Tim David,Tim David
2026,Suyash Sharma,Suyash Sharma,RCB,Spin bowler,IND,,,260.0,retained,,retained,False,False,Suyash Sharma,Suyash Sharma
2026,Jacob Bethell,Jacob Bethell,RCB,All-rounder,ENG,,,260.0,retained,,retained,True,False,Jacob Bethell,Jacob Bethell
2026,Devdutt Padikkal,Devdutt Padikkal,RCB,Batter,IND,,,200.0,retained,,retained,False,False,Devdutt Padikkal,Devdutt Padikkal
2026,Nuwan Thushara,Nuwan Thushara,RCB,Fast bowler,SL,,,160.0,retained,,retained,True,False,Nuwan Thushara,Nuwan Thushara
2026,Romario Shepherd,Romario Shepherd,RCB,All-rounder,WIN,,,150.0,retained,,retained,True,False,Romario Shepherd,Romario Shepherd
2026,Swapnil Singh,Swapnil Singh,RCB,All-rounder,IND,,,50.0,retained,,retained,False,False,Swapnil Singh,Swapnil Singh
2026,Abhinandan Singh,Abhinandan Singh,RCB,Fast bowler,IND,,,30.0,retained,,retained,False,False,Abhinandan Singh,Abhinandan Singh
2026,Heinrich Klaasen,Heinrich Klaasen,SRH,Wicket-keeper,SA,,,2300.0,retained,,retained,True,False,Heinrich Klaasen,Heinrich Klaasen
2026,Pat Cummins,Pat Cummins,SRH,All-rounder,AUS,,,1800.0,retained,,retained,True,False,Pat Cummins,Pat Cummins
2026,Travis Head,Travis Head,SRH,Batter,AUS,,,1400.0,retained,,retained,True,False,Travis Head,Travis Head
2026,Abhishek Sharma,Abhishek Sharma,SRH,All-rounder,IND,,,1400.0,retained,,retained,False,False,Abhishek Sharma,Abhishek Sharma
2026,Ishan Kishan,Ishan Kishan,SRH,Wicket-keeper,IND,,,1125.0,retained,,retained,False,False,Ishan Kishan,Ishan Kishan
2026,Harshal Patel,Harshal Patel,SRH,All-rounder,IND,,,800.0,retained,,retained,False,False,Harshal Patel,Harshal Patel
2026,Nitish Kumar Reddy,Nitish Kumar Reddy,SRH,Wicket-keeper,IND,,,600.0,retained,,retained,False,False,Nitish Kumar Reddy,Nitish Kumar Reddy
2026,Eshan Malinga,Eshan Malinga,SRH,Fast bowler,SL,,,120.0,retained,,retained,True,False,Eshan Malinga,Eshan Malinga
2026,Brydon Carse,Brydon Carse,SRH,All-rounder,ENG,,,100.0,retained,,retained,True,False,Brydon Carse,Brydon Carse
2026,Jaydev Unadkat,Jaydev Unadkat,SRH,Fast bowler,IND,,,100.0,retained,,retained,False,False,Jaydev Unadkat,Jaydev Unadkat
2026,Kamindu Mendis,Kamindu Mendis,SRH,All-rounder,SL,,,75.0,retained,,retained,True,False,Kamindu Mendis,Kamindu Mendis
2026,Zeeshan Ansari,Zeeshan Ansari,SRH,Fast bowler,IND,,,40.0,retained,,retained,False,False,Zeeshan Ansari,Zeeshan Ansari
2026,Smaran Ravichandran,Smaran Ravichandran,SRH,,IND,,,30.0,retained,,retained,False,False,Smaran Ravichandran,Smaran Ravichandran
2026,Aniket Verma,Aniket Verma,SRH,Batter,IND,,,30.0,retained,,retained,False,False,Aniket Verma,Aniket Verma
2026,Harsh Dubey,Harsh Dubey,SRH,,IND,,,30.0,retained,,retained,False,False,Harsh Dubey,Harsh Dubey
2026,Cameron Green,Cameron Green,KKR,Batter,AUS,True,200.0,2520.0,sold,29.0,Set 1: capped batters (BA1),True,False,Cameron Green,Cameron Green
2026,Sarfaraz Khan,Sarfaraz Khan (cricketer),CSK,Batter,IND,True,75.0,75.0,sold,50.0,Set 1: capped batters (BA1),False,False,Sarfaraz Khan (cricketer),Sarfaraz Khan
2026,David Miller,David Miller (South African cricketer),DC,Batter,SA,True,200.0,200.0,sold,141.0,Set 1: capped batters (BA1),True,False,David Miller (South African cricketer),David Miller
2026,Prithvi Shaw,Prithvi Shaw,DC,Batter,IND,True,75.0,75.0,sold,79.0,Set 1: capped batters (BA1),False,False,Prithvi Shaw,Prithvi Shaw
2026,Wanindu Hasaranga,Wanindu Hasaranga,LSG,All-rounder,SL,True,200.0,200.0,sold,37.0,Set 2: capped all-rounders (AL1),True,False,Wanindu Hasaranga,Wanindu Hasaranga
2026,Venkatesh Iyer,Venkatesh Iyer,RCB,All-rounder,IND,True,200.0,700.0,sold,62.0,Set 2: capped all-rounders (AL1),False,False,Venkatesh Iyer,Venkatesh Iyer
2026,Liam Livingstone,Liam Livingstone,SRH,All-rounder,ENG,True,200.0,1300.0,sold,49.0,Set 2: capped all-rounders (AL1),True,False,Liam Livingstone,Liam Livingstone
2026,Rachin Ravindra,Rachin Ravindra,KKR,All-rounder,NZ,True,200.0,200.0,sold,18.0,Set 2: capped all-rounders (AL1),True,False,Rachin Ravindra,Rachin Ravindra
2026,Finn Allen,Finn Allen,KKR,Wicket-keeper,NZ,True,200.0,200.0,sold,0.0,Set 3: capped wicket-keepers (WK1),True,False,Finn Allen,Finn Allen
2026,Quinton de Kock,Quinton de Kock,MI,Wicket-keeper,SA,True,100.0,100.0,sold,115.0,Set 3: capped wicket-keepers (WK1),True,False,Quinton de Kock,Quinton de Kock
2026,Ben Duckett,Ben Duckett,DC,Wicket-keeper,ENG,True,200.0,200.0,sold,,Set 3: capped wicket-keepers (WK1),True,False,Ben Duckett,Ben Duckett
2026,Akash Deep,Akash Deep,KKR,Fast bowler,IND,True,100.0,100.0,sold,14.0,Set 4: capped fast bowlers (FA1),False,False,Akash Deep,Akash Deep
2026,Jacob Duffy,Jacob Duffy,RCB,Fast bowler,NZ,True,200.0,200.0,sold,,Set 4: capped fast bowlers (FA1),True,False,Jacob Duffy,Jacob Duffy
2026,Matt Henry,Matt Henry (cricketer),CSK,Fast bowler,NZ,True,200.0,200.0,sold,6.0,Set 4: capped fast bowlers (FA1),True,False,Matt Henry (cricketer),Matt Henry
2026,Shivam Mavi,Shivam Mavi,SRH,Fast bowler,IND,True,75.0,75.0,sold,32.0,Set 4: capped fast bowlers (FA1),False,False,Shivam Mavi,Shivam Mavi
2026,Anrich Nortje,Anrich Nortje,LSG,Fast bowler,SA,True,200.0,200.0,sold,48.0,Set 4: capped fast bowlers (FA1),True,False,Anrich Nortje,Anrich Nortje
2026,Matheesha Pathirana,Matheesha Pathirana,KKR,Fast bowler,SL,True,200.0,1800.0,sold,32.0,Set 4: capped fast bowlers (FA1),True,False,Matheesha Pathirana,Matheesha Pathirana
2026,Ravi Bishnoi,Ravi Bishnoi,RR,Spin bowler,IND,True,200.0,720.0,sold,77.0,Set 5: capped spin bowlers (SP1),False,False,Ravi Bishnoi,Ravi Bishnoi
2026,Rahul Chahar,Rahul Chahar,CSK,Spin bowler,IND,True,100.0,520.0,sold,80.0,Set 5: capped spin bowlers (SP1),False,False,Rahul Chahar,Rahul Chahar
2026,Akeal Hosein,Akeal Hosein,CSK,Spin bowler,WIN,True,200.0,200.0,sold,1.0,Set 5: capped spin bowlers (SP1),True,False,Akeal Hosein,Akeal Hosein
2026,Auqib Nabi,Auqib Nabi,DC,All-rounder,IND,False,30.0,840.0,sold,0.0,Set 7: uncapped all-rounders (UAL1),False,False,Auqib Nabi,Auqib Nabi
2026,Shivang Kumar,Shivang Kumar,SRH,All-rounder,IND,False,30.0,30.0,sold,0.0,Set 7: uncapped all-rounders (UAL1),False,False,Shivang Kumar,Shivang Kumar
2026,Prashant Veer,Prashant Veer,CSK,All-rounder,IND,False,30.0,1420.0,sold,0.0,Set 7: uncapped all-rounders (UAL1),False,False,Prashant Veer,Prashant Veer
2026,Mukul Choudhary,Mukul Choudhary,LSG,Wicket-keeper,IND,False,30.0,260.0,sold,,Set 8: uncapped wicket-keepers (UWK1),False,False,Mukul Choudhary,Mukul Choudhary
2026,Kartik Sharma,Kartik Sharma,CSK,Wicket-keeper,IND,False,30.0,1420.0,sold,,Set 8: uncapped wicket-keepers (UWK1),False,False,Kartik Sharma,Kartik Sharma
2026,Tejasvi Singh,Tejasvi Singh,KKR,Wicket-keeper,IND,False,30.0,300.0,sold,,Set 8: uncapped wicket-keepers (UWK1),False,False,Tejasvi Singh Dahiya,Tejasvi Singh
2026,Sushant Mishra,Sushant Mishra,RR,Fast bowler,IND,False,30.0,90.0,sold,,Set 9: uncapped fast bowlers (UFA1),False,False,Sushant Mishra,Sushant Mishra
2026,Ashok Sharma,Ashok Sharma (cricketer),GT,Fast bowler,IND,False,30.0,90.0,sold,,Set 9: uncapped fast bowlers (UFA1),False,False,Ashok Sharma,Ashok Sharma
2026,Naman Tiwari,Naman Tiwari,LSG,Fast bowler,IND,False,30.0,100.0,sold,,Set 9: uncapped fast bowlers (UFA1),False,False,Naman Tiwari,Naman Tiwari
2026,Kartik Tyagi,Kartik Tyagi,KKR,Fast bowler,IND,False,30.0,30.0,sold,20.0,Set 9: uncapped fast bowlers (UFA1),False,False,Kartik Tyagi,Kartik Tyagi
2026,Yash Raj Punja,Yash Raj Punja,RR,Spin bowler,IND,False,30.0,30.0,sold,,Set 10: uncapped spin bowlers (USP1),False,False,Yash Raj Punja,Yash Raj Punja
2026,Vignesh Puthur,Vignesh Puthur,RR,Spin bowler,IND,False,30.0,30.0,sold,5.0,Set 10: uncapped spin bowlers (USP1),False,False,Vignesh Puthur,Vignesh Puthur
2026,Prashant Solanki,Prashant Solanki,KKR,Spin bowler,IND,False,30.0,30.0,sold,2.0,Set 10: uncapped spin bowlers (USP1),False,False,Prashant Solanki,Prashant Solanki
2026,Pathum Nissanka,Pathum Nissanka,DC,Batter,SL,True,75.0,400.0,sold,,Accelerated round,True,False,Pathum Nissanka,Pathum Nissanka
2026,Rahul Tripathi,Rahul Tripathi,KKR,Batter,IND,True,75.0,75.0,sold,100.0,Accelerated round,False,False,Rahul Tripathi,Rahul Tripathi
2026,Ben Dwarshuis,Ben Dwarshuis,PBKS,All-rounder,AUS,True,100.0,440.0,sold,,Accelerated round,True,False,Ben Dwarshuis,Ben Dwarshuis
2026,Zak Foulkes,Zak Foulkes,CSK,All-rounder,NZ,True,75.0,75.0,sold,,Accelerated round,True,False,Zak Foulkes,Zak Foulkes
2026,Jason Holder,Jason Holder,GT,All-rounder,WIN,True,200.0,700.0,sold,46.0,Accelerated round,True,False,Jason Holder,Jason Holder
2026,Matthew Short,Matthew Short,CSK,All-rounder,AUS,True,150.0,150.0,sold,6.0,Accelerated round,True,False,Matthew Short,Matthew Short
2026,Tom Banton,Tom Banton,GT,Wicket-keeper,ENG,True,200.0,200.0,sold,2.0,Accelerated round,True,False,Tom Banton,Tom Banton
2026,Jordan Cox,Jordan Cox (cricketer),RCB,Wicket-keeper,ENG,True,75.0,75.0,sold,,Accelerated round,True,False,Jordan Cox (cricketer),Jordan Cox
2026,Josh Inglis,Josh Inglis,LSG,Wicket-keeper,AUS,True,200.0,860.0,sold,11.0,Accelerated round,True,False,Josh Inglis,Josh Inglis
2026,Tim Seifert,Tim Seifert,KKR,Wicket-keeper,NZ,True,150.0,150.0,sold,3.0,Accelerated round,True,False,Tim Seifert,Tim Seifert
2026,Kyle Jamieson,Kyle Jamieson,DC,Fast bowler,NZ,True,200.0,200.0,sold,13.0,Accelerated round,True,False,Kyle Jamieson,Kyle Jamieson
2026,Adam Milne,Adam Milne,RR,Fast bowler,NZ,True,200.0,240.0,sold,10.0,Accelerated round,True,False,Adam Milne,Adam Milne
2026,Lungi Ngidi,Lungi Ngidi,DC,Fast bowler,SA,True,200.0,200.0,sold,16.0,Accelerated round,True,False,Lungi Ngidi,Lungi Ngidi
2026,Mustafizur Rahman,Mustafizur Rahman,KKR,Fast bowler,BAN,True,200.0,920.0,sold,60.0,Accelerated round,True,False,Mustafizur Rahman,Mustafizur Rahman
2026,Kuldeep Sen,Kuldeep Sen,RR,Fast bowler,IND,True,75.0,75.0,sold,12.0,Accelerated round,False,False,Kuldeep Sen,Kuldeep Sen
2026,Danish Malewar,Danish Malewar,MI,Batter,IND,False,30.0,30.0,sold,,Accelerated round,False,False,Danish Malewar,Danish Malewar
2026,Aman Rao,"Aman Rao (cricketer, born 2004)",RR,Batter,IND,False,30.0,30.0,sold,,Accelerated round,False,False,Aman Rao,Aman Rao
2026,Akshat Raghuwanshi,Akshat Raghuwanshi,LSG,Batter,IND,False,30.0,220.0,sold,,Accelerated round,False,False,Akshat Raghuwanshi,Akshat Raghuwanshi
2026,Satvik Deswal,Satvik Deswal,RCB,All-rounder,IND,False,30.0,30.0,sold,,Accelerated round,False,False,Satvik Deswal,Satvik Deswal
2026,Aman Khan,Aman Khan,CSK,All-rounder,IND,False,30.0,40.0,sold,12.0,Accelerated round,False,False,Aman Hakim Khan,Aman Khan
2026,Vicky Ostwal,Vicky Ostwal,RCB,All-rounder,IND,False,30.0,30.0,sold,,Accelerated round,False,False,Vicky Ostwal,Vicky Ostwal
2026,Mayank Rawat,Mayank Rawat,MI,All-rounder,IND,False,30.0,30.0,sold,,Accelerated round,False,False,Mayank Rawat,Mayank Rawat
2026,Mangesh Yadav,Mangesh Yadav,RCB,All-rounder,IND,False,30.0,520.0,sold,,Accelerated round,False,False,Mangesh Yadav,Mangesh Yadav
2026,Salil Arora,Salil Arora,SRH,Wicket-keeper,IND,False,30.0,150.0,sold,,Accelerated round,False,False,Salil Arora,Salil Arora
2026,Ravi Singh,"Ravi Singh (cricketer, born 2001)",RR,Wicket-keeper,IND,False,30.0,95.0,sold,,Accelerated round,False,False,Ravi Singh,Ravi Singh
2026,Sakib Hussain,Sakib Hussain,SRH,Fast bowler,IND,False,30.0,30.0,sold,,Accelerated round,False,False,Sakib Hussain,Sakib Hussain
2026,Mohammad Izhar,Mohammad Izhar,MI,Fast bowler,IND,False,30.0,30.0,sold,,Accelerated round,False,False,Mohammad Izhar,Mohammad Izhar
2026,Onkar Tarmale,Onkar Tarmale,SRH,Fast bowler,IND,False,30.0,30.0,sold,,Accelerated round,False,False,Onkar Tarmale,Onkar Tarmale
2026,Prithvi Raj,Prithvi Raj (cricketer),GT,Fast bowler,IND,False,30.0,30.0,sold,2.0,Accelerated round,False,False,Prithvi Raj (cricketer),Prithvi Raj
2026,Praveen Dubey,Praveen Dubey,PBKS,Fast bowler,IND,False,30.0,30.0,sold,5.0,Accelerated round,False,False,Praveen Dubey,Praveen Dubey
2026,Cooper Connolly,Cooper Connolly,PBKS,All-rounder,AUS,True,200.0,300.0,sold,,Accelerated round,True,False,Cooper Connolly,Cooper Connolly
2026,Luke Wood,Luke Wood (cricketer),GT,Fast bowler,ENG,True,75.0,75.0,sold,2.0,Accelerated round,True,False,Luke Wood (cricketer),Luke Wood
2026,Sahil Parekh,Sahil Parekh (cricketer),DC,Batter,IND,False,30.0,30.0,sold,,Accelerated round,False,False,Sahil Parekh,Sahil Parekh
2026,Amit Kumar,"Amit Kumar (cricketer, born 2002)",SRH,Fast bowler,IND,False,30.0,30.0,sold,,Accelerated round,False,False,Amit Kumar,Amit Kumar
2026,Vishal Nishad,Vishal Nishad,PBKS,All-rounder,IND,False,30.0,30.0,sold,,Accelerated round,False,False,Vishal Nishad,Vishal Nishad
2026,Atharva Ankolekar,Atharva Ankolekar,MI,All-rounder,IND,False,30.0,30.0,sold,,Accelerated round,False,False,Atharva Ankolekar,Atharva Ankolekar
2026,Praful Hinge,Praful Hinge,SRH,Fast bowler,IND,False,30.0,30.0,sold,,Accelerated round,False,False,Praful Hinge,Praful Hinge
2026,Krains Fuletra,Krains Fuletra,SRH,All-rounder,IND,False,30.0,30.0,sold,,Accelerated round,False,False,Krains Fuletra,Krains Fuletra
2026,Vihaan Malhotra,Vihaan Malhotra,RCB,All-rounder,IND,False,30.0,30.0,sold,,Accelerated round,False,False,Vihaan Malhotra,Vihaan Malhotra
2026,Sarthak Ranjan,Sarthak Ranjan,KKR,All-rounder,IND,False,30.0,30.0,sold,,Accelerated round,False,False,Sarthak Ranjan,Sarthak Ranjan
2026,Brijesh Sharma,Brijesh Sharma,RR,Fast bowler,IND,False,30.0,30.0,sold,,Accelerated round,False,False,Brijesh Sharma,Brijesh Sharma
2026,Kanishk Chouhan,Kanishk Chouhan,RCB,All-rounder,IND,False,30.0,30.0,sold,,Accelerated round,False,False,Kanishk Chouhan,Kanishk Chouhan
2026,Daksh Kamra,Daksh Kamra,KKR,All-rounder,IND,False,30.0,30.0,sold,,Accelerated round,False,False,Daksh Kamra,Daksh Kamra
2026,Jack Edwards,"Jack Edwards (cricketer, born 2000)",SRH,All-rounder,AUS,False,50.0,300.0,sold,,Accelerated round,True,False,"Jack Edwards (cricketer, born 2000)",Jack Edwards
