player,impact,bat_impact,bowl_impact,consistency_sd,seasons_played,matches_3y,balls_faced_3y,balls_bowled_3y,last_season,impact_Powerplay,impact_Middle,impact_Death,as_of
CH Gayle,9.06022281278236,9.38702081343905,-0.32679800065668996,7.266970672042052,3.0,28.0,659.0,425.0,2011.0,4.09856014599268,4.346800568594666,0.6148620981950146,2012
R Ashwin,5.664642297665669,-0.3332155273752083,5.997857825040876,3.062560646313145,3.0,30.0,61.0,690.0,2011.0,4.069155633147783,1.5542085383979252,0.04127812611996064,2012
V Sehwag,5.315541217135291,5.209264092416815,0.1062771247184758,3.6661357732649824,3.0,36.0,596.0,40.0,2011.0,1.672255393822139,3.4027938665984063,0.24049195671474496,2012
SL Malinga,5.188623497175476,-0.01945662208829545,5.208080119263772,1.9821182247848144,3.0,42.0,11.0,969.0,2011.0,1.5200347032588772,0.6283571358095122,3.0402316581070865,2012
SR Watson,5.089346688274108,4.389952742832762,0.6993939454413458,0.32408546245142755,2.0,17.0,367.0,348.0,2011.0,2.84920380760103,2.359786984756979,-0.11964410408390136,2012
ML Hayden,5.059601485624771,5.059601485624771,0.0,7.815417741802257,2.0,28.0,674.0,0.0,2010.0,3.310623552063151,1.4246094825563107,0.3243684510053097,2012
WPUJC Vaas,4.997290958532054,-0.2541146384145745,5.251405596946628,2.2707829250271576,2.0,8.0,55.0,180.0,2010.0,6.542647217447558,-0.6619870483368375,-0.8833692105786677,2012
SE Marsh,4.708588486242306,4.708588486242306,0.0,1.7695804095109176,2.0,18.0,458.0,0.0,2011.0,-1.4750737466428756,5.808412415507817,0.37524981737736574,2012
SR Tendulkar,4.099510112588088,4.183261369945822,-0.08375125735773462,2.092175903954907,3.0,44.0,1257.0,36.0,2011.0,3.5432183233433974,-0.023598715922405478,0.5798905051670957,2012
A Kumble,3.7112875645301155,-0.05417201495054322,3.765459579480659,0.17987683523325804,2.0,32.0,30.0,735.0,2010.0,0.634591715723732,1.4268604323458574,1.6498354164605264,2012
SK Raina,3.689944231527543,3.4484458794625477,0.24149835206499526,2.1829212570937306,3.0,46.0,997.0,474.0,2011.0,0.6230803448313831,2.2923173038378155,0.7745465828583443,2012
YK Pathan,3.607658465168053,2.0506674058550636,1.5569910593129892,1.7574909561153764,3.0,42.0,585.0,648.0,2011.0,0.6145060210762123,1.8964059032581235,1.0967465408337171,2012
R Sharma,3.6004919702512463,-0.18043512554459898,3.780927095795845,3.4807944682063847,2.0,20.0,47.0,424.0,2011.0,0.1291473515514024,3.1908184723354753,0.28052614636436823,2012
KP Pietersen,3.5839161260859926,3.21399182251904,0.3699243035669524,2.2798007267252824,2.0,13.0,242.0,138.0,2010.0,2.981592503311205,0.31213187598093595,0.29019174679385096,2012
DE Bollinger,3.421995873671787,-0.029771866699506284,3.451767740371293,1.8008022801925272,2.0,21.0,18.0,468.0,2011.0,1.0010700013771612,0.39052612066920744,2.0303997516254175,2012
A Nehra,3.3190803293605065,-0.12683342401781686,3.4459137533783233,0.003062467663496493,2.0,17.0,21.0,390.0,2010.0,2.4173157281604976,-0.05988075398539675,0.9616453551854061,2012
Iqbal Abdulla,3.3022268524876184,-0.0025187586044214307,3.30474561109204,2.8446620898726387,2.0,18.0,13.0,351.0,2011.0,2.3632552315211846,0.5002491186200457,0.43872250234638854,2012
SE Bond,3.060231625361635,-0.013562072336286467,3.0737936976979214,,1.0,8.0,2.0,186.0,2010.0,2.2298166468419525,1.251898947762929,-0.42148396924324616,2012
MS Dhoni,2.9397021570875754,2.9397021570875754,0.0,1.034489688632796,3.0,43.0,718.0,0.0,2011.0,-0.15018049382814086,0.795366958229306,2.2945156926864105,2012
A Mishra,2.909264877257283,-0.2290748838290736,3.138339761086357,1.6890600575282768,3.0,39.0,120.0,891.0,2011.0,0.6508353194245613,2.1089415564473226,0.14948800138539903,2012
MN van Wyk,2.8320519420169683,2.8320519420169683,0.0,,1.0,5.0,132.0,0.0,2009.0,0.29128740627710176,1.513747017541657,1.0270175181982104,2012
PC Valthaty,2.7192391629247026,2.832776085778096,-0.1135369228533939,2.4997572937213555,2.0,16.0,350.0,145.0,2011.0,1.5836882765815268,0.5458946476528576,0.589656238690318,2012
CRD Fernando,2.4694783889943737,-0.002326463689236259,2.47180485268361,,1.0,5.0,2.0,114.0,2010.0,0.09348416666345347,1.2218220901859262,1.154172132144994,2012
CK Langeveldt,2.469409666028442,-0.03093963339289488,2.500349299421337,2.123198344040048,3.0,7.0,9.0,156.0,2011.0,1.7264545076502587,0.22087097671263944,0.5220841816655439,2012
Shakib Al Hasan,2.4475190385111785,-0.05292877763291853,2.500447816144097,,1.0,7.0,22.0,153.0,2011.0,-0.4550981250408112,2.1668691604694237,0.7357480030825654,2012
MM Patel,2.4034839840465914,-0.04279428616017937,2.4462782702067707,3.5581255612809346,3.0,30.0,32.0,613.0,2011.0,1.7984949051007166,0.9442782388906915,-0.33928915994481657,2012
DW Steyn,2.0836080414159706,-0.20585847808469787,2.2894665195006683,2.00824305606324,3.0,30.0,55.0,681.0,2011.0,0.727469389099847,0.6548223413875845,0.7013163109285392,2012
M Vijay,2.038823794057281,2.038823794057281,0.0,2.9620064776708546,3.0,35.0,698.0,0.0,2011.0,0.3999931053290051,1.3380044092447907,0.30082627948348545,2012
V Kohli,1.9807375802055318,2.3856145295052724,-0.40487694929974055,1.3815859419744203,3.0,48.0,891.0,170.0,2011.0,0.323928769993436,0.22501995099899164,1.4317888592131045,2012
Harbhajan Singh,1.924198619634733,0.21254009142777078,1.711658528206962,0.6134858172228326,3.0,43.0,187.0,903.0,2011.0,0.6534641400453891,-0.005221721883235553,1.2759562014725794,2012
Yuvraj Singh,1.832065565337919,0.8272046303039486,1.0048609350339706,1.2478607711722698,3.0,42.0,754.0,432.0,2011.0,-0.3915475119995023,1.481811191014524,0.7418018863228972,2012
J Botha,1.7737522654973599,0.5983779434474018,1.1753743220499582,0.0609297027402248,2.0,13.0,238.0,288.0,2011.0,-0.3958906557847829,1.8029784351310332,0.3666644861511093,2012
AD Mascarenhas,1.7250457940424884,-0.5265260579971973,2.2515718520396857,0.43267197645104616,2.0,7.0,49.0,164.0,2010.0,1.4574399792246437,0.3856313192012075,-0.11802550438336332,2012
AC Gilchrist,1.7210254265004092,1.7210254265004092,0.0,3.3940424731862624,3.0,46.0,805.0,0.0,2011.0,0.32630317534078335,1.2040287419442057,0.19069350921542036,2012
KC Sangakkara,1.7205186041987321,1.7205186041987321,0.0,0.9813138966861226,3.0,40.0,874.0,0.0,2011.0,0.743725280205978,1.2429360534292686,-0.2661427294365142,2012
PD Collingwood,1.6237143141643895,0.7859925696850119,0.8377217444793776,,1.0,8.0,156.0,89.0,2010.0,0.005775759957481684,-0.6059402147377839,2.2238787689446915,2012
RA Jadeja,1.554319543453137,0.9805716296121629,0.573747913840974,0.1492622192617057,2.0,27.0,494.0,392.0,2011.0,0.24595325539192864,1.082054062858702,0.2263122252025062,2012
PP Ojha,1.5469020275073446,-0.02760966692732016,1.5745116944346647,0.9174840367748357,3.0,41.0,15.0,895.0,2011.0,0.05634988401073451,1.688454658624251,-0.19790251512764093,2012
DPMD Jayawardene,1.4981231517379077,1.4981231517379077,0.0,2.475823607114366,3.0,36.0,720.0,0.0,2011.0,1.0502441889989027,-0.500212763996827,0.9480917267358322,2012
T Thushara,1.3975081573922796,-0.18027235788138035,1.57778051527366,0.5592782947235715,2.0,6.0,18.0,135.0,2010.0,1.4162948861471376,0.7011403634786649,-0.719927092233523,2012
RN ten Doeschate,1.3833896446497767,1.3910142835853971,-0.007624638935620555,,1.0,6.0,73.0,6.0,2011.0,0.20103796903704485,0.5283121859096874,0.6540394897030442,2012
DL Vettori,1.3679684485796273,-0.24316082590826338,1.6111292744878907,2.3855247937407547,3.0,23.0,87.0,519.0,2011.0,-0.2534533674344528,1.114863008801525,0.5065588072125548,2012
S Aravind,1.2446156355531304,0.013476072887699815,1.2311395626654305,,1.0,13.0,8.0,276.0,2011.0,2.0776183416436966,-0.8747700791569755,0.04176737306640906,2012
R Dravid,1.1989665516870953,1.1989665516870953,0.0,0.23980657471495506,3.0,41.0,747.0,0.0,2011.0,0.8955596408460136,0.44014555551325046,-0.1367386446721687,2012
RE van der Merwe,1.1814624748951617,-0.10363634925406505,1.2850988241492267,0.7719988289306811,3.0,15.0,116.0,317.0,2011.0,-0.737897625123543,1.4943356272689006,0.42502447274980387,2012
MEK Hussey,1.1618441147148728,1.1618441147148728,0.0,2.3695261718744316,2.0,17.0,458.0,0.0,2011.0,0.46239196915062974,0.23048085513753225,0.4689712904267108,2012
Bipul Sharma,1.1538283799709836,-0.03793425910308282,1.1917626390740665,1.585341217918017,2.0,9.0,25.0,132.0,2011.0,1.096106020832805,0.5782405024374777,-0.5205181432992989,2012
A Symonds,1.1502508265888285,0.6787802018875813,0.4714706247012473,2.9853737672675797,3.0,35.0,645.0,486.0,2011.0,0.3117517355389745,0.7199519141090643,0.11854717694078987,2012
FH Edwards,1.1385491979193465,-0.027619340273911778,1.1661685381932583,,1.0,6.0,5.0,140.0,2009.0,2.4389303774442928,-0.3126419184262565,-0.987739261098689,2012
S Badrinath,1.132388611580748,1.132388611580748,0.0,1.38429912798621,3.0,46.0,780.0,0.0,2011.0,-0.69502408427239,1.4713277902809505,0.3560849055721876,2012
DP Nannes,1.1322414231506481,-0.04479548888238729,1.1770369120330355,1.0689806092822338,3.0,24.0,13.0,527.0,2011.0,1.1002518613813355,-0.4056940633454519,0.4376836251147646,2012
AC Thomas,1.0597996534101843,-0.012019027623692724,1.071818681033877,,1.0,11.0,4.0,231.0,2011.0,1.6319196392886304,1.2186744168991417,-1.7907944027775873,2012
MF Maharoof,1.050087248420544,-0.17370177588881186,1.2237890243093559,0.6385892082871683,2.0,10.0,44.0,204.0,2010.0,1.3621651771756904,-0.12089735839210994,-0.19118057036303654,2012
AB de Villiers,1.0500861376631856,1.0500861376631856,0.0,2.9537412986850677,3.0,38.0,717.0,0.0,2011.0,0.3042145373051004,-0.458639436261837,1.2045110366199223,2012
A Singh,1.0449634632115696,-0.034642407662631235,1.0796058708742011,3.5214977598776533,2.0,14.0,7.0,276.0,2011.0,0.4500173955723157,-0.35307935925517947,0.948025426894434,2012
Harmeet Singh,1.0136272857119593,-0.0015479950819871542,1.0151752807939465,2.693168761146594,3.0,17.0,1.0,323.0,2011.0,1.5041513929938328,-0.5503856831294891,0.05986157584761592,2012
AG Murtaza,0.9939656236113197,-0.02186555262299512,1.0158311762343148,0.06389897062548089,2.0,8.0,5.0,192.0,2011.0,0.8391951262199858,1.1322546470291865,-0.9774841496378526,2012
M Muralitharan,0.8468171742493756,-0.0394629144328521,0.886280088682228,2.7694247245633163,3.0,30.0,18.0,702.0,2011.0,0.08668021590905724,0.1906148558758849,0.5695221024644337,2012
RP Singh,0.8156029239289143,-0.11374151315440527,0.9293444370833197,2.1467312628109743,3.0,42.0,40.0,910.0,2011.0,0.47121850016283473,0.3038453157739539,0.040539107992125956,2012
SK Warne,0.8126315087686662,-0.4871609353290483,1.2997924440977144,1.9363988015286562,3.0,40.0,155.0,882.0,2011.0,-0.5762005284862526,1.013113781707497,0.37571825554742166,2012
AT Rayudu,0.812254455514792,0.812254455514792,0.0,1.0922974200926292,2.0,30.0,596.0,0.0,2011.0,-0.28389087285533204,0.5849249922983037,0.5112203360718203,2012
VR Aaron,0.8097600287827893,-0.06373110524599024,0.8734911340287795,,1.0,4.0,5.0,72.0,2011.0,0.9345949058586002,0.1862095252631233,-0.31104440233893416,2012
RV Uthappa,0.7561783491908138,0.7561783491908138,0.0,2.4537299158944696,3.0,45.0,597.0,0.0,2011.0,-0.07793299384371541,-0.047470180063148126,0.8815815230976776,2012
MK Pandey,0.7520189957633038,0.7520189957633038,0.0,3.446638792831495,3.0,28.0,571.0,0.0,2011.0,1.1171108512048824,-0.727733032855975,0.362641177414396,2012
RG Sharma,0.7381044506434219,1.0206403525824732,-0.2825359019390515,0.6873602269410433,3.0,48.0,914.0,276.0,2011.0,-0.5866633598011888,0.28575730538521527,1.0390105050593954,2012
S Sohal,0.6904557230624344,0.6904557230624344,0.0,1.7379475990904611,2.0,19.0,284.0,0.0,2011.0,0.957397403775508,-0.14352740940219919,-0.12341427131087468,2012
BJ Hodge,0.6674930667200454,0.5180295698118242,0.14946349690822122,1.4396808498406402,3.0,30.0,636.0,216.0,2011.0,-0.5161314123850591,0.2868175742500264,0.8968069048550781,2012
HH Gibbs,0.624539467586243,0.624539467586243,0.0,1.0064460504246948,2.0,24.0,566.0,0.0,2010.0,1.2277934781140767,-0.7175620500123111,0.1143080394844775,2012
G Gambhir,0.5513171772613783,0.5513171772613783,0.0,0.8109581857653948,3.0,41.0,812.0,0.0,2011.0,-0.2044020333583184,0.9047638571052736,-0.14904464648557672,2012
DA Warner,0.5278430503981798,0.5278430503981798,0.0,0.8018507485007255,3.0,31.0,599.0,0.0,2011.0,0.23475499278758494,0.27938711377493275,0.013700943835662116,2012
R Bhatia,0.4873442233207697,-0.1690236238054772,0.656367847126247,1.4792703986902405,3.0,27.0,57.0,418.0,2011.0,-0.4076156218481843,0.6550944176588488,0.2398654275101052,2012
MJ Lumb,0.48326175314005304,0.48326175314005304,0.0,0.9466348498075039,2.0,12.0,194.0,0.0,2011.0,0.7582735663593344,-0.27501181321928153,0.0,2012
BB McCullum,0.4826502135211414,0.4826502135211414,0.0,1.4333666388785102,3.0,31.0,624.0,0.0,2011.0,0.23993554712289944,0.1275191208169233,0.1151955455813184,2012
S Dhawan,0.4760494420411454,0.45387719217201306,0.02217224986913228,1.8877929567728295,3.0,29.0,525.0,12.0,2011.0,0.8114858695907828,-0.6881667185647968,0.3527302910151594,2012
B Kumar,0.45551647013459295,-0.0005674010432227373,0.4560838711778157,,1.0,4.0,1.0,66.0,2011.0,-0.2933233645853344,0.74940723576315,-0.0005674010432227373,2012
DB Ravi Teja,0.4257559656939899,0.43414798526850285,-0.00839201957451301,0.6701787264355119,2.0,21.0,214.0,6.0,2011.0,0.048209628576360644,0.4795922659508289,-0.10204592883319985,2012
LA Carseldine,0.4218953677999283,0.32416676155284657,0.09772860624708173,,1.0,5.0,68.0,6.0,2009.0,0.6577574190195005,-0.36177201069604237,0.1259099594764702,2012
SM Harwood,0.403801745806351,-0.3031248353382474,0.7069265811445984,,1.0,3.0,14.0,60.0,2009.0,1.837770224202746,0.16943062451447385,-1.6033991029108692,2012
I Sharma,0.3355766535236562,-0.10463766541578773,0.44021431893944407,2.7244090804592456,3.0,30.0,35.0,672.0,2011.0,1.4290526533676164,0.1459959430163511,-1.2394719428603114,2012
JH Kallis,0.30809044576715366,1.2146638396562641,-0.9065733938891103,2.723889407611084,3.0,46.0,1204.0,762.0,2011.0,0.3489206770966045,-0.3680103232815096,0.32718009195205905,2012
SB Jakati,0.3061215638472827,-0.0019472214929801132,0.3080687853402628,0.4559447130491634,3.0,35.0,15.0,667.0,2011.0,-0.19055740615609917,0.2893309443677691,0.20734802563561272,2012
KD Karthik,0.29779661182449313,0.29779661182449313,0.0,1.3596812905703552,3.0,43.0,674.0,0.0,2011.0,-0.3308438272848355,0.4580217175117556,0.17061872159757313,2012
JD Ryder,0.24649579470474892,0.39329462837113344,-0.1467988336663847,1.5495594655626497,2.0,18.0,246.0,194.0,2011.0,0.31997153862478134,0.37667192738182576,-0.4501476713018583,2012
JM Kemp,0.21330464631362686,-0.22163466098145554,0.4349393072950824,,1.0,5.0,24.0,44.0,2010.0,-0.003312077055108305,0.48156548183288145,-0.2649487584641463,2012
RS Bopara,0.18988743842252764,0.6429700482223384,-0.45308260979981085,1.4550713993317361,2.0,15.0,333.0,86.0,2010.0,-0.7293789939631744,-0.014319731868707775,0.9335861642544097,2012
J Theron,0.13603490453233585,-0.048080039895120025,0.18411494442745588,,1.0,7.0,5.0,144.0,2010.0,-2.170656425292525,0.7523454449949221,1.5543458848299385,2012
LRPL Taylor,0.13540738167690014,0.1519529602710763,-0.016545578594176095,1.7032672590634925,3.0,30.0,435.0,12.0,2011.0,-0.020498759744853934,-0.6824476835423918,0.8383538249641462,2012
WD Parnell,0.0810847067623533,-0.477473546476004,0.5585582532383573,,1.0,8.0,39.0,176.0,2011.0,-0.9301757262044414,-0.06510106329437557,1.0763614962611703,2012
OA Shah,0.0642907488691236,0.0642907488691236,0.0,0.07430813768559179,2.0,8.0,110.0,0.0,2011.0,0.04974452348426819,-0.09858606904315849,0.1131322944280139,2012
AC Blizzard,0.045156060826646714,0.045156060826646714,0.0,,1.0,6.0,87.0,0.0,2011.0,0.31135292987197344,-0.2661968690453267,0.0,2012
MV Boucher,0.03165057336226696,0.03165057336226696,0.0,0.15030003528746394,3.0,21.0,132.0,0.0,2011.0,0.0,-0.04008107503633311,0.07173164839860008,2012
BA Bhatt,0.02636134050103045,-0.03277259893560281,0.05913393943663326,,1.0,10.0,5.0,167.0,2011.0,0.6413853945840909,-0.44291346776237445,-0.17211058632068615,2012
MK Tiwary,0.016102337020509006,0.07712665149502829,-0.061024314474519295,0.6167649201267197,3.0,30.0,524.0,24.0,2011.0,0.1144655180552197,-0.2562173469622628,0.15785416592755216,2012
WP Saha,0.007761694606208361,0.007761694606208361,0.0,0.30497561531286144,3.0,28.0,157.0,0.0,2011.0,0.09014906222759103,-0.32281183061924373,0.24042446299786108,2012
S Nadeem,-0.013767552581017067,-0.005115142668134683,-0.008652409912882384,,1.0,5.0,1.0,114.0,2011.0,0.0,0.9421925868193229,-0.9559601394003399,2012
DR Smith,-0.03949964203996348,1.336272949875408,-1.3757725919153716,1.6746813548163153,2.0,11.0,157.0,107.0,2010.0,-0.5135034161960903,0.5026842609909936,-0.028680486834867264,2012
SB Styris,-0.07906850769872774,0.05239541202646147,-0.13146391972518923,0.11650518206398286,2.0,4.0,10.0,54.0,2011.0,0.0,-0.18159135547061483,0.1025228477718871,2012
JP Duminy,-0.0798608818475306,-0.05164955027334278,-0.028211331574187842,1.5994508766398094,3.0,30.0,630.0,246.0,2011.0,0.4310768186230264,-1.0207098184136796,0.5097721179431225,2012
S Anirudha,-0.11444973028495294,-0.11444973028495294,0.0,0.20150819323754454,2.0,13.0,92.0,0.0,2011.0,0.024064698403637008,0.08398512329006684,-0.22249955197865678,2012
KA Pollard,-0.1346737431468472,0.2713667895861761,-0.406040532733023,3.534442457451369,2.0,30.0,280.0,477.0,2011.0,-0.18651541938947647,-0.6614746371188068,0.7133163133614363,2012
M Kartik,-0.14427741492688706,-0.13184847215523227,-0.012428942771654627,2.7928294177434037,3.0,26.0,57.0,563.0,2011.0,0.4084879065022921,-0.43336069365162233,-0.11940462777755667,2012
B Akhil,-0.20480025551633338,0.0710568624690111,-0.27585711798534446,0.3719897708900123,3.0,8.0,24.0,84.0,2011.0,-0.09889101506414384,0.49256247234374684,-0.5984717127959364,2012
RJ Harris,-0.2099569486336284,-0.3493851344928989,0.13942818585927036,2.2785789877013416,3.0,29.0,96.0,652.0,2011.0,0.84159589351767,-0.3662382097639373,-0.6853146323873613,2012
PP Chawla,-0.24498970408746001,-0.5537322461735559,0.308742542086096,0.33965588861342,3.0,40.0,151.0,811.0,2011.0,0.1277143441882747,-0.2920847895761889,-0.08061925869954584,2012
SB Wagh,-0.28126197959198557,-0.011898834349657602,-0.26936314524232796,0.28137135759166687,2.0,8.0,3.0,102.0,2011.0,0.08534451847122285,0.0,-0.3666064980632084,2012
Z Khan,-0.30557939231375697,-0.12538622556073636,-0.1801931667530205,1.2707753756917302,3.0,35.0,48.0,770.0,2011.0,-0.4206282710444187,-0.16727073341140108,0.282319612142063,2012
AC Voges,-0.3163728274732696,0.41789253199128623,-0.7342653594645558,,1.0,9.0,143.0,54.0,2010.0,-0.5191665305067892,-0.3646702538963408,0.5674639569298604,2012
Y Venugopal Rao,-0.3334454276333665,-0.18770613716262935,-0.14573929047073722,0.922476751631964,3.0,36.0,437.0,108.0,2011.0,-0.5399623620249521,0.17673240362419373,0.029784530767391904,2012
STR Binny,-0.3354592860346567,0.02544076145556568,-0.36090004749022236,0.13727182861897888,2.0,7.0,36.0,30.0,2011.0,0.008086520088523914,-0.191454521936693,-0.15209128418648757,2012
KP Appanna,-0.33550334103305635,-0.029258493199429705,-0.3062448478336267,0.31841735817749145,2.0,7.0,4.0,114.0,2010.0,0.0,0.17883008167863557,-0.5143334227116919,2012
SK Trivedi,-0.3471369856348888,-0.07504488640435938,-0.27209209923052935,1.6875925133549412,3.0,30.0,34.0,547.0,2011.0,-0.31573171904579145,-0.0642100100199352,0.032804743430838224,2012
J Syed Mohammad,-0.3691359472575235,-0.005372095618866523,-0.363763851638657,,1.0,5.0,12.0,90.0,2011.0,0.9402010567850059,-0.7195675404502578,-0.5897694635922714,2012
SS Tiwary,-0.36926568231959855,-0.36926568231959855,0.0,1.6245591993506736,3.0,36.0,509.0,0.0,2011.0,-0.1545934686919787,-0.2983579164005103,0.0836857027728902,2012
MR Marsh,-0.3800906804058037,-0.565739556175545,0.18564887576974132,1.0508657379634996,2.0,8.0,79.0,145.0,2011.0,-1.1484914549458942,0.3481645381574651,0.4202362363826254,2012
B Chipli,-0.3835228611026501,-0.33603747162683995,-0.04748538947581017,,1.0,14.0,170.0,6.0,2011.0,-0.3988016159262299,-0.9099478436046405,0.9252265984282203,2012
AM Rahane,-0.39800245180809013,-0.4082211590436732,0.010218707235583054,0.23447790108625868,2.0,18.0,221.0,6.0,2011.0,-0.6402810402369835,0.3934924718652539,-0.1512138834363604,2012
AB Dinda,-0.3994419139551485,-0.03138014098483919,-0.3680617729703094,2.6663517648329025,3.0,22.0,9.0,385.0,2011.0,-0.7152653321070759,0.999280890359809,-0.6834574722078814,2012
M Kaif,-0.40061841426195877,-0.40061841426195877,0.0,0.29721560152107257,2.0,12.0,63.0,0.0,2011.0,0.0,-0.2946162922906449,-0.10600212197131384,2012
R Vinay Kumar,-0.4033745704063054,-0.36010608559264623,-0.04326848481365908,1.021216519267987,3.0,38.0,123.0,739.0,2011.0,1.2297403205406043,-0.35051951457347896,-1.2825953763734304,2012
KM Jadhav,-0.4177132619898151,-0.4177132619898151,0.0,0.3936342599627806,2.0,11.0,79.0,0.0,2011.0,-0.21737350957237647,-0.17661276437949308,-0.02372698803794547,2012
CA Pujara,-0.42125603275801127,-0.42125603275801127,0.0,0.24548995310030586,2.0,17.0,146.0,0.0,2011.0,-0.12173225326800587,-0.06732804542416103,-0.23219573406584448,2012
JD Unadkat,-0.4263634462765101,0.0,-0.4263634462765101,0.15073911466090595,2.0,10.0,0.0,170.0,2011.0,-1.6738326891922797,1.4120092958218367,-0.16454005290606727,2012
JR Hopes,-0.4408416092029064,1.6286742041551039,-2.0695158133580103,,1.0,10.0,158.0,192.0,2011.0,0.2211250106875861,-0.22581247523028392,-0.43615414466020835,2012
AS Raut,-0.4643735871034303,-0.4234638647411205,-0.0409097223623098,0.11669151113255025,3.0,22.0,167.0,30.0,2011.0,0.07862435577303899,-0.07735175496393384,-0.4656461879125354,2012
SM Katich,-0.5321636664324112,-0.5321636664324112,0.0,,1.0,9.0,117.0,0.0,2009.0,0.16730824588064158,-0.6994719123130527,0.0,2012
TM Dilshan,-0.5500015174955829,0.1976093605848607,-0.7476108780804436,3.2117625272240504,3.0,30.0,574.0,217.0,2011.0,0.07016190346256912,-1.1225576392289849,0.5023942182708336,2012
S Sreesanth,-0.5515043448542645,-0.13169293587050337,-0.41981140898376124,3.1250067054540533,3.0,22.0,48.0,443.0,2011.0,0.8083248987753466,-0.40453239926140405,-0.9552968443682064,2012
SW Tait,-0.558794889146466,-0.1109254287436931,-0.4478694604027731,0.3966300897947577,2.0,12.0,23.0,276.0,2011.0,0.46220094606510587,-1.7500326413229716,0.7290368061113999,2012
ND Doshi,-0.5618753112575946,-0.37448566016975077,-0.18738965108784378,2.001354826908416,2.0,4.0,13.0,56.0,2011.0,-0.3083766522298947,-0.3882040404950753,0.13470538146737532,2012
LR Shukla,-0.5993501435601635,-0.20504066673055382,-0.3943094768296096,0.5274241136411812,3.0,14.0,121.0,156.0,2011.0,-0.46537395298786705,0.004108145844336997,-0.13808433641663337,2012
WA Mota,-0.6135417152292844,-1.0437240624296247,0.43018234720034026,,1.0,8.0,48.0,54.0,2009.0,0.0,0.49525296765388727,-1.1087946828831718,2012
TL Suman,-0.7461970795013657,-0.560119275873212,-0.18607780362815377,0.5822330309800103,3.0,34.0,498.0,138.0,2011.0,-0.9564215269392868,0.4535345054437939,-0.2433100580058729,2012
SP Goswami,-0.7493660384202256,-0.7493660384202256,0.0,0.8770079871602683,3.0,8.0,99.0,0.0,2011.0,-0.1247564452868194,-0.6246095931334061,0.0,2012
VS Malik,-0.7707276282071251,-0.010375871089377302,-0.7603517571177478,0.6497089954659852,3.0,9.0,5.0,127.0,2011.0,-0.4305889792795543,-0.2640453521632443,-0.07609329676432647,2012
DS Kulkarni,-0.7761473656771394,-0.07035892198645316,-0.7057884436906863,1.2011026952435042,3.0,15.0,21.0,300.0,2011.0,-0.37421529532668774,-0.19321901595031893,-0.20871305440013269,2012
IK Pathan,-0.788373572791677,-0.047770722262133525,-0.7406028505295437,0.09805266845803128,3.0,42.0,482.0,855.0,2011.0,0.1063683819513489,-1.0400098389415875,0.14526788419856174,2012
MA Agarwal,-0.7927288205635675,-0.7927288205635675,0.0,,1.0,8.0,120.0,0.0,2011.0,-0.14902002293547614,-0.6437087976280914,0.0,2012
LA Pomersbach,-0.8025246125683909,-0.8025246125683909,0.0,0.8498949731701209,2.0,9.0,88.0,0.0,2011.0,-0.3920310350613978,-0.08159359615546141,-0.3288999813515317,2012
JEC Franklin,-0.8145126048891499,0.27642155475430463,-1.0909341596434545,,1.0,8.0,78.0,61.0,2011.0,-0.563896731843507,-1.0579408438778524,0.8073249708322097,2012
BAW Mendis,-0.8220072152359573,-0.003428899763210152,-0.8185783154727473,0.0443637128990263,2.0,6.0,2.0,144.0,2010.0,-0.07271876199198528,-0.35174405015103877,-0.39754440309293326,2012
AP Dole,-0.8298900172836722,0.07211341787070968,-0.9020034351543819,,1.0,3.0,22.0,66.0,2010.0,-1.47487356538574,0.8696749315047417,-0.22469138340267403,2012
YA Abdulla,-0.833485001134336,-0.0033589728411781727,-0.830126028293158,1.4020492675884255,2.0,11.0,1.0,209.0,2010.0,0.6627824564136158,-0.50412610159915,-0.9921413559488019,2012
AM Salvi,-0.8541278935272094,0.0,-0.8541278935272094,1.2571421220877765,2.0,7.0,0.0,150.0,2011.0,-0.2251075339236226,-0.5072041727398853,-0.12181618686370146,2012
AA Bilakhia,-0.8600997711297089,-0.8600997711297089,0.0,0.8638673727937572,2.0,7.0,85.0,0.0,2010.0,-0.15439047194576236,-0.4836080426026567,-0.22210125658128987,2012
SC Ganguly,-0.8688837327153178,-0.6589842017454451,-0.2098995309698726,2.483632541844026,3.0,31.0,685.0,96.0,2011.0,-0.5011523154441523,-0.3936440442372664,0.02591262696610072,2012
EJG Morgan,-0.9113742312940412,-0.9113742312940412,0.0,0.4478430233095807,2.0,18.0,147.0,0.0,2011.0,-0.5217798079938355,-0.08342587484026165,-0.3061685484599439,2012
SA Asnodkar,-0.9335501482892635,-0.9335501482892635,0.0,0.9624271410298829,3.0,11.0,106.0,0.0,2011.0,-0.9782928490780789,0.04474270078881533,0.0,2012
GJ Bailey,-0.9445852485442849,-0.9445852485442849,0.0,1.043640647432424,2.0,4.0,66.0,0.0,2010.0,-0.021592253915647286,-0.9229929946286378,0.0,2012
DJ Bravo,-0.9716065276045367,-0.2063319650036346,-0.765274562600902,1.7323828399293326,3.0,27.0,262.0,476.0,2011.0,-0.4258694138108141,-0.23620029167935308,-0.3095368221143694,2012
AL Menaria,-0.9831104057628438,-0.3481732763475368,-0.634937129415307,,1.0,13.0,152.0,90.0,2011.0,-0.21913347790567642,0.1016476910442028,-0.8656246189013701,2012
R Sathish,-1.0089789106947895,-0.7095231816781757,-0.2994557290166136,0.22431364018599687,2.0,21.0,130.0,79.0,2011.0,-0.25830858118939465,-0.543783352834202,-0.20688697667119274,2012
Y Nagar,-1.0186702156425493,-0.5665553416164024,-0.45211487402614703,0.6584928014408482,3.0,13.0,126.0,60.0,2011.0,-0.2137117056316885,-0.7901243107369329,-0.014834199273927942,2012
NV Ojha,-1.0344756971844562,-1.0344756971844562,0.0,1.9941756475431158,3.0,36.0,590.0,0.0,2011.0,-1.0736166823012232,-0.284053067747576,0.323194052864343,2012
DJ Hussey,-1.048658079451695,-0.4524899187594642,-0.596168160692231,1.867071293973918,3.0,18.0,208.0,102.0,2011.0,-0.20536435352699806,-1.0544757649020684,0.21118203897737126,2012
FY Fazal,-1.0554827221585,-1.0462498802614337,-0.009232841897066192,0.38775383264375823,2.0,12.0,173.0,12.0,2011.0,-0.4437444300012781,-0.37459822766450646,-0.23714006449271519,2012
Anirudh Singh,-1.0637369273998885,-1.0637369273998885,0.0,,1.0,5.0,66.0,0.0,2010.0,0.28417266975545186,-0.666116936856305,-0.6817926602990353,2012
AM Nayar,-1.0879939500251243,-0.7122020296829418,-0.37579192034218256,1.241266560924676,3.0,26.0,270.0,133.0,2011.0,-0.020438314394392365,-1.2504474462988229,0.18289181066809093,2012
Jaskaran Singh,-1.0979075986232871,-0.09917938156445051,-0.9987282170588365,0.18859956742576173,2.0,8.0,11.0,102.0,2010.0,0.3395011769236637,-0.44883666883304824,-0.9885721067139027,2012
AA Jhunjhunwala,-1.1680298870546428,-0.7516123602059452,-0.4164175268486977,0.41023847561255117,2.0,16.0,184.0,49.0,2011.0,-0.27672305083951243,-0.8002329610308643,-0.09107387518426616,2012
RR Powar,-1.1786650030864405,-0.11561058344253741,-1.0630544196439031,1.3103167230203825,3.0,21.0,43.0,336.0,2011.0,-0.4303860817408517,-0.6121690959766857,-0.13610982536890306,2012
RV Gomez,-1.1897489195568915,-0.9362172771660577,-0.2535316423908338,,1.0,11.0,50.0,90.0,2011.0,-0.35363458438707324,-0.014008985993595346,-0.8221053491762231,2012
P Dogra,-1.2189536197276645,-1.2189536197276645,0.0,,1.0,9.0,106.0,0.0,2010.0,0.0,-0.60652261139532,-0.6124310083323443,2012
Yashpal Singh,-1.2218762084337549,-1.2218762084337549,0.0,,1.0,8.0,66.0,0.0,2009.0,-0.6104252544834178,-0.5555869229367402,-0.055864031013596875,2012
MC Henriques,-1.2373796066559675,-0.16125780350771715,-1.0761218031482502,1.7208839488343515,2.0,5.0,45.0,97.0,2010.0,-0.7217679245461222,-0.06775561748059833,-0.44785606462924665,2012
JA Morkel,-1.2653550246939385,0.2863571382102173,-1.5517121629041557,1.0172451857417637,3.0,41.0,303.0,796.0,2011.0,-1.0478726915548597,-0.18901891560180228,-0.028463417537276436,2012
AB McDonald,-1.271597617317802,-0.12364666854959379,-1.1479509487682085,0.16006027586149704,3.0,6.0,63.0,114.0,2011.0,-0.10683792169306466,-0.7438290845421232,-0.42093061108261437,2012
M Klinger,-1.27526482913386,-1.27526482913386,0.0,,1.0,4.0,77.0,0.0,2011.0,0.7621002155258327,-2.0373650446596927,0.0,2012
AN Ahmed,-1.2893840385786741,-0.09878111123370065,-1.1906029273449734,0.22007785121604673,2.0,7.0,20.0,132.0,2011.0,0.14538868243524664,-1.498633992532149,0.06386127151822847,2012
K Goel,-1.307891843571842,-1.0629614384691541,-0.2449304051026879,1.3256945597089294,2.0,15.0,153.0,54.0,2010.0,-0.30346985368245616,-0.8902608039951109,-0.11416118589427479,2012
Pankaj Singh,-1.3215296459651502,-0.012339680731893848,-1.3091899652332566,0.6030367530169911,3.0,6.0,4.0,102.0,2011.0,0.1930586812855365,-1.115093328658814,-0.39949499859187304,2012
AJ Finch,-1.3498560503242083,-1.412485805359439,0.06262975503523074,0.670253982494652,2.0,7.0,67.0,19.0,2011.0,-1.0090778901763116,-0.4650585745707606,0.1242804144228639,2012
Shoaib Ahmed,-1.3915569964016181,-0.055645071980705965,-1.3359119244209121,,1.0,8.0,6.0,102.0,2009.0,-0.7730444449222293,0.4464795698659802,-1.0649921213453688,2012
DT Christian,-1.429797069787336,-0.8589112854842337,-0.5708857843031022,,1.0,14.0,159.0,274.0,2011.0,0.056537861238927185,-0.2946161153416255,-1.1917188156846377,2012
CL White,-1.4313202062435777,-1.3983040670172757,-0.03301613922630194,0.9773712295877968,2.0,13.0,142.0,6.0,2011.0,-0.2783596128658625,-1.1385633052139406,-0.01439728816377453,2012
NLTC Perera,-1.4765263641560697,-0.23116303967982704,-1.2453633244762428,0.7867772762809304,2.0,5.0,27.0,90.0,2011.0,-0.39996461054277244,-0.7978602814239675,-0.27870147218932984,2012
AD Mathews,-1.4809732636170678,0.2724255658216158,-1.7533988294386837,0.42379392748367917,2.0,15.0,197.0,239.0,2010.0,-0.3089773174308469,-1.7815649767353934,0.6095690305491726,2012
PJ Sangwan,-1.511127349226778,-0.10567987304540503,-1.4054474761813731,0.5862221407769561,2.0,21.0,24.0,466.0,2010.0,-1.8006307083926139,0.31764925128769783,-0.028145892121861804,2012
GC Smith,-1.527769035080334,-1.527769035080334,0.0,1.33480869764287,3.0,18.0,306.0,0.0,2011.0,-0.7851134784175737,-0.7278575070497618,-0.014798049612998168,2012
MD Mishra,-1.55184983339627,-1.55184983339627,0.0,0.46110533854938407,2.0,17.0,204.0,0.0,2011.0,-1.1799677358812104,-0.4052897640852693,0.03340766657020939,2012
JDP Oram,-1.5937797898440313,-0.3843704886965988,-1.2094093011474327,0.28457375966418164,2.0,13.0,96.0,117.0,2011.0,-1.0689369332902154,-0.4553258372388901,-0.06951701931492571,2012
L Balaji,-1.5998351409973077,-0.08351110942851714,-1.5163240315687907,0.631830240247739,3.0,34.0,32.0,630.0,2011.0,-0.7601384004738128,0.17311449859418365,-1.0128112391176785,2012
S Ladda,-1.6367801407651767,-0.06011102267290092,-1.5766691180922758,0.43110133378621973,2.0,7.0,9.0,114.0,2011.0,0.07510833179023184,-1.0756122516315183,-0.6362762209238907,2012
Kamran Khan,-1.695560312894342,-0.005415391988980874,-1.6901449209053612,2.4104133906805303,3.0,9.0,5.0,160.0,2011.0,-1.477622091693481,-0.18429651371285757,-0.03364170748800376,2012
S Randiv,-1.7030360161282874,-0.019832772697503616,-1.6832032434307838,,1.0,8.0,4.0,174.0,2011.0,-0.9446344170569622,-0.9473473076029763,0.18894570853165107,2012
VVS Laxman,-1.7392789976761893,-1.7392789976761893,0.0,0.3745890636172061,3.0,14.0,135.0,0.0,2011.0,-1.4723022545529376,-0.26697674312325204,0.0,2012
M Morkel,-1.7765002896427737,-0.22597287734836466,-1.5505274122944088,1.4926717280783897,3.0,15.0,49.0,342.0,2011.0,-1.7973139027930194,-0.1562275274399601,0.1770411405902061,2012
ST Jayasuriya,-1.7927513419485177,-1.6752732904638736,-0.11747805148464391,0.03714648649797814,2.0,16.0,223.0,168.0,2010.0,-1.8311297130268522,0.11188866346326182,-0.07351029238492726,2012
M Manhas,-1.803824964042457,-1.8343713669695032,0.03054640292704624,0.9780324396904797,3.0,29.0,334.0,42.0,2011.0,-0.40316235012737406,-0.9635061557382472,-0.43715645817683585,2012
P Parameswaran,-1.8261303878786979,-0.0004539208345781898,-1.8256764670441197,,1.0,5.0,1.0,94.0,2011.0,-2.452382110556612,0.2698217442036734,0.3564299784742405,2012
PA Patel,-1.8830841701445187,-1.8830841701445187,0.0,1.2160171177904675,3.0,27.0,388.0,0.0,2011.0,-1.5964453389054227,0.10101604542656485,-0.3876548766656609,2012
MS Bisla,-1.9393595945923134,-1.9393595945923134,0.0,0.9510614883638111,2.0,15.0,267.0,0.0,2011.0,-0.3443725134146234,-1.4378981100131059,-0.15708897116458426,2012
RJ Quiney,-1.99220871328194,-1.99220871328194,0.0,,1.0,7.0,102.0,0.0,2009.0,-2.2242831826472718,0.5349078950114179,-0.30283342564608656,2012
Joginder Sharma,-2.077804242479683,-0.042672694520736715,-2.035131547958946,0.9356371111693197,3.0,8.0,19.0,108.0,2011.0,-1.0165031811408314,-0.4141623374488177,-0.6471387238900339,2012
MS Gony,-2.147310687144369,-0.05171773272188834,-2.0955929544224805,1.3672244501455517,3.0,13.0,15.0,204.0,2011.0,-1.927144394014825,0.13887195735304297,-0.35903825048258686,2012
AB Agarkar,-2.167339236153029,-0.023084038811421542,-2.144255197341607,0.7519827366241936,3.0,25.0,92.0,480.0,2011.0,-0.7237804404871644,-0.5551298961005333,-0.8884288995653307,2012
DJ Jacobs,-2.285088154377728,-2.285088154377728,0.0,,1.0,6.0,88.0,0.0,2011.0,-2.045337873472288,-0.23975028090543965,0.0,2012
UT Yadav,-2.3464038797666844,-0.02987036687873658,-2.316533512887948,1.9943579696384948,2.0,14.0,9.0,252.0,2011.0,-2.5900348256703274,-0.04704276753666871,0.29067371344031184,2012
VRV Singh,-2.3938548345367594,0.0,-2.3938548345367594,0.34017107062256047,2.0,6.0,0.0,72.0,2010.0,-0.7558884998122684,-1.241454863464472,-0.39651147126001896,2012
P Kumar,-2.4650585435913737,-0.20912098703647247,-2.255937556554901,0.18715683801936403,3.0,38.0,85.0,844.0,2011.0,-0.8066589280757492,-0.532450992098523,-1.1259486234171017,2012
TG Southee,-2.5460315975508223,0.0,-2.5460315975508223,,1.0,5.0,0.0,114.0,2011.0,-1.4082523522960848,0.16155903829909837,-1.2993382835538363,2012
JE Taylor,-2.5811351124896467,-0.012897100117371184,-2.5682380123722757,,1.0,5.0,3.0,117.0,2011.0,-1.7846603118173159,-0.08709475237700816,-0.7093800482953228,2012
SJ Srivastava,-2.728134511863353,-0.002264809134979133,-2.7258697027283736,0.1807490405308949,2.0,14.0,5.0,282.0,2011.0,-2.1358487739371412,-0.537413360862819,-0.0548723770633929,2012
B Lee,-2.7535172473042318,-0.20726125077710056,-2.546255996527131,3.4607670551738114,3.0,21.0,52.0,479.0,2011.0,-2.399550005386133,-0.05011376976557441,-0.3038534721525241,2012
S Tyagi,-2.900191248577278,-0.007803686614303606,-2.8923875619629746,2.2268522676307203,2.0,14.0,4.0,209.0,2010.0,-2.0921585448070976,-0.0866563891385373,-0.7213763146316431,2012
A Flintoff,-2.955641970643048,0.7563126019900968,-3.711954572633145,,1.0,3.0,53.0,66.0,2009.0,-0.8622492788490038,0.5383365994183877,-2.6317292912124315,2012
A Mithun,-3.3199909619923726,-0.04540097970736107,-3.274589982285012,1.55932743641033,3.0,14.0,24.0,246.0,2011.0,-0.7512109682885314,-1.6345040193994635,-0.934275974304378,2012
R McLaren,-3.6772561249791735,-0.9989469466528238,-2.6783091783263493,0.9626612985636078,2.0,16.0,165.0,312.0,2011.0,-0.3076398860333758,-2.3843128999642205,-0.985303338981577,2012
S Narwal,-4.6454665830010455,-0.10981982359037128,-4.535646759410675,,1.0,5.0,12.0,94.0,2010.0,-0.5638478220710043,-1.426224242413593,-2.6553945185164487,2012
JJ van der Wath,-6.380982056950897,-0.32710126023013375,-6.053880796720763,,1.0,3.0,16.0,72.0,2011.0,-2.5527660720509613,-2.7713662382724262,-1.0568497466275086,2012
CH Gayle,12.335694935660099,12.562698494157996,-0.22700355849789505,6.081075432936356,3.0,35.0,972.0,340.0,2012.0,3.622079440496754,6.783657224168584,1.9299582709947625,2013
SP Narine,7.664693909385159,-0.008255914613543318,7.672949823998702,,1.0,15.0,7.0,355.0,2012.0,1.2948582917468396,2.765006710007834,3.6048289076304854,2013
WPUJC Vaas,6.81391729855378,-0.7660172320232609,7.579934530577041,,1.0,6.0,34.0,132.0,2010.0,8.803179711963848,-1.647087987308465,-0.3421744261016043,2013
SR Watson,5.9819153446284545,5.225301739926184,0.75661360470227,0.8385357582055756,3.0,24.0,535.0,486.0,2012.0,3.0027439025937204,2.4882525039662786,0.4909189380684554,2013
KP Pietersen,5.7990683976930475,6.1893592650621265,-0.39029086736907886,0.2739181831587798,2.0,15.0,364.0,96.0,2012.0,2.212821247840072,2.0890833719378348,1.4971637779151397,2013
V Sehwag,5.465068889945808,5.478640740533468,-0.013571850587659126,2.6897182019175387,3.0,41.0,765.0,58.0,2012.0,1.7487826877516974,3.5057464531473213,0.21053974904678968,2013
DW Steyn,5.160212074051952,-0.22481064847804633,5.385022722529998,2.097826270883635,3.0,39.0,73.0,907.0,2012.0,3.1154817944106052,1.355567158457652,0.6891631211836942,2013
BW Hilfenhaus,4.85834749913696,0.0,4.85834749913696,,1.0,9.0,0.0,204.0,2012.0,4.973652707238972,0.04624225845679165,-0.16154746655880275,2013
SL Malinga,4.692052563203463,-0.3009990219732765,4.993051585176739,1.5936465332291647,3.0,43.0,63.0,1005.0,2012.0,1.074017215611233,1.0672913714010448,2.550743976191185,2013
A Chandila,4.5118324447324065,-0.0027823934421356165,4.514614838174542,,1.0,4.0,1.0,84.0,2012.0,4.252969315387427,0.26164552278711567,-0.0027823934421356165,2013
AD Mascarenhas,4.4737436875773025,-0.28451380702831885,4.758257494605621,1.6817922186617837,2.0,6.0,26.0,144.0,2012.0,3.5056777619456407,1.3182854977382072,-0.35021957210654486,2013
R Ashwin,4.10329412014861,-0.15664675652332333,4.2599408766719336,2.6701483752002666,3.0,46.0,61.0,1061.0,2012.0,2.1631293673718393,1.4552245238322663,0.4849402289445041,2013
A Kumble,3.567386096343509,-0.046721885126732865,3.614107981470242,,1.0,16.0,11.0,380.0,2010.0,0.30779744439432993,1.3886204598721363,1.8709681920770433,2013
KK Cooper,3.4839363176090505,0.1768179300362828,3.3071183875727677,,1.0,6.0,20.0,144.0,2012.0,1.8657722030201471,0.5720146668806197,1.0461494477082838,2013
F du Plessis,3.482032582031329,3.5117431118153903,-0.02971052978406135,,1.0,12.0,304.0,6.0,2012.0,3.594804252065711,0.7124064580028344,-0.8251781280372168,2013
S Dhawan,3.331711958243954,3.3132301362399588,0.01848182200399484,3.0631777220796135,3.0,39.0,919.0,48.0,2012.0,3.269010295858921,-0.26541219587243525,0.32811385825746753,2013
G Gambhir,3.3162194313999604,3.3162194313999604,0.0,2.3026984544169187,3.0,43.0,945.0,0.0,2012.0,2.555525628041963,0.9314887855283175,-0.17079498217031963,2013
SE Bond,3.060231625361635,-0.013562072336286467,3.0737936976979214,,1.0,8.0,2.0,186.0,2010.0,2.2298166468419525,1.251898947762929,-0.42148396924324616,2013
Shakib Al Hasan,2.7666888814249244,-0.4188004499684562,3.1854893313933808,0.2553358743309968,2.0,15.0,96.0,333.0,2012.0,-0.2992903764574318,2.072976322284495,0.9930029355978611,2013
DS Kulkarni,2.635217277504589,0.02048825255152304,2.614729024953066,2.7956995289976225,3.0,9.0,9.0,192.0,2012.0,3.521169330808778,0.10196592053375104,-0.9879179738379404,2013
L Balaji,2.580337601525173,-0.04460182999239248,2.6249394315175656,3.923883134796093,3.0,29.0,22.0,586.0,2012.0,1.047694158059176,1.3011178253872295,0.23152561807876726,2013
SE Marsh,2.556204961108704,2.556204961108704,0.0,2.2918460441195703,3.0,31.0,738.0,0.0,2012.0,-0.9936230918025493,2.9561740996250294,0.5936539532862246,2013
CRD Fernando,2.4694783889943737,-0.002326463689236259,2.47180485268361,,1.0,5.0,2.0,114.0,2010.0,0.09348416666345347,1.2218220901859262,1.154172132144994,2013
P Awana,2.3966205124759417,-0.009111307099893972,2.4057318195758355,,1.0,12.0,5.0,282.0,2012.0,2.402600272934095,0.08564228655271099,-0.0916220470108646,2013
SR Tendulkar,2.3764208828303994,2.3764208828303994,0.0,2.880272108506564,3.0,44.0,1237.0,0.0,2012.0,2.1942999617545826,-0.0749150554686937,0.2570359765445108,2013
SK Raina,2.3371046938645472,2.452160639055301,-0.11505594519075359,1.8252500516468426,3.0,50.0,1014.0,392.0,2012.0,0.4236539823846402,1.4126082901891668,0.5008424212907397,2013
AM Rahane,2.224191516495728,2.224191516495728,0.0,1.990565277003622,2.0,26.0,531.0,0.0,2012.0,0.8476668207155472,0.749520098091359,0.6270045976888226,2013
M Muralitharan,2.1857983504693976,-0.054500192007246664,2.240298542476644,2.6435689538591265,3.0,27.0,19.0,642.0,2012.0,-0.23716613018118315,2.6491350051207365,-0.22617052447015584,2013
CL White,2.1270831144914206,2.1902910683437753,-0.06320795385235456,3.3141855378036333,3.0,26.0,462.0,24.0,2012.0,-0.11000025828103169,0.6127199959844591,1.624363376787993,2013
DA Warner,1.9611178728257876,1.9611178728257876,0.0,1.6349097568639641,3.0,32.0,623.0,0.0,2012.0,-0.22604239061339992,1.861014486707845,0.3261457767313424,2013
Iqbal Abdulla,1.9384946608448712,-0.003494272068747932,1.9419889329136193,2.4849962966974792,3.0,27.0,16.0,483.0,2012.0,1.0386054087730754,0.6606159981787373,0.23927325389305867,2013
MM Patel,1.8918719059635505,-0.027351623297575206,1.9192235292611257,3.397754126242864,3.0,31.0,13.0,684.0,2012.0,1.4895981380813113,1.1740233875251787,-0.7717496196429394,2013
T Thushara,1.844930793171137,-0.1411250048243331,1.98605579799547,,1.0,4.0,11.0,87.0,2010.0,1.4613819669396237,1.0487446169355163,-0.6651957907040034,2013
DR Smith,1.8201660710153187,2.1819766081396104,-0.361810537124292,2.239587557835834,2.0,10.0,123.0,101.0,2012.0,1.4390381955084837,0.09275842344922147,0.2883694520576133,2013
RE van der Merwe,1.8200358564464008,-0.062260181436043005,1.8822960378824438,0.3124585178757302,3.0,8.0,18.0,173.0,2012.0,0.30480071760142546,0.9647256763312693,0.550509462513706,2013
SPD Smith,1.8113717168459675,1.813734942166763,-0.0023632253207954315,,1.0,15.0,267.0,2.0,2012.0,0.10465316027731768,0.28944819415064327,1.4172703624180065,2013
Azhar Mahmood,1.7352396456494739,0.19537955142684713,1.5398600942226268,,1.0,11.0,142.0,256.0,2012.0,1.0216033207994177,0.6597881002630889,0.05384822458696742,2013
M Vijay,1.730495691722919,1.730495691722919,0.0,2.0352644383204685,3.0,45.0,898.0,0.0,2012.0,0.38786271201516587,1.1816157370202063,0.16101724268754686,2013
Yuvraj Singh,1.6901647287338606,0.509516070424615,1.1806486583092457,1.4723912617818498,2.0,28.0,460.0,312.0,2011.0,-0.7127288957598842,1.7243265303518631,0.6785670941418817,2013
AB Dinda,1.688088420970312,-0.035860052508433195,1.7239484734787451,2.051655659134895,3.0,20.0,11.0,385.0,2012.0,0.9990599528687507,0.3675363949431386,0.32149207315842243,2013
S Sohal,1.6835686368284122,1.6835686368284122,0.0,,1.0,11.0,191.0,0.0,2011.0,2.057286989826715,-0.20093837316307886,-0.17277997983522456,2013
MS Dhoni,1.625288543084552,1.625288543084552,0.0,1.5605247451713957,3.0,47.0,735.0,0.0,2012.0,-0.10713997793770849,0.16499744792155285,1.5674310731007077,2013
PD Collingwood,1.6237143141643895,0.7859925696850119,0.8377217444793776,,1.0,8.0,156.0,89.0,2010.0,0.005775759957481684,-0.6059402147377839,2.2238787689446915,2013
CK Langeveldt,1.574585892875655,-0.037477403038075535,1.6120632959137304,0.2989597585071939,2.0,6.0,9.0,132.0,2011.0,1.102122336667378,-0.008894740688177694,0.4813582968964545,2013
M Morkel,1.5721524335423571,-0.15863180195945503,1.7307842355018122,3.806174693254149,3.0,29.0,46.0,678.0,2012.0,0.881016850063401,-0.2307316823473218,0.9218672658262783,2013
WD Parnell,1.5686925610539235,-0.6762151668801928,2.244907727934116,1.1900862834332562,2.0,14.0,66.0,302.0,2012.0,0.40943866425054964,-0.18924740957193265,1.3485013063753066,2013
A Mishra,1.5344366197722232,-0.22715529738217893,1.761591917154402,1.974218066626723,3.0,42.0,120.0,920.0,2012.0,0.5090950454402594,1.065683687820505,-0.04034211348854144,2013
P Negi,1.4669996921743895,-0.1491269992938842,1.6161266914682737,,1.0,8.0,29.0,132.0,2012.0,0.0,2.0560558672906235,-0.5890561751162339,2013
GB Hogg,1.3980235286943634,-0.13316252594119699,1.5311860546355605,,1.0,9.0,16.0,216.0,2012.0,-0.06478773135200967,1.1527730080814231,0.3100382519649501,2013
MEK Hussey,1.3811642657788772,1.3811642657788772,0.0,2.0091628352199713,3.0,25.0,694.0,0.0,2012.0,1.2095281214874893,0.11471227529539894,0.05692386899598895,2013
DP Nannes,1.3733013738029087,-0.059727318509849726,1.4330286923127589,1.1089770734607354,2.0,11.0,13.0,230.0,2011.0,1.1537167728348745,-0.2878992402736714,0.507483841241706,2013
SK Warne,1.2685616472924,-0.23281547001979713,1.501377117312197,1.9728637521101562,2.0,27.0,39.0,582.0,2011.0,-0.8954718622447668,1.5511689503678328,0.612864559169334,2013
KMDN Kulasekara,1.226576859464376,0.0036584021418410257,1.2229184573225351,1.0888428097462763,2.0,5.0,3.0,102.0,2012.0,0.3109247658928386,-0.13059524455194327,1.0462473381234807,2013
AB de Villiers,1.2011151614542366,1.2011151614542366,0.0,1.81820345789544,3.0,38.0,560.0,0.0,2012.0,0.005372022949908101,-0.40702323017801123,1.6027663686823397,2013
RJ Harris,1.1656556825967983,-0.19410298222465078,1.359758664821449,1.8593639928974237,3.0,26.0,89.0,574.0,2012.0,0.8406451530359506,0.7040862789892577,-0.3790757494284101,2013
AT Rayudu,1.128371282259301,1.128371282259301,0.0,0.903338040592991,3.0,47.0,848.0,0.0,2012.0,-0.3700336883840698,0.7229628323736843,0.7754421382696866,2013
PP Ojha,1.078969733877198,-0.11773186074952621,1.196701594626724,0.9830859480260709,3.0,35.0,22.0,754.0,2012.0,-0.25640490532537125,1.8768447514060689,-0.5414701122034995,2013
R Sharma,1.071823748721675,-0.1702380965127756,1.2420618452344505,3.414112761620115,3.0,31.0,58.0,646.0,2012.0,-0.24055701628270282,1.7458904507638957,-0.4335096857595179,2013
OA Shah,1.0031203969179938,1.0031203969179938,0.0,0.8976985020275361,3.0,21.0,366.0,0.0,2012.0,0.2694194292811496,0.05311121861720648,0.6805897490196378,2013
S Badrinath,0.9735557363306367,0.9735557363306367,0.0,1.173710824840981,3.0,46.0,797.0,0.0,2012.0,-0.07886550301074707,1.0784700455812197,-0.02604880623983591,2013
R Dravid,0.9478053795609043,0.9478053795609043,0.0,0.34827627326596905,3.0,44.0,925.0,0.0,2012.0,2.246818246557101,-1.2087897012510744,-0.09022316574512262,2013
AB McDonald,0.9367333434606875,-0.11687674175152209,1.0536100852122097,2.147993747811767,3.0,8.0,94.0,156.0,2012.0,0.4968132979236176,0.4366170193775797,0.003303026159490574,2013
DL Vettori,0.9211839100686257,-0.30669667690257374,1.2278805869711993,2.280810139167147,3.0,25.0,81.0,590.0,2012.0,-0.26978220185726953,0.8085155090881064,0.3824506028377886,2013
DE Bollinger,0.7658904972742754,-0.03436275627580854,0.8002532535500837,3.1262279144098817,3.0,27.0,23.0,576.0,2012.0,-1.2551571625312432,0.5316882777315528,1.4893593820739652,2013
Mandeep Singh,0.7430433200723011,0.7430433200723011,0.0,1.2729542701494398,3.0,25.0,394.0,0.0,2012.0,1.0502859133403917,0.0871650014850361,-0.3944075947531269,2013
Ankit Sharma,0.7209303912664533,-0.05394334432388498,0.7748737355903383,,1.0,9.0,13.0,145.0,2012.0,2.4244615937447054,-1.1902520190191594,-0.5132791834590926,2013
YK Pathan,0.714748342143317,0.2720595603321677,0.44268878181114923,3.345684233786421,3.0,46.0,571.0,570.0,2012.0,-0.40815399903625293,0.8872129057172966,0.23568943546227328,2013
RG Sharma,0.7109798074680215,1.0086646925196845,-0.29768488505166313,0.2479500629349501,3.0,49.0,941.0,144.0,2012.0,-0.38635477980249316,0.3217819621282291,0.7755526251422855,2013
SW Tait,0.6411859348129116,-0.05454613581601339,0.6957320706289251,1.2308135328360175,3.0,18.0,23.0,413.0,2012.0,0.3351062205442412,-0.5731047203546268,0.8791844346232973,2013
BJ Hodge,0.5607924216365558,0.3537748114166579,0.20701761021989798,1.108267341975829,3.0,30.0,501.0,108.0,2012.0,-0.11554978892859764,0.24325867249478428,0.43308353807036915,2013
I Sharma,0.5580496547029554,-0.13244762745593885,0.6904972821588942,3.2743175300743435,2.0,19.0,22.0,414.0,2011.0,2.0950652343970138,-0.12864940818734105,-1.4083661715067173,2013
RA Jadeja,0.5466834916182521,0.2932918435034504,0.2533916481148017,0.8743429988446875,2.0,32.0,379.0,462.0,2012.0,-0.11686356561624117,0.250960686536909,0.41258637069758425,2013
MF Maharoof,0.5392158817908093,-0.04537807887098241,0.5845939606617917,,1.0,7.0,23.0,144.0,2010.0,1.0257245046433139,-0.33357067166714455,-0.15293795118535997,2013
MJ Lumb,0.5305934956304283,0.5305934956304283,0.0,0.9466348498075039,2.0,12.0,194.0,0.0,2011.0,0.8239394297309953,-0.29334593410056703,0.0,2013
AC Gilchrist,0.4364440558128036,0.4364440558128036,0.0,0.9516677315136913,3.0,37.0,623.0,0.0,2012.0,-0.972195831930135,1.246586660903725,0.16205322683921358,2013
V Kohli,0.37462915174117506,0.7210886269933287,-0.3464594752521535,2.037633012725046,3.0,47.0,998.0,152.0,2012.0,-0.7165102480133987,-0.05365820032996743,1.1447976000845412,2013
Z Khan,0.36651327533855926,-0.12172637200404962,0.4882396473426089,1.2463179855071396,3.0,44.0,54.0,1004.0,2012.0,0.22777258431909703,-0.45709746336339624,0.5958381543828586,2013
RV Uthappa,0.3654598102447965,0.3654598102447965,0.0,2.0260740232680683,3.0,46.0,770.0,0.0,2012.0,-0.6229085721163079,0.5003341030113405,0.4880342793497641,2013
JH Kallis,0.3551499618686353,-0.06565648714651018,0.4208064490151455,1.0373166351554937,3.0,48.0,1256.0,810.0,2012.0,0.9331745389630111,-1.2634539785464698,0.685429401452094,2013
AG Murtaza,0.3372293417024724,-0.0851633078584015,0.42239264956087386,0.630376362918165,3.0,9.0,10.0,204.0,2012.0,0.3544723179553728,0.5383880088971479,-0.5556309851500483,2013
SK Trivedi,0.31645334942337827,-0.011848229543895835,0.3283015789672742,1.7239789605117548,3.0,37.0,22.0,739.0,2012.0,-0.616106929001708,1.0033264871577585,-0.07076620873267206,2013
Harmeet Singh,0.2991630479745071,0.013744427722544732,0.2854186202519624,1.7354363297728586,3.0,17.0,8.0,320.0,2012.0,0.6376831997303245,-1.0435618232810218,0.7050416715252041,2013
Harbhajan Singh,0.2918114810140169,0.002696283995863913,0.28911519701815314,1.7473769348952457,3.0,47.0,214.0,963.0,2012.0,0.8805634791959728,-0.9346798042611053,0.34592780607914964,2013
MS Bisla,0.24304707737975018,0.24304707737975018,0.0,2.0739566309697044,3.0,22.0,427.0,0.0,2012.0,1.012290048322775,-0.6854621863219132,-0.08378078462111162,2013
RN ten Doeschate,0.23981607111866132,0.18279047358172096,0.05702559753694031,0.9148588588248923,2.0,9.0,94.0,24.0,2012.0,0.0753892383888918,0.3527587955926117,-0.18833196286284232,2013
J Theron,0.23516684156478257,-0.03210570112584773,0.26727254269063033,0.0693923559227127,2.0,9.0,11.0,192.0,2012.0,-0.18531539532737357,0.5180351037120853,-0.09755286681992908,2013
B Kumar,0.22145780286787733,-0.25733593712471753,0.4787937399925949,0.18724693381337248,2.0,15.0,41.0,300.0,2012.0,-0.4456067117494764,0.08368491613445311,0.5833795984829004,2013
DB Ravi Teja,0.22121150558941352,0.22561731586603287,-0.0044058102766193295,0.4700029858827521,2.0,14.0,148.0,6.0,2012.0,0.0377340575571877,0.18380843923781723,-0.0003309912055914424,2013
JM Kemp,0.21330464631362686,-0.22163466098145554,0.4349393072950824,,1.0,5.0,24.0,44.0,2010.0,-0.003312077055108305,0.48156548183288145,-0.2649487584641463,2013
PP Chawla,0.17275195077397829,-0.5008763847409805,0.6736283355149588,0.3247184405051345,3.0,42.0,203.0,884.0,2012.0,0.2651175001195569,-0.1279208024812257,0.035555253135647086,2013
S Nadeem,0.17238824244190437,-0.004217834282643468,0.1766060767245478,0.14892463601833716,2.0,17.0,3.0,384.0,2012.0,0.186164130102022,0.3571858377611919,-0.37096172542130945,2013
KA Pollard,0.16268264220896753,0.5390191003476628,-0.3763364581386952,2.8941954325599992,3.0,44.0,439.0,740.0,2012.0,-0.13633053456611285,-0.37733453356514896,0.6763477103402293,2013
A Symonds,0.14856164480625544,-0.42254385038779296,0.5711054951940485,2.2376717039366594,2.0,27.0,479.0,342.0,2011.0,-0.004186538245091714,0.20487038117136536,-0.05212219812001824,2013
DPMD Jayawardene,0.10885143459556323,0.10885143459556323,0.0,2.982313485400187,3.0,42.0,853.0,0.0,2012.0,0.14829746583643488,-0.3237504082807201,0.2843043770398486,2013
S Sreesanth,0.04056937726911136,-0.08003783597442919,0.12060721324354073,3.424505744404189,2.0,15.0,30.0,305.0,2011.0,1.5755503998986502,-1.106159136763955,-0.42882188586558273,2013
R Bhatia,0.038043472068308416,-0.11011738132151369,0.14816085338982213,1.3028404769759003,3.0,36.0,67.0,607.0,2012.0,-0.2717437478987896,0.014051354368257052,0.2957358655988409,2013
S Anirudha,0.013770277804910691,0.013770277804910691,0.0,0.1886959805248731,3.0,17.0,99.0,0.0,2012.0,0.011551055233745765,0.03970378439815425,-0.037484561826989324,2013
DB Das,0.001874170848840234,0.001874170848840234,0.0,,1.0,15.0,93.0,0.0,2012.0,-0.10816515141230572,0.05980087778294551,0.05023844447820045,2013
DT Christian,-0.01885787283257223,-0.3571098450111378,0.3382519721785655,1.1287513575638108,2.0,21.0,277.0,436.0,2012.0,1.3773077183718088,-0.1547765399339257,-1.2413890512704557,2013
Pankaj Singh,-0.02450860201980598,-0.0057862469418339954,-0.01872235507797204,1.5014200058391725,3.0,9.0,2.0,186.0,2012.0,1.4841548615195403,-0.7190012953857017,-0.7896621681536449,2013
KC Sangakkara,-0.026074058003599854,-0.026074058003599854,0.0,2.063825331750648,3.0,38.0,734.0,0.0,2012.0,-0.08808251856760041,-0.2575750028714263,0.31958346343542704,2013
STR Binny,-0.04286217984519976,0.05462791577067348,-0.09749009561587324,0.2798731630040811,3.0,15.0,103.0,90.0,2012.0,-0.24157174477818347,0.28865039602119724,-0.08994083108821352,2013
RP Singh,-0.1072162880698515,-0.10937333829315224,0.0021570502233007605,1.7029789364709906,3.0,37.0,35.0,798.0,2012.0,0.22856991452276934,0.02980493032655196,-0.36559113291917267,2013
DA Miller,-0.1295532574548017,-0.1295532574548017,0.0,,1.0,6.0,75.0,0.0,2012.0,0.0,-0.7265291389261342,0.5969758814713325,2013
Bipul Sharma,-0.14664307602749638,0.21103180499921997,-0.3576748810267163,1.6368664352491016,3.0,14.0,72.0,178.0,2012.0,0.34729857102664574,-0.03161734100650743,-0.4623243060476347,2013
UT Yadav,-0.1669970967299893,-0.03250140365381814,-0.13449569307617126,2.4071097388436846,3.0,31.0,16.0,618.0,2012.0,-0.9362053471998761,0.3348957368461667,0.4343125136237202,2013
J Botha,-0.17349577654795856,-0.04700260201191925,-0.12649317453603925,1.529944855240723,2.0,21.0,252.0,462.0,2012.0,-2.091090698518611,1.24400491162847,0.6735900103421819,2013
AJ Finch,-0.18582525237567626,-0.21864195035069312,0.032816697975016886,1.1422967215073894,3.0,9.0,118.0,19.0,2012.0,1.0184160751366904,-1.2643820405819473,0.06014071306958041,2013
AC Thomas,-0.1904294890207891,-0.08853933689548078,-0.10189015212530839,1.0001833139447787,2.0,15.0,19.0,315.0,2012.0,0.41858048637876294,0.3907458970793524,-0.9997558724789042,2013
DJ Bravo,-0.1942916283383027,0.640723508406936,-0.8350151367452386,1.8432409327602461,3.0,34.0,323.0,623.0,2012.0,-0.8138915356658041,-0.6714960893897355,1.291095996717237,2013
AC Blizzard,-0.20617129683459737,-0.20617129683459737,0.0,0.20106188612899525,2.0,7.0,90.0,0.0,2012.0,-0.10634747094259987,-0.0998238258919975,0.0,2013
DJ Hussey,-0.21628280025690083,-0.02153323595641321,-0.19474956430048768,1.6274632823733368,3.0,30.0,454.0,132.0,2012.0,-0.5537225562817284,0.0048949436692313775,0.33254481235559613,2013
SD Chitnis,-0.25549831085171515,-0.25549831085171515,0.0,0.03513464361146072,2.0,7.0,71.0,0.0,2012.0,-0.10740610692340795,0.21637852206602315,-0.3644707259943303,2013
SB Wagh,-0.2671934117124022,-0.011422880975671297,-0.2557705307367309,0.28137135759166687,2.0,8.0,3.0,102.0,2011.0,0.08474882642827786,0.0,-0.35194223814068004,2013
WP Saha,-0.283593127974224,-0.283593127974224,0.0,0.1622669044141153,3.0,23.0,130.0,0.0,2012.0,0.05422163043199091,-0.40698680659727104,0.06917204819105617,2013
AC Voges,-0.3163728274732696,0.41789253199128623,-0.7342653594645558,,1.0,9.0,143.0,54.0,2010.0,-0.5191665305067892,-0.3646702538963408,0.5674639569298604,2013
VR Aaron,-0.3297352185310794,-0.036628039651286484,-0.293107178879793,0.9115961978510949,2.0,12.0,8.0,258.0,2012.0,0.9440937700939213,0.125525448405933,-1.3993544370309337,2013
LR Shukla,-0.3666716120335888,-0.15879359939459953,-0.20787801263898925,0.47080655065566446,3.0,16.0,93.0,84.0,2012.0,-0.2866047341120046,0.05850574749313684,-0.13857262541472098,2013
JP Duminy,-0.3737715328312257,0.4327373651060037,-0.8065088979372295,0.5142082119313054,3.0,26.0,495.0,213.0,2012.0,-0.08106348233344851,-1.6378032404438552,1.3450951899460777,2013
MA Agarwal,-0.3852269415108758,-0.3852269415108758,0.0,0.3260015032421534,2.0,23.0,278.0,0.0,2012.0,-0.4375558436073783,-0.7764986525455551,0.8288275546420576,2013
KM Jadhav,-0.39803154899167603,-0.39803154899167603,0.0,0.3936342599627806,2.0,11.0,79.0,0.0,2011.0,-0.20715021432440814,-0.18088132644353658,-0.01000000822373126,2013
KD Karthik,-0.40530681603424956,-0.40530681603424956,0.0,0.6728046107567485,3.0,45.0,670.0,0.0,2012.0,0.16810078023973413,-0.374000884532262,-0.19940671174172167,2013
AUK Pathan,-0.4172097028137818,-0.1648707912017967,-0.2523389116119851,0.10492299198651628,2.0,8.0,23.0,39.0,2012.0,-0.012062568973313526,-0.25969972046348083,-0.14544741337698744,2013
M Kaif,-0.42224361546387307,-0.42224361546387307,0.0,0.24363883210453616,3.0,13.0,79.0,0.0,2012.0,0.0,-0.16109827259888898,-0.26114534286498403,2013
VY Mahesh,-0.42352511060670905,0.0,-0.42352511060670905,0.2582325953835493,2.0,5.0,0.0,74.0,2012.0,0.0,-0.3693393917570187,-0.05418571884969048,2013
MR Marsh,-0.43263396730397885,-0.5663312297356,0.13369726243162117,1.0508657379634996,2.0,8.0,79.0,145.0,2011.0,-1.1378801619196621,0.33640125394325576,0.36884494067242757,2013
JR Hopes,-0.4408416092029064,1.6286742041551039,-2.0695158133580103,,1.0,10.0,158.0,192.0,2011.0,0.2211250106875861,-0.22581247523028392,-0.43615414466020835,2013
ND Doshi,-0.46180756991217364,-0.3595062337629607,-0.10230133614921288,2.001354826908416,2.0,4.0,13.0,56.0,2011.0,-0.29604158614069886,-0.358189077076146,0.1924230933046714,2013
AS Raut,-0.5074544646025889,-0.49945158906835146,-0.008002875534237508,0.0704202606128699,2.0,13.0,106.0,6.0,2011.0,0.09434922692764679,0.006920926429452759,-0.6087246179596885,2013
JD Ryder,-0.5165239242012591,-0.16730315519073685,-0.34922076901052224,1.318785816524875,2.0,24.0,409.0,134.0,2012.0,0.26987354382344564,-0.869400486490427,0.08300301846572211,2013
MK Tiwary,-0.5614462404783439,-0.5411978431214934,-0.020248397356850495,0.8082019659645951,3.0,44.0,757.0,18.0,2012.0,-0.34004797252650437,0.03398504638983946,-0.25538331434167894,2013
DJ Harris,-0.570114876273192,-0.3892442252471653,-0.18087065102602673,,1.0,4.0,101.0,18.0,2012.0,-1.2792756447257976,0.757651643634675,-0.04849087518206935,2013
P Parameswaran,-0.595758933693658,-0.0024888815147465016,-0.5932700521789116,0.9842971633480317,2.0,8.0,2.0,154.0,2012.0,0.03280540549091493,-0.5515011637408178,-0.07706317544375524,2013
VS Malik,-0.627094123414989,-0.013834494785836406,-0.6132596286291526,0.679162084748693,2.0,4.0,5.0,55.0,2011.0,-0.261284486990017,-0.26196444549314635,-0.1038451909318256,2013
LRPL Taylor,-0.6844660074653492,-0.6785604068631013,-0.005905600602247845,0.14452512930936404,3.0,31.0,398.0,6.0,2012.0,-0.20535487028964036,-0.7014693552085421,0.22235821803283323,2013
Y Venugopal Rao,-0.6960575620342264,-0.5885539578747235,-0.10750360415950286,0.8452114604388364,3.0,30.0,449.0,30.0,2012.0,-0.4828523970582196,-0.3748511051515241,0.16164594017551723,2013
SS Tiwary,-0.6977122696002779,-0.6977122696002779,0.0,1.7058855500073793,3.0,46.0,667.0,0.0,2012.0,-0.28328629195562677,-0.6587908938601986,0.24436491621554735,2013
AD Mathews,-0.7050377701566519,-0.38799440776555305,-0.3170433623910988,0.3058302460314309,2.0,23.0,292.0,381.0,2012.0,-1.0287689800668287,0.17737272182468444,0.1463584880854922,2013
AP Majumdar,-0.7230738719323333,-0.7230738719323333,0.0,,1.0,4.0,76.0,0.0,2012.0,-0.163751203698241,-0.18513177405873896,-0.3741908941753534,2013
R Vinay Kumar,-0.7583860505133332,-0.41714851037940465,-0.3412375401339285,0.7497783898419724,3.0,41.0,141.0,880.0,2012.0,1.1044964189167839,-0.11515095864761937,-1.7477315107824976,2013
AA Jhunjhunwala,-0.7695021675304452,-0.5412909818558012,-0.2282111856746441,0.5480309162265018,3.0,21.0,210.0,85.0,2012.0,-0.4099995952476886,-0.12677673550339585,-0.2327258367793607,2013
MK Pandey,-0.7991081207165311,-0.7991081207165311,0.0,0.7481362977212777,3.0,33.0,565.0,0.0,2012.0,-0.22039903628780533,-0.7756236789616393,0.19691459453291338,2013
B Chipli,-0.8002842162330733,-0.7824771951796445,-0.017807021053428813,0.3334090841043386,2.0,19.0,205.0,6.0,2012.0,-0.5912580254746356,-0.6643692789453686,0.45534308818693087,2013
MJ Clarke,-0.810361029520496,-1.5623611346500363,0.7520001051295403,,1.0,6.0,94.0,66.0,2012.0,0.5712602250537084,-1.3528170149966883,-0.028804239577516447,2013
AP Dole,-0.8298900172836722,0.07211341787070968,-0.9020034351543819,,1.0,3.0,22.0,66.0,2010.0,-1.47487356538574,0.8696749315047417,-0.22469138340267403,2013
BB McCullum,-0.8525357564910436,-0.8525357564910436,0.0,1.8229174044809215,3.0,30.0,668.0,0.0,2012.0,-1.2733240760860056,0.6621415181122655,-0.24135319851730358,2013
CA Pujara,-0.8753451662671594,-0.8753451662671594,0.0,0.4415222179722961,3.0,20.0,168.0,0.0,2012.0,-0.6417340652724829,-0.031314150785566194,-0.20229695020911043,2013
EJG Morgan,-0.8889820801285622,-0.8889820801285622,0.0,0.4478430233095807,2.0,18.0,147.0,0.0,2011.0,-0.5009086156740821,-0.08432779615241784,-0.3037456683020622,2013
Y Nagar,-0.900705690171665,-0.5862842766661902,-0.31442141350547465,0.3762449723569752,3.0,25.0,239.0,54.0,2012.0,-0.12834417345038202,-0.6362975353620568,-0.13606398135922612,2013
JP Faulkner,-0.9084776994221535,-0.16270950120734654,-0.745768198214807,1.5888503809515362,2.0,3.0,13.0,60.0,2012.0,-0.5209539460687218,-0.27051993121494167,-0.11700382213849,2013
KP Appanna,-0.9132958661781594,-0.013534482045739605,-0.8997613841324198,0.5827684881809673,2.0,8.0,3.0,144.0,2012.0,-0.7307889964371541,-0.007707567513671715,-0.17479930222733378,2013
RJ Peterson,-0.9438008727665262,-0.4828226982277789,-0.46097817453874734,,1.0,5.0,30.0,48.0,2012.0,-0.05183018508160774,-0.08328866698216866,-0.8086820207027499,2013
SB Jakati,-0.9533861204889317,-0.02775800336946564,-0.9256281171194661,1.3264593799813997,3.0,41.0,12.0,739.0,2012.0,-0.42311864055652015,-0.5262801045861912,-0.003987375346220436,2013
JD Unadkat,-0.9624588951498729,0.0,-0.9624588951498729,0.5409411207523159,3.0,11.0,0.0,188.0,2012.0,-0.8615134139476077,0.14251828109871378,-0.24346376230097888,2013
MD Mishra,-0.9698203738163718,-0.9698203738163718,0.0,0.7201968046134725,3.0,18.0,208.0,0.0,2012.0,-0.7729411669530919,-0.2129148868169804,0.016035679953700505,2013
RS Bopara,-0.9741696810428614,-0.20227491045369098,-0.7718947705891704,,1.0,10.0,214.0,78.0,2010.0,-1.6115482457812056,0.24159006043277054,0.3957885043055734,2013
PC Valthaty,-0.9785522889311864,-0.8691942971434357,-0.10935799178775077,4.100979352900188,2.0,20.0,389.0,151.0,2012.0,-1.5697981065795847,0.2816762923359815,0.3095695253124169,2013
SP Goswami,-0.9995710631610517,-0.9995710631610517,0.0,0.17699421705726598,3.0,17.0,106.0,0.0,2012.0,-0.6154165948660151,-0.3096687257384248,-0.07448574255661161,2013
AN Ahmed,-1.0096043400664718,-0.05345973652884057,-0.9561446035376311,0.34533608810821703,3.0,8.0,20.0,144.0,2012.0,-0.2896238069278151,-0.7445891403307421,0.024608607192085415,2013
P Dogra,-1.0178920541978076,-1.0178920541978076,0.0,0.1407430958708999,2.0,12.0,130.0,0.0,2012.0,0.0,-0.38681746520942767,-0.6310745889883799,2013
R Sathish,-1.0201945927040894,-0.715146128811057,-0.30504846389303225,0.22431364018599687,2.0,21.0,130.0,79.0,2011.0,-0.24797623794181883,-0.5608757463478117,-0.21134260841445876,2013
A Ashish Reddy,-1.0374201970751344,-0.17441247991177172,-0.8630077171633628,,1.0,9.0,29.0,163.0,2012.0,-0.9889763649284032,0.4913087625191497,-0.539752594665881,2013
Anirudh Singh,-1.0637369273998885,-1.0637369273998885,0.0,,1.0,5.0,66.0,0.0,2010.0,0.28417266975545186,-0.666116936856305,-0.6817926602990353,2013
FY Fazal,-1.0748704137906877,-1.065022049100484,-0.009848364690203941,0.38775383264375823,2.0,12.0,173.0,12.0,2011.0,-0.44832265781618286,-0.3735983538489421,-0.2529494021255629,2013
JEC Franklin,-1.0845839904502594,-0.8902747259533583,-0.1943092644969011,0.21605710844888765,2.0,20.0,301.0,151.0,2012.0,-0.398482345221447,-0.3558053411803972,-0.3302963040484152,2013
M Manhas,-1.0966828023917636,-1.1150106441479914,0.01832784175622774,1.0730841323015703,3.0,29.0,368.0,42.0,2012.0,-0.17952995434614644,-0.6877277546238874,-0.22942509342172976,2013
BA Bhatt,-1.1067434614513896,-0.005513816510661044,-1.1012296449407284,0.906483841561936,2.0,15.0,7.0,266.0,2012.0,0.03453617187918512,-0.7604286020117481,-0.38085103131882647,2013
M Kartik,-1.1146196387046463,-0.08982276693706212,-1.0247968717675842,3.034156996365414,3.0,27.0,58.0,575.0,2012.0,0.0718848029807706,-1.0860127632060648,-0.10049167847935173,2013
NLTC Perera,-1.184929866158978,-0.27720623025632707,-0.907723635902651,0.6629186950741434,3.0,7.0,36.0,105.0,2012.0,-0.19198301306053078,-0.5676583733997551,-0.425288479698692,2013
RV Gomez,-1.1897489195568915,-0.9362172771660577,-0.2535316423908338,,1.0,11.0,50.0,90.0,2011.0,-0.35363458438707324,-0.014008985993595346,-0.8221053491762231,2013
ML Hayden,-1.1927327078170349,-1.1927327078170349,0.0,,1.0,16.0,279.0,0.0,2010.0,-1.4281845405588363,0.2354518327418013,0.0,2013
AL Menaria,-1.219039292058572,-0.9932887627198705,-0.22575052933870116,0.18874310903658248,2.0,28.0,354.0,110.0,2012.0,-0.08455984806425866,-0.3915124018107904,-0.7429670421835228,2013
NV Ojha,-1.23929887207315,-1.23929887207315,0.0,1.668235346189953,3.0,46.0,670.0,0.0,2012.0,-1.2776570493414954,-0.03849881987744208,0.07685699714578764,2013
Jaskaran Singh,-1.2487872525638966,-0.1652989692740842,-1.0834882832898123,,1.0,6.0,11.0,84.0,2010.0,0.5658352948727728,-0.5096383219438092,-1.3049842254928603,2013
TL Suman,-1.273177805907346,-1.1419909563252921,-0.131186849582054,0.3784051788577858,3.0,24.0,327.0,48.0,2012.0,-1.3014512114528465,0.13175186174631343,-0.10347845620081292,2013
M Klinger,-1.27526482913386,-1.27526482913386,0.0,,1.0,4.0,77.0,0.0,2011.0,0.7621002155258327,-2.0373650446596927,0.0,2013
GC Smith,-1.29806498134476,-1.29806498134476,0.0,1.4942796881552285,2.0,6.0,90.0,0.0,2011.0,-0.3033119630297729,-0.9947530183149873,0.0,2013
AM Nayar,-1.3492521704308218,-1.0661131813711546,-0.28313898905966706,0.9616225649138819,3.0,17.0,167.0,67.0,2012.0,-0.08370480700514836,-1.0196963845745262,-0.2458509788511473,2013
A Nehra,-1.4183793091117631,-0.08613976186850228,-1.3322395472432604,3.314506765039031,2.0,17.0,32.0,372.0,2012.0,-1.486231358018124,0.4093535659379299,-0.34150151703156933,2013
JA Morkel,-1.512640276738797,0.1916326847463523,-1.7042729614851493,0.5351236296018329,3.0,44.0,301.0,853.0,2012.0,-2.1370297008181565,0.12672931538778892,0.49766010869157035,2013
IK Pathan,-1.5874461526007841,0.1882595508981083,-1.7757057034988923,0.7769905278802606,3.0,45.0,450.0,913.0,2012.0,-0.5180005715762513,-0.9033016063715105,-0.16614397465302225,2013
S Ladda,-1.658335207454488,-0.06411842418442766,-1.5942167832700602,0.43110133378621973,2.0,7.0,9.0,114.0,2011.0,0.08011555390958064,-1.0924191044199274,-0.6460316569441413,2013
CJ Ferguson,-1.6991556689503726,-1.6991556689503726,0.0,0.6030191092246603,2.0,9.0,117.0,0.0,2012.0,0.08544308204057417,-1.1543850411158028,-0.630213709875144,2013
S Randiv,-1.7030360161282874,-0.019832772697503616,-1.6832032434307838,,1.0,8.0,4.0,174.0,2011.0,-0.9446344170569622,-0.9473473076029763,0.18894570853165107,2013
Anand Rajan,-1.724397606269445,0.0,-1.724397606269445,0.5776763973684016,2.0,6.0,0.0,101.0,2012.0,-0.9497554644571362,0.2865406667062561,-1.0611828085185648,2013
VVS Laxman,-1.7331403573981663,-1.7331403573981663,0.0,0.4584336655052341,2.0,9.0,102.0,0.0,2011.0,-1.61647692766483,-0.11666342973333657,0.0,2013
TM Dilshan,-1.7348138510370203,-0.7980729271456233,-0.936740923891397,0.9918272810459368,3.0,25.0,494.0,163.0,2012.0,-1.5971328106877891,-0.19307489795910882,0.05539385760987765,2013
ST Jayasuriya,-1.7630341527501352,-2.011025864348727,0.2479917115985917,,1.0,4.0,31.0,54.0,2010.0,-2.011025864348727,0.45811845822147745,-0.21012674662288575,2013
RR Powar,-1.7835386313574957,-0.05701617213013146,-1.726522459227364,1.045366349512591,3.0,13.0,21.0,228.0,2012.0,-0.4806362621532859,-1.2422148609991375,-0.06068750820507178,2013
AA Chavan,-1.7852206022598975,-0.042538089503890764,-1.7426825127560068,0.9941545787681662,2.0,10.0,11.0,194.0,2012.0,0.35286943787617747,-1.8291100987436586,-0.30897994139241663,2013
DJ Jacobs,-1.7864070220235369,-1.7864070220235369,0.0,0.39894490588335274,2.0,7.0,98.0,0.0,2012.0,-1.6965006666839968,-0.08990635533953986,0.0,2013
P Kumar,-1.8637578399170018,-0.16716190688758298,-1.696595933029419,0.5342203969845299,3.0,41.0,69.0,924.0,2012.0,-0.8922780059439472,-0.1682735746024085,-0.8032062593706459,2013
HH Gibbs,-1.914451120843603,-1.914451120843603,0.0,1.213683623663063,2.0,13.0,323.0,0.0,2012.0,-1.6639491622159988,-0.24441011653054803,-0.00609184209705628,2013
J Syed Mohammad,-2.011912956599344,0.004838050852652228,-2.016751007451996,1.3142216074734563,2.0,7.0,13.0,132.0,2012.0,0.3525753962943772,-2.1501773907563466,-0.2143109621373746,2013
RE Levi,-2.033268668214365,-2.033268668214365,0.0,,1.0,6.0,73.0,0.0,2012.0,-1.6859031699809413,-0.3473654982334234,0.0,2013
S Aravind,-2.0923005579864147,0.13109151920987547,-2.2233920771962903,2.669532954831636,2.0,14.0,16.0,294.0,2012.0,-0.43613998918753816,-1.7978613255757692,0.14170075677689142,2013
PA Patel,-2.123785210812289,-2.123785210812289,0.0,0.9268157187839576,3.0,32.0,427.0,0.0,2012.0,-1.975979074177305,0.23342832984955056,-0.38123446648453496,2013
MN Samuels,-2.1259111258064127,-2.0577496818194523,-0.0681614439869606,,1.0,8.0,123.0,172.0,2012.0,-0.41774939564052826,-1.7853453376944541,0.07718360752856918,2013
SC Ganguly,-2.134787716550608,-1.8793320954469748,-0.2554556211036333,2.7478777045589675,3.0,33.0,749.0,84.0,2012.0,-0.5756081176562435,-1.3315623882179042,-0.22761721067646057,2013
PJ Sangwan,-2.2077111887205962,-0.04078217355740972,-2.1669290151631864,0.15932428881057725,2.0,9.0,14.0,210.0,2012.0,-2.1617203236009845,0.04656838564740526,-0.09255925076701717,2013
A Singh,-2.2293104165377295,-0.02473694519169165,-2.204573471346038,1.009591556426798,2.0,18.0,7.0,368.0,2012.0,-0.6243006124498477,-0.14595500166376627,-1.4590548024241161,2013
N Saini,-2.3431722725101367,-2.3431722725101367,0.0,,1.0,10.0,141.0,0.0,2012.0,-0.7693789711046519,-1.173293561350351,-0.400499740055133,2013
Joginder Sharma,-2.441885653145272,-0.015345428004404048,-2.4265402251408683,0.45661573096042707,2.0,4.0,1.0,66.0,2011.0,-1.312864307765037,-0.38493283039741977,-0.7440885149828154,2013
AB Agarkar,-2.536266076530655,-0.01120231342574391,-2.525063763104911,0.6656769873994937,3.0,18.0,35.0,380.0,2012.0,-0.8262818835730396,-1.1090733636397163,-0.600910829317899,2013
TG Southee,-2.5460315975508223,0.0,-2.5460315975508223,,1.0,5.0,0.0,114.0,2011.0,-1.4082523522960848,0.16155903829909837,-1.2993382835538363,2013
JE Taylor,-2.5811351124896467,-0.012897100117371184,-2.5682380123722757,,1.0,5.0,3.0,117.0,2011.0,-1.7846603118173159,-0.08709475237700816,-0.7093800482953228,2013
A Mithun,-2.6206817510335654,-0.028685221411342963,-2.5919965296222225,1.596637104548817,3.0,14.0,24.0,240.0,2012.0,-0.7675009760906794,-0.8934861702054189,-0.9596946047374668,2013
SJ Srivastava,-2.7371719638898977,-0.002463529116671668,-2.7347084347732262,0.1807490405308949,2.0,14.0,5.0,282.0,2011.0,-2.0695237447997963,-0.5986061952942396,-0.06904202379586202,2013
V Pratap Singh,-2.768078071987236,-0.002907913347378619,-2.7651701586398576,,1.0,9.0,1.0,204.0,2012.0,-1.7762101945229334,-0.8274124975581219,-0.16445537990618136,2013
M de Lange,-2.7904345464127824,0.0,-2.7904345464127824,,1.0,3.0,0.0,60.0,2012.0,-0.5477799873602722,-1.2255359144008164,-1.0171186446516935,2013
HV Patel,-2.8900062172233603,-0.07691384572622624,-2.813092371497134,,1.0,11.0,15.0,246.0,2012.0,-1.904856262721591,-0.4714952242054804,-0.5136547302962892,2013
B Lee,-2.922424501278248,0.03681304235352405,-2.9592375436317724,1.738905021524767,3.0,26.0,38.0,587.0,2012.0,-2.7894954253590565,0.4527370077956495,-0.5856660837148411,2013
MS Gony,-3.4427201167165142,-0.08060070935751165,-3.362119407359002,1.7974857763132455,3.0,12.0,16.0,246.0,2012.0,-2.9009194229319455,0.6829907725509433,-1.224791466335511,2013
R McLaren,-3.6291230600509934,-0.9765622123701664,-2.6525608476808262,0.9626612985636078,2.0,16.0,165.0,312.0,2011.0,-0.339120720263023,-2.3200224126919897,-0.9699799270959804,2013
S Narwal,-4.6454665830010455,-0.10981982359037128,-4.535646759410675,,1.0,5.0,12.0,94.0,2010.0,-0.5638478220710043,-1.426224242413593,-2.6553945185164487,2013
S Tyagi,-4.681673062681854,-0.013006144357172678,-4.668666918324682,,1.0,6.0,4.0,95.0,2010.0,-3.334951889731554,-0.1444273152308955,-1.2022938577194051,2013
AD Russell,-6.024766724952721,0.39669595166990734,-6.421462676622628,,1.0,4.0,26.0,96.0,2012.0,-0.7571173864284746,-4.171749758616238,-1.0958995799080067,2013
JJ van der Wath,-6.380982056950897,-0.32710126023013375,-6.053880796720763,,1.0,3.0,16.0,72.0,2011.0,-2.5527660720509613,-2.7713662382724262,-1.0568497466275086,2013
TP Sudhindra,-6.996162314918559,0.0,-6.996162314918559,,1.0,3.0,0.0,70.0,2012.0,-2.6789192165788402,-2.1330143268196817,-2.1842287715200372,2013
CH Gayle,13.109088209507412,13.094432215453967,0.01465599405344355,2.1379415686347025,3.0,42.0,1241.0,268.0,2013.0,4.415918249195898,6.593007301614275,2.100162658697239,2014
SP Narine,7.477716265203753,-0.05772038608480445,7.535436651288556,0.14958211534512467,2.0,31.0,26.0,739.0,2013.0,1.1819666615007676,2.7820035447156126,3.5137460589873726,2014
SR Watson,7.044439929343399,5.904758324432119,1.1396816049112806,1.3167386308466,3.0,34.0,801.0,604.0,2013.0,3.41411388018461,2.3866526703834587,1.24367337877533,2014
KP Pietersen,5.955593073783779,6.492207408423225,-0.5366143346394461,,1.0,8.0,207.0,36.0,2012.0,1.4652727231231792,2.6988775841768238,1.791442766483775,2014
MEK Hussey,5.720990777214077,5.720990777214077,0.0,3.293416636495057,3.0,39.0,1216.0,0.0,2013.0,3.264141570089399,1.7974430243330886,0.6594061827915894,2014
MM Sharma,5.5235680669181715,-0.029834424658076585,5.553402491576248,,1.0,15.0,5.0,304.0,2013.0,4.818645434401003,0.6856866749794083,0.01923595753775946,2014
BW Hilfenhaus,4.85834749913696,0.0,4.85834749913696,,1.0,9.0,0.0,204.0,2012.0,4.973652707238972,0.04624225845679165,-0.16154746655880275,2014
DA Miller,4.593699325684206,4.593699325684206,0.0,3.778602066511206,2.0,18.0,329.0,0.0,2013.0,0.04813652550805747,2.3899489500939652,2.155613850082184,2014
DW Steyn,4.593286530572514,-0.1200696862636422,4.713356216836157,1.9620619553262166,3.0,41.0,92.0,960.0,2013.0,2.001127901846254,0.8015173653739545,1.790641263352306,2014
MG Johnson,4.358957856582204,-0.20182205821288904,4.560779914795092,,1.0,17.0,36.0,384.0,2013.0,5.294782010357661,-0.9431017750090228,0.007277621233565595,2014
V Kohli,4.2141552828371935,4.4073281010221645,-0.19317281818497128,4.011161809880364,3.0,47.0,1243.0,120.0,2013.0,1.3925050663744694,1.3979946714785947,1.423655544984129,2014
Sandeep Sharma,3.8942360603956523,-0.0028023242053390506,3.8970383846009913,,1.0,4.0,1.0,96.0,2013.0,2.9673581029883955,1.8173890071326042,-0.8905110497253472,2014
V Sehwag,3.7062995118691555,3.770369655495786,-0.06407014362663112,3.221527105067063,3.0,40.0,780.0,30.0,2013.0,1.6184350749957406,1.8908863310543333,0.19697810581908126,2014
SL Malinga,3.5505832280490885,-0.26838436311360486,3.818967591162693,2.0912520340596896,3.0,47.0,80.0,1103.0,2013.0,0.519724650751981,0.6920474196043851,2.3388111576927217,2014
DR Smith,3.5452835250044084,3.799475237478005,-0.2541917124735967,0.3562825081806047,2.0,20.0,439.0,108.0,2013.0,2.0350951647071374,1.5668557744762501,-0.05666741417897944,2014
F du Plessis,3.482032582031329,3.5117431118153903,-0.02971052978406135,,1.0,12.0,304.0,6.0,2012.0,3.594804252065711,0.7124064580028344,-0.8251781280372168,2014
S Dhawan,3.4572301346899676,3.4452541514928052,0.011975983197162195,1.592807849219789,3.0,39.0,1002.0,48.0,2013.0,1.645200246710383,1.3486793128017514,0.46335057517783296,2014
SE Marsh,3.4139022495930282,3.4139022495930282,0.0,2.298647959889569,3.0,35.0,873.0,0.0,2013.0,0.5227126554821637,2.760686150396491,0.1305034437143742,2014
A Chandila,3.180878762790997,-0.01643755487824357,3.1973163176692405,1.0647629455531273,2.0,12.0,7.0,234.0,2013.0,3.5944294668877124,-0.5096407430956046,0.09609003899888939,2014
AB de Villiers,3.0641004363467275,3.0641004363467275,0.0,1.270189090624763,3.0,45.0,660.0,0.0,2013.0,0.1241109376623093,0.27952834928332004,2.6604611494010983,2014
MS Dhoni,2.86770844304115,2.86770844304115,0.0,1.7637483270903236,3.0,52.0,808.0,0.0,2013.0,0.09060519256604109,0.2546044424926548,2.522498807982454,2014
SK Warne,2.846852648980525,-0.20348900717618623,3.050341656156711,,1.0,13.0,20.0,282.0,2011.0,-1.0065488241730158,2.7483943562353668,1.105007116918174,2014
SK Raina,2.782205382814812,2.9362443604574913,-0.1540389776426792,1.1563187304177172,3.0,52.0,1015.0,261.0,2013.0,-0.6515009757643899,1.6587465410444013,1.7749598175348005,2014
Shakib Al Hasan,2.7539220877083745,-0.40416558307503464,3.1580876707834094,0.2553358743309968,2.0,15.0,96.0,333.0,2012.0,-0.30552268640076696,2.076732035811892,0.9827127382972494,2014
G Gambhir,2.3235830884805306,2.3235830884805306,0.0,2.281767155331266,3.0,48.0,1071.0,0.0,2013.0,2.5761168866811275,-0.12515028985542886,-0.12738350834516748,2014
R Rampaul,2.276525091907312,-0.4270318802406869,2.703556972147999,,1.0,10.0,37.0,226.0,2013.0,2.5264012587580145,1.4174662069929989,-1.6673423738437014,2014
R Ashwin,2.177044362803785,-0.2945157178466205,2.4715600806504057,3.0732494565406645,3.0,52.0,70.0,1121.0,2013.0,0.604899374092714,1.0811337448968712,0.4910112438142003,2014
DS Kulkarni,2.1493074533409073,0.011481096454327488,2.13782635688658,2.4224370619316735,3.0,14.0,9.0,280.0,2013.0,2.2342404439551755,-0.07860026303868285,-0.006332727575585895,2014
A Mishra,2.04904820572591,-0.43217044678908656,2.4812186525149964,1.8345296996989569,3.0,45.0,165.0,974.0,2013.0,-0.2752369819063898,2.1098689144274285,0.2144162732048706,2014
AJ Finch,2.0474080861805657,2.176069974937149,-0.12866188875658346,2.5022047760195942,3.0,22.0,433.0,36.0,2013.0,1.729488866518761,0.5928293997434971,-0.2749101800816933,2014
Z Khan,1.82133771997484,-0.08139537749789404,1.902733097472734,2.0269295781483696,3.0,32.0,41.0,750.0,2013.0,2.0690047305497465,-0.5511814661604606,0.303514455585554,2014
RE van der Merwe,1.7997869451640756,-0.4971261467652065,2.296913091929282,0.23895415572464349,3.0,10.0,41.0,215.0,2013.0,1.1830020401414811,0.4639927093212374,0.15279219570135721,2014
DA Warner,1.7255626570382196,1.7255626570382196,0.0,1.5828457022922489,3.0,37.0,755.0,0.0,2013.0,-0.9090240328127249,1.9377690039827713,0.6968176858681733,2014
RG Sharma,1.7251623761160055,1.7898744631779717,-0.06471208706196586,0.9640140001579579,3.0,52.0,1048.0,38.0,2013.0,-0.2099376279185018,0.09845036604239486,1.836649637992113,2014
S Sohal,1.6835686368284122,1.6835686368284122,0.0,,1.0,11.0,191.0,0.0,2011.0,2.057286989826715,-0.20093837316307886,-0.17277997983522456,2014
JP Faulkner,1.6588598925490168,-0.5517444769803863,2.210604369529403,2.5504024766680695,3.0,19.0,70.0,439.0,2013.0,0.43888056662638464,0.41683646477033925,0.8031428611522927,2014
DL Vettori,1.629538302679159,-0.27708549491909845,1.9066237975982574,1.903092077900991,2.0,22.0,54.0,520.0,2012.0,0.15155987072878652,1.2904123624009998,0.18756606954937247,2014
DJG Sammy,1.5534800538472262,0.9977175479343529,0.5557625059128735,,1.0,10.0,132.0,134.0,2013.0,-0.3234700180409762,2.115634734774399,-0.23868466288619666,2014
Iqbal Abdulla,1.5330592638822311,-0.1024466046088874,1.6355058684911186,2.286996828045449,3.0,29.0,29.0,545.0,2013.0,0.7584796378631922,0.8368209210618822,-0.06224129504284304,2014
Harbhajan Singh,1.4384976121106923,-0.033634396813618114,1.4721320089243106,1.861068428938072,3.0,51.0,230.0,1062.0,2013.0,0.2229984450494527,1.1028712608786613,0.11262790618257804,2014
Azhar Mahmood,1.3956411438799556,0.2575441111278691,1.1380970327520865,0.2716788014156145,2.0,22.0,296.0,519.0,2013.0,0.24173414011285088,1.5824734347527811,-0.4285664309856763,2014
AD Mascarenhas,1.3926696920817045,-0.17448019194718586,1.5671498840288907,3.2336784963561502,2.0,5.0,21.0,120.0,2013.0,1.1991141177095765,0.40253129298538315,-0.20897571861325454,2014
R Dravid,1.3582829156677734,1.3582829156677734,0.0,0.5191735372231996,3.0,46.0,1151.0,0.0,2013.0,2.58865099239473,-1.1789136120566117,-0.05145446467034479,2014
CK Langeveldt,1.3354180860698999,-0.056631622286764625,1.3920497083566645,,1.0,3.0,8.0,66.0,2011.0,1.6485835617363958,-0.7882259251064351,0.475060449439939,2014
BJ Rohrer,1.2810305728160432,1.3184478687665562,-0.0374172959505131,,1.0,8.0,140.0,6.0,2013.0,0.0,-0.7185859778164922,1.9996165506325352,2014
AM Rahane,1.2116321993897878,1.2116321993897878,0.0,1.759172081697381,3.0,44.0,989.0,0.0,2013.0,0.683001243566518,0.30272009624043866,0.22591085958283136,2014
SMSM Senanayake,1.2071749565294718,-0.23076511597092478,1.4379400725003966,,1.0,8.0,17.0,192.0,2013.0,1.7256887381216364,-0.6731810864150803,0.15466730482291577,2014
AP Tare,1.1869776311256626,1.1869776311256626,0.0,,1.0,5.0,84.0,0.0,2013.0,0.4100130443765499,0.7769645867491126,0.0,2014
KMDN Kulasekara,1.1721347189770623,0.0035120660561673844,1.168622652920895,1.0888428097462763,2.0,5.0,3.0,102.0,2012.0,0.2931087091483862,-0.12537143476986554,1.0043974445985415,2014
KK Cooper,1.1661531909184462,0.07931454900742761,1.0868386419110185,1.8542265013524832,2.0,20.0,42.0,468.0,2013.0,-0.13070707887630229,0.7739777577320965,0.5228825120626517,2014
KD Karthik,1.1649896237030872,1.1649896237030872,0.0,1.2963166825100982,3.0,50.0,844.0,0.0,2013.0,1.0107118495435676,0.02406094058722414,0.1302168335722954,2014
Harmeet Singh,1.1577695424723404,-0.013958547865065821,1.171728090337406,1.8372040127235458,3.0,12.0,11.0,244.0,2013.0,1.0668603501234382,0.018047223788391853,0.07286196856051043,2014
BAW Mendis,1.147504261342701,-0.05640149323481806,1.203905754577519,,1.0,3.0,4.0,72.0,2013.0,2.3444055739760272,-1.3395792897646512,0.1426779771313248,2014
Bipul Sharma,1.1137214043682806,0.126108736297449,0.9876126680708315,1.6972330473005544,3.0,10.0,65.0,142.0,2013.0,1.4538230855629248,-0.19848728535328716,-0.14161439584135715,2014
DJ Bravo,1.05401046223224,-0.01821608704447536,1.0722265492767153,0.7711627109954144,3.0,42.0,376.0,841.0,2013.0,-0.49227649344010815,-0.7490508071404256,2.2953377628127734,2014
S Nadeem,1.0534050615201918,-0.2448893793438206,1.2982944408640122,0.8603281523559336,3.0,29.0,30.0,648.0,2013.0,0.05510599292795402,1.2662152851829922,-0.2679162165907546,2014
SPD Smith,1.0189230751013947,1.019809284596693,-0.0008862094952982866,0.6339589133956582,2.0,22.0,399.0,2.0,2013.0,0.31431542588398015,-0.7299842890840947,1.4345919383015096,2014
STR Binny,0.9854707297741839,0.8528704006618117,0.13260032911237216,1.0275325812001497,3.0,31.0,297.0,228.0,2013.0,-0.04894604656108906,1.06233941602206,-0.027922639686787258,2014
BJ Hodge,0.9720924758251799,0.837243531649655,0.13484894417552487,0.16190719598731243,3.0,43.0,629.0,84.0,2013.0,0.06617121167068968,0.39700148190833207,0.5089197822461582,2014
R Sharma,0.8912612635769704,-0.1712101609981433,1.0624714245751137,3.2612681495914213,3.0,36.0,49.0,768.0,2013.0,-0.312650762129342,1.1994111810008108,0.004500844705501578,2014
AC Gilchrist,0.7822564249182651,0.7812226851948736,0.0010337397233915666,0.29845129552094685,3.0,34.0,667.0,1.0,2013.0,-0.0024282079990258776,0.4136588428360053,0.37102579008128556,2014
VS Malik,0.6815778172459847,0.0,0.6815778172459847,0.5357395910034134,2.0,4.0,0.0,72.0,2013.0,1.3858447600705979,-0.7042669428246132,0.0,2014
B Kumar,0.6790809782514581,-0.7653101830700623,1.4443911613215203,0.43286883022744443,3.0,31.0,112.0,642.0,2013.0,0.9288210461999991,-0.3158716760214736,0.06613160807293261,2014
RA Jadeja,0.6781870201175895,0.5461476375837135,0.13203938253387593,0.7138981462869476,3.0,50.0,514.0,721.0,2013.0,-0.284053375058728,0.5012031015302859,0.4610372936460316,2014
AB McDonald,0.6708945735507333,-0.10668890939130207,0.7775834829420354,1.909585211291612,3.0,5.0,44.0,84.0,2013.0,0.20313463312576566,0.36781329492374837,0.09994664550121954,2014
WD Parnell,0.6644521785965387,-0.37763688028293063,1.0420890588794691,1.188429155032373,3.0,18.0,73.0,391.0,2013.0,0.6666712002936614,0.2899550937643503,-0.292174115461473,2014
SR Tendulkar,0.5723389687297273,0.5723389687297273,0.0,1.3345415112085435,3.0,43.0,1002.0,0.0,2013.0,0.3753662272646161,0.1803375075769806,0.016635233888130773,2014
KV Sharma,0.5700959090113334,-0.9486501506550168,1.5187460596663502,,1.0,13.0,86.0,209.0,2013.0,-0.9000263368944827,1.7995244963245653,-0.3294022504187492,2014
YK Pathan,0.5647242855410985,0.3818725729096859,0.18285171263141275,3.2639273306106915,3.0,48.0,610.0,420.0,2013.0,-0.30199540744708453,0.959581127305287,-0.09286143431710375,2014
RV Uthappa,0.5499983024816824,0.5499983024816824,0.0,0.9972651459902657,3.0,46.0,923.0,0.0,2013.0,0.4652650956978177,-0.09357367550383869,0.17830688228770314,2014
RN ten Doeschate,0.546625019492163,0.631225613916056,-0.08460059442389312,0.7638978789365917,3.0,13.0,157.0,42.0,2013.0,-0.01657715347487191,0.800799155645754,-0.2375969826787192,2014
P Awana,0.5068447350631826,-0.04965948099632733,0.55650421605951,1.511820621930207,2.0,26.0,14.0,606.0,2013.0,1.256825457987393,0.09816471906089885,-0.8481454419851092,2014
Pankaj Singh,0.4588179496364583,0.0,0.4588179496364583,1.197784797630618,2.0,7.0,0.0,138.0,2012.0,1.269303190059404,0.029273108464209337,-0.839758348887155,2014
M Vohra,0.4379422914486737,0.4379422914486737,0.0,,1.0,12.0,117.0,0.0,2013.0,0.49040396406613546,-0.2981878598932163,0.2457261872757545,2014
PP Ojha,0.43557674622339276,-0.06969312988011744,0.5052698761035102,0.2156830202187595,3.0,35.0,18.0,715.0,2013.0,-0.8693417081577288,1.6080596966533909,-0.30314124227226924,2014
S Sreesanth,0.3585167619568306,-0.05181250183556693,0.4103292637923974,1.6951600475849427,2.0,16.0,13.0,321.0,2013.0,0.08806767891337253,0.7192339272505032,-0.44878484420704534,2014
OA Shah,0.356349444151125,0.356349444151125,0.0,1.0389795465542868,3.0,18.0,294.0,0.0,2013.0,0.14573341005372392,0.1733427524042178,0.03727328169318328,2014
L Balaji,0.32055457091231476,-0.018545713075637824,0.33910028398795244,4.3111194025145005,3.0,35.0,12.0,746.0,2013.0,-0.3414283176356173,1.2824235547032288,-0.620440666155297,2014
P Negi,0.31411640580191036,-0.055922624735206566,0.37003903053711695,0.9223066290979832,2.0,9.0,29.0,156.0,2013.0,0.0,0.3691129128320456,-0.05499650703013528,2014
EJG Morgan,0.28496807514989403,0.28496807514989403,0.0,1.0725572017482845,2.0,26.0,357.0,0.0,2013.0,-0.07792510479946943,-0.0018563525085900819,0.3647495324579536,2014
M Vijay,0.28041828204635866,0.28041828204635866,0.0,0.8988474607827911,3.0,45.0,892.0,0.0,2013.0,0.6841696804568069,-0.3083074150176056,-0.0954439833928426,2014
S Badrinath,0.26700979270313574,0.26700979270313574,0.0,1.3842071012271089,3.0,48.0,615.0,0.0,2013.0,-0.34796115122766363,0.6661883703177102,-0.05121742638691096,2014
Yuvraj Singh,0.2466228869583913,-0.41669113126615165,0.663314018224543,1.8350183958406645,2.0,27.0,451.0,306.0,2013.0,-0.9692534314015335,0.6466836081374285,0.5691927102224963,2014
SK Trivedi,0.22713780989169452,-0.017726521015353443,0.24486433090704796,1.4596418316684758,3.0,43.0,15.0,885.0,2013.0,-0.453696947881041,0.7683017838498147,-0.08746702607707921,2014
AT Rayudu,0.19296749546337988,0.19296749546337988,0.0,0.7824970389715168,3.0,52.0,833.0,0.0,2013.0,0.049876681809958995,-0.19442347845016894,0.33751429210358985,2014
CL White,0.03148017187047536,0.05472002252423769,-0.023239850653762825,3.7473673026238643,3.0,32.0,620.0,30.0,2013.0,-0.8826148627583167,-0.40349907431908993,1.3175941089478813,2014
RJ Harris,0.02617268425079522,-0.12614413952270018,0.1523168237734953,1.4055887965972549,3.0,21.0,55.0,462.0,2013.0,-1.0512211820214152,-0.06786654508966805,1.1452604113618785,2014
KA Pollard,0.01992557941779427,1.321712886276707,-1.3017873068589125,1.6370151067313974,3.0,48.0,573.0,704.0,2013.0,-0.014133740819521802,-0.5403262131359283,0.5743855333732444,2014
Gurkeerat Singh,0.017673874684907165,0.017673874684907165,0.0,0.7786047270240101,2.0,16.0,147.0,0.0,2013.0,0.11051917321009887,-0.5360886160679665,0.4432433175427748,2014
R Dhawan,-0.0038045262535558177,-0.31874404949695434,0.3149395232433985,,1.0,6.0,21.0,90.0,2013.0,1.4110888994148727,-0.9809337891611443,-0.4339596365072841,2014
WP Saha,-0.007873034532221296,-0.007873034532221296,0.0,0.2957691050445316,3.0,13.0,133.0,0.0,2013.0,0.3661839376279888,-0.4515717435654848,0.07751477140527469,2014
DJ Hussey,-0.020316730504095853,0.34888070516447345,-0.36919743566856933,1.1342601462905353,3.0,36.0,577.0,138.0,2013.0,0.9544531211780164,-0.7983976546792974,-0.17637219700281467,2014
BB Samantray,-0.02034328275503705,-0.02034328275503705,0.0,0.007181421587803062,2.0,9.0,113.0,0.0,2013.0,0.10594932099004065,0.007004905491033233,-0.13329750923611092,2014
DB Ravi Teja,-0.04829108970164071,-0.045941324220777055,-0.002349765480863643,0.5000259321464086,3.0,16.0,165.0,6.0,2013.0,0.02012483069716678,0.07423693258955466,-0.14265285298836217,2014
MC Henriques,-0.04947557996953478,0.8925602875894773,-0.942035867559012,,1.0,10.0,125.0,127.0,2013.0,0.1218389357779597,-0.048167401066679605,-0.12314711468081485,2014
J Botha,-0.05419926342485526,-0.7072107587321406,0.6530114953072853,1.253507587355662,3.0,27.0,304.0,562.0,2013.0,-0.7409662829455275,0.6055325240632119,0.08123449545746014,2014
R Bhatia,-0.08277792734068679,-0.15285068971790003,0.07007276237721324,0.9096417549291491,3.0,46.0,130.0,774.0,2013.0,0.0,-0.48785125733318,0.4050733299924932,2014
R Vinay Kumar,-0.11102902737124726,-0.12810562022904834,0.01707659285780108,0.9336695924482723,3.0,43.0,153.0,964.0,2013.0,0.8101138357627722,-0.16945067175233788,-0.7516921913816815,2014
P Kumar,-0.12598567403453598,-0.2349912399145656,0.10900556588002963,1.5889534562284386,3.0,44.0,100.0,992.0,2013.0,0.35078192406940983,0.4032316690163612,-0.8799992671203066,2014
S Anirudha,-0.12650953313760085,-0.12650953313760085,0.0,0.1787709926411004,3.0,14.0,83.0,0.0,2013.0,-0.10526711747568387,0.030529688139288358,-0.051772103801205345,2014
AC Thomas,-0.14042032332355003,-0.08547852452460927,-0.054941798798940844,1.0001833139447787,2.0,15.0,19.0,315.0,2012.0,0.4671140524951577,0.4238630378721441,-1.0313974136908517,2014
Anand Rajan,-0.14832162315062403,0.0,-0.14832162315062403,1.4813411119810767,3.0,8.0,0.0,149.0,2013.0,-0.42618486626700613,0.29520743472842076,-0.01734419161203893,2014
Ankit Sharma,-0.1491950005094984,-0.020228754121456863,-0.12896624638804155,0.6961003134207613,2.0,10.0,13.0,157.0,2013.0,0.5627033890383801,-0.5194186957507189,-0.1924796937971597,2014
MM Patel,-0.18064725653083835,-0.01097204636557948,-0.16967521016525877,3.629182761989331,3.0,31.0,8.0,696.0,2013.0,0.24149492563839314,0.44416289692942945,-0.8663050790986611,2014
M Morkel,-0.18501845978849762,0.10064355572566219,-0.2856620155141598,3.5055339657329077,3.0,37.0,59.0,876.0,2013.0,0.16098865090211445,-0.2489318373773708,-0.09707527331324095,2014
AC Blizzard,-0.1961182025281476,-0.1961182025281476,0.0,0.20106188612899525,2.0,7.0,90.0,0.0,2012.0,-0.0896394549100169,-0.10647874761813068,0.0,2014
DH Yagnik,-0.24364342142618287,-0.24364342142618287,0.0,0.2318300106079614,3.0,24.0,131.0,0.0,2013.0,0.0,-0.20490352551607116,-0.038739895910111705,2014
SD Chitnis,-0.2572550430322882,-0.2572550430322882,0.0,0.03513464361146072,2.0,7.0,71.0,0.0,2012.0,-0.10310986264647164,0.2077233811833822,-0.3618685615691988,2014
LR Shukla,-0.26167332417009437,-0.2868881613725709,0.02521483720247654,0.12912304871874347,3.0,16.0,79.0,30.0,2013.0,0.0,-0.13134346000803718,-0.13032986416205716,2014
RV Gomez,-0.27102595991227996,-0.2596875954694761,-0.011338364442803839,0.6431060717512281,2.0,13.0,51.0,96.0,2013.0,-0.10103845268202094,-0.004002567426741528,-0.16598493980351753,2014
VR Aaron,-0.2841554086385245,-0.03771216227507464,-0.24644324636344994,0.9115961978510949,2.0,12.0,8.0,258.0,2012.0,0.9437138155245084,0.1279528114802206,-1.3558220356432538,2014
R Sathish,-0.31253810103004165,0.0451753587624629,-0.3577134597925045,0.36974390566767523,2.0,18.0,111.0,55.0,2013.0,-0.11808392282943757,-0.030687222373073204,-0.16376695582753073,2014
Mandeep Singh,-0.31304825776375333,-0.31304825776375333,0.0,1.560806938079715,3.0,38.0,606.0,0.0,2013.0,-0.055359154784165865,-0.013346555795084016,-0.24434254718450366,2014
M Muralitharan,-0.3504717968233657,-0.033420734720004217,-0.3170510621033614,3.1311599607509826,3.0,21.0,17.0,492.0,2013.0,-0.9691177713777126,1.7969514600328875,-1.1783054854785409,2014
DE Bollinger,-0.35959533046876113,-0.02253785049501204,-0.337057479973749,2.0258245783301274,2.0,19.0,6.0,390.0,2012.0,-2.9268877034323784,0.6630196050006927,1.904272767962924,2014
B Lee,-0.40194555720911096,0.09137418632176358,-0.4933197435308745,1.8461816339486787,3.0,25.0,41.0,572.0,2013.0,-0.6376863097768113,0.4300967971117903,-0.19435604454409003,2014
DB Das,-0.41024931230428235,-0.41024931230428235,0.0,0.32969878652249807,2.0,25.0,167.0,0.0,2013.0,-0.04056193177961464,-0.033928378467976666,-0.3357590020566911,2014
I Sharma,-0.41170044173179665,-0.00226010526152288,-0.4094403364702738,2.512442884345959,2.0,28.0,5.0,622.0,2013.0,1.0876234363727777,-0.729377908711462,-0.7699459693931121,2014
AUK Pathan,-0.4224558524131077,-0.16200395543267823,-0.26045189698042936,0.10492299198651628,2.0,8.0,23.0,39.0,2012.0,-0.012866740238201098,-0.266902909623059,-0.14268620255184755,2014
JA Morkel,-0.4318464909533921,-0.05384394035437358,-0.37800255059901855,1.2678472399449345,3.0,38.0,207.0,711.0,2013.0,-1.409284739040929,0.5441722495027096,0.4332659985848273,2014
AN Ahmed,-0.4392476455693605,0.00465886322520125,-0.4439065087945618,0.4660204145903382,3.0,9.0,13.0,174.0,2013.0,-1.231531776003092,0.2667926744433991,0.5254914559903323,2014
JR Hopes,-0.4408416092029064,1.6286742041551039,-2.0695158133580103,,1.0,10.0,158.0,192.0,2011.0,0.2211250106875861,-0.22581247523028392,-0.43615414466020835,2014
JD Ryder,-0.4505846333750153,-0.11337049423078965,-0.3372141391442257,1.318785816524875,2.0,24.0,409.0,134.0,2012.0,0.29924427918351626,-0.8171849516979851,0.06735603913945357,2014
GB Hogg,-0.4573577158540981,-0.04993594722794886,-0.4074217686261492,1.484304995638769,2.0,10.0,16.0,236.0,2013.0,-0.024295399257003622,-0.4479170111711274,0.014854694574033128,2014
JP Duminy,-0.4678946912655499,0.5453444824686293,-1.0132391737341793,0.5681449813905586,2.0,19.0,364.0,180.0,2012.0,-0.29838147357770184,-1.4796130198778314,1.310099802189983,2014
B Chipli,-0.48976457730630846,-0.48026749941114644,-0.009497077895162034,0.36664942389646177,3.0,20.0,223.0,6.0,2013.0,0.09179667334763864,-0.8186304649522385,0.23706921429829128,2014
SB Wagh,-0.4922904977857357,-0.019038134959452162,-0.4732523628262835,,1.0,7.0,3.0,96.0,2011.0,0.09427989911539773,0.0,-0.5865703969011334,2014
BA Bhatt,-0.5053010236324086,-0.003302083903829359,-0.5019989397285792,0.8604633936578513,3.0,17.0,7.0,296.0,2013.0,-0.22548827318828735,-0.09356204368467075,-0.18625070675945046,2014
NLTC Perera,-0.5206217163037666,-0.08291852170654178,-0.43770319459722484,0.9851196202596852,3.0,22.0,199.0,457.0,2013.0,0.11141383503122423,0.1766950566352432,-0.8087306079702339,2014
AA Jhunjhunwala,-0.5544179266734639,-0.4147862675567057,-0.13963165911675812,0.25494425305980484,2.0,8.0,44.0,48.0,2012.0,-0.31162836234162566,0.08616452623272014,-0.32895409056455815,2014
Y Venugopal Rao,-0.5616422205964806,-0.43603147084526067,-0.12561074975122,0.9596933116906905,2.0,24.0,406.0,24.0,2012.0,-0.6214534775869517,-0.23841558876433422,0.2982268457548051,2014
AS Raut,-0.5637906730928849,-0.550452547202489,-0.013338125890395848,,1.0,7.0,58.0,6.0,2011.0,0.15724871154607797,-0.13433077408189514,-0.5867086105570677,2014
DJ Harris,-0.570114876273192,-0.3892442252471653,-0.18087065102602673,,1.0,4.0,101.0,18.0,2012.0,-1.2792756447257976,0.757651643634675,-0.04849087518206935,2014
BB McCullum,-0.5776877424890572,-0.5776877424890572,0.0,1.7062655641988396,3.0,26.0,565.0,0.0,2013.0,-0.742196736614932,0.26957223493005245,-0.10506324080417787,2014
KM Jadhav,-0.5923211032409841,-0.5923211032409841,0.0,0.08443249760464161,2.0,18.0,147.0,0.0,2013.0,-0.1282959251344747,-0.4563459709275451,-0.007679207178964191,2014
PP Chawla,-0.5975574522488817,-0.41990604272505805,-0.17765140952382363,0.7468337196050501,3.0,44.0,200.0,940.0,2013.0,-0.06924757189580359,-0.32071740120097225,-0.2075924791521059,2014
AL Menaria,-0.6337575358449278,-0.512698539174045,-0.12105899667088273,0.547262987514555,3.0,29.0,356.0,110.0,2013.0,-0.044971396628957695,-0.1858929990482953,-0.4028931401676748,2014
P Parameswaran,-0.6449737918610599,-0.002407483087539769,-0.6425663087735201,0.9842971633480317,2.0,8.0,2.0,154.0,2012.0,-0.06660209515098636,-0.5186482474230381,-0.05972344928703541,2014
MA Agarwal,-0.7010137402154424,-0.7010137402154424,0.0,0.3662860789071049,3.0,28.0,340.0,0.0,2013.0,-0.33222158869053775,-0.609869402618051,0.24107725109314632,2014
MD Mishra,-0.7012497201790953,-0.7012497201790953,0.0,0.42064259108761415,2.0,7.0,64.0,0.0,2012.0,-0.6837547784420704,-0.038875848341958806,0.02138090660493401,2014
M Manhas,-0.7068584051998178,-0.7190769663706362,0.012218561170818496,1.177701532302217,3.0,23.0,236.0,42.0,2013.0,-0.1640128581686105,-0.37917578947503916,-0.16366975755616808,2014
GJ Maxwell,-0.7129176159078553,-0.5540721303680507,-0.15884548553980457,0.24450675015559198,2.0,5.0,38.0,30.0,2013.0,-0.7119716899332196,-0.20313593294060148,0.20219000696596567,2014
MR Marsh,-0.7169058559875455,0.11406757782135515,-0.8309734338089008,0.7874751353380565,2.0,14.0,155.0,201.0,2013.0,-1.6685814409028497,0.8921043812584373,0.059571203656866745,2014
AP Majumdar,-0.7230738719323333,-0.7230738719323333,0.0,,1.0,4.0,76.0,0.0,2012.0,-0.163751203698241,-0.18513177405873896,-0.3741908941753534,2014
AG Murtaza,-0.7279853869007598,-0.06386939675832125,-0.6641159901424385,1.0561237605248586,3.0,9.0,14.0,192.0,2013.0,0.737838835791247,-1.1667813792360224,-0.2990428434559844,2014
JD Unadkat,-0.7380897588427684,-0.0004493378504213121,-0.7376404209923472,0.5042916174192553,3.0,21.0,2.0,420.0,2013.0,0.6744286397030835,-1.5719199581425727,0.15940155959672067,2014
CH Morris,-0.7414193880024451,-0.12471931681175744,-0.6167000711906877,,1.0,16.0,16.0,300.0,2013.0,-0.8560079874044862,-0.2383703975249446,0.3529589969269859,2014
DP Nannes,-0.7726172939122187,0.0,-0.7726172939122187,0.8811159062625775,2.0,7.0,0.0,143.0,2013.0,0.4493317784289538,-0.5583230552376093,-0.6636260171035631,2014
JH Kallis,-0.7980855095439767,-1.3439396402202717,0.5458541306762948,1.4023266051975047,3.0,48.0,1084.0,786.0,2013.0,0.5549248195510261,-1.8262862747261397,0.4732759456311368,2014
SV Samson,-0.7990606486502205,-0.7990606486502205,0.0,,1.0,11.0,178.0,0.0,2013.0,-0.7092554359888559,0.17361435565227482,-0.26341956831363955,2014
SS Tiwary,-0.8011589167288632,-0.8011589167288632,0.0,0.7074548057250196,3.0,39.0,464.0,0.0,2013.0,-0.15268709910367906,-0.3037524408646737,-0.3447193767605105,2014
A Ashish Reddy,-0.8022599966776629,-0.2990942662660219,-0.503165730411641,0.1881281603179772,2.0,21.0,118.0,203.0,2013.0,-0.6170897895491113,0.15240512733810435,-0.337575334466656,2014
PA Patel,-0.8069135669498619,-0.8069135669498619,0.0,0.8994086457835277,3.0,41.0,603.0,0.0,2013.0,0.18073430819175984,-0.9269525933818553,-0.06069528175976621,2014
MJ Clarke,-0.810361029520496,-1.5623611346500363,0.7520001051295403,,1.0,6.0,94.0,66.0,2012.0,0.5712602250537084,-1.3528170149966883,-0.028804239577516447,2014
LJ Wright,-0.8487586273958976,0.4763883021830035,-1.3251469295789011,0.30159945074302114,2.0,7.0,60.0,71.0,2013.0,-0.5756744405126734,-0.9060274936821693,0.6329433067989453,2014
MK Tiwary,-0.8516752918058498,-0.8384372202764239,-0.013238071529425917,0.8999225276435197,3.0,41.0,711.0,12.0,2013.0,0.12577993267848633,-0.3491529783409017,-0.6283022461434346,2014
Y Nagar,-0.8698802929039247,-0.6351830981315261,-0.23469719477239864,0.45213055953257003,2.0,24.0,233.0,36.0,2012.0,0.005981011254464645,-0.8219373224901523,-0.053923981668237045,2014
RJ Peterson,-0.9438008727665262,-0.4828226982277789,-0.46097817453874734,,1.0,5.0,30.0,48.0,2012.0,-0.05183018508160774,-0.08328866698216866,-0.8086820207027499,2014
MS Bisla,-1.014321104612724,-1.014321104612724,0.0,2.312942523141103,3.0,26.0,485.0,0.0,2013.0,-0.6617991127538141,-0.6041518499918612,0.25162985813295147,2014
SP Goswami,-1.0355154141803817,-1.0355154141803817,0.0,0.19032549195846488,2.0,16.0,96.0,0.0,2012.0,-0.564097199801195,-0.3820353233112527,-0.08938289106793393,2014
NV Ojha,-1.0412652009042347,-1.0412652009042347,0.0,1.22626445370377,3.0,34.0,395.0,0.0,2013.0,-0.7433194111676344,-0.26526313443698857,-0.0326826552996114,2014
JEC Franklin,-1.073781135027815,-0.8436068747250516,-0.23017426030276336,0.21605710844888765,2.0,20.0,301.0,151.0,2012.0,-0.4050989206863294,-0.38389076128829547,-0.2847914530531901,2014
MK Pandey,-1.0956952891607192,-1.0956952891607192,0.0,0.7034747793901627,3.0,27.0,476.0,0.0,2013.0,-0.5819307193092953,-0.6767999478889231,0.16303537803749896,2014
R Shukla,-1.1122861136050641,-0.005849213902896862,-1.1064368997021674,0.6245878651519934,2.0,4.0,2.0,66.0,2013.0,0.039208454455041564,-1.1809212924268007,0.029426724366694978,2014
RP Singh,-1.1356985019599979,-0.03815947841006506,-1.097539023549933,1.9091083915700857,3.0,36.0,16.0,785.0,2013.0,-0.4679476119597632,-1.25625175282335,0.5885008628231152,2014
M Kartik,-1.1572349268606317,-0.04560709427055008,-1.1116278325900817,1.2602829033945768,3.0,28.0,39.0,575.0,2013.0,-0.0949986347170192,-1.4166659508257147,0.3544296586821022,2014
AB Dinda,-1.2037586817688546,-0.05303245764626753,-1.1507262241225873,2.7272160267232213,3.0,26.0,21.0,540.0,2013.0,0.13273809573028744,0.2539240458827946,-1.5904208233819368,2014
PC Valthaty,-1.2070165500938823,-1.1513456801958672,-0.055670869898015396,3.441602150920805,3.0,21.0,406.0,151.0,2013.0,-0.7965208959898347,-0.5755994009373371,0.16510374683328904,2014
AD Mathews,-1.2193896605738939,-0.2978327427487991,-0.9215569178250945,0.5512896248053049,2.0,20.0,247.0,342.0,2013.0,-0.5604446329549637,-0.8440289085968853,0.18508388097795536,2014
KP Appanna,-1.2463064308529979,0.0,-1.2463064308529979,,1.0,6.0,0.0,102.0,2012.0,-1.0231045950120157,-0.22320183584098235,0.0,2014
M Klinger,-1.27526482913386,-1.27526482913386,0.0,,1.0,4.0,77.0,0.0,2011.0,0.7621002155258327,-2.0373650446596927,0.0,2014
CA Pujara,-1.293972222008713,-1.293972222008713,0.0,0.6203316537507596,3.0,14.0,152.0,0.0,2013.0,-1.219644280024419,0.17408308244041296,-0.24841102442470683,2014
SB Jakati,-1.3850875128398534,-0.03330960404335877,-1.3517779087964947,1.0422048561247075,2.0,30.0,12.0,511.0,2012.0,-0.5612215520633589,-0.7856205942711443,-0.03824536650535052,2014
AM Nayar,-1.4167327819527609,-1.208733780670818,-0.20799900128194293,0.5519483519228465,3.0,25.0,189.0,115.0,2013.0,-0.1426186098001725,-0.6172726963118821,-0.6568414758407065,2014
TL Suman,-1.520675129856088,-1.4436459288989514,-0.07702920095713682,0.19211963878419044,3.0,17.0,128.0,48.0,2013.0,-1.2392354758590614,-0.22492621696679171,-0.056513437030235016,2014
A Symonds,-1.6415757183430721,-1.473509717553926,-0.16806600078914605,,1.0,11.0,138.0,24.0,2011.0,-0.0687848758113411,-1.4783949997057806,-0.09439584282595023,2014
CJ Ferguson,-1.6690047134891397,-1.6690047134891397,0.0,0.6030191092246603,2.0,9.0,117.0,0.0,2012.0,0.08193488750471195,-1.1501663878361026,-0.600773213157749,2014
S Kaul,-1.6973132691977337,-0.06054563067973145,-1.6367676385180023,,1.0,6.0,9.0,131.0,2013.0,-0.3704283668244675,-0.4785776284378067,-0.8483072739354593,2014
DPMD Jayawardene,-1.7001036554417062,-1.7001036554417062,0.0,0.5823905174260435,3.0,44.0,868.0,0.0,2013.0,-1.599510031318618,0.023686357166803812,-0.12427998128989197,2014
S Randiv,-1.7030360161282874,-0.019832772697503616,-1.6832032434307838,,1.0,8.0,4.0,174.0,2011.0,-0.9446344170569622,-0.9473473076029763,0.18894570853165107,2014
LRPL Taylor,-1.7059968486737458,-1.7020597816055807,-0.00393706706816523,1.0122304239931794,3.0,29.0,399.0,6.0,2013.0,-0.5761704352863685,-0.956931640698484,-0.17289477268889333,2014
PA Reddy,-1.7246904338994062,-1.7246904338994062,0.0,1.5745061678140155,2.0,12.0,160.0,0.0,2013.0,-1.0061173879413305,-0.8779365449733318,0.15936349901525598,2014
KC Sangakkara,-1.7426827911654068,-1.7426827911654068,0.0,2.143093014861598,3.0,34.0,613.0,0.0,2013.0,-0.22784970666370186,-1.6993930072504488,0.1845599227487439,2014
SW Tait,-1.74848786873315,-0.047558597553062645,-1.7009292711800876,2.648371828414491,3.0,13.0,13.0,286.0,2013.0,-1.498499070758817,-0.16930871100636388,-0.08068008696796902,2014
LA Pomersbach,-1.7632253913598093,-1.7632253913598093,0.0,1.0124485344220413,2.0,8.0,98.0,0.0,2013.0,-0.9549730093623101,-0.57114896020053,-0.2371034217969693,2014
J Syed Mohammad,-1.790699686416692,-0.12331428903801685,-1.6673853973786752,1.0732975865526435,3.0,11.0,26.0,192.0,2013.0,0.1880402113570012,-1.8209126926149037,-0.1578272051587894,2014
DJ Jacobs,-1.8063542673177047,-1.8063542673177047,0.0,0.39894490588335274,2.0,7.0,98.0,0.0,2012.0,-1.7104541549555288,-0.09590011236217587,0.0,2014
DT Christian,-1.8272922625048367,-0.6355522458859122,-1.1917400166189243,1.7993281763642681,3.0,23.0,292.0,472.0,2013.0,0.12606919579793807,-0.3744214657514393,-1.5789399925513354,2014
UBT Chand,-1.8430628398033495,-1.8430628398033495,0.0,0.8863717422972827,3.0,13.0,204.0,0.0,2013.0,-1.1808478071668636,-0.3828732221217936,-0.2793418105146925,2014
MN Samuels,-1.8724950341541051,-1.5272083609627938,-0.3452866731913113,0.20273287332184609,2.0,10.0,141.0,196.0,2013.0,-0.5852206172803305,-0.9825013823495476,-0.30477303452422705,2014
AA Chavan,-1.9187174050055846,-0.022272015803832687,-1.8964453892017519,0.8543387583980139,3.0,13.0,11.0,248.0,2013.0,-0.9684016086339196,-0.8020054245033053,-0.14831037186836,2014
S Aravind,-1.958823910244833,0.1263869013569884,-2.0852108116018213,2.669532954831636,2.0,14.0,16.0,294.0,2012.0,-0.3355896559542886,-1.7609376757190176,0.1377034214284721,2014
RE Levi,-2.033268668214365,-2.033268668214365,0.0,,1.0,6.0,73.0,0.0,2012.0,-1.6859031699809413,-0.3473654982334234,0.0,2014
UT Yadav,-2.065751503619627,-0.13443108063584064,-1.9313204229837864,2.6896262202106365,3.0,40.0,50.0,821.0,2013.0,-1.0515601894955435,-0.5913921173907243,-0.42279919673335936,2014
TM Dilshan,-2.122441766132126,-1.5077151642738915,-0.6147266018582347,0.8317537930038043,3.0,24.0,534.0,120.0,2013.0,-1.8847465981788656,-0.23570381786645633,-0.0019913500868043305,2014
A Singh,-2.17883083871639,-0.02532734415979493,-2.153503494556595,1.009591556426798,2.0,18.0,7.0,368.0,2012.0,-0.6490075334920771,-0.16475473162086593,-1.3650685736034471,2014
RR Powar,-2.2189006478867035,-0.0577874559111993,-2.161113191975504,0.24430615029118985,2.0,6.0,13.0,90.0,2012.0,-0.7468077895034602,-1.2943674999604025,-0.1777253584228407,2014
N Saini,-2.3431722725101367,-2.3431722725101367,0.0,,1.0,10.0,141.0,0.0,2012.0,-0.7693789711046519,-1.173293561350351,-0.400499740055133,2014
MC Juneja,-2.3432599569131503,-2.3432599569131503,0.0,,1.0,7.0,128.0,0.0,2013.0,-0.22564804566847338,-1.5025868742124953,-0.6150250370321817,2014
K Upadhyay,-2.4108754595265864,0.004390034497618169,-2.4152654940242044,0.34447237080477,2.0,3.0,9.0,54.0,2013.0,-2.143655982842899,-0.27160951118130594,0.004390034497618169,2014
TG Southee,-2.5460315975508223,0.0,-2.5460315975508223,,1.0,5.0,0.0,114.0,2011.0,-1.4082523522960848,0.16155903829909837,-1.2993382835538363,2014
JE Taylor,-2.5811351124896467,-0.012897100117371184,-2.5682380123722757,,1.0,5.0,3.0,117.0,2011.0,-1.7846603118173159,-0.08709475237700816,-0.7093800482953228,2014
PV Tambe,-2.590082528763922,-0.08155475384610479,-2.5085277749178174,,1.0,3.0,6.0,66.0,2013.0,-0.6029735009466148,-1.905554273971203,-0.08155475384610479,2014
SJ Srivastava,-2.592572731465182,0.0007159905904088834,-2.5932887220555907,,1.0,6.0,3.0,120.0,2011.0,-3.1307242109973124,0.380479155608487,0.15767232392364341,2014
HH Gibbs,-2.607984620079639,-2.607984620079639,0.0,,1.0,3.0,88.0,0.0,2012.0,-2.887098463700205,0.2095627528140309,0.06955109080653485,2014
AB Agarkar,-2.6199266064416937,-0.18446408496846584,-2.4354625214732275,0.6824922588797161,3.0,15.0,22.0,308.0,2013.0,-0.9159643500236755,-0.870033464052783,-0.8339287923652353,2014
A Mithun,-2.66186009707662,-0.030252336591467477,-2.631607760485153,1.2448331234914944,3.0,14.0,22.0,246.0,2013.0,-1.2381710337792353,-0.603111301820181,-0.8205777614772036,2014
V Pratap Singh,-2.768078071987236,-0.002907913347378619,-2.7651701586398576,,1.0,9.0,1.0,204.0,2012.0,-1.7762101945229334,-0.8274124975581219,-0.16445537990618136,2014
M de Lange,-2.7904345464127824,0.0,-2.7904345464127824,,1.0,3.0,0.0,60.0,2012.0,-0.5477799873602722,-1.2255359144008164,-1.0171186446516935,2014
HV Patel,-2.8900062172233603,-0.07691384572622624,-2.813092371497134,,1.0,11.0,15.0,246.0,2012.0,-1.904856262721591,-0.4714952242054804,-0.5136547302962892,2014
RT Ponting,-2.9349564148657983,-2.9349564148657983,0.0,,1.0,6.0,75.0,0.0,2013.0,-2.0936159555295655,-0.8413404593362329,0.0,2014
IK Pathan,-2.9942389621841814,-1.238872011197063,-1.7553669509871184,1.3594018005034842,3.0,46.0,416.0,943.0,2013.0,-0.7180438537181171,-1.4535647659193727,-0.8226303425466919,2014
KW Richardson,-3.127056626168379,-0.8002085817511964,-2.3268480444171824,,1.0,3.0,36.0,71.0,2013.0,-0.8630169888189165,-0.6104181464457046,-1.6536214909037579,2014
SC Ganguly,-3.233408948105374,-2.9839186960375415,-0.2494902520678327,1.1261332360312144,2.0,19.0,330.0,60.0,2012.0,-1.3170954290655625,-1.5234891404538518,-0.3928243785859599,2014
Mohammed Shami,-3.2789845831304945,-0.26623816315750476,-3.0127464199729896,,1.0,3.0,10.0,54.0,2013.0,-1.7991173261956808,-1.4632161598701525,-0.016651097064661224,2014
MS Gony,-3.3180794059273655,-0.02049191249577554,-3.29758749343159,1.7490697076979542,3.0,17.0,35.0,366.0,2013.0,-2.1387838514682427,-0.8029109337067069,-0.37638462075241597,2014
A Nehra,-3.5442961383065796,-0.08044885483131124,-3.4638472834752676,0.18553037076658208,2.0,23.0,20.0,504.0,2013.0,-3.0734562354890835,0.6008675499500866,-1.0717074527675825,2014
AD Russell,-3.81177417361297,-0.10434968553008245,-3.7074244880828875,1.7703940410718002,2.0,7.0,40.0,138.0,2013.0,-0.5592667676072592,-2.544429000154034,-0.7080784058516767,2014
GH Vihari,-3.8385751224254827,-3.8610901977522567,0.02251507532677416,,1.0,17.0,278.0,36.0,2013.0,-2.0386110504112867,-0.9433876834037926,-0.8565763886104032,2014
JO Holder,-4.33586920159264,0.0,-4.33586920159264,,1.0,6.0,0.0,120.0,2013.0,-3.3356408651090224,-1.0002283364836175,0.0,2014
R McLaren,-5.250356065183427,-0.5746179441234964,-4.67573812105993,0.5957727763970828,2.0,8.0,102.0,150.0,2013.0,-2.9962241459031587,-1.0838931790478163,-1.1702387402324512,2014
JJ van der Wath,-6.380982056950897,-0.32710126023013375,-6.053880796720763,,1.0,3.0,16.0,72.0,2011.0,-2.5527660720509613,-2.7713662382724262,-1.0568497466275086,2014
TP Sudhindra,-6.996162314918559,0.0,-6.996162314918559,,1.0,3.0,0.0,70.0,2012.0,-2.6789192165788402,-2.1330143268196817,-2.1842287715200372,2014
LMP Simmons,7.9906752528182095,8.116668634257902,-0.1259933814396922,,1.0,8.0,291.0,18.0,2014.0,5.555963338179738,3.11883775959438,-0.6841258449559077,2015
SP Narine,6.969160931663319,-0.06699216859377648,7.036153100257096,0.515307288838866,3.0,47.0,40.0,1123.0,2014.0,1.1856238090834397,1.7299632366142645,4.053573885965616,2015
CH Gayle,5.053447809218891,5.154597995597061,-0.10115018637816932,7.012312478724194,3.0,39.0,1093.0,52.0,2014.0,1.5126375549552555,2.344380007634229,1.196430246629407,2015
AR Patel,4.505253121485645,-0.7284047317742975,5.233657853259943,,1.0,17.0,60.0,396.0,2014.0,-1.0676935602230002,4.035264802838697,1.5376818788699484,2015
M Vohra,4.288966261028772,4.288966261028772,0.0,3.080819175664079,2.0,20.0,350.0,0.0,2014.0,5.386731480548919,-0.8886742505105174,-0.20909096900962992,2015
RV Uthappa,4.167729271282718,4.167729271282718,0.0,3.6009509891825857,3.0,48.0,1193.0,0.0,2014.0,3.3675685499313692,0.46207921198499347,0.3380815093663549,2015
DR Smith,4.099668301803996,4.341000623909601,-0.24133232210560504,0.6426727296969285,3.0,36.0,855.0,168.0,2014.0,2.9607751844976544,1.3425704250713437,-0.2036773077650022,2015
SL Malinga,4.021050274319256,-0.17706101148335238,4.198111285802607,1.3168799004718992,3.0,41.0,75.0,960.0,2014.0,1.2156764612878994,0.16420505122371354,2.6411687618076423,2015
DA Miller,3.980725795457836,3.980725795457836,0.0,3.0855229086982896,3.0,34.0,628.0,0.0,2014.0,0.0947306019002895,1.8844724274424913,2.001522766115056,2015
SK Raina,3.601581445841408,3.788480039339771,-0.18689859349836246,1.1649473737097902,3.0,52.0,1049.0,204.0,2014.0,1.725133590951997,0.9850952394706011,0.8913526154188104,2015
AB de Villiers,3.3996632774957094,3.3996632774957094,0.0,0.6943235762879238,3.0,43.0,666.0,0.0,2014.0,-0.07288542145956778,0.8569621961964811,2.615586502758796,2015
SR Watson,3.324130594826881,2.5047229432014886,0.8194076516253924,3.9715975374188464,3.0,36.0,744.0,514.0,2014.0,0.9604172833119233,1.4952443177488048,0.8684689937661524,2015
Sandeep Sharma,3.30961730766672,-0.012774339822402754,3.322391647489123,0.46769500218314564,2.0,15.0,6.0,337.0,2014.0,3.7723533179033284,0.7120971283021682,-1.174833138538776,2015
DA Warner,3.308189076487376,3.308189076487376,0.0,1.3193963464720455,3.0,38.0,854.0,0.0,2014.0,0.05344769067968369,1.8040628710399012,1.4506785147677916,2015
A Chandila,3.2341169100686535,-0.015891348420799253,3.250008258489453,1.0647629455531273,2.0,12.0,7.0,234.0,2013.0,3.620771060827701,-0.4787892924602958,0.09213514170124838,2015
Z Khan,3.043033406547721,-0.04169146186027317,3.0847248684079944,0.9398292065736412,3.0,23.0,24.0,530.0,2014.0,2.9176858667272647,-0.46824391343218663,0.593591453252643,2015
B Kumar,3.016856602120941,-0.47488824403481444,3.4917448461557554,2.2659928270904754,3.0,41.0,115.0,895.0,2014.0,2.5404188577999487,-0.6186529638246114,1.0950907081456036,2015
Shakib Al Hasan,2.948610181352805,0.19568407323230166,2.752926108120503,0.006706424074257145,2.0,21.0,226.0,480.0,2014.0,-0.2406193148500701,2.4877450701985637,0.7014844260043109,2015
GJ Maxwell,2.8602636092025473,3.57930674214096,-0.719043132938413,3.34022045603902,3.0,21.0,332.0,96.0,2014.0,0.09424969363442037,2.4551820723240185,0.3108318432441085,2015
MM Sharma,2.791601809403682,-0.014327196229234665,2.8059290056329167,2.1855730060115914,2.0,31.0,8.0,627.0,2014.0,1.6018051724549467,1.1564635365541096,0.03333310039462532,2015
Harbhajan Singh,2.6717363585369087,-0.1666048453549333,2.8383412038918423,2.357525768180272,3.0,50.0,184.0,1074.0,2014.0,0.374272817994021,2.456744951582979,-0.15928141104009144,2015
KP Pietersen,2.6474660140401376,2.8007843953656937,-0.15331838132555603,2.315688941820549,2.0,19.0,440.0,36.0,2014.0,2.486918140399184,-0.21006576742815708,0.3706136410691101,2015
MEK Hussey,2.4269439853569192,2.4269439853569192,0.0,4.455056095181894,3.0,34.0,984.0,0.0,2014.0,1.940343778878082,0.21709445916342662,0.2695057473154116,2015
DW Steyn,2.4094416760299393,-0.16384880274349747,2.573290478773437,3.1303715848884055,3.0,43.0,83.0,1023.0,2014.0,1.5995033287808371,-0.2985523658963856,1.1084907131454882,2015
SE Marsh,2.1947583081551336,2.1947583081551336,0.0,1.5055708123173288,3.0,23.0,581.0,0.0,2014.0,0.6401384737511626,1.4743121289259942,0.0803077054779771,2015
KMDN Kulasekara,2.0432089667740834,0.005853443426945641,2.037355523347138,,1.0,4.0,3.0,84.0,2012.0,0.5781656170596233,-0.20895239128310922,1.6739957409975692,2015
MS Dhoni,1.9737487794006625,1.9737487794006625,0.0,1.554824862400496,3.0,52.0,811.0,0.0,2014.0,0.05486320161424023,-0.2644284171818677,2.18331399496829,2015
V Sehwag,1.9537020568494068,1.99601425202422,-0.042312195174813154,1.5429076405483615,3.0,46.0,855.0,30.0,2014.0,0.8641795814783932,0.913643729226416,0.17587874614459764,2015
Karanveer Singh,1.8658917703129438,-0.0007134962075954611,1.8666052665205393,,1.0,5.0,1.0,120.0,2014.0,0.0,2.2235163018349886,-0.3576245315220448,2015
RE van der Merwe,1.8656544701408577,-0.5560012260763477,2.421655696217205,0.22247294012019547,2.0,6.0,25.0,126.0,2013.0,1.721790891470541,0.14065668033066753,0.0032068983396492112,2015
R Ashwin,1.784589325842743,-0.329311573884827,2.11390089972757,0.8648833747111359,3.0,52.0,109.0,1102.0,2014.0,1.2045269673167753,0.16352779407149806,0.41653456445446946,2015
KK Cooper,1.7509866415630855,0.0287294073342032,1.7222572342288822,1.541336074673069,3.0,25.0,68.0,576.0,2014.0,0.9229681571426036,-0.16213229644064497,0.990150780861127,2015
Ankit Sharma,1.658705208651324,-0.03166013570037277,1.6903653443516968,1.7036636163582592,3.0,13.0,43.0,205.0,2014.0,1.726172394859562,0.035188650483580775,-0.10265583669181853,2015
S Dhawan,1.5693747726717153,1.5673033838387092,0.002071388833006189,2.6460526055482907,3.0,39.0,1011.0,36.0,2014.0,1.0390693828032749,0.2998155617148063,0.23048982815363414,2015
AD Mascarenhas,1.5543536168995127,-0.18136120587187693,1.7357148227713894,3.2336784963561502,2.0,5.0,21.0,120.0,2013.0,1.3367854338155392,0.43572461739965773,-0.21815643431568352,2015
DS Kulkarni,1.520809275487247,0.018284102724929877,1.5025251727623172,2.350826571307971,3.0,16.0,30.0,322.0,2014.0,2.6666944744279624,-0.48634569504825986,-0.6595395038924556,2015
Pankaj Singh,1.4170457877409528,0.0,1.4170457877409528,,1.0,6.0,0.0,126.0,2012.0,2.5327432389039486,0.04878851410701556,-1.164485965270011,2015
V Kohli,1.4107833460249763,1.4604297807463646,-0.0496464347213881,4.559957178398438,3.0,45.0,1077.0,18.0,2014.0,-0.9482878652044888,1.5732150336133588,0.7858561776161058,2015
Azhar Mahmood,1.4092250839507363,0.25505752873982823,1.1541675552109083,0.2716788014156145,2.0,22.0,296.0,519.0,2013.0,0.2729289073403137,1.5455660213731934,-0.40926984476277056,2015
F du Plessis,1.4046964986057946,1.4131852214012408,-0.008488722795446102,1.4541352583978742,2.0,27.0,539.0,6.0,2014.0,1.7962196171192533,-0.09181337903389969,-0.299709739479559,2015
S Gopal,1.388838187032132,-0.09878252433181188,1.487620711363944,,1.0,4.0,10.0,84.0,2014.0,1.3749341311218868,-0.2857249543798884,0.2996290102901332,2015
R Dravid,1.3652547350079096,1.3652547350079096,0.0,0.6355365374403565,2.0,34.0,837.0,0.0,2013.0,3.0288269794771594,-1.6369217145841661,-0.026650529885083717,2015
BJ Rohrer,1.2810305728160432,1.3184478687665562,-0.0374172959505131,,1.0,8.0,140.0,6.0,2013.0,0.0,-0.7185859778164922,1.9996165506325352,2015
KK Nair,1.2755997054226007,1.2755997054226007,0.0,1.4480523590158692,2.0,13.0,244.0,0.0,2014.0,0.5138787387138618,0.4152607401912883,0.34646022651745095,2015
KV Sharma,1.2540228683250154,-0.4037291598255783,1.6577520281505933,0.5471415674509456,2.0,27.0,115.0,513.0,2014.0,-0.16719716697712103,1.1123067944231755,0.3089132408789607,2015
AB McDonald,1.2501047990509577,-0.09698996822073935,1.3470947672716969,1.6352582286625583,2.0,4.0,37.0,72.0,2013.0,0.43774134635633094,0.6338393477253376,0.17852410496928947,2015
MA Starc,1.231694763334341,-1.0360544584801017,2.2677492218144426,,1.0,14.0,84.0,322.0,2014.0,1.1599761311018093,-0.19442572164334584,0.26614435387587765,2015
SMSM Senanayake,1.2071749565294718,-0.23076511597092478,1.4379400725003966,,1.0,8.0,17.0,192.0,2013.0,1.7256887381216364,-0.6731810864150803,0.15466730482291577,2015
BW Hilfenhaus,1.1737976952075386,0.0,1.1737976952075386,2.5791848627505956,2.0,17.0,0.0,372.0,2014.0,2.527115198797146,-0.009883837049356022,-1.3434336665402513,2015
BAW Mendis,1.147504261342701,-0.05640149323481806,1.203905754577519,,1.0,3.0,4.0,72.0,2013.0,2.3444055739760272,-1.3395792897646512,0.1426779771313248,2015
VR Aaron,1.113064193647301,-0.2147918135561138,1.3278560072034147,1.4885475923966909,2.0,18.0,37.0,406.0,2014.0,1.2435260474444507,1.2773207014610455,-1.407782555258195,2015
MG Johnson,1.0947291698974588,-0.35198812881076474,1.4467172987082235,2.6113829493477954,2.0,31.0,86.0,705.0,2014.0,0.9790364432395007,-0.46859369169003195,0.5842864183479902,2015
R Rampaul,1.0826199116264326,-0.33832226274819366,1.4209421743746262,0.9551241442247034,2.0,12.0,50.0,262.0,2014.0,1.3291329508943914,0.37874035092342895,-0.6252533901913879,2015
RG Sharma,1.0085447355879131,1.0169287926805386,-0.008384057092625272,1.1090637001743868,3.0,51.0,1053.0,32.0,2014.0,-0.6113835508114083,0.03232341494632203,1.5876048714529996,2015
R Tewatia,0.994290624083212,-0.005829477291298904,1.000120101374511,,1.0,3.0,13.0,54.0,2014.0,0.0,0.9654571723015998,0.02883345178161225,2015
EJG Morgan,0.8978579047203423,0.8978579047203423,0.0,,1.0,14.0,240.0,0.0,2013.0,0.22484393039679754,0.025359928551141477,0.6476540457724034,2015
L Balaji,0.8945312943807663,-0.018262222616768232,0.9127935169975345,3.8611545120285093,3.0,30.0,13.0,684.0,2014.0,0.9224458251514298,0.9187595783580106,-0.9466741091286743,2015
RA Jadeja,0.8553943307973585,0.050459690113520694,0.8049346406838378,0.5789222301949191,3.0,52.0,396.0,795.0,2014.0,0.4398129266111125,0.25294276135784166,0.16263864282840423,2015
SK Trivedi,0.8363207964143025,-0.02036478116662154,0.8566855775809239,0.3214013423997926,2.0,31.0,13.0,671.0,2013.0,-0.1538026723064014,1.177043697973357,-0.1869202292526531,2015
CL White,0.7826845920187135,0.8142203605044283,-0.03153576848571487,4.044944401440263,2.0,26.0,511.0,30.0,2013.0,-1.0219653988925481,0.033210522016016375,1.7714394688952448,2015
Harmeet Singh,0.7515271422281062,-0.015568143482569421,0.7670952857106756,1.9203395043367406,2.0,10.0,11.0,202.0,2013.0,0.3969332257097789,0.013720575054018913,0.34087334146430853,2015
AJ Finch,0.7352153797495002,0.8145215299610324,-0.07930615021153231,2.352294462481822,3.0,29.0,650.0,24.0,2014.0,0.6042866982718589,0.5490394944988513,-0.41811081302121034,2015
DJ Bravo,0.7307916406044346,0.0622528035436985,0.6685388370607359,0.6118797354869088,3.0,37.0,373.0,721.0,2014.0,-0.25357346632658595,-0.5662518465405879,1.550616953471608,2015
AT Rayudu,0.7215767435558981,0.7215767435558981,0.0,0.8152346362913889,3.0,51.0,770.0,0.0,2014.0,0.4405394671703206,0.5885704553206562,-0.3075331789350788,2015
Bipul Sharma,0.7194715559784542,0.18347747823304653,0.5359940777454077,1.7394325225904417,2.0,6.0,47.0,70.0,2013.0,1.3093764051578647,-0.4384015554134213,-0.15150329376598892,2015
YS Chahal,0.7143262171070366,-0.00015926254633827258,0.7144854796533748,1.6735518265028908,2.0,15.0,1.0,354.0,2014.0,-0.1723918195136312,0.6080781021471268,0.278639934473541,2015
AM Rahane,0.7054283589057242,0.7054283589057242,0.0,1.7566310871062434,3.0,47.0,1182.0,0.0,2014.0,0.7710757892155946,-0.29035493299569903,0.22470750268582873,2015
WP Saha,0.689851857401184,0.689851857401184,0.0,0.7581773661870388,3.0,23.0,319.0,0.0,2014.0,0.2160061793438804,-0.018325620959066424,0.49217129901637013,2015
JP Duminy,0.6729856892780922,1.6631354702637702,-0.9901497809856779,0.4804550768018367,2.0,23.0,495.0,270.0,2014.0,-0.5919079921370233,-1.0668458172785986,2.331739498693714,2015
AC Gilchrist,0.6608065434385872,0.6595660557705174,0.0012404876680698798,0.10340446203444309,2.0,20.0,372.0,1.0,2013.0,0.38693104513743826,-0.08363353507778903,0.3575090333789378,2015
Shivam Sharma,0.6572604721502469,-0.006798992841996582,0.6640594649922434,,1.0,4.0,3.0,96.0,2014.0,0.0,0.5362002639201551,0.12106020823009181,2015
SPD Smith,0.6472354297112494,0.6477080747754085,-0.0004726450641590863,0.6794199357402342,3.0,32.0,509.0,2.0,2014.0,0.1529644676298568,-0.4439129120740798,0.9381838741554724,2015
WD Parnell,0.6436346904884591,-0.18794385949444878,0.8315785499829079,1.1319155666598497,3.0,18.0,36.0,396.0,2014.0,-0.01816967174000106,0.6974767025996788,-0.03567234037121855,2015
NV Ojha,0.6344331784169037,0.6344331784169037,0.0,1.1784413365912891,3.0,31.0,395.0,0.0,2014.0,0.06610181827700451,0.24420474974581916,0.32412661039408014,2015
KW Richardson,0.6158676432691397,-0.30546956713282886,0.9213372104019687,2.994339415550015,2.0,10.0,38.0,233.0,2014.0,1.5759054954100884,0.4459893152839447,-1.4060271674248934,2015
BJ Hodge,0.5768265400405431,0.5810823608652177,-0.004255820824674488,0.3068445151845787,3.0,33.0,465.0,18.0,2014.0,0.0007580950658491077,0.12649190895384002,0.449576536020854,2015
YK Pathan,0.5382554247632119,0.8776959825207036,-0.33944055775749177,1.952348801630052,3.0,48.0,574.0,192.0,2014.0,-0.15693089010246059,0.7786006713681655,-0.08341435650249296,2015
Imran Tahir,0.5354020207301952,-0.1453268355631445,0.6807288562933397,,1.0,6.0,10.0,125.0,2014.0,-0.19266891895933894,-1.131361749958423,1.8594326896479572,2015
R Bhatia,0.5173675407707358,-0.23181992283813688,0.7491874636088727,0.92059434435876,3.0,44.0,161.0,810.0,2014.0,0.0,0.4082923340207303,0.1090752067500056,2015
P Kumar,0.4952150275458834,-0.11971306156413858,0.6149280891100221,1.1685628696889514,3.0,34.0,71.0,788.0,2014.0,0.8799663255083646,-0.14791183937763647,-0.2368394585848446,2015
OA Shah,0.47664070654339974,0.47664070654339974,0.0,1.2241872877564535,2.0,15.0,279.0,0.0,2013.0,0.19431121340496527,0.21646653932027932,0.0658629538181551,2015
PP Chawla,0.44838498654205095,-0.2172158496328534,0.6656008361749043,1.1860448381777873,3.0,43.0,164.0,929.0,2014.0,-0.13966839966313696,-0.07643018545400088,0.6644835716591886,2015
RJ Harris,0.434573904857223,-0.04363378103637207,0.478207685893595,1.254428218780471,2.0,8.0,16.0,180.0,2013.0,-1.1249703369811093,0.13337155551637125,1.426172686321961,2015
KD Karthik,0.4216387842042766,0.4216387842042766,0.0,1.4300530059140748,3.0,50.0,882.0,0.0,2014.0,0.3401909275788553,0.2545711034511141,-0.17312324682569283,2015
AP Tare,0.2886567686545993,0.2886567686545993,0.0,0.7186566899768505,2.0,20.0,182.0,0.0,2014.0,0.14830107737265197,0.22470934455086256,-0.08435365326891525,2015
PV Tambe,0.2809400587848615,-0.06924045197547571,0.3501805107603372,2.296818070039027,2.0,16.0,15.0,360.0,2014.0,-1.0226017471537872,1.039506352735105,0.2640354532035437,2015
JP Faulkner,0.17482696948931986,0.35204636902469755,-0.1772193995353777,2.7751959457764404,3.0,31.0,164.0,685.0,2014.0,0.04820845832580759,-0.7822660314234631,0.9088845425869756,2015
B Lee,0.16420348337477975,0.1317487325845712,0.03245475079020854,1.5625429499196555,2.0,13.0,32.0,300.0,2013.0,-0.09930827516840901,0.519041797775482,-0.255530039232293,2015
DJ Hussey,0.14407203187196715,0.43783455542266914,-0.29376252355070204,0.7526526111199658,3.0,33.0,608.0,137.0,2014.0,0.47346858327912855,-0.8261492087913302,0.4967526573841691,2015
P Parameswaran,0.1424639388173657,-0.0037098579228474885,0.14617379674021316,,1.0,3.0,1.0,60.0,2012.0,1.5239179151194309,-1.0442949085075124,-0.3371590677945527,2015
RN ten Doeschate,0.1131080634532591,0.13593861946731958,-0.02283055601406048,0.5264785669755151,3.0,17.0,117.0,66.0,2014.0,-0.03407084836936853,0.3742610998984335,-0.22708218807580585,2015
DL Vettori,0.10706464035836605,-0.31125521495946373,0.4183198553178298,,1.0,9.0,26.0,210.0,2012.0,-0.1603332745580038,0.31460031403531186,-0.047202399118941904,2015
Yuvraj Singh,0.08239106258882117,-0.0658037568916156,0.14819481948043683,0.7074800928886478,2.0,27.0,468.0,268.0,2014.0,-1.3336423444897785,-0.17300989938820763,1.5890433064668075,2015
Gurkeerat Singh,0.05660411103610774,0.05660411103610774,0.0,0.7786047270240101,2.0,16.0,147.0,0.0,2013.0,0.10609840628169491,-0.5273777467836692,0.4778834515380819,2015
G Gambhir,0.03548245936152927,0.03548245936152927,0.0,3.4645719790290497,3.0,49.0,1047.0,0.0,2014.0,0.34110793271774,-0.313743402237445,0.008117928881234585,2015
CJ Anderson,0.025600698610217965,2.161807800142223,-2.136207101532005,,1.0,12.0,181.0,108.0,2014.0,-1.40596935605774,2.8746206451229237,-1.4430505904549658,2015
Iqbal Abdulla,0.013074645886028302,-0.06134150390448619,0.07441614979051447,0.541378001201251,3.0,15.0,17.0,257.0,2014.0,-0.196386891599428,0.2727414797541432,-0.06327994226868687,2015
SR Tendulkar,0.008139022921433633,0.008139022921433633,0.0,0.13719236114847883,2.0,27.0,514.0,0.0,2013.0,-0.30848042617681193,0.46792316332901995,-0.1513037142307744,2015
M Morkel,-0.01961140148624961,0.051264309072039264,-0.07087571055828884,3.4609740579210695,3.0,38.0,37.0,906.0,2014.0,0.568051266067615,-0.3320373952356591,-0.25562527231820537,2015
BB Samantray,-0.0199842116756469,-0.0199842116756469,0.0,0.007181421587803062,2.0,9.0,113.0,0.0,2013.0,0.10171134815043902,0.0067247092713919035,-0.1284202690974778,2015
Anand Rajan,-0.023739637658432455,0.0,-0.023739637658432455,1.7782627221977614,2.0,6.0,0.0,119.0,2013.0,-0.39045735036223145,0.34515012329875355,0.02156758940504533,2015
R Dhawan,-0.02402396990104092,-0.4909076912398742,0.46688372133883327,0.016175554917988083,2.0,19.0,96.0,374.0,2014.0,-0.39446799691184853,0.9231759054892997,-0.552731878478492,2015
R Sathish,-0.10125586921994145,0.31331709214143116,-0.4145729613613726,,1.0,9.0,77.0,24.0,2013.0,0.0,0.07199686872972048,-0.1732527379496618,2015
SA Yadav,-0.1105935129426963,-0.10365093962857677,-0.006942573314119528,0.13716382577795588,2.0,17.0,121.0,6.0,2014.0,-0.053168164517697604,0.02360507887195186,-0.08103042729695056,2015
M Manhas,-0.11316734578371702,-0.11316734578371702,0.0,0.1395770087997531,3.0,25.0,136.0,0.0,2014.0,0.0,-0.09519796412965353,-0.0179693816540635,2015
STR Binny,-0.1347094057172511,-0.4572785388009034,0.3225691330836523,1.4564781606009394,3.0,38.0,387.0,258.0,2014.0,0.06303430589172332,0.1420592976571825,-0.3398030092661571,2015
S Nadeem,-0.13509095490425505,-0.284597232827153,0.14950627792289795,1.42571297327366,3.0,35.0,48.0,762.0,2014.0,-0.39291652824475953,0.4351687576886899,-0.17734318434818558,2015
SV Samson,-0.1599629920359685,-0.1599629920359685,0.0,0.5112781252914016,2.0,24.0,451.0,0.0,2014.0,-0.46952687957417416,0.8775776844604433,-0.5680137969222377,2015
NLTC Perera,-0.16606671171553306,-0.02403545650759735,-0.1420312552079357,0.6388379335503331,2.0,18.0,172.0,373.0,2013.0,0.2872830124858937,0.5036375809637953,-0.9569873051652219,2015
DH Yagnik,-0.21643763768357788,-0.21643763768357788,0.0,0.22298582448545068,3.0,18.0,115.0,0.0,2014.0,0.0,-0.12294211530964269,-0.09349552237393517,2015
SD Chitnis,-0.22914732814311964,-0.22914732814311964,0.0,,1.0,6.0,62.0,0.0,2012.0,-0.17184977107745272,0.346205635305637,-0.4035031923713039,2015
AN Ahmed,-0.24194953166264144,0.0026532384239718446,-0.2446027700866133,0.30402502652095825,3.0,7.0,1.0,140.0,2014.0,-0.8888742772178283,0.6260981220939257,0.02082662346126124,2015
M Muralitharan,-0.25305876968358965,-0.013618861747738745,-0.2394399079358509,2.9476602271315624,3.0,21.0,9.0,474.0,2014.0,-0.6379711073945379,1.0054852386712874,-0.6205729009603391,2015
VS Malik,-0.25434245705152225,-0.019091500114656844,-0.23525095693686549,0.9936457467538515,2.0,4.0,2.0,78.0,2014.0,-0.45707060209801675,0.22181964516115105,-0.019091500114656844,2015
S Badrinath,-0.2789313792579953,-0.2789313792579953,0.0,0.6247233427250475,2.0,32.0,302.0,0.0,2013.0,-0.14372595134350236,0.20137998611929614,-0.3365854140337892,2015
AA Jhunjhunwala,-0.35046252422561996,-0.31817559765276815,-0.03228692657285181,,1.0,5.0,26.0,36.0,2012.0,-0.5243327242334862,0.5585355531499245,-0.3846653531420581,2015
JA Morkel,-0.3604001467508271,-0.311644843920714,-0.04875530283011309,0.9266110335530003,3.0,30.0,146.0,537.0,2014.0,-0.8731000925195556,0.206412426138954,0.30628751962977463,2015
GB Hogg,-0.3831424660721595,-0.053265010376478794,-0.3298774556956807,1.484304995638769,2.0,10.0,16.0,236.0,2013.0,-0.02591509254080387,-0.38388941040102526,0.02666203686966985,2015
DB Das,-0.3937643729781574,-0.3937643729781574,0.0,0.32969878652249807,2.0,25.0,167.0,0.0,2013.0,-0.04326606056492229,-0.030179208217939773,-0.3203191041952954,2015
BB McCullum,-0.48126685909208833,-0.48126685909208833,0.0,1.0394969067330813,3.0,27.0,623.0,0.0,2014.0,0.11550619499581538,-0.4537119340937128,-0.14306111999419083,2015
Y Nagar,-0.5081758452778687,-0.4934145880265598,-0.014761257251308961,,1.0,13.0,133.0,6.0,2012.0,0.026597662864149767,-0.3268780793054056,-0.20789542883661288,2015
J Botha,-0.5352217630296734,-1.0593206183080741,0.5240988552784008,0.6547772124573563,2.0,17.0,106.0,346.0,2013.0,-0.9485892746979974,0.43642566268811284,-0.023058151019789197,2015
SS Tiwary,-0.5404894402304163,-0.5404894402304163,0.0,0.4295350044703594,2.0,23.0,276.0,0.0,2013.0,-0.07756341699159212,-0.11748133153897489,-0.34544469169984937,2015
UT Yadav,-0.5546731193472285,-0.08389907143084811,-0.47077404791638044,2.3868531360073955,3.0,45.0,49.0,983.0,2014.0,0.32753708180421204,-0.47624678562996364,-0.405963415521477,2015
KM Jadhav,-0.5660256940424324,-0.5660256940424324,0.0,0.017561385831852017,2.0,22.0,225.0,0.0,2014.0,-0.45216228239821804,-0.4171520818651304,0.3032886702209162,2015
DJ Harris,-0.570114876273192,-0.3892442252471653,-0.18087065102602673,,1.0,4.0,101.0,18.0,2012.0,-1.2792756447257976,0.757651643634675,-0.04849087518206935,2015
JD Unadkat,-0.5765704507047207,-0.02066358084343045,-0.5559068698612902,0.5466021940122123,3.0,23.0,8.0,499.0,2014.0,0.8075423099599859,-0.523161494638165,-0.8609512660265417,2015
AL Menaria,-0.5789864105842711,-0.5868909828671761,0.007904572282904913,0.6513418443764479,2.0,16.0,204.0,20.0,2013.0,-0.00152626806376321,-0.2749633830095145,-0.3024967595109935,2015
M de Lange,-0.5953126452736571,-0.04313079180904198,-0.5521818534646152,1.5365853307973878,2.0,4.0,2.0,84.0,2014.0,-1.2595783876936286,0.5372538280360915,0.12701191438388,2015
S Sreesanth,-0.6101461223774224,-0.028780363460083315,-0.5813657589173391,,1.0,7.0,4.0,130.0,2013.0,-1.2114168140037376,0.9469736293580243,-0.3457029377317094,2015
BA Bhatt,-0.6841522037840514,0.004336581177721605,-0.6884887849617729,0.9187117823656585,2.0,7.0,2.0,129.0,2013.0,-0.437701356995877,-0.04401272746108992,-0.2024381193270843,2015
GJ Bailey,-0.7093813198101162,-0.7093813198101162,0.0,,1.0,17.0,190.0,0.0,2014.0,-0.46943317501578136,-1.1513691341348085,0.9114209893404736,2015
AP Majumdar,-0.7230738719323333,-0.7230738719323333,0.0,,1.0,4.0,76.0,0.0,2012.0,-0.163751203698241,-0.18513177405873896,-0.3741908941753534,2015
CH Morris,-0.7414193880024451,-0.12471931681175744,-0.6167000711906877,,1.0,16.0,16.0,300.0,2013.0,-0.8560079874044862,-0.2383703975249446,0.3529589969269859,2015
MS Bisla,-0.7978784935775498,-0.7978784935775498,0.0,2.016334847241524,3.0,22.0,405.0,0.0,2014.0,-0.8347089503569286,-0.11414745810039202,0.15097791487977089,2015
MJ Clarke,-0.810361029520496,-1.5623611346500363,0.7520001051295403,,1.0,6.0,94.0,66.0,2012.0,0.5712602250537084,-1.3528170149966883,-0.028804239577516447,2015
A Ashish Reddy,-0.8116664046935618,-0.29410699481185193,-0.5175594098817099,0.1881281603179772,2.0,21.0,118.0,203.0,2013.0,-0.631965252564283,0.16596127274534622,-0.34566242487462506,2015
LJ Wright,-0.8638385999330488,0.45733277009568335,-1.3211713700287322,0.30159945074302114,2.0,7.0,60.0,71.0,2013.0,-0.5797511505993085,-0.8917130238607275,0.6076255745269874,2015
S Rana,-0.8759172336229074,-0.8426218435077155,-0.033295390115191864,,1.0,9.0,65.0,12.0,2014.0,-0.3124543226026329,-0.41544046774027743,-0.14802244327999692,2015
SP Goswami,-0.8832550206136099,-0.8832550206136099,0.0,,1.0,11.0,67.0,0.0,2012.0,-0.27143887040068093,-0.4628446650997057,-0.14897148511322322,2015
MK Pandey,-0.9008382040986045,-0.9008382040986045,0.0,0.5032988061479,3.0,33.0,589.0,0.0,2014.0,-0.8937396017818895,0.0105689654458207,-0.01766756776253564,2015
Y Venugopal Rao,-0.9047887004632973,-0.818988674902965,-0.08580002556033228,0.2972257186400151,2.0,17.0,189.0,24.0,2014.0,0.05800153269533548,-1.0118514362755582,0.049061203116925446,2015
AC Thomas,-0.9405669744793731,-0.13445152245855363,-0.8061154520208195,,1.0,4.0,15.0,84.0,2012.0,-0.30942300536715744,-0.10601121481252103,-0.5251327542996945,2015
RJ Peterson,-0.9438008727665262,-0.4828226982277789,-0.46097817453874734,,1.0,5.0,30.0,48.0,2012.0,-0.05183018508160774,-0.08328866698216866,-0.8086820207027499,2015
DJG Sammy,-0.9912898325527025,-0.2631327622168448,-0.728157070335858,2.0358159091199433,2.0,20.0,223.0,218.0,2014.0,0.06118041789476454,0.20766994552024054,-1.260140195967708,2015
Mandeep Singh,-1.0470272437544494,-1.0470272437544494,0.0,1.8225499503490774,3.0,35.0,591.0,0.0,2014.0,-0.9358254734942175,-0.0011621930799223454,-0.11003957718030949,2015
A Mishra,-1.0557089484189572,-0.2807498640459943,-0.774959084372963,2.7258189187271573,3.0,41.0,123.0,879.0,2014.0,-0.12294675165460948,-0.20085123790656156,-0.7319109588577865,2015
AG Murtaza,-1.1135404747845479,-0.07422033131070449,-1.0393201434738435,0.6590321550390824,2.0,4.0,9.0,72.0,2013.0,0.8322816921419948,-1.8716018356158384,-0.07422033131070449,2015
AB Dinda,-1.143055301430857,-0.11517863761061994,-1.0278766638202372,2.722844670775467,3.0,29.0,28.0,624.0,2014.0,0.2920791309152622,0.3458213836833737,-1.780955816029493,2015
JJ Bumrah,-1.1500333158458618,-0.0045662356108450135,-1.1454670802350166,0.04517509487301208,2.0,13.0,3.0,280.0,2014.0,-1.748657244836194,0.7363464047326598,-0.1377224757423274,2015
MR Marsh,-1.166891647609292,0.3824403900597857,-1.5493320376690778,,1.0,9.0,106.0,116.0,2013.0,-1.8129496771282387,1.0391006132135698,-0.3930425836946235,2015
AD Mathews,-1.1918251793336285,-0.3145177572540055,-0.877307422079623,0.5512896248053049,2.0,20.0,247.0,342.0,2013.0,-0.5933727244610051,-0.764745393708427,0.1662929388358036,2015
MA Agarwal,-1.2087799424260026,-1.2087799424260026,0.0,0.661875631332233,3.0,28.0,311.0,0.0,2014.0,-0.9309621748470907,-0.48447634066320666,0.20665857308429478,2015
KP Appanna,-1.2463064308529979,0.0,-1.2463064308529979,,1.0,6.0,0.0,102.0,2012.0,-1.0231045950120157,-0.22320183584098235,0.0,2015
JEC Franklin,-1.2466268217869252,-1.590292494377956,0.3436656725910308,,1.0,12.0,223.0,90.0,2012.0,-0.299233713248211,0.06547596043807585,-1.01286906897679,2015
Q de Kock,-1.252750735976584,-1.252750735976584,0.0,0.19973284959864646,2.0,10.0,145.0,0.0,2014.0,-0.7678952253066897,-0.48485551066989435,0.0,2015
MC Henriques,-1.2614129739873814,0.17137653755846877,-1.4327895115458502,0.9695499152142774,2.0,14.0,139.0,187.0,2014.0,-1.8708395376710505,0.28719561656865505,0.3222309471150137,2015
DP Nannes,-1.2761120974908344,0.0,-1.2761120974908344,,1.0,5.0,0.0,119.0,2013.0,0.46728322165253733,-0.6829621271363799,-1.0604331920069916,2015
LR Shukla,-1.2892207917570877,-0.6648082569183487,-0.624412534838739,0.9251871187205039,3.0,20.0,107.0,86.0,2014.0,-0.3718818509620169,-0.5868294795089903,-0.33050946128608044,2015
KL Rahul,-1.2996063736393302,-1.2996063736393302,0.0,0.911189354119153,2.0,16.0,180.0,0.0,2014.0,0.11734026407143572,-1.2602620517343315,-0.15668458597643445,2015
KA Pollard,-1.3137431900799041,0.6732500452887811,-1.9869932353686854,1.8908576867561186,3.0,47.0,643.0,599.0,2014.0,-0.2857134329545321,-0.7354143995826997,-0.2926153575426722,2015
AM Nayar,-1.317342057152609,-1.2795296673583385,-0.03781238979427057,0.1341517065696298,3.0,20.0,169.0,54.0,2014.0,-0.46392958472059165,-0.4535482241864987,-0.39986424824551886,2015
MK Tiwary,-1.3822006447891968,-1.310621795125452,-0.07157884966374468,0.1398150367615701,3.0,34.0,504.0,12.0,2014.0,-0.901126208520213,0.0027493697786029336,-0.48382380604758657,2015
MM Patel,-1.4007520174438306,-0.013644945636138656,-1.387107071807692,2.7112704985903164,2.0,16.0,7.0,370.0,2013.0,-0.8029011603410868,0.35903892891665834,-0.9568897860194026,2015
YV Takawale,-1.4115190068161279,-1.4115190068161279,0.0,,1.0,5.0,91.0,0.0,2014.0,-1.1825743385991438,-0.22894466821698384,0.0,2015
S Badree,-1.4143861005238227,0.0,-1.4143861005238227,1.079118630861593,2.0,5.0,0.0,108.0,2014.0,-0.7669624259536185,-0.6474236745702044,0.0,2015
R Sharma,-1.455745388453351,-0.09611999573830629,-1.3596253927150448,1.0244220406340947,3.0,24.0,28.0,504.0,2014.0,-0.21328858346779112,-1.0214650674540637,-0.2209917375314962,2015
Parvez Rasool,-1.4566557812677803,-0.11808527765963261,-1.3385705036081479,1.2740631436937886,2.0,5.0,9.0,84.0,2014.0,-1.1307113637591333,-0.20785913984901455,-0.11808527765963261,2015
R Shukla,-1.4885737997574129,-0.3369144416368054,-1.1516593581206076,0.5753800537054201,3.0,7.0,23.0,120.0,2014.0,0.8002748167690172,-0.5828688477975172,-1.7059797687289129,2015
JD Ryder,-1.5056132865949152,-0.976293069589945,-0.5293202170049701,,1.0,11.0,212.0,42.0,2012.0,-0.17068748657761204,-1.6526335083770531,0.31770770835975004,2015
M Vijay,-1.5107824819127353,-1.4963926078635967,-0.014389874049138522,1.402171027209292,3.0,40.0,745.0,6.0,2014.0,-1.2914782626924743,-0.1934157061240091,-0.02588851309625198,2015
CM Gautam,-1.5133718051584157,-1.5133718051584157,0.0,0.8214740765267969,2.0,12.0,145.0,0.0,2014.0,-0.7956857698407661,-0.3143905147059649,-0.4032955206116848,2015
PP Ojha,-1.5192488910604391,-0.0702589544781516,-1.4489899365822876,1.8584007658649269,3.0,37.0,26.0,770.0,2014.0,-0.9248090024187693,-0.17419527670629908,-0.42024461193537116,2015
R Vinay Kumar,-1.5580570751505136,-0.06780584631845935,-1.4902512288320544,1.4135204030070776,3.0,39.0,112.0,888.0,2014.0,-0.13911140496798574,-0.7923321368709164,-0.6266135333116116,2015
UBT Chand,-1.576397239162551,-1.576397239162551,0.0,0.8771136883650837,3.0,12.0,201.0,0.0,2014.0,-1.196570869086485,-0.21222128376725036,-0.1676050863088155,2015
TL Suman,-1.601721650079497,-1.6045774114832114,0.0028557614037144833,0.02504222581607185,2.0,9.0,77.0,12.0,2013.0,-1.3505929265461445,-0.2511287235333527,0.0,2015
P Negi,-1.6242304847077378,-0.029825399858776844,-1.5944050848489608,2.09775339651125,3.0,11.0,29.0,198.0,2014.0,0.0,-1.7189372405085455,0.09470675580080783,2015
TG Southee,-1.6278974690448138,-0.06210769984213002,-1.5657897692026839,,1.0,3.0,4.0,60.0,2014.0,-1.177190991307884,-0.5785656788090187,0.1278592010720884,2015
PA Reddy,-1.6459651255087053,-1.6459651255087053,0.0,1.5745061678140155,2.0,12.0,160.0,0.0,2013.0,-0.956451902849302,-0.8595009549423432,0.16998773228293973,2015
PA Patel,-1.6645778090609755,-1.6645778090609755,0.0,1.1771103508763803,3.0,39.0,605.0,0.0,2014.0,-0.9649731593860547,-0.9030765464440325,0.20347189676911184,2015
HV Patel,-1.6726540579924156,-0.03065956897837986,-1.6419944890140359,0.8521465114616613,2.0,14.0,22.0,312.0,2014.0,-0.19097457718507876,-0.04552720502004454,-1.4361522757872922,2015
IC Pandey,-1.7187751258231163,-0.013932445819886919,-1.7048426800032292,0.13558716906616675,2.0,15.0,2.0,276.0,2014.0,-1.1230228496966457,-0.5173678173808722,-0.07838445874559798,2015
JH Kallis,-1.7690646669675296,-1.5313126760336706,-0.23775199093385918,0.5980592770951599,3.0,41.0,835.0,774.0,2014.0,-0.87357824245669,-1.3909369749263465,0.49545055041550684,2015
DT Christian,-1.8164911924432319,-0.5587651457759697,-1.257726046667262,2.203497364819598,2.0,9.0,133.0,198.0,2013.0,0.22450473356624479,-0.38143280300730925,-1.6595631230021672,2015
RP Singh,-1.8424676311154389,-0.045620560431494275,-1.7968470706839446,1.1420831522932748,2.0,22.0,12.0,485.0,2013.0,-0.8510045977158496,-1.542457813761006,0.5509947803614164,2015
MN Samuels,-1.8826316778201975,-1.5484300137970601,-0.3342016640231372,0.20273287332184609,2.0,10.0,141.0,196.0,2013.0,-0.5785217684147383,-1.0146151405633441,-0.28949476884211517,2015
LRPL Taylor,-1.8886021134863407,-1.8886021134863407,0.0,0.8051033277763863,3.0,21.0,306.0,0.0,2014.0,-0.3371565632000067,-1.2766782538812729,-0.27476729640506115,2015
DPMD Jayawardene,-1.8943061530542304,-1.8943061530542304,0.0,0.4409984748920802,2.0,31.0,611.0,0.0,2013.0,-1.9850069285377157,0.24740831308441558,-0.1567075376009304,2015
SW Tait,-1.961028154717203,-0.02384884856319014,-1.9371793061540135,3.1850220149826924,2.0,9.0,3.0,197.0,2013.0,-2.190103548106285,0.3120905271343417,-0.08301513374525987,2015
P Awana,-1.9654694705897855,-0.024018777020234996,-1.9414506935695506,2.8283129548639723,3.0,33.0,14.0,747.0,2014.0,-1.2090168755968542,0.06282598917189718,-0.8192785841648283,2015
DE Bollinger,-1.9802549931328632,-0.03702287559513246,-1.9432321175377307,,1.0,6.0,5.0,108.0,2012.0,-3.696306312518353,0.6884714796206665,1.027579839764823,2015
RE Levi,-2.033268668214365,-2.033268668214365,0.0,,1.0,6.0,73.0,0.0,2012.0,-1.6859031699809413,-0.3473654982334234,0.0,2015
I Sharma,-2.048942614446572,0.0,-2.048942614446572,0.16124841961366754,2.0,19.0,0.0,424.0,2014.0,-1.3608878835511307,-1.0231589634641927,0.33510423256875116,2015
CJ Ferguson,-2.151420000868868,-2.151420000868868,0.0,,1.0,4.0,63.0,0.0,2012.0,0.13806600007850744,-1.217664840311306,-1.0718211606360692,2015
A Nehra,-2.1590169820957104,-0.039337148376641096,-2.1196798337190694,1.2887498014279,3.0,27.0,20.0,594.0,2014.0,-1.6947888474298662,-0.43127105889387485,-0.03295707577196916,2015
S Kaul,-2.1637797193144253,-0.024473731199961806,-2.1393059881144634,0.3731731600933532,2.0,11.0,11.0,209.0,2014.0,-0.5445803615685959,-1.2550208853891975,-0.3641784723566316,2015
CA Pujara,-2.172305770207386,-2.172305770207386,0.0,0.6263786293386322,3.0,13.0,245.0,0.0,2014.0,-2.051448637933823,-0.04595885897102506,-0.07489827330253837,2015
J Syed Mohammad,-2.1801501628464024,-0.1462492783476697,-2.0339008844987325,0.6811908327983616,2.0,6.0,14.0,102.0,2013.0,0.0,-2.1327407534674228,-0.04740940937897959,2015
JO Holder,-2.1991029749529742,-0.17045577707072299,-2.0286471978822513,1.7094129813117325,2.0,7.0,12.0,138.0,2014.0,-1.221802580825569,-0.8068446170566821,-0.17045577707072299,2015
AA Chavan,-2.273487776548217,-0.004979583178908702,-2.268508193369308,0.21445729982317108,2.0,11.0,8.0,218.0,2013.0,-0.9933029308028977,-1.0824376832541727,-0.19774716249114666,2015
N Saini,-2.3431722725101367,-2.3431722725101367,0.0,,1.0,10.0,141.0,0.0,2012.0,-0.7693789711046519,-1.173293561350351,-0.400499740055133,2015
MC Juneja,-2.3432599569131503,-2.3432599569131503,0.0,,1.0,7.0,128.0,0.0,2013.0,-0.22564804566847338,-1.5025868742124953,-0.6150250370321817,2015
K Upadhyay,-2.3936518409863483,0.0047808645978406755,-2.398432705584189,0.34447237080477,2.0,3.0,9.0,54.0,2013.0,-2.110623265122037,-0.2878094404621517,0.0047808645978406755,2015
TM Dilshan,-2.395323225244577,-1.9323241790483037,-0.4629990461962735,0.6458992198502442,2.0,14.0,354.0,48.0,2013.0,-2.336902345251008,0.031107401315201705,-0.08952828130877102,2015
PC Valthaty,-2.6060325887834837,-2.5741918801180637,-0.03184070866542015,1.206878512352369,2.0,7.0,68.0,6.0,2013.0,-1.7000157010316892,-0.9060168877517948,0.0,2015
HH Gibbs,-2.607984620079639,-2.607984620079639,0.0,,1.0,3.0,88.0,0.0,2012.0,-2.887098463700205,0.2095627528140309,0.06955109080653485,2015
KC Sangakkara,-2.6420922545117724,-2.6420922545117724,0.0,0.38487225051249885,2.0,21.0,320.0,0.0,2013.0,-0.5367784885508031,-2.460261683528374,0.35494791756740485,2015
AD Russell,-2.679068186543021,-0.3164044326872318,-2.3626637538557893,1.9563836402788162,3.0,9.0,48.0,168.0,2014.0,-0.283590396180054,-1.688706590944295,-0.7067711994186718,2015
SB Jakati,-2.752752156413942,-0.015861716211123224,-2.736890440202819,0.3737305310720256,2.0,16.0,12.0,268.0,2014.0,-1.3725410920987045,-0.14877989314949674,-1.2314311711657406,2015
M Kartik,-2.7662584613793695,-0.008761677193217566,-2.7574967841861517,1.9824282312061203,3.0,24.0,24.0,498.0,2014.0,-0.6408721381101712,-2.5022916856572093,0.3769053623880118,2015
V Pratap Singh,-2.768078071987236,-0.002907913347378619,-2.7651701586398576,,1.0,9.0,1.0,204.0,2012.0,-1.7762101945229334,-0.8274124975581219,-0.16445537990618136,2015
IK Pathan,-2.815749174528702,-0.9301520919174113,-1.8855970826112904,0.9145164410319288,3.0,42.0,332.0,810.0,2014.0,-1.1911832733070582,-1.7055921326337045,0.08102623141206067,2015
AB Agarkar,-2.8965107671245303,-0.21732788671510508,-2.6791828804094253,0.247393496898221,2.0,8.0,16.0,146.0,2013.0,-0.8913021854625169,-1.2990587229694313,-0.7061498586925821,2015
RT Ponting,-2.9349564148657983,-2.9349564148657983,0.0,,1.0,6.0,75.0,0.0,2013.0,-2.0936159555295655,-0.8413404593362329,0.0,2015
A Singh,-2.9865040838578283,-0.015880960670142528,-2.9706231231876856,,1.0,9.0,3.0,197.0,2012.0,-0.25369679681640817,0.13604094769272787,-2.8688482347341484,2015
Mohammed Shami,-3.0708533194803733,-0.13806695764066276,-2.9327863618397103,0.16650501092009695,2.0,15.0,17.0,318.0,2014.0,-2.2159430292113447,0.3749568006874062,-1.2298670909564344,2015
GH Vihari,-3.8385751224254827,-3.8610901977522567,0.02251507532677416,,1.0,17.0,278.0,36.0,2013.0,-2.0386110504112867,-0.9433876834037926,-0.8565763886104032,2015
JDS Neesham,-3.8710507936110456,-1.566717250421579,-2.3043335431894665,,1.0,4.0,46.0,54.0,2014.0,-0.7188972274366934,-1.7177677290346385,-1.4343858371397133,2015
MS Gony,-4.012200329877459,-0.022716392160644965,-3.9894839377168143,0.7575190567694055,2.0,14.0,33.0,312.0,2013.0,-2.551054706707808,-1.0306835202271702,-0.4304621029424811,2015
SC Ganguly,-4.1343155369303455,-3.7184984501506246,-0.4158170867797212,,1.0,15.0,271.0,60.0,2012.0,-1.2904011224569694,-2.3799187906777974,-0.463995623795579,2015
BE Hendricks,-4.645682597100889,-0.008957863401919923,-4.636724733698968,,1.0,3.0,1.0,72.0,2014.0,-3.916116554351141,-0.6620304526754992,-0.06753559007424861,2015
TP Sudhindra,-6.996162314918559,0.0,-6.996162314918559,,1.0,3.0,0.0,70.0,2012.0,-2.6789192165788402,-2.1330143268196817,-2.1842287715200372,2015
DA Warner,5.913976139048489,5.913976139048489,0.0,3.0363847064950544,3.0,44.0,1057.0,0.0,2015.0,3.62430130415412,1.4588723290057382,0.8308025058886315,2016
LMP Simmons,5.848778152011082,5.8960256700509674,-0.04724751803988456,1.713517680645701,2.0,21.0,732.0,18.0,2015.0,4.168019200026041,1.7396766554239815,-0.058917703438940594,2016
AB de Villiers,4.853965808659187,4.853965808659187,0.0,1.1552447798840089,3.0,44.0,761.0,0.0,2015.0,-0.32343361037228024,2.86334513546901,2.3140542835624576,2016
SP Narine,4.422835422080368,-0.04171243335766295,4.46454785543803,2.3312273356163806,3.0,40.0,34.0,960.0,2015.0,1.5260824308247147,1.349167988968302,1.547585002287351,2016
CH Gayle,4.329479378455048,4.3439399825701175,-0.014460604115068741,5.544124938568993,3.0,39.0,970.0,36.0,2015.0,2.015189515832195,1.4846962398991015,0.8295936227237519,2016
SL Malinga,4.135783347740435,-0.06252797774441235,4.198311325484847,1.3340195131886874,3.0,42.0,32.0,987.0,2015.0,1.7200185777011365,-0.13100204645256175,2.5467668164918598,2016
Z Khan,4.089663439063628,-0.010587350212314642,4.100250789275943,0.6157975310838127,3.0,15.0,7.0,315.0,2015.0,4.105728723795261,-0.2569499186016097,0.2408846338699765,2016
S Aravind,3.758109730566228,-0.0024315538421473223,3.7605412844083754,,1.0,5.0,1.0,108.0,2015.0,3.3098456073492053,0.4506956770591701,-0.0024315538421473223,2016
GB Hogg,3.55246183331995,-0.020672220273789434,3.5731340535937397,3.5861338071321875,2.0,7.0,6.0,146.0,2015.0,2.2823838519046173,0.2233420089669329,1.046735972448401,2016
MC Henriques,3.412063956272359,1.4553852510569114,1.9566787052154475,4.341858972698145,3.0,23.0,350.0,337.0,2015.0,1.4598691477116266,1.4315809113792968,0.5206138971814356,2016
RV Uthappa,3.2408261307877586,3.2408261307877586,0.0,2.9838300970238434,3.0,45.0,1127.0,0.0,2015.0,3.4206147221092893,-0.3623134201870114,0.18252482886548044,2016
V Kohli,3.1839091416913776,3.1800776316818613,0.003831510009516613,3.8931433059569014,3.0,46.0,1137.0,11.0,2015.0,0.5762487133098668,1.8159155951435328,0.7917448332379781,2016
DA Miller,2.9607226470704227,2.9607226470704227,0.0,2.712166837331052,3.0,41.0,819.0,0.0,2015.0,-0.3494511574399759,1.2790922443591215,2.0310815601512773,2016
MA Starc,2.9209809109339817,-0.4458590426002637,3.3668399535342455,1.3514289180797128,2.0,27.0,98.0,580.0,2015.0,-0.0223748839456962,0.8955147301957481,2.0478410646839302,2016
SR Watson,2.7139650395326154,3.2468812240642486,-0.5329161845316337,3.6737260765144066,3.0,39.0,833.0,550.0,2015.0,2.347327639801287,0.31119253450319784,0.05544486522812958,2016
RG Sharma,2.4455516947496743,2.447998722014513,-0.002447027264838919,1.593127432581905,3.0,50.0,1044.0,26.0,2015.0,0.44934589752083764,0.9580484984836816,1.038157298745155,2016
Sandeep Sharma,2.419413955701785,-0.054512510313721126,2.473926466015506,0.9826678813113894,3.0,29.0,20.0,637.0,2015.0,1.9933793507256627,0.9877804036790668,-0.5617457987029448,2016
R Ashwin,2.413234820413987,-0.20692727011520348,2.6201620905291905,1.0448071028754458,3.0,48.0,126.0,941.0,2015.0,0.7325981572038363,1.2769651769117152,0.4036714862984352,2016
A Chandila,2.382306553626152,-0.024630651739908343,2.4069372053660603,,1.0,8.0,6.0,150.0,2013.0,3.1993055577878837,-0.9724125026252367,0.15541349846350438,2016
Harbhajan Singh,2.3738600260509504,-0.0682952459383143,2.442155271989265,1.2233345113656373,3.0,48.0,177.0,1092.0,2015.0,-0.12403575855929276,2.4857057608456987,0.01219002376454419,2016
AM Rahane,2.358119230056324,2.358119230056324,0.0,2.240312577020234,3.0,45.0,1162.0,0.0,2015.0,1.9880645344033878,0.4548777906330581,-0.08482309498012156,2016
B Kumar,2.2882235615353563,-0.2599477762780332,2.5481713378133897,2.0267194484004944,3.0,44.0,85.0,971.0,2015.0,1.3503129447204996,-0.14848576262075283,1.0863963794356095,2016
Harmeet Singh,2.287798745697499,-0.04564880506277504,2.333447550760274,,1.0,3.0,4.0,68.0,2013.0,1.1365350882220293,1.2400612102972177,-0.08879755282174809,2016
DR Smith,2.276199428571365,2.3904253820681602,-0.11422595349679517,1.9262754978342964,3.0,45.0,1092.0,102.0,2015.0,1.7853854419638062,0.6676197877369464,-0.17680580112938732,2016
JP Duminy,2.269872916846767,2.143256314336498,0.1266166025102684,1.0578731755169573,2.0,28.0,620.0,300.0,2015.0,-0.23403457555047877,1.319956945720731,1.1839505466765148,2016
SS Iyer,2.246440010731393,2.246440010731393,0.0,,1.0,14.0,342.0,0.0,2015.0,-0.2385347382102295,2.3762734318117995,0.108701317129823,2016
R Dravid,1.8736839649601948,1.8736839649601948,0.0,,1.0,18.0,425.0,0.0,2013.0,2.8080819844573446,-0.9426905872353138,0.008292567738164065,2016
Q de Kock,1.8252734834398234,1.8252734834398234,0.0,2.934770158029201,3.0,13.0,222.0,0.0,2015.0,1.6695065961129791,0.1557668873268443,0.0,2016
SK Raina,1.797568049063893,1.961602944077899,-0.16403489501400587,2.159701503635342,3.0,51.0,1029.0,192.0,2015.0,0.811455183096491,0.4075520843703222,0.5785607815970799,2016
RE van der Merwe,1.6876761180447013,-0.9266687101272463,2.6143448281719475,,1.0,3.0,25.0,66.0,2013.0,2.04233479278135,0.04836290169108698,-0.4030215764277358,2016
AD Russell,1.6642879646637705,2.039801753237274,-0.37551378857350365,3.404795187172688,3.0,18.0,191.0,316.0,2015.0,-0.056720293269751365,1.0742228206864066,0.6467854372471153,2016
CH Morris,1.61756766904209,0.05754049170514193,1.560027177336948,1.6512909399311746,2.0,27.0,62.0,552.0,2015.0,-0.305911563523557,1.190236274698736,0.7332429578669113,2016
BB McCullum,1.569302931514699,1.569302931514699,0.0,1.6228643861491134,3.0,29.0,620.0,0.0,2015.0,0.6171917297870495,0.9078721686070794,0.0442390331205702,2016
DJ Bravo,1.5574422027578811,-0.3294484676940151,1.8868906704518964,0.9683117806936983,3.0,36.0,257.0,689.0,2015.0,-0.05005250609460937,-0.504341279017896,2.1118359878703865,2016
Shakib Al Hasan,1.4199046251744116,0.10251289893821228,1.3173917262361992,1.2198986510801968,2.0,17.0,179.0,384.0,2015.0,0.23823701979805773,2.351333382611678,-1.169665777235324,2016
B Lee,1.4142378433105043,0.1287345184151521,1.2855033248953522,,1.0,3.0,12.0,72.0,2013.0,1.5699388560661367,0.1619701958106976,-0.3176712085663298,2016
NM Coulter-Nile,1.398976782695449,-0.09084593788859271,1.4898227205840415,0.7677786992916161,3.0,14.0,24.0,303.0,2015.0,1.8612018348652286,-0.23148400063476393,-0.23074105153501567,2016
D Wiese,1.3639125598722146,-0.0022290765567022195,1.3661416364289167,,1.0,14.0,86.0,254.0,2015.0,2.842150368054167,-1.811211022933084,0.3329732147511316,2016
Bipul Sharma,1.329536167858877,-0.019660556699992865,1.3491967245588699,0.5470369843343516,2.0,5.0,2.0,66.0,2015.0,1.2521842545891493,0.07735191326972772,0.0,2016
KP Pietersen,1.3242151901426809,1.3242151901426809,0.0,,1.0,11.0,233.0,0.0,2014.0,2.8955763073095864,-1.3736431080701497,-0.19771800909675602,2016
BJ Rohrer,1.2810305728160432,1.3184478687665562,-0.0374172959505131,,1.0,8.0,140.0,6.0,2013.0,0.0,-0.7185859778164922,1.9996165506325352,2016
KK Cooper,1.2560585862456937,-0.007128513592059455,1.2631870998377532,1.2338127261180083,2.0,19.0,48.0,432.0,2014.0,0.6066326739257221,-0.29603605129040333,0.945461963610375,2016
SMSM Senanayake,1.2071749565294718,-0.23076511597092478,1.4379400725003966,,1.0,8.0,17.0,192.0,2013.0,1.7256887381216364,-0.6731810864150803,0.15466730482291577,2016
YK Pathan,1.19803816506194,1.5354774045197348,-0.3374392394577949,0.424411333785777,3.0,44.0,636.0,120.0,2015.0,0.1344741142289538,1.0243039015462136,0.03926014928677251,2016
BAW Mendis,1.147504261342701,-0.05640149323481806,1.203905754577519,,1.0,3.0,4.0,72.0,2013.0,2.3444055739760272,-1.3395792897646512,0.1426779771313248,2016
R Rampaul,1.130376118837668,-0.3418706474478934,1.4722467662855614,0.9551241442247034,2.0,12.0,50.0,262.0,2014.0,1.3770236832089366,0.42028938516621184,-0.6669369495374806,2016
M Morkel,1.1104267103055996,0.03593403274934997,1.0744926775562496,2.7874630931454796,3.0,29.0,35.0,696.0,2015.0,1.0645952405578056,0.2454289136029066,-0.1995974438551124,2016
HV Patel,1.0741719040532605,-0.033927670114177404,1.1080995741674378,1.8079080786826385,2.0,18.0,19.0,329.0,2015.0,0.5539642481959349,0.8843794085116046,-0.36417175265427904,2016
AR Patel,1.046125548167753,-0.6815984640233013,1.7277240121910542,2.7673020586543133,2.0,31.0,234.0,676.0,2015.0,-0.2820453781113009,1.687214509180443,-0.35904358290138927,2016
YS Chahal,0.9953820407963487,-0.00020622290226967932,0.9955882636986184,1.455625123522371,3.0,30.0,2.0,635.0,2015.0,-0.3334930708269106,1.133980059727876,0.19489505189538311,2016
IC Pandey,0.9493206973432503,-0.007430637770606358,0.9567513351138567,2.4987835265061054,3.0,25.0,2.0,462.0,2015.0,1.6312952908518634,-0.5044694361961258,-0.17750515731248723,2016
SE Marsh,0.945327922856013,0.945327922856013,0.0,2.003760239573425,3.0,14.0,359.0,0.0,2015.0,-0.6011959544909335,1.5989531181306555,-0.05242924078370921,2016
DS Kulkarni,0.8668964313143872,-0.057258974497751185,0.9241554058121384,0.4104412087123759,3.0,25.0,36.0,484.0,2015.0,1.3058095177697275,-0.2756069329164937,-0.16330615353884642,2016
A Nehra,0.7538571649258943,-0.04056297475634573,0.7944201396822399,2.9294936409786,3.0,30.0,15.0,678.0,2015.0,0.10007238755543535,-0.24413667501158404,0.8979214523820425,2016
AC Gilchrist,0.7435301130661418,0.7414626336193587,0.002067479446783133,,1.0,13.0,229.0,1.0,2013.0,0.9711182261898622,-0.7599203403420018,0.5323322272182812,2016
F du Plessis,0.7035709039833148,0.7035709039833148,0.0,0.1038470709981873,2.0,32.0,539.0,0.0,2015.0,1.41371122129364,-0.35394374228978803,-0.3561965750205372,2016
Ankit Sharma,0.6363285476251769,-0.034228711388836375,0.6705572590140132,1.8990921409280763,3.0,8.0,36.0,144.0,2015.0,1.0980280517476153,-0.6098951624876519,0.14819565836521362,2016
SPD Smith,0.6255078991366577,0.6255078991366577,0.0,0.26290448328748534,3.0,31.0,463.0,0.0,2015.0,0.6457471683952433,-0.40912403808474906,0.3888847688261635,2016
PP Chawla,0.5795012198433496,-0.2725692796091442,0.8520704994524937,1.2179878163922366,3.0,40.0,123.0,797.0,2015.0,0.20185560734765481,0.17586697445104138,0.2017786380446532,2016
SK Trivedi,0.5791997224944684,-0.0269570149693991,0.6061567374638674,,1.0,17.0,7.0,359.0,2013.0,0.0,0.652723669838494,-0.07352394734402552,2016
AT Rayudu,0.569850564495497,0.569850564495497,0.0,0.6653490053530375,3.0,49.0,711.0,0.0,2015.0,-0.059283592398972296,0.11724475548365122,0.511889401410818,2016
KA Pollard,0.543678241996361,1.9255996564980187,-1.3819214145016578,2.5347800777352365,3.0,49.0,740.0,412.0,2015.0,-0.16287287409381476,0.058842738046068266,0.6477083780441077,2016
DJ Muthuswami,0.5321831389553084,-0.02127361558048401,0.5534567545357925,,1.0,6.0,3.0,84.0,2015.0,-0.021090571855291715,-0.12002989966654248,0.6733036104771426,2016
MJ McClenaghan,0.5268010427447662,0.009338969617871205,0.5174620731268951,,1.0,12.0,6.0,282.0,2015.0,-0.8623356964581346,0.0005723600643437949,1.388564379138557,2016
M Vohra,0.5243918627078519,0.5243918627078519,0.0,4.002751403702789,3.0,27.0,431.0,0.0,2015.0,1.344232011742308,-0.7243910076553493,-0.09544914137910726,2016
BJ Hodge,0.5169299773208783,0.5159191838997462,0.0010107934211321438,0.33366702394457937,2.0,21.0,290.0,6.0,2014.0,0.0010107934211321438,0.00697706119917213,0.508942122700574,2016
GJ Maxwell,0.5008958385627793,1.2877680407152488,-0.7868722021524692,3.880816825738356,3.0,30.0,433.0,138.0,2015.0,-0.5690088402967257,0.8291439085730652,0.24076077028644027,2016
KW Richardson,0.46615067249163866,-0.3252591277175636,0.7914098002092025,2.994339415550015,2.0,10.0,38.0,233.0,2014.0,1.4783485960409282,0.4037330168147587,-1.415930940364048,2016
MS Dhoni,0.36353436841572184,0.36353436841572184,0.0,2.341936497264661,3.0,51.0,838.0,0.0,2015.0,0.01904466654315104,-1.3692355029024204,1.7137252047749914,2016
MEK Hussey,0.3558733472841462,0.3558733472841462,0.0,5.195793916491527,3.0,30.0,818.0,0.0,2015.0,-0.3870568455530119,0.38787203758862837,0.35505815524853,2016
S Gopal,0.32305141925528036,-0.03947676312494148,0.3625281823802219,0.8526294142214812,2.0,5.0,11.0,97.0,2015.0,0.5156002991707075,-0.3360856699977083,0.14353679008228099,2016
PV Tambe,0.3210871304921924,-0.04357741277014174,0.3646645432623342,1.9100903472503399,3.0,26.0,20.0,564.0,2015.0,-0.05629576094737093,0.9653640257107994,-0.5879811342712359,2016
MM Sharma,0.29664823964400533,-0.023532461306384547,0.32018070095038986,3.204259346059493,3.0,47.0,26.0,969.0,2015.0,-0.7865291290676996,0.6675315367777088,0.41564583193399596,2016
RA Jadeja,0.28701799126936184,-0.47726695523128193,0.7642849465006438,0.7572341220488373,3.0,51.0,371.0,841.0,2015.0,0.11254100580035709,0.8341007533275219,-0.6596237678585172,2016
WD Parnell,0.1744485273276558,-0.03810252834396248,0.21255105567161828,0.2956103475140326,2.0,12.0,9.0,270.0,2014.0,-0.27387382525545295,0.9308361650108278,-0.48251381242771907,2016
A Ashish Reddy,0.1662094471252923,0.08217540466771121,0.08403404245758107,0.5791613264951306,2.0,18.0,135.0,76.0,2015.0,-0.11255938409186751,-0.12024007283571961,0.39900890405287937,2016
S Dhawan,0.1370870534765707,0.1370870534765707,0.0,1.3718652069605195,3.0,38.0,858.0,0.0,2015.0,-0.16359686970307125,0.27128464112535017,0.029399282054291764,2016
SS Tiwary,0.06612985178036371,0.06612985178036371,0.0,0.1840939019041448,2.0,16.0,184.0,0.0,2015.0,0.0381465673122883,0.18708516941541087,-0.15910188494733538,2016
SN Khan,0.061596941239243266,0.061596941239243266,0.0,,1.0,13.0,71.0,0.0,2015.0,0.0,-0.31803739750287857,0.37963433874212177,2016
KK Nair,0.04067229768895486,0.04067229768895486,0.0,1.522686169224447,3.0,27.0,389.0,0.0,2015.0,-0.042934249736282126,-0.22514436250491757,0.30875090993015475,2016
RS Bopara,0.021628030790513564,-0.629618135217189,0.6512461660077026,,1.0,9.0,120.0,120.0,2015.0,0.0,0.41950734225185105,-0.3978793114613375,2016
EJG Morgan,-0.004292251237193623,-0.004292251237193623,0.0,0.6315051091702752,2.0,23.0,391.0,0.0,2015.0,-0.6794963945377142,0.23541560008606705,0.4397885432144535,2016
BB Samantray,-0.02572934894588935,-0.02572934894588935,0.0,,1.0,8.0,111.0,0.0,2013.0,0.16951891358406504,0.011207848785653172,-0.20645611131560754,2016
KD Karthik,-0.0903224850790233,-0.0903224850790233,0.0,1.51958317403674,3.0,49.0,786.0,0.0,2015.0,0.017906703962367848,-0.09306918795077035,-0.015160001090620878,2016
RN ten Doeschate,-0.09738236678698961,-0.07664584038010835,-0.020736526406881273,0.5346019711486805,3.0,20.0,141.0,54.0,2015.0,-0.022713898912912353,-0.15405651693398578,0.0793880490599084,2016
R Sathish,-0.10125586921994145,0.31331709214143116,-0.4145729613613726,,1.0,9.0,77.0,24.0,2013.0,0.0,0.07199686872972048,-0.1732527379496618,2016
SR Tendulkar,-0.10161486599734942,-0.10161486599734942,0.0,,1.0,14.0,231.0,0.0,2013.0,-0.4485583452546865,0.4087274527056029,-0.06178397344826576,2016
SA Yadav,-0.15323197876508654,-0.14958712777517377,-0.0036448509899127514,0.09681423587069202,2.0,29.0,230.0,6.0,2015.0,0.3049016174677083,-0.5540001361550072,0.09586653992221231,2016
R Tewatia,-0.1567518331001404,-0.002186053984237089,-0.1545657791159033,0.9208339657466819,2.0,4.0,13.0,72.0,2015.0,0.0,-0.167564377518245,0.010812544418104593,2016
DJ Hussey,-0.17223422573885014,0.2652577762587948,-0.43749200199764493,0.1264193728846502,2.0,17.0,303.0,83.0,2014.0,0.7908686577427633,-1.3496290147436312,0.38652613126201785,2016
VS Malik,-0.2046601697138296,-0.01832784011007057,-0.186332329603759,0.9936457467538515,2.0,4.0,2.0,78.0,2014.0,-0.3611804714501423,0.1748481418463832,-0.01832784011007057,2016
A Mishra,-0.20489629266961257,-0.22126389666410776,0.01636760399449505,2.7605882317842547,3.0,39.0,115.0,838.0,2015.0,-0.081964501103073,0.5153186607558302,-0.63825045232237,2016
NV Ojha,-0.23903544674085442,-0.23903544674085442,0.0,1.3493437506146702,3.0,27.0,292.0,0.0,2015.0,-0.06990469539838576,-0.3101970856672741,0.14106633432480553,2016
Imran Tahir,-0.27255622351419984,-0.07130285993229958,-0.2012533635819002,0.646366595395516,2.0,16.0,16.0,338.0,2015.0,-0.21275231613890747,-1.1730472500790516,1.1132433427037594,2016
S Nadeem,-0.2931312436497438,-0.2497356608719793,-0.04339558277776448,1.4557416471222124,3.0,27.0,53.0,534.0,2015.0,-0.160848862461339,0.04426577804491805,-0.17654815923332295,2016
BW Hilfenhaus,-0.3000222263642303,0.0,-0.3000222263642303,,1.0,8.0,0.0,168.0,2014.0,1.5485001954204154,-0.03233427525181509,-1.8161881465328307,2016
DH Yagnik,-0.30358638635987645,-0.30358638635987645,0.0,0.10626921904677869,2.0,13.0,102.0,0.0,2014.0,0.0,-0.16392282041285694,-0.13966356594701948,2016
GJ Bailey,-0.3184054383436214,-0.3184054383436214,0.0,0.31278070517319584,2.0,30.0,380.0,0.0,2015.0,0.3291963563587347,-1.4637655250205532,0.8161637303181972,2016
KV Sharma,-0.33199106506896825,-0.4984338306537357,0.16644276558476745,1.4866417220099302,3.0,41.0,200.0,752.0,2015.0,-0.42027145659374804,0.39534618998134097,-0.30706579845656123,2016
JA Morkel,-0.33966819978990237,0.3686449697381732,-0.7083131695280755,0.6945793778908895,3.0,19.0,143.0,312.0,2015.0,-0.9413440835653666,0.20931014611440746,0.39236573766105676,2016
KM Jadhav,-0.35950167047055576,-0.35950167047055576,0.0,0.19276320222663132,3.0,36.0,365.0,0.0,2015.0,-0.26940339386635886,-0.050394626680470844,-0.03970364992372599,2016
STR Binny,-0.4158506404962597,-0.6275224728917771,0.2116718323955174,1.5181045441181464,3.0,43.0,386.0,312.0,2015.0,0.03618050436104303,-0.215280440058315,-0.23675070479898785,2016
WP Saha,-0.43338512369119264,-0.43338512369119264,0.0,1.3292404923182806,3.0,34.0,502.0,0.0,2015.0,-0.4890645981090939,-0.07633549040829304,0.13201496482619424,2016
R Bhatia,-0.43362685252966193,-0.1379119382285669,-0.29571491430109503,1.2582024692314417,3.0,29.0,134.0,521.0,2015.0,0.0,-0.43036547523553875,-0.0032613772941230525,2016
AJ Finch,-0.46543748699317,-0.4125667201854818,-0.05287076680768821,2.7753134701948796,3.0,30.0,632.0,24.0,2015.0,-0.8306483783176081,0.6285479082498591,-0.2633370169254212,2016
Parvez Rasool,-0.4883418135164175,-0.06684020880507563,-0.4215016047113418,1.2724340627312032,3.0,7.0,11.0,114.0,2015.0,-0.6286629724573672,0.2071613677460254,-0.06684020880507563,2016
AD Mathews,-0.52281599815146,-0.39056551174298876,-0.1322504864084712,0.7770286167184887,2.0,22.0,243.0,366.0,2015.0,0.522066657739543,-1.46165802605407,0.416775370163067,2016
AP Tare,-0.5412476250897342,-0.5412476250897342,0.0,1.0610842681082895,3.0,22.0,199.0,0.0,2015.0,-0.6241576486400512,0.1233997771193963,-0.040489753569079315,2016
PA Patel,-0.553226071564024,-0.553226071564024,0.0,1.3572577462913489,3.0,39.0,686.0,0.0,2015.0,-0.6575421323397685,-0.05541305644639649,0.15972911722214106,2016
CJ Anderson,-0.5618416453776994,0.2107140413488514,-0.7725556867265507,0.4699538751903338,2.0,16.0,278.0,132.0,2015.0,-1.8186764538890745,0.3400593507386095,0.9167754577727656,2016
RJ Harris,-0.5689686701671539,-0.08802218381629574,-0.4809464863508581,,1.0,3.0,5.0,72.0,2013.0,-1.9484001537296711,-0.9822896448823255,2.361721128444843,2016
SV Samson,-0.5739956466791536,-0.5739956466791536,0.0,0.5248092970474912,3.0,38.0,614.0,0.0,2015.0,-1.0255251159681276,0.3205401363210186,0.13098933296795517,2016
S Sreesanth,-0.6101461223774224,-0.028780363460083315,-0.5813657589173391,,1.0,7.0,4.0,130.0,2013.0,-1.2114168140037376,0.9469736293580243,-0.3457029377317094,2016
LJ Wright,-0.6225590393386319,0.7622212834928056,-1.3847803228314375,,1.0,6.0,60.0,59.0,2013.0,-0.5145237892131466,-1.1207445410037975,1.0127092908783124,2016
Iqbal Abdulla,-0.623046545180955,-0.1468245038650397,-0.4762220413159153,0.6487862031956327,3.0,11.0,32.0,239.0,2015.0,-0.2163791359634117,-0.7332668892461929,0.32659948002864947,2016
L Balaji,-0.6513855835304556,-0.023425504622522512,-0.6279600789079332,1.564378354772491,2.0,22.0,13.0,504.0,2014.0,0.4028180558643073,0.5272561925728444,-1.5814598319676074,2016
DB Das,-0.6575234021961559,-0.6575234021961559,0.0,,1.0,10.0,74.0,0.0,2013.0,0.0,-0.09016593221852996,-0.567357469977626,2016
Yuvraj Singh,-0.6881270765296434,-0.688947049504855,0.0008199729752115525,0.8520919473266886,3.0,41.0,678.0,322.0,2015.0,-0.4842807205580336,-1.1407504232809207,0.936904067309311,2016
DJ Hooda,-0.699333535221321,0.3119261092821086,-1.0112596445034296,,1.0,14.0,95.0,91.0,2015.0,-0.5254853447253374,0.09649703396986103,-0.2703452244658447,2016
Y Venugopal Rao,-0.7349454326690028,-0.6711284417902519,-0.06381699087875094,,1.0,7.0,63.0,12.0,2014.0,0.2153004567175169,-1.0185255120387344,0.06827962265221474,2016
V Sehwag,-0.739934044503606,-0.7375266410459604,-0.0024074034576455684,1.9139808814216936,3.0,38.0,632.0,6.0,2015.0,-0.8918361462682611,0.05894454019445608,0.09295756157019897,2016
MK Tiwary,-0.7717816108042801,-0.7288343010060332,-0.04294730979824681,0.6006082572660751,3.0,23.0,314.0,12.0,2015.0,-0.28537652872567054,-0.2757584580189561,-0.2106466240596533,2016
S Badrinath,-0.7787100534380333,-0.7787100534380333,0.0,,1.0,18.0,121.0,0.0,2013.0,-0.7163668908299179,0.19051777508135215,-0.25286093768946766,2016
MK Pandey,-0.7955299499157207,-0.7955299499157207,0.0,0.5314603838785601,3.0,36.0,661.0,0.0,2015.0,-0.3511206982658326,-0.33372658487705364,-0.11068266677283452,2016
Mandeep Singh,-0.8231581081164393,-0.8231581081164393,0.0,0.933378656140722,3.0,33.0,349.0,0.0,2015.0,-1.036146514967967,0.14138984256170872,0.07159856428981884,2016
P Kumar,-0.848228569855872,-0.2318162787365212,-0.6164122911193508,1.7842811886230756,3.0,30.0,66.0,626.0,2015.0,0.1649591280842142,-0.08054165843531125,-0.932646039504775,2016
S Rana,-0.8759172336229074,-0.8426218435077155,-0.033295390115191864,,1.0,9.0,65.0,12.0,2014.0,-0.3124543226026329,-0.41544046774027743,-0.14802244327999692,2016
DW Steyn,-0.9298594634541639,-0.08030622930947108,-0.8495532341446927,2.746600404171938,3.0,37.0,75.0,857.0,2015.0,-1.052472112767381,-0.5288904533607933,0.6515031026740109,2016
G Gambhir,-0.9375233503563292,-0.9375233503563292,0.0,1.4419107712969086,3.0,45.0,914.0,0.0,2015.0,-0.42978105075661605,-0.37253023105453825,-0.13521206854517479,2016
CM Gautam,-0.9758555348592176,-0.9758555348592176,0.0,0.7761759379167142,3.0,13.0,150.0,0.0,2015.0,-0.6398307559231644,-0.13978093801044938,-0.19624384092560387,2016
UBT Chand,-0.9996770210633772,-0.9996770210633772,0.0,1.0757217025303456,3.0,16.0,250.0,0.0,2015.0,-0.7630558523731409,-0.3954232211580503,0.15880205246781376,2016
Gurkeerat Singh,-1.0301298552765954,-1.2065522348642153,0.17642237958761975,0.3246951292854465,2.0,16.0,134.0,54.0,2015.0,-0.3131854015492933,-0.30143654431034983,-0.4155079094169524,2016
DJG Sammy,-1.0641868531188516,-0.5220794922493662,-0.5421073608694853,1.700064719314912,3.0,22.0,241.0,236.0,2015.0,0.02289720022866744,-0.3701236328578776,-0.7169604204896415,2016
Shivam Sharma,-1.094283493039829,-0.002549622315748718,-1.0917338707240805,1.4012351721520608,2.0,5.0,3.0,114.0,2015.0,0.0,-0.9196492690232355,-0.17463422401659384,2016
PJ Cummins,-1.1042801729280893,-0.016264410376707436,-1.088015762551382,2.0158026663771778,2.0,4.0,2.0,84.0,2015.0,-1.5266083171659763,-0.009188662434622102,0.43151680667250936,2016
JD Unadkat,-1.136131584808032,-0.012416122020075122,-1.1237154627879569,0.7452728355372379,3.0,23.0,8.0,499.0,2015.0,0.1257921987558116,-0.7961072775524463,-0.4658165060113973,2016
MR Marsh,-1.166891647609292,0.3824403900597857,-1.5493320376690778,,1.0,9.0,106.0,116.0,2013.0,-1.8129496771282387,1.0391006132135698,-0.3930425836946235,2016
NLTC Perera,-1.1831262199074022,-0.5133035863800245,-0.6698226335273778,1.069690898522495,2.0,18.0,178.0,394.0,2015.0,0.13680143451709226,-0.5842300112962349,-0.7356976431282596,2016
J Botha,-1.1940511227863377,-0.3312986109028342,-0.8627525118835035,0.8278557908057846,2.0,10.0,67.0,160.0,2015.0,-0.328006864832312,-0.5170383131558073,-0.34900594479821834,2016
MS Bisla,-1.2331009516324478,-1.2331009516324478,0.0,0.6773580864991884,3.0,17.0,275.0,0.0,2015.0,-1.2543020165586591,-0.07945087832696929,0.1006519432531806,2016
DP Nannes,-1.2761120974908344,0.0,-1.2761120974908344,,1.0,5.0,0.0,119.0,2013.0,0.46728322165253733,-0.6829621271363799,-1.0604331920069916,2016
AM Nayar,-1.3192114683313059,-1.300635657271032,-0.018575811060273933,0.16421296562297016,2.0,16.0,120.0,48.0,2014.0,-0.5038275097222485,-0.40375208126105394,-0.41163187734800344,2016
R Shukla,-1.3577173414877248,-0.4046716796539518,-0.953045661833773,0.5948934389555465,2.0,6.0,23.0,102.0,2014.0,1.0128905639303583,-0.32531549330285603,-2.0452924121152267,2016
R Dhawan,-1.3743432261901547,-0.5384618884217474,-0.8358813377684073,1.275449155366905,3.0,24.0,129.0,446.0,2015.0,-0.5940058747762242,-0.032816411725796024,-0.7475209396881344,2016
M Vijay,-1.4064562055672098,-1.3751250960035826,-0.03133110956362741,1.1127828191328675,3.0,37.0,706.0,30.0,2015.0,-0.17613367322144602,-1.2260746752272627,-0.004247857118501314,2016
YV Takawale,-1.4115190068161279,-1.4115190068161279,0.0,,1.0,5.0,91.0,0.0,2014.0,-1.1825743385991438,-0.22894466821698384,0.0,2016
R Sharma,-1.4363105163593999,-0.0872569520314583,-1.3490535643279415,1.253400637157894,2.0,13.0,17.0,282.0,2014.0,-0.12134806673514667,-1.3012884962712552,-0.013673953352998081,2016
M Muralitharan,-1.4603408102481148,0.0,-1.4603408102481148,0.9417900560490693,2.0,11.0,0.0,234.0,2014.0,-0.7398517629642589,-0.09995070535525047,-0.6205383419286056,2016
S Badree,-1.4683420320669027,0.0,-1.4683420320669027,1.079118630861593,2.0,5.0,0.0,108.0,2014.0,-0.8315745996815984,-0.6367674323853042,0.0,2016
PP Ojha,-1.4711368925627828,-0.016604682330780222,-1.4545322102320026,1.527227809599738,3.0,29.0,12.0,602.0,2015.0,-0.49732404695901433,-0.7992879167953653,-0.17452492880840342,2016
LR Shukla,-1.500033991792745,-0.7433674188371235,-0.7566665729556216,0.9558269174170103,2.0,9.0,50.0,74.0,2014.0,-0.4462582211544203,-0.7055688118424452,-0.3482069587958795,2016
KL Rahul,-1.5152844866553044,-1.5152844866553044,0.0,0.814782667004339,3.0,25.0,306.0,0.0,2015.0,-0.7058927114710368,-0.767686674441182,-0.04170510074308543,2016
BE Hendricks,-1.5379204386256125,-0.008334045468850759,-1.5295863931567615,2.4862097267802206,2.0,7.0,3.0,150.0,2015.0,-2.5734383867054293,0.0905815800951989,0.9449363679846179,2016
Anureet Singh,-1.5756795668258199,-0.4780459689767318,-1.097633597849088,,1.0,14.0,31.0,310.0,2015.0,1.3617045172595146,-1.6609671676908782,-1.2764169163944565,2016
R Vinay Kumar,-1.5885053715497248,0.018455965681787343,-1.6069613372315121,1.4260723866090814,3.0,38.0,52.0,814.0,2015.0,-0.5721114452448548,-0.3437869007208106,-0.6726070255840596,2016
MA Agarwal,-1.6168068607291928,-1.6168068607291928,0.0,0.362285193103005,3.0,23.0,330.0,0.0,2015.0,-1.6710938775337056,0.17111406007853464,-0.11682704327402192,2016
TL Suman,-1.6217554307323545,-1.6265150330718787,0.004759602339524139,,1.0,7.0,58.0,12.0,2013.0,-1.2032075581767667,-0.41854787255558784,0.0,2016
J Syed Mohammad,-1.635197496607713,-0.25105822306982517,-1.384139273537888,,1.0,4.0,13.0,60.0,2013.0,0.0,-1.5488723884857047,-0.0863251081220083,2016
AG Murtaza,-1.6407661988158138,-0.02414342871868903,-1.6166227700971247,,1.0,3.0,4.0,60.0,2013.0,1.502713622595939,-3.119336392693064,-0.02414342871868903,2016
JP Faulkner,-1.7156793785533508,-0.11972995716371468,-1.5959494213896361,3.5001585032350313,3.0,42.0,260.0,907.0,2015.0,-0.24550945516237854,-0.5942520241120417,-0.8759178992789307,2016
TG Southee,-1.7682072809903775,-0.03612167822024548,-1.7320856027701323,0.11224784955645117,2.0,10.0,13.0,228.0,2015.0,-0.30271490953775476,-0.2687628366192512,-1.1967295348333715,2016
J Suchith,-1.78514137476152,0.06458393790243332,-1.8497253126639532,,1.0,13.0,32.0,234.0,2015.0,-1.498210404313296,-0.37796027199292975,0.0910293015447059,2016
GH Vihari,-1.8145919344741863,-1.8210248131389788,0.006432878664792618,1.4167882315659077,2.0,22.0,313.0,36.0,2015.0,-0.8728843340030772,-0.641925375372136,-0.29978222509897295,2016
P Negi,-1.848227864397425,-0.04788125377356577,-1.8003466106238593,1.3503598188014594,3.0,13.0,73.0,246.0,2015.0,0.19779774331844538,-1.4558123747486138,-0.5902132329672565,2016
Azhar Mahmood,-1.8533507756015077,-0.1566123255938482,-1.6967384500076597,2.131662972893827,2.0,12.0,161.0,281.0,2015.0,-0.48523201350726314,-0.11164728826619852,-1.2564714738280462,2016
UT Yadav,-1.8912262987671502,-0.021986783093711167,-1.8692395156734392,1.723373985557153,3.0,40.0,56.0,869.0,2015.0,-0.42170599579955814,-1.0710903958871523,-0.3984299070804403,2016
JH Kallis,-2.013309265540115,-1.501491697816172,-0.5118175677239429,0.19845356034519546,2.0,24.0,451.0,450.0,2014.0,-1.2316784293275926,-1.2604438539200105,0.47881301770748835,2016
P Suyal,-2.0563126133329996,0.0,-2.0563126133329996,1.5071765285850207,3.0,5.0,0.0,96.0,2015.0,-1.6271278887463096,-0.16272766403958472,-0.2664570605471052,2016
MG Johnson,-2.056539682284825,-0.611073527458307,-1.445466154826518,3.9628465308098564,3.0,40.0,122.0,920.0,2015.0,-0.9548245761273453,-0.5296795204722449,-0.5720355856852344,2016
S Kaul,-2.1451210613097578,-0.025916607179152597,-2.119204454130605,0.3731731600933532,2.0,11.0,11.0,209.0,2014.0,-0.5376142817788307,-1.2239631551111418,-0.38354362441978473,2016
LRPL Taylor,-2.188478571449238,-2.188478571449238,0.0,0.4721277746455974,2.0,9.0,135.0,0.0,2014.0,-0.3422541391499874,-1.5579815471738303,-0.2882428851254208,2016
DPMD Jayawardene,-2.2471049329678947,-2.2471049329678947,0.0,,1.0,15.0,313.0,0.0,2013.0,-2.617929759229396,0.3798981985365264,-0.00907337227502494,2016
JO Holder,-2.2845736240185612,-0.16363754598789407,-2.1209360780306667,1.7094129813117325,2.0,7.0,12.0,138.0,2014.0,-1.3063561121969074,-0.8145799658337596,-0.16363754598789407,2016
MC Juneja,-2.3432599569131503,-2.3432599569131503,0.0,,1.0,7.0,128.0,0.0,2013.0,-0.22564804566847338,-1.5025868742124953,-0.6150250370321817,2016
CA Pujara,-2.3587602971626147,-2.3587602971626147,0.0,0.5466393013258971,2.0,10.0,223.0,0.0,2014.0,-2.25475412397894,-0.03901879691848356,-0.06498737626519087,2016
HH Pandya,-2.365439506542097,0.4787820104326781,-2.844221516974775,,1.0,9.0,62.0,102.0,2015.0,-0.4921825354872155,-1.6772982835370556,-0.19595868751782564,2016
CL White,-2.453270929133497,-2.461510443343964,0.008239514210466564,,1.0,13.0,191.0,12.0,2013.0,-1.7481682897954551,-1.4926374543011551,0.7875348149631125,2016
VR Aaron,-2.5118721456383213,-0.11030352977807226,-2.401568615860249,3.580427970809842,2.0,16.0,37.0,324.0,2015.0,-2.3251770696990874,0.7180608065407237,-0.9047558824799575,2016
AB Agarkar,-2.6985959696059534,-0.36221314452517517,-2.3363828250807783,,1.0,4.0,16.0,60.0,2013.0,-0.7581555726366302,-0.9942780365705239,-0.9461623603987994,2016
RP Singh,-2.7561341529500587,0.0,-2.7561341529500587,,1.0,11.0,0.0,239.0,2013.0,-1.653529639933716,-2.256782511025581,1.1541779980092375,2016
AN Ahmed,-2.7949492482323803,0.007088679175734256,-2.8020379274081146,2.5348830815384744,3.0,9.0,6.0,200.0,2015.0,-1.2753486243245058,0.6184193777981306,-2.138020001706005,2016
M Kartik,-2.827633555374569,-0.003449236324127697,-2.824184319050441,2.421495753964247,2.0,13.0,3.0,282.0,2014.0,-0.6765583170816039,-2.675021254857913,0.5239460165649489,2016
PA Reddy,-2.905570059759918,-2.905570059759918,0.0,,1.0,7.0,101.0,0.0,2013.0,-1.751099664321757,-1.154470395438161,0.0,2016
TM Dilshan,-2.9120426011247726,-2.8712225466515706,-0.04082005447320192,,1.0,5.0,93.0,6.0,2013.0,-2.5270402180444593,-0.3850023830803133,0.0,2016
TA Boult,-2.9160124487601453,0.0,-2.9160124487601453,,1.0,7.0,0.0,168.0,2015.0,-3.0079538131590198,0.021368276242379244,0.07057308815649448,2016
RT Ponting,-2.9349564148657983,-2.9349564148657983,0.0,,1.0,6.0,75.0,0.0,2013.0,-2.0936159555295655,-0.8413404593362329,0.0,2016
KC Sangakkara,-2.9499900549217712,-2.9499900549217712,0.0,,1.0,9.0,136.0,0.0,2013.0,0.007181629425879357,-2.9571716843476508,0.0,2016
P Awana,-2.958833116957347,-0.02959535413367494,-2.9292377628236723,1.943176987977396,2.0,21.0,9.0,465.0,2014.0,-2.0046698934596328,0.05906416537625843,-1.0132273888739727,2016
IK Pathan,-2.9725827254876,-1.26871706520386,-1.7038656602837405,1.0244693547507475,2.0,25.0,206.0,450.0,2014.0,-1.1483504027073153,-1.954233730657481,0.13000140787719572,2016
AB Dinda,-3.0021419926308424,-0.06584835324765106,-2.936293639383191,1.1469666883250755,3.0,24.0,23.0,510.0,2015.0,-1.3929006042099301,-0.32316727476032625,-1.2860741136605855,2016
Mohammed Shami,-3.0791785700263783,-0.14319380586133645,-2.935984764165042,0.16650501092009695,2.0,15.0,17.0,318.0,2014.0,-2.1992700010907185,0.3014298822651038,-1.1813384512007634,2016
MS Gony,-3.406185084461935,0.02641109520763436,-3.432596179669569,,1.0,8.0,25.0,168.0,2013.0,-1.552658378171154,-2.5579783842200023,0.7044516779292211,2016
MM Patel,-3.5697684163160837,0.0,-3.5697684163160837,,1.0,4.0,0.0,90.0,2013.0,-2.685297709979349,-0.30624826704199337,-0.5782224392947419,2016
Karanveer Singh,-3.70522225201674,-0.2736097914515769,-3.4316124605651623,4.456891217863747,2.0,9.0,17.0,204.0,2015.0,-1.095617826752915,-1.9941255683307593,-0.6154788569330659,2016
JDS Neesham,-3.8710507936110456,-1.566717250421579,-2.3043335431894665,,1.0,4.0,46.0,54.0,2014.0,-0.7188972274366934,-1.7177677290346385,-1.4343858371397133,2016
I Sharma,-4.058366427831373,0.0,-4.058366427831373,1.921822005720424,3.0,23.0,0.0,508.0,2015.0,-1.2811539413752628,-2.321688857389284,-0.45552362906682625,2016
JJ Bumrah,-4.255660107090758,-0.0021917930932056065,-4.253468313997553,2.9346335560199353,3.0,17.0,3.0,370.0,2015.0,-1.8396032425341722,-0.32020689848665673,-2.095849966069929,2016
SW Tait,-4.509045766703357,-0.03974808093865023,-4.469297685764707,,1.0,3.0,3.0,60.0,2013.0,-3.8430223588708188,0.1309167257885243,-0.7969401336210629,2016
DA Warner,9.217415544074221,9.217415544074221,0.0,2.925309395732944,3.0,45.0,1294.0,0.0,2016.0,6.412730303212493,2.1595081592863563,0.6451770815753719,2017
V Kohli,7.777359282427364,7.784741049561452,-0.007381767134088538,6.2629745016781895,3.0,46.0,1320.0,17.0,2016.0,1.5502808863264956,4.087221867731553,2.139856528369317,2017
AB de Villiers,7.2362452835610505,7.2362452835610505,0.0,2.5523933325074277,3.0,46.0,949.0,0.0,2016.0,1.0977713759557044,3.809781462628797,2.328692444976549,2017
MR Marsh,5.308606865406682,-0.3008338219911017,5.609440687397783,,1.0,3.0,11.0,54.0,2016.0,4.888849559545025,0.7995323350024901,-0.3797750291408343,2017
Mustafizur Rahman,5.171185401701278,0.0,5.171185401701278,,1.0,16.0,0.0,366.0,2016.0,1.9031863986652868,0.313231590323238,2.9547674127127532,2017
A Zampa,4.878283144951964,-0.005401707602837067,4.883684852554801,,1.0,5.0,1.0,102.0,2016.0,-0.2666700255944881,3.2110000629741133,1.9339531075723386,2017
SL Malinga,4.667058244892972,-0.033959803821995566,4.7010180487149675,0.5632970999528464,2.0,25.0,14.0,595.0,2015.0,2.1121835228022348,-0.14748643111463897,2.702361153205376,2017
CH Morris,4.157595759613704,1.082297092555216,3.0752986670584876,1.2771466142030399,2.0,23.0,155.0,516.0,2016.0,-0.11703284188162139,1.765591777598336,2.5090368238969893,2017
S Aravind,3.843173967934795,-0.0009118326908052457,3.8440858006256002,0.0680513898948536,2.0,14.0,1.0,283.0,2016.0,2.8683371912905677,0.8371628486663658,0.1376739279778611,2017
B Kumar,3.8408750648066636,-0.0401456769374762,3.88102074174414,1.9979697708976463,3.0,45.0,41.0,1025.0,2016.0,2.796721438007184,-0.16044336909547768,1.204596995894957,2017
SP Narine,3.576638808195455,-0.07672351912549213,3.6533623273209472,1.854249430473022,3.0,35.0,28.0,832.0,2016.0,1.2341675635282705,1.4742357492137415,0.8682354954534429,2017
DS Kulkarni,3.565599485848894,-0.044542576006339006,3.610142061855233,2.665972244273419,3.0,33.0,52.0,666.0,2016.0,3.869226065650615,-0.29624029027329435,-0.007386289528425988,2017
AD Russell,3.475513617942263,1.7734668171918115,1.7020468007504512,2.9701746589166977,3.0,27.0,291.0,493.0,2016.0,2.1974853810015547,1.0606330553200425,0.2173951816206653,2017
MA Starc,2.853409465029996,-0.46946685923545733,3.322876324265453,1.3514289180797128,2.0,27.0,98.0,580.0,2015.0,0.024919156656204144,0.8519171121221844,1.976573196251608,2017
Sandeep Sharma,2.651518152177868,-0.040034531682366765,2.691552683860235,0.7529276779964686,3.0,39.0,28.0,841.0,2016.0,2.3888222781750583,0.5972356070038635,-0.334539733001054,2017
Q de Kock,2.635288028596004,2.635288028596004,0.0,2.48924547843477,3.0,23.0,534.0,0.0,2016.0,1.9199247497963148,0.6284782050776112,0.08688507372207764,2017
LMP Simmons,2.6314670398813433,2.656665716169282,-0.02519867628793844,3.561914214454126,3.0,22.0,740.0,18.0,2016.0,1.7760085046357545,0.8974215497953988,-0.04196301454980968,2017
SPD Smith,2.589510457474837,2.589510457474837,0.0,1.8961253560062867,3.0,32.0,507.0,0.0,2016.0,1.7116418655658063,0.6938814004548728,0.18398719145415782,2017
DR Smith,2.56972020569313,1.7956558632263548,0.7740643424667749,1.8444623643729303,3.0,44.0,972.0,180.0,2016.0,2.214566321230646,0.6571132289422617,-0.3019593444797782,2017
Z Khan,2.5166052308012063,-0.07411086095668595,2.5907160917578924,1.6411936859156506,3.0,25.0,20.0,541.0,2016.0,2.6155239247261797,0.25102055626450787,-0.3499392501894809,2017
YS Chahal,2.4238343708907153,-0.0001288301428446323,2.42396320103356,0.7848207398667404,3.0,42.0,2.0,906.0,2016.0,0.676740526077689,1.478530790699236,0.2685630541137902,2017
RG Sharma,2.382907684289047,2.384984038133633,-0.002076353844585864,1.5726522597826873,3.0,45.0,1003.0,18.0,2016.0,1.5039271313479272,0.19342531863316775,0.685555234307952,2017
KK Cooper,2.2431087671401,-0.02575586958017544,2.268864636720276,,1.0,5.0,26.0,108.0,2014.0,1.8967842218856512,-1.0901638269793275,1.4364883722337767,2017
R Ashwin,2.224414933518087,-0.1459290562000678,2.3703439897181546,0.5912642478235574,3.0,44.0,115.0,857.0,2016.0,0.2605473211344458,1.4286427603161014,0.5352248520675394,2017
AM Rahane,2.1124370001844994,2.1124370001844994,0.0,2.075319116334392,3.0,41.0,1083.0,0.0,2016.0,0.6099616220451365,1.4924093623071588,0.010066015832204261,2017
RV Uthappa,2.0365570757507547,2.0365570757507547,0.0,3.3160053246489096,3.0,44.0,1045.0,0.0,2016.0,2.334509199128723,-0.3340185432307383,0.03606641985277018,2017
YK Pathan,1.9060548419551118,2.014583024326752,-0.10852818237164016,0.5852075813762357,3.0,43.0,644.0,102.0,2016.0,0.7955681217858519,0.5923045030682554,0.5181822171010045,2017
KH Pandya,1.889359028803216,2.3052434797224617,-0.41588445091924553,,1.0,12.0,124.0,187.0,2016.0,-1.4157857454757052,2.6884627903417275,0.6166819839371929,2017
KW Richardson,1.6015098128822114,-0.0031257646830886274,1.6046355775653,0.8820786744346073,2.0,11.0,3.0,246.0,2016.0,2.579622886829373,-0.9422719931520289,-0.03584108079513243,2017
A Nehra,1.599013538759722,-0.011721119536497982,1.6107346582962196,1.7292208678079655,3.0,28.0,8.0,618.0,2016.0,0.5949985858645203,0.031853638757372904,0.9721613141378285,2017
IC Pandey,1.4381960961846887,0.0,1.4381960961846887,2.715551332339525,2.0,23.0,0.0,438.0,2015.0,2.008296660543725,-0.3618862120815339,-0.20821435227750257,2017
N Rana,1.400423809340687,1.358821575411456,0.041602233929231,,1.0,4.0,75.0,6.0,2016.0,0.2934328397675185,0.9104521659390253,0.1965388036341429,2017
CH Gayle,1.3813621407268881,1.1405338436988803,0.24082829702800804,3.169067926283992,3.0,33.0,667.0,72.0,2016.0,-0.15938113789819597,1.027372836491954,0.51337044213313,2017
BCJ Cutting,1.2906092359610861,0.4066974940106626,0.8839117419504238,1.3427855193853615,2.0,5.0,40.0,91.0,2016.0,-1.1778476720506732,1.3480047483116593,1.1204521597001003,2017
GB Hogg,1.280102145450955,-0.010852915643739452,1.2909550610946943,3.457263204984196,2.0,11.0,6.0,222.0,2016.0,1.1535851514330593,-0.9244513228010565,1.0509683168189525,2017
Kuldeep Yadav,1.2577007666840496,0.0,1.2577007666840496,,1.0,3.0,0.0,72.0,2016.0,0.0,0.24346554830381728,1.0142352183802323,2017
M Morkel,1.207583897217962,-0.0007370281403720217,1.2083209253583342,1.684211262487175,3.0,29.0,7.0,669.0,2016.0,1.4009864526729436,-0.20337261523320416,0.009970059778223017,2017
PP Chawla,1.1058875959464087,-0.26064399950544315,1.366531595451852,0.29836592964017294,3.0,36.0,92.0,659.0,2016.0,0.033472129514276444,0.526877385124199,0.5455380813079332,2017
JP Duminy,1.0966531194699747,1.0273871683640028,0.06926595110597202,1.2887929791603883,3.0,38.0,776.0,342.0,2016.0,-0.17620408360809897,0.8881276454275021,0.3847295576505716,2017
MC Henriques,0.9746133197260278,-0.16369805458841946,1.1383113743144477,4.747249393412697,3.0,30.0,383.0,522.0,2016.0,0.417187897851351,0.23045808420821345,0.32696733766646374,2017
F du Plessis,0.8967791557485892,0.8967791557485892,0.0,0.2143298958695986,3.0,38.0,701.0,0.0,2016.0,1.0808416985393399,-0.15912786697376055,-0.024934675816990187,2017
BB McCullum,0.7671725585129545,0.7671725585129545,0.0,1.5952487668240523,3.0,44.0,875.0,0.0,2016.0,0.7885082118504741,-0.045446259792541466,0.024110606455022037,2017
KL Rahul,0.7647591432280509,0.7647591432280509,0.0,2.4849734740717313,3.0,34.0,561.0,0.0,2016.0,0.5038893962208206,0.16482665426620013,0.09604309274103057,2017
AT Rayudu,0.6422343319010765,0.6422343319010765,0.0,0.3001736125499907,3.0,43.0,758.0,0.0,2016.0,0.6843938012865134,-0.0438712186921707,0.0017117493067337342,2017
MJ McClenaghan,0.6262923719317244,-0.03571060203344202,0.6620029739651665,0.07959306334956656,2.0,26.0,29.0,602.0,2016.0,-0.5941708016306084,0.04034485919866191,1.1801183143636709,2017
L Balaji,0.6001171002875372,-0.013861882997526939,0.6139789832850641,,1.0,9.0,3.0,204.0,2014.0,1.8071274959534758,0.16591328571471922,-1.3729236813806578,2017
KP Pietersen,0.5938380146819929,0.5938380146819929,0.0,0.5112640228224816,2.0,15.0,294.0,0.0,2016.0,1.6834158494955056,-1.0330869750715823,-0.0564908597419303,2017
DJ Muthuswami,0.5321831389553084,-0.02127361558048401,0.5534567545357925,,1.0,6.0,3.0,84.0,2015.0,-0.021090571855291715,-0.12002989966654248,0.6733036104771426,2017
CR Brathwaite,0.5177338705744773,0.3651157829438864,0.15261808763059084,,1.0,8.0,38.0,139.0,2016.0,-0.6511259120056434,0.07523285917526501,1.0936269234048557,2017
SN Khan,0.5147281574843207,0.5147281574843207,0.0,0.3625049729960619,2.0,18.0,102.0,0.0,2016.0,0.0,-0.0963323045987364,0.6110604620830571,2017
AR Patel,0.46235804640426625,-0.3586545575579337,0.8210126039622,2.447892050487955,3.0,45.0,311.0,963.0,2016.0,-0.9168955691385032,1.5884911919804905,-0.20923757643772117,2017
SK Raina,0.4503635041688837,0.8025904642268278,-0.35222696005794396,2.186746777953494,3.0,48.0,976.0,240.0,2016.0,1.066160983261027,-0.3837697653261641,-0.23202771376597903,2017
Harbhajan Singh,0.42915517712710005,-0.31682231028754737,0.7459774874146472,2.2030097970814073,3.0,43.0,182.0,966.0,2016.0,-0.11363863198058594,0.6948227927614749,-0.15202898365378878,2017
A Mishra,0.42912036620160654,-0.10506939987468947,0.534189766076296,2.4077801090306683,3.0,36.0,33.0,742.0,2016.0,0.0,1.0509294978773522,-0.6218091316757457,2017
WD Parnell,0.4109368053388819,-0.005498708238713495,0.4164355135775954,,1.0,8.0,2.0,181.0,2014.0,-1.1081152500624036,1.0419324461850257,0.4771196092162598,2017
R Bhatia,0.4036867725623845,-0.04083061305891447,0.44451738562129894,1.322504293057891,3.0,24.0,74.0,462.0,2016.0,0.0,0.4362240845694477,-0.032537312007063265,2017
SR Watson,0.3398862313711397,0.60506814095007,-0.2651819095789304,1.6675691782685638,3.0,39.0,587.0,639.0,2016.0,0.897085180416598,-0.24292903252584178,-0.3142699165196169,2017
GJ Maxwell,0.3244197256632992,1.134035470078965,-0.8096157444156658,3.8092030611319703,3.0,38.0,530.0,180.0,2016.0,-0.23775254643936636,0.4494624217435569,0.11270985035910867,2017
NM Coulter-Nile,0.28881060795461144,-0.1522150222341395,0.4410256301887509,1.3288133313136739,3.0,17.0,32.0,369.0,2016.0,0.12275175468951005,0.07735227005697229,0.0887065832081293,2017
Shakib Al Hasan,0.2567881028330501,-0.6501615283621576,0.9069496311952077,1.613306694792568,3.0,27.0,285.0,570.0,2016.0,0.35470711741682237,0.1793527724863586,-0.2772717870701311,2017
BJ Hodge,0.2499963581652148,0.2499963581652148,0.0,,1.0,4.0,72.0,0.0,2014.0,0.0,-0.2956241890400458,0.5456205472052605,2017
AB Dinda,0.24192777101975915,-0.03566588769133966,0.27759365871109876,2.9161349243632477,3.0,20.0,12.0,399.0,2016.0,1.040126205662221,-0.23947663029290434,-0.5587218043495578,2017
A Ashish Reddy,0.22314443498677636,0.3458732666630903,-0.12272883167631397,0.2192114732514439,2.0,10.0,75.0,59.0,2016.0,0.0,0.1778015642213103,0.04534287076546606,2017
DJ Bravo,0.15343519860102273,-0.5647088705428503,0.7181440691438731,1.5031793239660343,3.0,33.0,233.0,650.0,2016.0,-0.26217069949949434,0.14927269468344298,0.2663332034170742,2017
DA Miller,0.14566999716179685,0.14566999716179685,0.0,2.115048889085816,3.0,43.0,696.0,0.0,2016.0,-0.4952535946680393,-0.2837992643399273,0.9247228561697636,2017
SW Billings,0.13494190698554054,0.13494190698554054,0.0,,1.0,5.0,64.0,0.0,2016.0,-0.053235041960764194,0.3595855746155276,-0.17140862566922285,2017
Ankit Sharma,0.11982744936051065,-0.026835425633734776,0.1466628749942454,1.9376509424753492,3.0,10.0,39.0,198.0,2016.0,0.1426965149304149,0.352784845632537,-0.37565391120244135,2017
S Kaushik,0.10701224717656645,-0.0038583625734550484,0.1108706097500215,,1.0,7.0,1.0,138.0,2016.0,-0.5273951453790399,2.170508435832812,-1.5361010432772053,2017
PV Tambe,0.09964675764572728,-0.18083820623216604,0.28048496387789335,1.1810090672019802,3.0,30.0,33.0,594.0,2016.0,0.04218059799515428,0.5843378646900161,-0.5268717050394431,2017
Sachin Baby,0.08667055086618336,0.02868033749924913,0.05799021336693423,,1.0,11.0,79.0,10.0,2016.0,-0.53838556514633,0.31441034663647666,0.3106457693760367,2017
MP Stoinis,0.08164125220740465,0.47053090129012315,-0.3888896490827185,,1.0,7.0,108.0,138.0,2016.0,-2.287542774871153,0.9598106837943315,1.4093733432842255,2017
SA Yadav,0.03299231027239986,0.034936230800353324,-0.0019439205279534679,0.18015148383965018,3.0,44.0,373.0,6.0,2016.0,0.22812359826009743,-0.1890723778206796,-0.006058910167017997,2017
Bipul Sharma,0.030323173759427946,0.16147738139364823,-0.13115420763422025,0.7892963452981412,2.0,11.0,27.0,126.0,2016.0,0.26112450176081314,-0.4026005016625296,0.17179917366114447,2017
RS Bopara,0.021628030790513564,-0.629618135217189,0.6512461660077026,,1.0,9.0,120.0,120.0,2015.0,0.0,0.41950734225185105,-0.3978793114613375,2017
R Vinay Kumar,-0.004560034522860912,-0.104388935766777,0.09982890124391597,2.138740159371848,3.0,25.0,20.0,507.0,2016.0,0.4638453803585949,0.01561600206808511,-0.4840214169495409,2017
SE Marsh,-0.029930906007246794,-0.029930906007246794,0.0,1.0831025615625487,3.0,12.0,244.0,0.0,2016.0,-0.3008165864604266,0.17521814669415436,0.09566753375902531,2017
MK Pandey,-0.03339449878659495,-0.03339449878659495,0.0,0.5071652569663366,3.0,41.0,707.0,0.0,2016.0,-0.3706144608040519,0.7109438637617799,-0.373723901744323,2017
MS Dhoni,-0.06567025877210875,-0.06567025877210875,0.0,1.3240987290978883,3.0,47.0,765.0,0.0,2016.0,-0.03540551683570278,-1.0610142842650525,1.0307495423286466,2017
DJ Hussey,-0.07109872743112997,0.14524954685263897,-0.21634827428376893,,1.0,5.0,94.0,17.0,2014.0,-0.2192537655652234,-0.9595525992672412,1.1077076374013346,2017
AD Mathews,-0.07879964574089493,-0.5277687063719025,0.4489690606310076,,1.0,11.0,104.0,180.0,2015.0,0.7575026249810983,-1.2330085837061944,0.396706312984201,2017
R Tewatia,-0.11071013481280617,-0.0023317909165195615,-0.10837834389628664,0.9208339657466819,2.0,4.0,13.0,72.0,2015.0,0.0,-0.1222435155254511,0.0115333807126449,2017
KA Pollard,-0.12789905339932683,0.8819888980444918,-1.0098879514438186,2.4613526599505846,3.0,44.0,603.0,262.0,2016.0,-0.22096183418775778,-0.36148215968589564,0.4545449404743267,2017
KK Nair,-0.1740168218295542,-0.1740168218295542,0.0,1.5374815560620416,3.0,39.0,674.0,0.0,2016.0,-0.270772439382674,-0.23002482148658024,0.32678043903970005,2017
Iqbal Abdulla,-0.22420036367744703,-0.005734954195179082,-0.21846540948226792,0.6355721046938223,3.0,14.0,45.0,276.0,2016.0,0.728537691523482,-0.918264221992287,-0.03447383320864206,2017
M Vohra,-0.24643630090869628,-0.24643630090869628,0.0,4.205493025057396,3.0,22.0,445.0,0.0,2016.0,0.17259972685231262,-0.32263977520483683,-0.09639625255617212,2017
G Gambhir,-0.25939161792387516,-0.25939161792387516,0.0,1.482377131224507,3.0,44.0,982.0,0.0,2016.0,-0.4148575302849996,0.11085793458565904,0.04460797777546553,2017
KM Jadhav,-0.2650068844692,-0.2650068844692,0.0,0.1894131026581662,3.0,28.0,273.0,0.0,2016.0,-0.17197631353351978,0.06041841187810594,-0.15344898281378616,2017
J Yadav,-0.2674588601810831,-0.11653862810337343,-0.15092023207770977,1.7852065866131515,2.0,8.0,10.0,144.0,2016.0,-1.309265934200736,1.2125078816843242,-0.1707008076646714,2017
SS Tiwary,-0.27748566768822525,-0.27748566768822525,0.0,0.3590496278739088,2.0,17.0,219.0,0.0,2016.0,0.04382847423469015,-0.22083723999222102,-0.10047690193069439,2017
BW Hilfenhaus,-0.3000222263642303,0.0,-0.3000222263642303,,1.0,8.0,0.0,168.0,2014.0,1.5485001954204154,-0.03233427525181509,-1.8161881465328307,2017
RN ten Doeschate,-0.3138993764801735,-0.34469721358848115,0.030797837108307566,0.19502676469336916,2.0,16.0,78.0,36.0,2015.0,0.0,-0.4867255488541064,0.17282617237393275,2017
HM Amla,-0.33337227902521394,-0.33337227902521394,0.0,,1.0,6.0,119.0,0.0,2016.0,-0.641503821009574,-0.27376174026349215,0.5818932822478523,2017
Imran Tahir,-0.35771000573529455,-0.08505708181679267,-0.2726529239185018,0.5549822310674759,3.0,20.0,23.0,434.0,2016.0,-0.10597449012586238,-1.1445016876177971,0.892766172008365,2017
M Ashwin,-0.409680108339031,-0.0027008538014185336,-0.40697925453761247,,1.0,10.0,1.0,171.0,2016.0,-1.2812656664516529,0.34696109118742774,0.5246244669251942,2017
Yuvraj Singh,-0.43275506814183917,-0.2589042197865273,-0.17385084835531184,0.8342425101953871,3.0,38.0,667.0,227.0,2016.0,-0.11294339505211858,-1.0710930853930234,0.7512814123033029,2017
AJ Finch,-0.46050835691596786,-0.46050835691596786,0.0,1.1064609565570838,3.0,29.0,595.0,0.0,2016.0,-1.314140922955541,0.9184913010295845,-0.06485873499001142,2017
CA Lynn,-0.5119274944277884,-0.5119274944277884,0.0,0.6339966559458041,2.0,4.0,71.0,0.0,2016.0,-0.1936720819454151,-0.0703714690939312,-0.2478839433884421,2017
Gurkeerat Singh,-0.512524987446385,-0.7015645126697643,0.18903952522337922,0.5625159533660867,2.0,12.0,125.0,78.0,2016.0,-0.23924594131583468,-0.07032110684170932,-0.20295793928884104,2017
R Dhawan,-0.5214723018666606,-0.23347343300208462,-0.287998868864576,1.4433697248093427,3.0,20.0,114.0,398.0,2016.0,-0.5552902354896769,0.42895679121032804,-0.39513885758731165,2017
CJ Anderson,-0.5383439516181826,0.28875779170058646,-0.8271017433187691,0.4699538751903338,2.0,16.0,278.0,132.0,2015.0,-1.802168169975821,0.44144180251398224,0.8223824158436562,2017
UBT Chand,-0.5418131094203121,-0.5418131094203121,0.0,0.41782819691098133,3.0,8.0,96.0,0.0,2016.0,-0.47777490730592953,-0.22636146811859706,0.16232326600421446,2017
CJ Jordan,-0.5465821827301931,-0.01653051889233215,-0.530051663837861,,1.0,9.0,4.0,168.0,2016.0,-1.8478695074751148,2.312778821824341,-1.0114914970794193,2017
M Vijay,-0.5622045386421541,-0.5378949083206657,-0.024309630321488557,1.4486005341049237,3.0,36.0,784.0,36.0,2016.0,0.1253123263171732,-0.5435502780322211,-0.14396658692710632,2017
AS Rajpoot,-0.5738147440652877,0.0,-0.5738147440652877,,1.0,4.0,0.0,66.0,2016.0,-0.1761507953100426,-0.3350209480709063,-0.06264300068433878,2017
WP Saha,-0.5918815719682824,-0.5918815719682824,0.0,1.3261208753056286,3.0,43.0,658.0,0.0,2016.0,0.06934178192666773,-0.5768574291272699,-0.08436592476768032,2017
S Badree,-0.6050471273776282,0.0,-0.6050471273776282,,1.0,4.0,0.0,84.0,2014.0,0.20222017996607863,-0.8072673073437069,0.0,2017
Mandeep Singh,-0.6570081919619741,-0.6570081919619741,0.0,1.0376633774772333,2.0,17.0,126.0,0.0,2015.0,-0.9437481721885632,0.20093337716791018,0.08580660305867888,2017
RR Pant,-0.6669847795273602,-0.6669847795273602,0.0,,1.0,10.0,152.0,0.0,2016.0,-0.632824093530576,-0.015612040654266598,-0.018548645342517427,2017
MK Tiwary,-0.6922783346037961,-0.6350152548728003,-0.05726307973099575,0.6988721821543626,2.0,13.0,174.0,12.0,2015.0,-0.5022150608769845,-0.11628864032660277,-0.07377463340020864,2017
M Muralitharan,-0.7069087654088593,0.0,-0.7069087654088593,,1.0,5.0,0.0,96.0,2014.0,-0.08643817304603926,-0.6204705923628201,0.0,2017
UT Yadav,-0.7105802597501668,0.014083393252555471,-0.7246636530027221,1.267061314358146,3.0,33.0,23.0,678.0,2016.0,0.3613360726337364,-0.7034471751921049,-0.3684691571917983,2017
Y Venugopal Rao,-0.7349454326690028,-0.6711284417902519,-0.06381699087875094,,1.0,7.0,63.0,12.0,2014.0,0.2153004567175169,-1.0185255120387344,0.06827962265221474,2017
JC Buttler,-0.757954565622153,-0.757954565622153,0.0,,1.0,14.0,184.0,0.0,2016.0,-1.1606100339483547,-1.0480840894649834,1.4507395577911852,2017
MM Sharma,-0.7632776114467966,-0.08569955209043047,-0.6775780593563662,1.4125922673654643,3.0,46.0,47.0,956.0,2016.0,-1.27082606360794,-0.14845250090842177,0.6560009530695652,2017
KD Karthik,-0.7745701627648186,-0.7745701627648186,0.0,0.21813363535105237,3.0,46.0,641.0,0.0,2016.0,-0.7497429918464644,0.05122597682433598,-0.07605314774269022,2017
P Sahu,-0.8033483874577184,-0.03213755970077324,-0.7712108277569452,,1.0,5.0,13.0,105.0,2016.0,-0.4575197514861664,-0.10002354225216933,-0.2458050937193828,2017
RA Jadeja,-0.8344051211533767,-1.473830751582853,0.6394256304294763,1.3006018201741771,3.0,48.0,413.0,823.0,2016.0,0.3473799475737414,-0.2612169612400046,-0.9205681074871137,2017
TA Boult,-0.8547444465415179,0.0,-0.8547444465415179,1.649014401774902,2.0,8.0,0.0,192.0,2016.0,-0.10524363823677296,0.008013103590892216,-0.7575139118956371,2017
TG Southee,-0.8581593862442038,-0.050993959470933485,-0.8071654267732704,0.8470996637257509,3.0,21.0,32.0,486.0,2016.0,-0.44691280141061107,0.08647994830142405,-0.49772653313501675,2017
S Rana,-0.8759172336229074,-0.8426218435077155,-0.033295390115191864,,1.0,9.0,65.0,12.0,2014.0,-0.3124543226026329,-0.41544046774027743,-0.14802244327999692,2017
BB Sran,-0.8810991017313853,-0.0025806099678268896,-0.8785184917635583,1.3589160376216673,2.0,15.0,4.0,315.0,2016.0,-1.0599268855626331,-0.22357334144160856,0.40240112527285665,2017
AP Tare,-0.8816908337194659,-0.8816908337194659,0.0,0.47226304508014094,3.0,20.0,130.0,0.0,2016.0,-0.707867744521492,-0.14682992015192103,-0.02699316904605288,2017
S Dhawan,-0.9019744200334759,-0.9019744200334759,0.0,0.4401188535439975,3.0,45.0,1034.0,0.0,2016.0,-0.5957715357662853,-0.5094748662537072,0.2032719819865166,2017
S Gopal,-0.9072192100045542,-1.2077523006982231,0.30053309069366896,1.4575001332293298,3.0,6.0,27.0,115.0,2016.0,0.27498682622437737,-1.2570962756742292,0.07489023944529755,2017
STR Binny,-0.9569943052414904,-0.5920199557176148,-0.3649743495238756,0.3772843799886672,3.0,40.0,226.0,270.0,2016.0,-0.3824877932814996,-0.427458710616845,-0.14704780134314574,2017
DJ Hooda,-0.9715623823208634,-0.6787534157517586,-0.2928089665691047,0.2177830776796339,2.0,31.0,216.0,169.0,2016.0,-0.13784503522428743,-0.45375871848424004,-0.37995862861233587,2017
NV Ojha,-0.9739396526855786,-0.9739396526855786,0.0,1.624245003018875,3.0,42.0,420.0,0.0,2016.0,-0.039367743633133,-0.40990763014501647,-0.5246642789074292,2017
PJ Cummins,-1.0034900396092303,-0.015613833961639139,-0.9878762056475914,2.0158026663771778,2.0,4.0,2.0,84.0,2015.0,-1.4249392078054748,-0.026475261341917244,0.4479244295381619,2017
S Nadeem,-1.00811673535086,-0.12830639326944732,-0.8798103420814126,0.4604286805239577,3.0,19.0,31.0,360.0,2016.0,-0.21117684386736382,-0.9647907285475057,0.1678508370640096,2017
EJG Morgan,-1.0086520721422303,-1.0086520721422303,0.0,0.5147998068176177,2.0,16.0,256.0,0.0,2016.0,-0.9754655502355216,-0.1424316634436044,0.10924514153689589,2017
Shivam Sharma,-1.0242217344322262,-0.002719597136798633,-1.0215021372954274,1.4012351721520608,2.0,5.0,3.0,114.0,2015.0,0.0,-0.8614152877054997,-0.1628064467267264,2017
JO Holder,-1.049386681036765,-0.390164129058964,-0.6592225519778009,0.092640409447313,2.0,5.0,31.0,96.0,2016.0,-0.5356964837263887,-0.3759065118728665,-0.13778368543751002,2017
V Sehwag,-1.0958639075369134,-1.0958639075369134,0.0,2.1069568086098496,2.0,25.0,399.0,0.0,2015.0,-1.3487631032507834,0.16770686728006798,0.08519232843380187,2017
GJ Bailey,-1.1043836844117176,-1.1043836844117176,0.0,0.7421202036426087,3.0,36.0,478.0,0.0,2016.0,0.04855904476213363,-1.3862590036445672,0.2333162744707158,2017
CM Gautam,-1.139438726053221,-1.139438726053221,0.0,0.8250321970835771,2.0,10.0,116.0,0.0,2015.0,-0.5785454472529027,-0.3347280379927824,-0.226165240807536,2017
SS Iyer,-1.1512774810264568,-1.1512774810264568,0.0,2.7181739934062796,2.0,20.0,385.0,0.0,2016.0,-1.8679708806156092,0.6759304056654687,0.04076299392368362,2017
Anureet Singh,-1.1838290487536103,-0.1792672383662744,-1.0045618103873357,0.31348041445776764,2.0,16.0,31.0,346.0,2016.0,0.2433801546414035,-0.9485528597470925,-0.47865634364792115,2017
IK Pathan,-1.296041689197256,-0.4814655706934906,-0.8145761185037652,0.5998758867428224,2.0,14.0,67.0,190.0,2016.0,-0.4969687617371429,-0.7322746330141588,-0.06679829444595414,2017
DW Steyn,-1.3328891955435203,-0.08444729732153587,-1.2484418982219845,1.2553130074295418,3.0,21.0,41.0,462.0,2016.0,-0.9557006132882602,-0.37774977441530083,0.0005611921600407292,2017
JJ Bumrah,-1.345771253578484,-0.024375880464677525,-1.3213953731138066,3.959573863947564,3.0,29.0,14.0,640.0,2016.0,-1.177346949446597,0.8035755298410568,-0.9719998339729443,2017
SV Samson,-1.3667407148780402,-1.3667407148780402,0.0,1.0081819792261661,3.0,41.0,695.0,0.0,2016.0,-1.7215245528590128,0.271014540301164,0.08376929767980863,2017
UT Khawaja,-1.3673581945364361,-1.3673581945364361,0.0,,1.0,6.0,100.0,0.0,2016.0,-0.06690814499704097,-1.3004500495393954,0.0,2017
R Sathish,-1.382111864529481,-0.7163600502582538,-0.6657518142712271,,1.0,4.0,24.0,36.0,2016.0,0.0,-0.1607546873898769,-1.221357177139604,2017
JA Morkel,-1.3861782075612328,0.25543457297938066,-1.6416127805406133,0.7068932348133652,3.0,13.0,115.0,198.0,2016.0,-1.6191346149896755,0.033158176896445235,0.19979823053199744,2017
HV Patel,-1.407603073358819,-0.01652843882038998,-1.391074634538429,2.5539688341201567,3.0,23.0,19.0,413.0,2016.0,-0.613946336842125,-0.17117381473229326,-0.6224829217844011,2017
YV Takawale,-1.4115190068161279,-1.4115190068161279,0.0,,1.0,5.0,91.0,0.0,2014.0,-1.1825743385991438,-0.22894466821698384,0.0,2017
P Kumar,-1.5606060681961806,-0.23545159318451314,-1.3251544750116673,1.3998565558139866,3.0,31.0,53.0,597.0,2016.0,-0.409647813371082,-0.23544446288242957,-0.9155137919426688,2017
D Wiese,-1.6169308086097622,-0.016803152935759135,-1.6001276556740032,2.3846746947855815,2.0,15.0,90.0,278.0,2016.0,1.0658063880203124,-2.5038121596242586,-0.1789250370058161,2017
BE Hendricks,-1.6622309249646239,-0.008358998186173526,-1.6538719267784503,2.4862097267802206,2.0,7.0,3.0,150.0,2015.0,-2.627145513411258,0.06047709878437091,0.9044374896622631,2017
J Botha,-1.6671115746753575,0.09648697929466718,-1.7635985539700247,,1.0,4.0,15.0,60.0,2015.0,-0.6739245077637086,-0.7081678515711269,-0.2850192153405219,2017
J Suchith,-1.692770328029274,0.02421897671341249,-1.7169893047426865,0.07389683738579667,2.0,14.0,32.0,246.0,2016.0,-0.5618289016174859,-1.1650774144910527,0.034135988079264705,2017
MA Agarwal,-1.7472610219707831,-1.7472610219707831,0.0,0.02211901789209906,3.0,21.0,293.0,0.0,2016.0,-1.8655543731996513,0.14934759353367716,-0.03105424230480879,2017
DJG Sammy,-1.7505855072416625,-0.9067333201357867,-0.843852187105876,0.639638547625831,2.0,12.0,109.0,102.0,2015.0,0.11678827178248359,-0.9893850528965991,-0.8779887261275472,2017
R Shukla,-1.833632092652162,-0.6682136379268298,-1.1654184547253323,,1.0,3.0,21.0,54.0,2014.0,1.5704930691888332,0.0360840310088579,-3.440209192849853,2017
MEK Hussey,-1.8443423761709858,-1.8443423761709858,0.0,0.39136690306619726,2.0,13.0,252.0,0.0,2015.0,-1.6807350757386583,-0.32289397320415036,0.15928667277182282,2017
PP Ojha,-1.953489921918195,-0.019319501779299395,-1.9341704201388956,1.2489062411643888,2.0,13.0,8.0,288.0,2015.0,-0.353378630051967,-1.400769659820805,-0.19934163204542346,2017
KS Williamson,-1.959152464864296,-1.9497179542623528,-0.009434510601943367,0.8629772533790385,2.0,8.0,149.0,6.0,2016.0,-0.9262132306439337,-0.4243250117665017,-0.6086142224538609,2017
RP Singh,-1.9823346703033051,0.0,-1.9823346703033051,,1.0,4.0,0.0,72.0,2016.0,-1.5464706151090344,0.0,-0.4358640551942709,2017
P Negi,-2.094003131378402,-0.5487393086733603,-1.5452638227050417,0.9497102251453043,3.0,20.0,132.0,276.0,2016.0,-0.2933479722872764,-1.3036412692346337,-0.4970138898564918,2017
JH Kallis,-2.172072113816271,-1.1348463432801092,-1.037225770536162,,1.0,8.0,129.0,132.0,2014.0,-2.268814002398475,-0.46228395295302105,0.5590258415352248,2017
Parvez Rasool,-2.2131608648300847,-0.04463065233051883,-2.168530212499566,1.7231646632708717,3.0,9.0,11.0,168.0,2016.0,-0.9993375515062489,-1.1691926609933172,-0.04463065233051883,2017
PA Patel,-2.2216584245538313,-2.2216584245538313,0.0,1.7145049079064325,3.0,36.0,583.0,0.0,2016.0,-2.934516424720494,0.6632781083204484,0.04957989184621408,2017
LR Shukla,-2.2646955257263532,-0.9841901183566105,-1.2805054073697428,,1.0,5.0,38.0,56.0,2014.0,-0.7437637019240338,-1.0146628614978837,-0.5062689623044359,2017
T Shamsi,-2.3931880449313394,0.0,-2.3931880449313394,,1.0,4.0,0.0,96.0,2016.0,0.0,-1.007715178482388,-1.385472866448952,2017
S Kaul,-2.44365958938444,-0.002830591512100026,-2.44082899787234,,1.0,5.0,2.0,78.0,2014.0,-0.6490715584150729,-1.720886839560032,-0.073701191409335,2017
KC Cariappa,-2.515774196539275,-0.01445142033269177,-2.5013227762065835,1.1753058430385674,2.0,6.0,11.0,114.0,2016.0,-0.8710478338384193,-1.9383887009242142,0.2936623382233578,2017
JD Unadkat,-2.573889706621939,-0.008157591253271066,-2.565732115368668,1.4392122135704823,3.0,11.0,6.0,223.0,2016.0,-1.2156014535426747,-0.13652487329057642,-1.2217633797886882,2017
NLTC Perera,-2.6126094490485654,-0.14812754038821432,-2.464481908660351,0.6545850297026471,2.0,14.0,108.0,235.0,2016.0,-0.6531856560546405,-1.2806811417233093,-0.6787426512706162,2017
P Suyal,-2.6418431323839258,0.0,-2.6418431323839258,0.7418367248319094,2.0,4.0,0.0,78.0,2015.0,-2.184746715892596,-0.13734794383480364,-0.31974847265652623,2017
HH Pandya,-2.682655689088072,-1.0874916984719818,-1.5951639906160902,0.25377294603678013,2.0,20.0,125.0,202.0,2016.0,-0.7982927105392341,-1.489962694024456,-0.39440028452438214,2017
CA Pujara,-2.796071738223332,-2.796071738223332,0.0,,1.0,6.0,124.0,0.0,2014.0,-2.593179324089312,-0.33389522564324736,0.1310028115092268,2017
JP Faulkner,-2.9458050832886187,-0.11879699516051145,-2.827008088128107,1.229960891989206,3.0,33.0,262.0,630.0,2016.0,-0.6018773100664663,-1.3145693875044384,-1.0293583857177144,2017
KV Sharma,-3.137243802239765,-0.3355541458690464,-2.801689656370719,3.050889792101407,3.0,33.0,144.0,641.0,2016.0,-0.13870970682944495,-2.238568800461632,-0.7599652949486886,2017
SB Jakati,-3.1871033388841843,-0.0037002103451004996,-3.1834031285390836,0.15455361530035927,2.0,7.0,2.0,142.0,2016.0,-1.6391620438288887,-0.7191500539250099,-0.8287912411302849,2017
AN Ahmed,-3.3624611668655127,0.008718674084798855,-3.371179840950311,2.6371449601193397,2.0,7.0,6.0,158.0,2015.0,-1.0290747165096108,0.4780909738046275,-2.8114774241605285,2017
VR Aaron,-3.4289044063777707,-0.05879693547069016,-3.3701074709070804,3.2288965910311993,3.0,24.0,37.0,466.0,2016.0,-1.7464270447674286,-0.8340103146485092,-0.8484670469618323,2017
Karanveer Singh,-3.4823776911235518,-0.2626939396418176,-3.2196837514817345,4.456891217863747,2.0,9.0,17.0,204.0,2015.0,-1.0517931136827985,-1.825419893524129,-0.6051646839166251,2017
I Sharma,-3.6882478602054922,0.0,-3.6882478602054922,1.701610538134596,3.0,11.0,0.0,240.0,2016.0,-1.3093662817790948,-1.0901826468044342,-1.2886989316219633,2017
JDS Neesham,-3.8710507936110456,-1.566717250421579,-2.3043335431894665,,1.0,4.0,46.0,54.0,2014.0,-0.7188972274366934,-1.7177677290346385,-1.4343858371397133,2017
Mohammed Shami,-4.057475841144799,-0.02839708412226471,-4.029078757022534,0.7780508958981487,2.0,20.0,11.0,415.0,2016.0,-3.536427952710366,0.12213267769623903,-0.6431805661306728,2017
MG Johnson,-4.066672513227772,-0.6438920692454817,-3.4227804439822904,1.9560562776075774,3.0,26.0,100.0,602.0,2016.0,-2.625056505210587,-0.8847960582526604,-0.5568199497645248,2017
P Awana,-4.513374707339264,0.0,-4.513374707339264,,1.0,7.0,0.0,141.0,2014.0,-3.7206902017789694,0.027988156583222987,-0.8206726621435172,2017
KJ Abbott,-5.417136082754164,-0.048912748410145354,-5.368223334344019,,1.0,5.0,8.0,96.0,2016.0,-3.22790945435222,-0.7981477547130534,-1.3910788736888897,2017
DA Warner,9.090862899815859,9.090862899815859,0.0,1.557594995375969,3.0,45.0,1371.0,0.0,2017.0,6.01434320917369,2.4198624291149904,0.6566572615271786,2018
AJ Tye,6.711331735937363,0.35848647062705313,6.35284526531031,,1.0,6.0,30.0,126.0,2017.0,2.459608577707511,2.4017069508366657,1.8500162073931865,2018
Rashid Khan,5.572958506373639,-0.02478729957016041,5.5977458059437994,,1.0,14.0,9.0,324.0,2017.0,1.9758835441750848,3.6144989457087973,-0.017423983510243088,2018
BA Stokes,5.352688862756008,2.5602117987799073,2.7924770639761007,,1.0,12.0,221.0,264.0,2017.0,1.9963780650560952,2.0898243087446664,1.2664864889552458,2018
MR Marsh,5.308606865406682,-0.3008338219911017,5.609440687397783,,1.0,3.0,11.0,54.0,2016.0,4.888849559545025,0.7995323350024901,-0.3797750291408343,2018
CA Lynn,5.086479180246729,5.086479180246729,0.0,4.768552382457695,2.0,9.0,185.0,0.0,2017.0,4.089067307882718,1.1811699742029929,-0.18375810183898184,2018
AD Russell,4.728373456307507,2.442628219382506,2.2857452369250004,0.39041619049614296,2.0,25.0,283.0,463.0,2016.0,2.6394937360813175,1.5865093935287529,0.5023703266974349,2018
V Kohli,4.614556483981865,4.618832283861938,-0.004275799880072458,5.98179402719074,3.0,42.0,1278.0,17.0,2017.0,0.6137272830574473,3.2320307804137354,0.7687984205106826,2018
B Kumar,4.5496004373651795,-0.026029602303556804,4.575630039668737,2.110660908122609,3.0,45.0,41.0,1020.0,2017.0,2.5535730489221997,0.2741626251371837,1.7218647633057966,2018
MA Starc,3.9345525994937662,-0.09174179307236104,4.026294392566127,,1.0,13.0,14.0,258.0,2015.0,-0.7317854929741994,1.5494790012992046,3.1168590911687617,2018
CH Morris,3.887759013521534,1.037375697582986,2.850383315938548,1.0453932709603826,3.0,32.0,249.0,702.0,2017.0,0.6409834067387672,0.34615736081859094,2.900618245964176,2018
HM Amla,3.761867273636986,3.761867273636986,0.0,3.2761916421297594,2.0,16.0,407.0,0.0,2017.0,1.4820496624929524,0.34788695338360454,1.9319306577604292,2018
AB de Villiers,3.7023185159054077,3.7023185159054077,0.0,4.260028701237901,3.0,41.0,863.0,0.0,2017.0,-0.18241208677170684,1.7638445723491332,2.1208860303279815,2018
Q de Kock,3.623585271835275,3.623585271835275,0.0,1.074749227917407,2.0,16.0,404.0,0.0,2016.0,2.5478850185825372,0.9714381647862443,0.10426208846649317,2018
IC Pandey,3.6106371620563085,0.0,3.6106371620563085,,1.0,10.0,0.0,186.0,2015.0,4.359270664973427,-0.4703583962420394,-0.27827510667507915,2018
S Badree,3.278013506453218,-0.7411663106717588,4.019179817124977,,1.0,7.0,23.0,150.0,2017.0,2.601803977439801,0.6885113031455352,-0.012301774132117693,2018
Washington Sundar,2.9782568116475745,-0.07657229497283849,3.054829106620413,,1.0,11.0,12.0,180.0,2017.0,1.3814304817476009,1.4288012784794315,0.16802505142054275,2018
KH Pandya,2.7258402765093983,1.229616317358823,1.496223959150575,0.6691849981649458,2.0,25.0,303.0,427.0,2017.0,0.3010570618225852,1.4343142167205578,0.9904689979662549,2018
Mohammad Nabi,2.701579467427371,-0.03196212463337091,2.733541592060742,,1.0,3.0,3.0,66.0,2017.0,1.1316964023682188,1.6018451896925237,-0.03196212463337091,2018
R Ashwin,2.141878768919573,-0.10104939040313891,2.242928159322712,0.683828654642078,2.0,28.0,70.0,498.0,2016.0,-0.3984915125526793,1.933392577791306,0.6069777036809463,2018
Sandeep Sharma,2.089659613382113,-0.02594200624186808,2.115601619623981,0.7749764247342164,3.0,41.0,29.0,888.0,2017.0,2.4883073847123813,0.05311223287190742,-0.4517600042021759,2018
SP Narine,1.8887215410932454,-0.45310445132096855,2.341825992414214,0.9825742241514628,3.0,35.0,144.0,802.0,2017.0,0.32034230706099087,0.851827994906373,0.7165512391258815,2018
SPD Smith,1.7966336337658626,1.7966336337658626,0.0,1.82193238276795,3.0,37.0,784.0,0.0,2017.0,1.2005444039490176,0.3040573106419209,0.29203191917492405,2018
RV Uthappa,1.7178807976343875,1.7178807976343875,0.0,1.0477112135023343,3.0,42.0,801.0,0.0,2017.0,0.002621933354949868,1.6587008114346304,0.056558052844806715,2018
DT Christian,1.6907208453443066,0.061300984614716565,1.62941986072959,,1.0,13.0,49.0,240.0,2017.0,-0.7800987521553567,1.8405284181461907,0.630291179353472,2018
YS Chahal,1.6840580604098159,-0.21447205807118627,1.8985301184810022,1.0208357086360798,3.0,41.0,27.0,837.0,2017.0,-0.22599579779592494,2.0464392995647183,-0.13638544135897757,2018
NM Coulter-Nile,1.660190225972113,-0.1395145284060251,1.7997047543781384,1.8185548108396372,3.0,23.0,44.0,515.0,2017.0,-0.31419379500765765,1.473630553996478,0.5007534669832929,2018
M Morkel,1.6385184907934167,-0.0007981321049965616,1.6393166228984133,1.6453913917968823,2.0,17.0,4.0,381.0,2016.0,1.6740415354541327,-0.12709982797738223,0.09157678331666644,2018
Z Khan,1.6337488971292236,-0.10965425511660759,1.743403152245831,1.8348149073023625,3.0,30.0,26.0,648.0,2017.0,2.6605852640471443,-0.3151313755586743,-0.7117049913592461,2018
RR Pant,1.6139365673254304,1.6139365673254304,0.0,1.8247370774822325,2.0,24.0,373.0,0.0,2017.0,-0.5943705387076359,2.0319108050932386,0.17639630093982736,2018
Imran Tahir,1.5854450283466606,-0.03600497596412191,1.6214500043107822,2.0656976193000944,3.0,26.0,15.0,591.0,2017.0,0.5249241130006687,0.9328985868103112,0.12762232853568062,2018
A Zampa,1.500674573701711,-0.028561954095927638,1.5292365277976385,2.702086857000202,2.0,11.0,8.0,221.0,2017.0,-0.10000125959793302,0.8586409614231515,0.7420348718764925,2018
GB Hogg,1.452965305700165,-0.011576443353322084,1.4645417490534873,3.457263204984196,2.0,11.0,6.0,222.0,2016.0,1.2352552410823956,-0.8524328210233034,1.0701428856410733,2018
JJ Bumrah,1.4436549628890685,-0.02018417380207387,1.4638391366911425,5.140856142456739,3.0,34.0,23.0,758.0,2017.0,1.0011997744780796,0.682910746648774,-0.24045555823778542,2018
BB McCullum,1.4377440508642922,1.4377440508642922,0.0,1.534705106151443,3.0,41.0,759.0,0.0,2017.0,0.7998760938031351,0.6055754633090087,0.032292493752148536,2018
JD Unadkat,1.4312568694424392,-0.00808695033500818,1.4393438197774473,4.240771897924045,3.0,14.0,5.0,311.0,2017.0,0.6994504737558426,0.09936704755976178,0.6324393481268344,2018
R Tewatia,1.4133756079582942,-0.1383731200593644,1.5517487280176583,1.5825270407579122,2.0,4.0,11.0,72.0,2017.0,-0.28131953463542075,1.6139939349195715,0.08070120767414325,2018
RA Tripathi,1.4086909972247017,1.4278798332818914,-0.01918883605718959,,1.0,14.0,267.0,6.0,2017.0,2.2562041695379453,-0.642805998543124,-0.20470717377011935,2018
KL Rahul,1.3225697025934582,1.3225697025934582,0.0,2.582576474975579,2.0,23.0,397.0,0.0,2016.0,0.4732305297294922,0.6687117418167272,0.18062743104723947,2018
SS Tiwary,1.2866189103285546,1.2866189103285546,0.0,1.453741191001486,3.0,18.0,262.0,0.0,2017.0,1.36763272244291,0.2541901953623834,-0.3352040074767385,2018
LH Ferguson,1.219528084635408,-0.0007653595871921108,1.2202934442226,,1.0,4.0,1.0,78.0,2017.0,-1.239888412851089,3.0187395666267087,-0.5593230691402118,2018
JP Duminy,1.2111073079152122,0.8960549384853642,0.3150523694298481,1.5434754088077274,2.0,24.0,471.0,144.0,2016.0,-0.08741110155291144,1.3700292647591565,-0.07151085529103299,2018
GJ Maxwell,1.1833119373015883,0.8700994135067526,0.31321252379483583,2.5376361306081794,3.0,36.0,415.0,228.0,2017.0,-1.3737820582235565,2.1522025296560354,0.40489146586910985,2018
V Shankar,1.117098782565081,1.117098782565081,0.0,,1.0,4.0,75.0,0.0,2017.0,0.14910671253613245,1.8808735801284453,-0.9128815100994967,2018
N Rana,1.1097139133440677,1.094113075620606,0.015600837723461623,0.2325679167972955,2.0,17.0,339.0,6.0,2017.0,0.8442737125342643,-0.09783048879403944,0.36327068960384273,2018
SK Raina,1.104484889634864,1.5556633939483189,-0.4511785043134547,1.4932416487695195,3.0,46.0,924.0,204.0,2017.0,0.6495171984350201,0.30177576183333765,0.15319192936650633,2018
KW Richardson,1.0974648560624358,-0.0009256072116007191,1.0983904632740364,,1.0,4.0,1.0,84.0,2016.0,2.3957684471821254,-1.7511143073415343,0.45281071622184454,2018
SE Marsh,1.0908204443236786,1.0908204443236786,0.0,1.5205271395714435,3.0,19.0,386.0,0.0,2017.0,0.1861162205874991,0.9648154604173353,-0.060111236681155936,2018
KA Pollard,1.034482701503896,1.353025119454563,-0.31854241795066707,1.3239382210467947,3.0,46.0,676.0,123.0,2017.0,-0.16784448271355498,0.6221688117716884,0.5801583724457626,2018
G Gambhir,1.027050378850242,1.027050378850242,0.0,0.9555893728696843,3.0,44.0,1078.0,0.0,2017.0,0.44662487167099574,0.6655655464392912,-0.08514003926004493,2018
P Negi,0.9052197556121593,-0.6698430648502056,1.575062820462365,2.4425917335823333,3.0,30.0,243.0,427.0,2017.0,-0.21138237170867405,1.0302215918759754,0.08638053544485796,2018
KS Williamson,0.9051688071876205,0.9096973722765533,-0.004528565088932815,2.6730069364033198,3.0,15.0,318.0,6.0,2017.0,-0.8147662904780804,1.0921384743259681,0.6277966233397325,2018
MK Pandey,0.8959714744396973,0.8959714744396973,0.0,0.9877170276503711,3.0,39.0,675.0,0.0,2017.0,0.04774126556439709,0.6264120304545215,0.22181817842077858,2018
S Kaul,0.8794127852654123,-0.004493226361314694,0.883906011626727,,1.0,10.0,2.0,214.0,2017.0,-0.6022349584088419,0.058411396353100664,1.4232363473211536,2018
JC Buttler,0.8752209428606097,0.8752209428606097,0.0,1.30654040678621,2.0,24.0,361.0,0.0,2017.0,1.2582619119527028,-0.927068303263787,0.5440273341716944,2018
A Choudhary,0.837963659449291,-0.12082057180918022,0.9587842312584712,,1.0,5.0,20.0,101.0,2017.0,2.085129701431623,-0.8043356347600913,-0.4428304072222406,2018
Harbhajan Singh,0.8348747530569451,-0.2163469958795752,1.0512217489365203,1.4571832130587294,3.0,40.0,173.0,882.0,2017.0,0.16904523770638807,0.7943037775115122,-0.12847426216095495,2018
SL Malinga,0.773924116507053,-0.008569412282467184,0.78249352878952,2.409747513896549,2.0,27.0,13.0,629.0,2017.0,1.349088961502002,-0.5563928340895441,-0.018772010905404923,2018
PP Chawla,0.7357698829960966,-0.18720225216928446,0.922972135165381,0.26702226693801806,3.0,31.0,79.0,542.0,2017.0,2.1665172705407483,-1.4389382868193874,0.008190899274735375,2018
Mustafizur Rahman,0.710684284130505,0.0,0.710684284130505,3.568400894056618,2.0,17.0,0.0,382.0,2017.0,-0.3041275367803624,-0.22382622721803128,1.2386380481288988,2018
AJ Finch,0.6899402438622583,0.6899402438622583,0.0,1.4381622124919964,3.0,29.0,512.0,0.0,2017.0,-0.5819889961504311,0.8840159105890766,0.3879133294236128,2018
AM Rahane,0.6886276811257849,0.6886276811257849,0.0,2.515968911221948,3.0,44.0,1115.0,0.0,2017.0,0.29761331104390626,0.39363784793621537,-0.0026234778543369718,2018
S Nadeem,0.6866531484058465,-0.12531101088008673,0.8119641592859332,1.4493599765540266,3.0,15.0,21.0,239.0,2017.0,0.2235284039227526,0.41249207694908596,0.050632667534008025,2018
RG Sharma,0.682717995756957,0.682717995756957,0.0,2.3204701400999572,3.0,47.0,974.0,0.0,2017.0,0.49825086571873367,-0.15135121986350428,0.33581834990172765,2018
AR Patel,0.6351954642595168,-0.06473821877389334,0.6999336830334101,1.211728270640067,3.0,42.0,413.0,855.0,2017.0,-0.035724203714754876,0.4469158491588411,0.22400381881543052,2018
TS Mills,0.6255776102023426,-0.2464353514059696,0.8720129616083122,,1.0,5.0,11.0,107.0,2017.0,1.694104367008771,-1.144074665758332,0.07554790895190364,2018
CH Gayle,0.5932411885756801,0.4490686277898952,0.14417256078578486,2.834925747385178,3.0,33.0,646.0,72.0,2017.0,-0.810102373968253,1.0695168502558257,0.33382671228810745,2018
Mohammed Siraj,0.564324934105776,0.0,0.564324934105776,,1.0,6.0,0.0,138.0,2017.0,-1.8325992515819653,3.3217781425889035,-0.9248539569011625,2018
Ishan Kishan,0.5624804592431688,0.5624804592431688,0.0,1.2249913777955759,2.0,16.0,247.0,0.0,2017.0,1.7637140829716367,-1.2205444162088863,0.019310792480418892,2018
DJ Muthuswami,0.5321831389553084,-0.02127361558048401,0.5534567545357925,,1.0,6.0,3.0,84.0,2015.0,-0.021090571855291715,-0.12002989966654248,0.6733036104771426,2018
YK Pathan,0.49807740701187503,0.6332324324605174,-0.13515502544864216,1.3911461699192793,3.0,43.0,594.0,120.0,2017.0,0.3714744159614103,-0.15535658765322063,0.28195957870368543,2018
SN Khan,0.4966029088345175,0.4966029088345175,0.0,0.3625049729960619,2.0,18.0,102.0,0.0,2016.0,0.0,-0.1052005083149021,0.6018034171494198,2018
S Dhawan,0.47586604230257434,0.47586604230257434,0.0,1.3551403818678627,3.0,45.0,1091.0,0.0,2017.0,0.5483820034613363,-0.30334669874850695,0.2308307375897451,2018
F du Plessis,0.43109235840200294,0.43109235840200294,0.0,0.5093708249439768,3.0,25.0,473.0,0.0,2017.0,0.6051569536151231,-0.1595224540177264,-0.014542141195393862,2018
MK Tiwary,0.4225680659198517,0.4225680659198517,0.0,0.38902405836011034,2.0,20.0,292.0,0.0,2017.0,-0.23341107365161573,0.3173062100207058,0.3386729295507617,2018
DR Smith,0.368047382728502,0.7683570163347686,-0.40030963360626665,1.8171555401247201,3.0,40.0,712.0,198.0,2017.0,0.7659413358735995,0.005749420861657251,-0.40364337400675465,2018
BE Hendricks,0.32673685645955275,-0.00795975470900926,0.33469661116856203,,1.0,4.0,2.0,78.0,2015.0,-1.7678314861180027,0.5421487997576178,1.5524195428199377,2018
KP Pietersen,0.30168714449771766,0.30168714449771766,0.0,,1.0,4.0,61.0,0.0,2016.0,1.198551666369873,-0.8968645218721554,0.0,2018
PJ Cummins,0.28246806630800636,-0.06316815733803105,0.3456362236460374,2.029020167313285,2.0,15.0,55.0,337.0,2017.0,-0.9468075466009525,0.42908956002411053,0.8001860528848487,2018
R Vinay Kumar,0.27795423507359734,-0.057528026826155806,0.3354822618997533,1.5765876489009019,3.0,17.0,14.0,333.0,2017.0,0.3548950622598247,0.16138355893727316,-0.2383243861235004,2018
KD Karthik,0.2766044836305332,0.2766044836305332,0.0,1.0826245949874937,3.0,46.0,642.0,0.0,2017.0,-0.2163344635254834,0.422084579839409,0.07085436731660757,2018
DJ Bravo,0.2599598710524187,-0.7124025417976964,0.972362412850115,1.8151472588538096,2.0,32.0,230.0,650.0,2016.0,-0.31417942963772344,0.15752671097002216,0.4166125897201203,2018
A Ashish Reddy,0.23410500864934858,0.34262261206721567,-0.1085176034178671,0.2192114732514439,2.0,10.0,75.0,59.0,2016.0,0.0,0.16477105043398593,0.06933395821536265,2018
MJ McClenaghan,0.22994166876224553,-0.10302062597044777,0.3329622947326933,0.36820728518251566,3.0,40.0,44.0,926.0,2017.0,1.1821657612470422,-1.4574545415924829,0.5052304491076861,2018
Yuvraj Singh,0.1733677807945504,0.2987762784215851,-0.12540849762703465,1.0186127101274693,3.0,36.0,566.0,103.0,2017.0,0.15212966524978067,-0.5358217248116043,0.5570598403563742,2018
DS Kulkarni,0.1515670251157104,-0.03525799723729168,0.18682502235300213,4.197017851411921,3.0,31.0,29.0,617.0,2017.0,0.7535526204650214,-0.6938703941612111,0.09188479881190073,2018
AS Rajpoot,0.14589409001918743,-0.0510743527903148,0.19696844280950218,0.5757670672675801,2.0,9.0,7.0,150.0,2017.0,-0.06605654824126597,0.7079173704895402,-0.4959667322290869,2018
SW Billings,0.1367392832056873,0.1367392832056873,0.0,0.001437900976117415,2.0,11.0,168.0,0.0,2017.0,0.8577612178589683,-0.6567437000273223,-0.06427823462595857,2018
A Nehra,0.06741587337258936,-0.007798652904138643,0.07521452627672809,2.2990564904589204,3.0,30.0,8.0,655.0,2017.0,-0.5308807602982147,-0.6255673300399919,1.2238639637107962,2018
CJ Jordan,0.03985864111158097,-0.02267866178246887,0.06253730289404988,0.46915265907341924,2.0,10.0,5.0,174.0,2017.0,-0.43164438846992026,0.8672920581841277,-0.3957890286026265,2018
KV Sharma,0.03942188336860841,-0.4797163760564174,0.5191382594250253,4.168512921853401,3.0,28.0,156.0,521.0,2017.0,0.9441129418442491,-0.29397014092717044,-0.6107209175484705,2018
RS Bopara,0.021628030790513564,-0.629618135217189,0.6512461660077026,,1.0,9.0,120.0,120.0,2015.0,0.0,0.41950734225185105,-0.3978793114613375,2018
M Vijay,-0.006018799601588465,0.01806139205134283,-0.02408019165293132,0.7548579061735855,2.0,25.0,592.0,30.0,2016.0,1.0237318812496174,-0.8569907765386784,-0.17275990431252758,2018
SS Iyer,-0.01342986451747058,-0.01342986451747058,0.0,2.3236809542211403,3.0,32.0,628.0,0.0,2017.0,-1.9698215661453886,1.6531330707278518,0.30325863090006633,2018
KM Jadhav,-0.05435144767584506,-0.05435144767584506,0.0,0.12272583594580445,3.0,31.0,358.0,0.0,2017.0,-0.39054967212529984,0.4550638453613752,-0.11886562091192027,2018
R Bhatia,-0.06666281329486731,-0.1328141889899353,0.06615137569506799,1.0582258183899724,3.0,15.0,38.0,276.0,2017.0,0.0,-0.08669284580293932,0.020030032508071983,2018
S Aravind,-0.13216994756268097,-0.37209928135871734,0.23992933379603665,3.738779169006003,3.0,24.0,41.0,466.0,2017.0,-0.09750754251433857,0.28979104884483337,-0.32445345389317587,2018
Bipul Sharma,-0.1351359341918546,0.032786550170336576,-0.16792248436219118,0.6978152470588187,3.0,18.0,51.0,224.0,2017.0,0.33279501068468686,-0.39911106707901745,-0.06881987779752394,2018
SA Yadav,-0.19322558271288134,-0.19322558271288134,0.0,0.2670457776803835,3.0,38.0,344.0,0.0,2017.0,0.15645648751789565,-0.10012134870569903,-0.2495607215250779,2018
MC Henriques,-0.2866045590000096,0.7702084938567524,-1.056813052856762,4.881108080419961,3.0,38.0,572.0,606.0,2017.0,0.6353431253252761,-1.4447052126216287,0.522757528296343,2018
PV Tambe,-0.34223375331245975,-0.20285827053345498,-0.13937548277900483,0.681924049178279,2.0,17.0,24.0,300.0,2016.0,0.3921966081813573,0.06799614767607576,-0.8024265091698929,2018
Sachin Baby,-0.3464286362911593,-0.36817496630375957,0.021746330012600335,0.3464793497258741,2.0,14.0,94.0,10.0,2017.0,-0.2018945869298737,-0.2428893718840231,0.09835532252273758,2018
UT Yadav,-0.3488416623097388,-0.01589750873018247,-0.3329441535795563,1.2593778324273817,3.0,35.0,32.0,699.0,2017.0,0.43473652836359444,-0.25352093723007,-0.5300572534432633,2018
Kuldeep Yadav,-0.35757592383817194,-0.1025997033030743,-0.2549762205350976,1.2922213524177772,2.0,15.0,22.0,318.0,2017.0,-0.3924939825377456,-0.4746239566796853,0.5095420153792591,2018
UBT Chand,-0.3739986092866055,-0.3739986092866055,0.0,0.16489304434928168,2.0,7.0,87.0,0.0,2016.0,-0.28861433980076207,-0.30181529082479613,0.21643102133895262,2018
LMP Simmons,-0.393776211840281,-0.393776211840281,0.0,2.899379618716379,3.0,21.0,561.0,0.0,2017.0,-0.885009566534619,0.42799191840008993,0.06324143629424793,2018
Ankit Sharma,-0.40297568012194496,0.19349388994942487,-0.5964695700713698,0.29378895775002073,3.0,8.0,24.0,156.0,2017.0,-0.49578076525642645,0.21589447728319647,-0.12308939214871509,2018
M Ashwin,-0.409680108339031,-0.0027008538014185336,-0.40697925453761247,,1.0,10.0,1.0,171.0,2016.0,-1.2812656664516529,0.34696109118742774,0.5246244669251942,2018
BCJ Cutting,-0.4300390195323248,0.6069250423732641,-1.0369640619055889,1.9903634132566081,2.0,8.0,60.0,143.0,2017.0,-0.8956758408172361,0.827255138014157,-0.3616183167292456,2018
A Mishra,-0.4778022091036026,-0.25443983744225973,-0.22336237166134298,1.815327435804223,3.0,40.0,78.0,750.0,2017.0,0.0,-0.3619966228736007,-0.11580558623000198,2018
SN Thakur,-0.49663384359512247,-0.0387466798495133,-0.4578871637456092,1.1067341498375076,2.0,13.0,9.0,247.0,2017.0,-0.3904114745012631,0.13212084715124428,-0.23834321624510374,2018
SV Samson,-0.5282621542279294,-0.5282621542279294,0.0,1.1954710426189261,3.0,42.0,695.0,0.0,2017.0,-0.9952793563401812,-0.11772583381397345,0.5847430359262252,2018
Gurkeerat Singh,-0.5406507851146893,-0.7320083825860402,0.19135759747135078,0.5625159533660867,2.0,12.0,125.0,78.0,2016.0,-0.2500437769841403,-0.0737206825641017,-0.2168863255664475,2018
DJ Hooda,-0.5454273603744826,-0.33243707525700317,-0.21299028511747942,0.41138122108792413,3.0,41.0,268.0,193.0,2017.0,-0.17536186658054714,-0.2555067725300215,-0.11455872126391388,2018
J Yadav,-0.5882863501512341,-0.05593854148961925,-0.5323478086616149,1.5596814084917394,3.0,10.0,10.0,180.0,2017.0,-1.1707766365462846,0.6644266740740927,-0.08193638767904228,2018
P Kumar,-0.6317829729481854,-0.1814655560285352,-0.4503174169196503,1.5027783534724235,3.0,34.0,60.0,624.0,2017.0,0.22003787405977498,-0.012703874776534887,-0.8391169722314256,2018
R Dhawan,-0.7261082599875118,-0.1612748145448848,-0.5648334454426271,1.66613583353138,2.0,7.0,39.0,114.0,2016.0,-0.3463064113974676,-0.017511637540897296,-0.362290211049147,2018
STR Binny,-0.7649522487938466,-0.8282355102851318,0.06328326149128521,0.07761749662348562,3.0,35.0,181.0,252.0,2017.0,0.1635133330150776,-1.0435683611059818,0.11510277929705781,2018
AT Rayudu,-0.7943943452818014,-0.7943943452818014,0.0,1.2484272101164593,3.0,33.0,549.0,0.0,2017.0,-0.9673192496692264,-0.5835348140422334,0.7564597184296584,2018
P Sahu,-0.8033483874577184,-0.03213755970077324,-0.7712108277569452,,1.0,5.0,13.0,105.0,2016.0,-0.4575197514861664,-0.10002354225216933,-0.2458050937193828,2018
Iqbal Abdulla,-0.8608781188606407,-0.07099165680307282,-0.7898864620575679,0.8453694778301227,3.0,15.0,52.0,294.0,2017.0,0.04446329837545482,-0.8362534106518003,-0.06908800658429541,2018
TM Head,-0.8661595293303015,-0.366803045612587,-0.49935648371771446,0.49796038390003944,2.0,10.0,148.0,48.0,2017.0,-1.20445077394125,-0.4813742084472272,0.8196654530581755,2018
WP Saha,-0.866563968376469,-0.866563968376469,0.0,0.5558351860422163,3.0,40.0,596.0,0.0,2017.0,0.05928825334215943,-0.7702129009029057,-0.1556393208157226,2018
HV Patel,-0.9153585437893546,-0.009397911443027814,-0.9059606323463267,2.5441468585010076,3.0,21.0,12.0,371.0,2017.0,-1.23612401608806,0.7606050269918807,-0.4398395546931755,2018
KK Nair,-0.9382191079539712,-0.9382191079539712,0.0,0.2228712245139893,3.0,42.0,668.0,0.0,2017.0,0.39721694319292944,-1.481777141862743,0.14634109071584225,2018
MS Dhoni,-0.9498788940981561,-0.9498788940981561,0.0,0.9067865014694189,3.0,47.0,765.0,0.0,2017.0,-0.021811185862844546,-1.443975906001572,0.5159081977662607,2018
NV Ojha,-0.9537791836493996,-0.9537791836493996,0.0,0.6646217672426435,3.0,45.0,324.0,0.0,2017.0,-0.11116550678949567,-0.1342233217370179,-0.708390355122886,2018
PA Patel,-0.985485921888589,-0.985485921888589,0.0,1.8301626683585408,3.0,40.0,691.0,0.0,2017.0,-0.5784532060536117,-0.39100571665683626,-0.016026999178141203,2018
IK Pathan,-1.098417526527912,-0.20029286855678577,-0.8981246579711262,0.11612964666124381,2.0,5.0,16.0,60.0,2017.0,-0.6937766813888159,-0.07406761377128583,-0.3305732313678101,2018
JO Holder,-1.102324057863801,-0.43713808335728693,-0.665185974506514,,1.0,4.0,19.0,78.0,2016.0,-0.7685752331147451,-0.24994336246180462,-0.08380546228725128,2018
DA Miller,-1.10512086486716,-1.10512086486716,0.0,1.1358538783408236,3.0,32.0,477.0,0.0,2017.0,-0.34407177226492214,-0.9970734965693171,0.2360244039670792,2018
C de Grandhomme,-1.1090866755450266,-0.6685094965130239,-0.44057717903200255,,1.0,12.0,92.0,96.0,2017.0,-0.5760432929952201,0.001611822159196169,-0.5346552047090026,2018
HH Pandya,-1.1100921856486259,-0.040962045973359285,-1.0691301396752666,1.4615009932588603,3.0,37.0,285.0,358.0,2017.0,-0.7955241948266112,-0.8780607222009661,0.5634927313789513,2018
GJ Bailey,-1.1583617009181824,-1.1583617009181824,0.0,0.8954514928787147,2.0,19.0,288.0,0.0,2016.0,0.2032697787256857,-1.4532303465632066,0.09159886691933855,2018
TG Southee,-1.1753663688408993,-0.019209912071099722,-1.1561564567697995,0.8489435916662926,3.0,21.0,31.0,486.0,2017.0,-1.090890976289619,0.3678485816919202,-0.45232397424320037,2018
M Vohra,-1.192951690271096,-1.192951690271096,0.0,1.1241326648275891,3.0,25.0,371.0,0.0,2017.0,-1.71929007351211,0.06693375355421702,0.45940462968679696,2018
Shakib Al Hasan,-1.2033721669996413,-0.45821311849690965,-0.7451590485027316,1.0387581977774654,3.0,15.0,134.0,288.0,2017.0,-0.7585928075133201,-0.17040233253438286,-0.27437702695193833,2018
CR Woakes,-1.2343563048299462,-0.43208577140215837,-0.8022705334277878,,1.0,13.0,47.0,264.0,2017.0,-2.987257948964156,2.3131237466122316,-0.5602221024780223,2018
Swapnil Singh,-1.242118008317487,-0.3415738591130175,-0.9005441492044692,0.02091107243566681,2.0,5.0,20.0,60.0,2017.0,0.0,-1.1772941697541985,-0.06482383856328845,2018
MP Stoinis,-1.248251510242842,-0.22886761165252484,-1.019383898590317,1.0639142099601973,2.0,12.0,132.0,201.0,2017.0,-0.6929260170865734,-0.13665173322053237,-0.4186737599357364,2018
AD Mathews,-1.2552483984321408,-0.45037944178922573,-0.8048689566429149,0.823514126883872,2.0,14.0,131.0,210.0,2017.0,0.21642932142317098,-1.0102535059483886,-0.46142421390692323,2018
BB Sran,-1.269245312452581,-0.0012386927845569069,-1.2680066196680242,1.123074879707311,3.0,16.0,4.0,327.0,2017.0,-0.7147988565904748,-0.7475989959930774,0.1931525401309712,2018
Ankit Soni,-1.3000164406613455,-0.08944170877487231,-1.2105747318864732,,1.0,7.0,9.0,109.0,2017.0,0.14671242698612472,-1.183488318856887,-0.26324054879058345,2018
UT Khawaja,-1.3673581945364361,-1.3673581945364361,0.0,,1.0,6.0,100.0,0.0,2016.0,-0.06690814499704097,-1.3004500495393954,0.0,2018
R Sathish,-1.382111864529481,-0.7163600502582538,-0.6657518142712271,,1.0,4.0,24.0,36.0,2016.0,0.0,-0.1607546873898769,-1.221357177139604,2018
PJ Sangwan,-1.3896592448117802,-0.028716994271803555,-1.3609422505399766,0.7023662282839054,2.0,7.0,4.0,132.0,2017.0,0.32843401256602955,-1.0177501912952904,-0.7003430660825194,2018
Anureet Singh,-1.4065311086442989,-0.24402954341868538,-1.1625015652256134,0.3048729269509154,3.0,17.0,43.0,358.0,2017.0,-0.07605185058174924,-0.9267755251603192,-0.4037037329022304,2018
MJ Guptill,-1.4406061893003195,-1.4406061893003195,0.0,0.764994519806887,2.0,10.0,143.0,0.0,2017.0,-1.7620883205417002,0.3214821312413807,0.0,2018
MM Sharma,-1.448312787056921,-0.30129958629266734,-1.1470132007642537,0.6998053039281077,3.0,44.0,94.0,907.0,2017.0,-1.3259267078908508,0.007432599893722636,-0.12981867905979283,2018
EJG Morgan,-1.4490366327176378,-1.4490366327176378,0.0,0.6440694109974513,3.0,20.0,318.0,0.0,2017.0,-0.7764210983943667,-0.7321860491048066,0.05957051478153551,2018
D Wiese,-1.4976970738704831,-0.01622018988059686,-1.481476883989886,2.3846746947855815,2.0,15.0,90.0,278.0,2016.0,1.1368601472216668,-2.476108114156612,-0.15844910693553815,2018
JA Morkel,-1.528610906128502,0.4838385879640945,-2.0124494940925963,0.761897710519201,2.0,6.0,74.0,102.0,2016.0,-1.9022518117959262,0.09590958403354306,0.27773132163388115,2018
K Rabada,-1.543267529439978,-1.3199171431587893,-0.2233503862811888,,1.0,6.0,64.0,128.0,2017.0,-0.012189543915716153,0.4744600788392995,-2.005538064363561,2018
T Natarajan,-1.5457748618015106,0.0,-1.5457748618015106,,1.0,6.0,0.0,76.0,2017.0,-0.799392075302203,-0.6455928999741518,-0.10078988652515555,2018
DW Steyn,-1.6564352772129796,-0.04270383317453284,-1.613731444038447,1.2212147894216634,2.0,7.0,15.0,126.0,2016.0,-1.509093268672808,-0.10541156044191553,-0.04193044809825611,2018
J Botha,-1.6671115746753575,0.09648697929466718,-1.7635985539700247,,1.0,4.0,15.0,60.0,2015.0,-0.6739245077637086,-0.7081678515711269,-0.2850192153405219,2018
J Suchith,-1.696465169898564,0.02583357516097333,-1.7222987450595373,0.07389683738579667,2.0,14.0,32.0,246.0,2016.0,-0.5992841617253184,-1.1335927287911278,0.03641172061788236,2018
KC Cariappa,-1.795577401531097,-0.08433020233062864,-1.7112471992004683,1.088050684159555,3.0,10.0,18.0,204.0,2017.0,-0.5304649196035642,-1.3902052850496456,0.1250928031221126,2018
VR Aaron,-1.8612461207181488,-0.07406391074332808,-1.7871822099748207,2.810010488527997,3.0,20.0,13.0,366.0,2017.0,-1.377321925346517,-0.2721999320269845,-0.21172426334464722,2018
DL Chahar,-1.8727914155514074,0.02159112666091452,-1.894382542212322,0.36916099649298784,2.0,5.0,6.0,72.0,2017.0,-1.8754295790893996,0.002638163537992174,0.0,2018
MA Agarwal,-1.8792777293166745,-1.8792777293166745,0.0,0.1258242233511041,3.0,16.0,229.0,0.0,2017.0,-1.9963230468873774,0.14721207662187183,-0.030166759051168824,2018
TA Boult,-1.8806496207383236,-0.031059751675040898,-1.8495898690632828,1.5335017787030667,3.0,14.0,8.0,335.0,2017.0,-0.6835798312106325,-0.0247938496679895,-1.172275939859702,2018
MG Johnson,-1.9234005588024492,-0.3739430452836025,-1.5494575135188466,2.8455844212894656,3.0,17.0,67.0,401.0,2017.0,-1.683088996798958,-0.3630103476886265,0.12269878568513543,2018
CR Brathwaite,-1.9323537367126598,-0.37293592499725725,-1.5594178117154027,1.9600700858297095,2.0,10.0,53.0,175.0,2017.0,-0.24417221700211625,-1.3878490793375302,-0.3003324403730133,2018
RP Singh,-1.9823346703033051,0.0,-1.9823346703033051,,1.0,4.0,0.0,72.0,2016.0,-1.5464706151090344,0.0,-0.4358640551942709,2018
Mandeep Singh,-2.0208476765073398,-2.0208476765073398,0.0,1.5357791305690067,2.0,25.0,277.0,0.0,2017.0,-1.1298533690562698,-0.5471180253356116,-0.3438762821154583,2018
Parvez Rasool,-2.0602135245449418,-0.05386569432088431,-2.006347830224058,2.0637354346626653,2.0,6.0,11.0,114.0,2016.0,-0.8444792438043774,-1.1618685864196803,-0.05386569432088431,2018
AB Dinda,-2.069525148388029,-0.027376335250895365,-2.0421488131371337,3.5260018140332763,3.0,14.0,7.0,273.0,2017.0,0.12875374066837642,-0.2262417933064485,-1.9720370957499571,2018
SR Watson,-2.1085392786341255,-0.4262966662830554,-1.6822426123510699,3.159495111546124,3.0,34.0,469.0,674.0,2017.0,0.021590758752604855,-1.1988736025455007,-0.93125643484123,2018
MEK Hussey,-2.1574358986239437,-2.1574358986239437,0.0,,1.0,4.0,70.0,0.0,2015.0,-2.8325431346084535,0.40962944803147205,0.26547778795303806,2018
T Shamsi,-2.3931880449313394,0.0,-2.3931880449313394,,1.0,4.0,0.0,96.0,2016.0,0.0,-1.007715178482388,-1.385472866448952,2018
RA Jadeja,-2.43048473485409,-0.7096869439081692,-1.7207977909459207,1.234332025171084,3.0,44.0,416.0,725.0,2017.0,-0.06294942761136307,-1.680821579485988,-0.6867137277567388,2018
SB Jakati,-2.5663109049729487,-0.0019426104311777621,-2.5643682945417714,0.567287028409152,2.0,8.0,2.0,150.0,2017.0,-1.0434613212145978,-1.3425895526315537,-0.1802600311267971,2018
NLTC Perera,-2.579880197563433,-0.17385311748891147,-2.4060270800745216,0.6545850297026471,2.0,14.0,108.0,235.0,2016.0,-0.6270582298124548,-1.2795410681967474,-0.6732808995542314,2018
S Kaushik,-2.7289748106386917,-0.001446885965045643,-2.727527924673646,2.2687896462522064,2.0,10.0,1.0,204.0,2017.0,-1.2833408739723122,-0.8695960454374279,-0.5760378912289519,2018
V Sehwag,-2.781429354424793,-2.781429354424793,0.0,,1.0,8.0,84.0,0.0,2015.0,-2.524864587427338,-0.2565647669974557,0.0,2018
CJ Anderson,-2.8401277652950236,-1.5905289966209128,-1.249598768674111,1.3480744994672018,2.0,15.0,220.0,137.0,2017.0,-1.4579847521651046,-1.866526789237731,0.4843837761078117,2018
AF Milne,-3.0959034063367987,-0.2009911073350708,-2.894912299001728,0.9671169398748006,2.0,5.0,12.0,108.0,2017.0,-2.2256492964815293,-1.442742101376516,0.572487991521247,2018
P Suyal,-3.235312512249453,0.0,-3.235312512249453,,1.0,3.0,0.0,60.0,2015.0,-1.5080642678856029,-1.19433412326964,-0.5329141210942104,2018
JP Faulkner,-3.961973276178089,-0.7523022354967153,-3.209671040681373,0.7753366632656529,3.0,28.0,225.0,530.0,2017.0,-1.6830137809772905,-1.1896270776683597,-1.089332417532439,2018
Basil Thampi,-4.203188124320351,-0.16352493666529824,-4.039663187655053,,1.0,12.0,28.0,268.0,2017.0,-2.6521390698444223,-0.22530500203465895,-1.3257440524412702,2018
Mohammed Shami,-4.22705550432717,-0.09255712451982558,-4.1344983798073445,0.22001667900754196,2.0,16.0,28.0,307.0,2017.0,-3.104827979877178,-1.1506697949352516,0.028442270485258762,2018
I Sharma,-5.227917808130475,-0.08069938672438134,-5.147218421406094,1.5720304071788236,3.0,14.0,12.0,282.0,2017.0,-2.166848366756523,-1.6609833799676275,-1.4000860614063249,2018
KJ Abbott,-5.417136082754164,-0.048912748410145354,-5.368223334344019,,1.0,5.0,8.0,96.0,2016.0,-3.22790945435222,-0.7981477547130534,-1.3910788736888897,2018
AN Ahmed,-5.472177134960984,0.010993472242702298,-5.483170607203686,,1.0,3.0,5.0,72.0,2015.0,-1.571572301371303,0.43793008039860454,-4.338534913988285,2018
Karanveer Singh,-7.04789066541455,-0.4373475685979657,-6.610543096816584,,1.0,4.0,16.0,84.0,2015.0,-1.7529885228046642,-4.524710690430208,-0.7701914521796787,2018
DA Warner,9.281602867148292,9.281602867148292,0.0,1.826464379143646,2.0,31.0,1012.0,0.0,2017.0,5.800630038173904,2.680518184638796,0.8004546443355918,2019
L Ngidi,8.331487575466584,0.0,8.331487575466584,,1.0,7.0,0.0,156.0,2018.0,4.692721398912053,1.1230025404939916,2.5157636360605387,2019
KL Rahul,7.66025091936377,7.66025091936377,0.0,2.990134025752893,2.0,28.0,687.0,0.0,2018.0,5.438549839177051,0.2659934401732443,1.9557076400134734,2019
RR Pant,6.291375744759514,6.291375744759514,0.0,4.89998936869706,3.0,38.0,767.0,0.0,2018.0,0.8409315092944452,3.6906454331176053,1.7597988023474624,2019
Rashid Khan,6.011128859989803,0.027880230696062158,5.98324862929374,0.35053628289293126,2.0,31.0,40.0,732.0,2018.0,0.7681624908334032,4.439146070394019,0.8038202987623799,2019
AB de Villiers,5.90770100299005,5.90770100299005,0.0,4.602046983085429,3.0,37.0,845.0,0.0,2018.0,0.8990040348241403,3.3873927339964585,1.6213042341694515,2019
MR Marsh,5.308606865406682,-0.3008338219911017,5.609440687397783,,1.0,3.0,11.0,54.0,2016.0,4.888849559545025,0.7995323350024901,-0.3797750291408343,2019
Mujeeb Ur Rahman,5.214981824288272,-0.009828707678082863,5.224810531966355,,1.0,11.0,7.0,248.0,2018.0,2.890637112432838,2.9994257630354584,-0.6750810511800249,2019
AJ Tye,5.096885121286639,-0.258699009645401,5.355584130932041,1.2915572917205789,2.0,20.0,68.0,462.0,2018.0,2.728151754481591,0.6256268735090231,1.7431064932960245,2019
S Lamichhane,4.797720502593309,0.0,4.797720502593309,,1.0,3.0,0.0,72.0,2018.0,3.0391091106729196,1.3366961870702754,0.42191520485011424,2019
JC Buttler,4.530206622840613,4.530206622840613,0.0,3.784204682765345,3.0,37.0,714.0,0.0,2018.0,4.482131743605711,-0.05800483475221385,0.10607971398711552,2019
V Kohli,4.499756670363117,4.503628939619036,-0.0038722692559194022,5.990186296766912,3.0,40.0,1273.0,6.0,2018.0,1.6277611125105864,1.9899176852309126,0.8820778726216176,2019
KS Williamson,4.048522065070511,4.051541108463133,-0.003019043392621877,3.9531019304983914,3.0,30.0,807.0,6.0,2018.0,0.2628912895679505,3.7801584183776122,0.00547235712494859,2019
IS Sodhi,3.8410016443145714,-0.07208675746921728,3.9130884017837886,,1.0,6.0,6.0,138.0,2018.0,0.0,3.2642408714030355,0.576760772911536,2019
JJ Bumrah,3.6537753070317356,-0.036288632107060126,3.6900639391387964,0.9594951359461238,3.0,44.0,34.0,992.0,2018.0,0.8769932310597383,1.1325788394857221,1.644203236486275,2019
HM Amla,3.5980576915304976,3.5980576915304976,0.0,3.2761916421297594,2.0,16.0,407.0,0.0,2017.0,1.3971075231528514,0.3230210056377206,1.877929162739926,2019
S Badree,3.278013506453218,-0.7411663106717588,4.019179817124977,,1.0,7.0,23.0,150.0,2017.0,2.601803977439801,0.6885113031455352,-0.012301774132117693,2019
UT Yadav,2.9345897787887587,-0.07189579462506215,3.006485573413821,2.6209519457861195,3.0,37.0,29.0,766.0,2018.0,3.802783774189984,0.2304638595503914,-1.0986578549516173,2019
B Kumar,2.740695606426397,-0.08519128113488035,2.825886887561277,2.524336825583199,3.0,43.0,47.0,987.0,2018.0,2.4381105008742563,-0.4406535014301419,0.7432386069822825,2019
CA Lynn,2.7133083392801884,2.7133083392801884,0.0,4.195543819534721,3.0,25.0,562.0,0.0,2018.0,2.2833015718266396,0.7178215735869357,-0.2878148061333866,2019
SP Narine,2.683696208660698,0.39990075237592404,2.283795456284774,1.1562341658282747,3.0,43.0,331.0,976.0,2018.0,0.12464949572159986,1.872191350205328,0.68685536273377,2019
AD Russell,2.617050675679819,2.1055929997517766,0.5114576759280425,1.2592928797615413,2.0,28.0,285.0,446.0,2018.0,0.7879043297626044,1.182507199099615,0.6466391468175992,2019
KH Pandya,2.3710742658310937,0.6821437652000527,1.688930500631041,0.596709353138056,3.0,39.0,460.0,668.0,2018.0,-0.08034104095776909,1.4806524035133468,0.9707629032755161,2019
SPD Smith,2.124965974186586,2.124965974186586,0.0,2.0201003348884683,2.0,23.0,563.0,0.0,2017.0,1.2831060391935838,0.46643587183278107,0.3754240631602213,2019
JC Archer,2.082677009335491,-0.5407547296899832,2.623431739025474,,1.0,10.0,21.0,233.0,2018.0,0.6539890991389277,0.1533705763893185,1.2753173338072452,2019
YS Chahal,2.0550952840878187,-0.13532851368645207,2.1904237977742707,0.971738146128575,3.0,40.0,30.0,856.0,2018.0,1.0558222020355883,1.4193502513323228,-0.42007716928009264,2019
AT Rayudu,1.965899313703191,1.965899313703191,0.0,2.947128910250354,3.0,34.0,758.0,0.0,2018.0,0.9654580405022269,0.36793216121635053,0.6325091119846138,2019
K Gowtham,1.9003203787039515,0.2650924681127718,1.6352279105911798,,1.0,15.0,64.0,240.0,2018.0,2.449784285323826,-1.2720273165336156,0.7225634099137412,2019
KD Karthik,1.8392956454578933,1.8392956454578933,0.0,1.6274261613755145,3.0,46.0,862.0,0.0,2018.0,0.076067305223414,1.0865729670660522,0.676655373168427,2019
S Kaul,1.6897537752450662,-0.0890432147788618,1.778796990023928,0.6482727919837231,2.0,27.0,16.0,610.0,2018.0,-0.2149860549870151,-0.2473367627974594,2.1520765930295407,2019
A Zampa,1.6357789165517216,-0.027635544236204016,1.6634144607879255,2.702086857000202,2.0,11.0,8.0,221.0,2017.0,-0.10666801023779525,0.9527353254851902,0.7897116013043265,2019
SE Marsh,1.4875038421155968,1.4875038421155968,0.0,1.4685672800030183,2.0,15.0,328.0,0.0,2017.0,0.7592811152509177,0.7927028081813444,-0.06448008131666508,2019
SS Tiwary,1.4809534487335205,1.4809534487335205,0.0,1.6897719477726478,2.0,11.0,184.0,0.0,2017.0,1.6439642892825117,0.2714356237360065,-0.4344464642849977,2019
NM Coulter-Nile,1.4683389589653328,-0.13644529527457588,1.604784254239909,2.1573103998438485,2.0,12.0,26.0,260.0,2017.0,-0.9943988893592433,1.7861329380690096,0.6766049102555667,2019
PJ Cummins,1.441908161915598,-0.0780261976321507,1.5199343595477488,,1.0,12.0,53.0,277.0,2017.0,-0.10487258221193392,0.500681255563833,1.0460994885636994,2019
SA Yadav,1.4234162979583111,1.4234162979583111,0.0,1.4942605744701547,3.0,39.0,615.0,0.0,2018.0,1.995254113606837,-0.21736417423428117,-0.35447364141424414,2019
MJ McClenaghan,1.334076895237172,-0.0876078162020619,1.421684711439234,1.1065713061891003,3.0,39.0,48.0,884.0,2018.0,2.600400435487169,-0.8766168411304676,-0.3897066991195297,2019
Sandeep Sharma,1.3178892856408586,-0.016940523873883923,1.3348298095147426,1.1674682159463268,3.0,39.0,19.0,852.0,2018.0,1.6699268646762246,-0.537515854674929,0.1854782756395631,2019
S Dhawan,1.2887414583103143,1.2887414583103143,0.0,1.5567863409011198,3.0,47.0,1168.0,0.0,2018.0,0.43067618707845545,0.8764287921658693,-0.018363520934010447,2019
LH Ferguson,1.219528084635408,-0.0007653595871921108,1.2202934442226,,1.0,4.0,1.0,78.0,2017.0,-1.239888412851089,3.0187395666267087,-0.5593230691402118,2019
A Mishra,1.203407565245464,-0.14280589681326333,1.3462134620587274,2.3449803873773063,3.0,38.0,68.0,731.0,2018.0,-0.6966987387679995,1.7683941060258823,0.1317121979875807,2019
M Ashwin,1.2007834685153806,-0.04051642394954944,1.24129989246493,1.1273245037980884,2.0,12.0,3.0,213.0,2018.0,-0.3660759047004723,1.4748072573799986,0.0920521158358544,2019
AS Rajpoot,1.1825123212138695,-0.17442737943958386,1.3569397006534534,1.158436593696605,3.0,17.0,25.0,307.0,2018.0,1.767729060569949,-0.09513940217014416,-0.49007733718593516,2019
KW Richardson,1.0974648560624358,-0.0009256072116007191,1.0983904632740364,,1.0,4.0,1.0,84.0,2016.0,2.3957684471821254,-1.7511143073415343,0.45281071622184454,2019
SK Raina,1.0767863958065869,1.3403840288496465,-0.2635976330430598,1.2982053044252921,3.0,44.0,955.0,132.0,2018.0,0.6964360566706238,-0.28106110593418676,0.6614114450701496,2019
MS Dhoni,1.0577448895965502,1.0577448895965502,0.0,1.7346492942074168,3.0,46.0,762.0,0.0,2018.0,-0.055648602244299246,-0.837997123850313,1.951390615691163,2019
BA Stokes,1.006571471655267,-0.20584579404995718,1.2124172657052243,3.476893912880592,2.0,25.0,382.0,486.0,2018.0,0.5533556119752419,-0.24493950826592648,0.6981553679459516,2019
CH Gayle,0.9976165815818462,0.8993387581845234,0.09827782339732284,1.5527649534562493,3.0,30.0,565.0,60.0,2018.0,-0.299536280629777,1.1071782218966655,0.18997464031495775,2019
CH Morris,0.9713711410972858,0.8241570264334586,0.1472141146638275,3.2173410303127574,3.0,25.0,229.0,534.0,2018.0,0.3457524509737716,-0.7904640764746032,1.4160827665981177,2019
Z Khan,0.8554620960204162,-0.13694931633847385,0.9924114123588901,0.045450444665584955,2.0,23.0,26.0,503.0,2017.0,2.0776632223427693,-0.3342567297997165,-0.8879443965226367,2019
A Choudhary,0.837963659449291,-0.12082057180918022,0.9587842312584712,,1.0,5.0,20.0,101.0,2017.0,2.085129701431623,-0.8043356347600913,-0.4428304072222406,2019
PP Shaw,0.7995521485582796,0.7995521485582796,0.0,,1.0,9.0,160.0,0.0,2018.0,0.6121336698348516,0.18741847872342796,0.0,2019
Shubman Gill,0.7546919963260812,0.7546919963260812,0.0,,1.0,13.0,139.0,0.0,2018.0,-0.07117220235179952,0.9010737551384935,-0.07520955646061282,2019
E Lewis,0.7256736306024298,0.7256736306024298,0.0,,1.0,13.0,276.0,0.0,2018.0,1.2274606544925901,-0.20074027236974568,-0.3010467515204145,2019
SV Samson,0.6440178464883465,0.6440178464883465,0.0,1.6985000436182554,3.0,43.0,852.0,0.0,2018.0,0.14924594157035337,-0.415412867840204,0.9101847727581972,2019
DL Chahar,0.6432139719313594,0.04726253484121884,0.5959514370901409,2.3394046669970607,3.0,17.0,35.0,301.0,2018.0,0.7033304529150288,-0.047848694810192466,-0.012267786173476621,2019
TS Mills,0.6255776102023426,-0.2464353514059696,0.8720129616083122,,1.0,5.0,11.0,107.0,2017.0,1.694104367008771,-1.144074665758332,0.07554790895190364,2019
M Markande,0.5688393305890171,-0.2021558077676847,0.7709951383567019,,1.0,14.0,24.0,264.0,2018.0,0.0,0.4576577730547971,0.11118155753422021,2019
SS Iyer,0.5662199812355002,0.5662199812355002,0.0,2.190759189615165,3.0,32.0,596.0,0.0,2018.0,-1.042837719286323,0.9163241963371097,0.6927335041847134,2019
DR Smith,0.5132745821837379,0.9299518388814028,-0.4166772566976652,2.1857089368582883,2.0,24.0,377.0,186.0,2017.0,0.9022044602195698,0.11369572355564156,-0.5026256015914736,2019
Mohammad Nabi,0.5061881295322046,-0.08749084295345798,0.5936789724856627,1.7563130703161332,2.0,5.0,15.0,96.0,2018.0,0.3425476140368536,0.19601289709958725,-0.032372381604236174,2019
RV Uthappa,0.4933906977557555,0.4933906977557555,0.0,1.5068980255093227,3.0,45.0,789.0,0.0,2018.0,-0.5181023602811842,0.9371926480421189,0.07430040999482049,2019
R Tewatia,0.47663143767759913,-0.3779007277676314,0.8545321654452305,1.4728362691424586,2.0,11.0,54.0,186.0,2018.0,-0.3004538854369899,0.4025748365212932,0.37451048659329583,2019
N Rana,0.41919080137605963,0.28485068910710587,0.13434011226895376,0.7097937590333754,3.0,32.0,571.0,43.0,2018.0,0.36545420506255344,-0.30875031612593906,0.36248691243944514,2019
Imran Tahir,0.40420876417388074,-0.02151956210751576,0.42572832628139645,2.2034571112885937,3.0,22.0,11.0,502.0,2018.0,0.05679315197221535,0.021442028684540815,0.3259735835171248,2019
V Shankar,0.4003591541946362,0.5947282411504232,-0.19436908695578703,0.573391702696356,2.0,17.0,223.0,30.0,2018.0,-0.2647780565186568,0.3526763891395911,0.31246082157370175,2019
Mustafizur Rahman,0.3393499517750739,-0.009000683059777156,0.348350634834851,3.0363760903274244,3.0,24.0,3.0,547.0,2018.0,-0.15924211072136413,-0.4665622111007637,0.9651542735972016,2019
M Morkel,0.3222053773559108,-0.00037024288464028763,0.3225756202405511,,1.0,10.0,1.0,213.0,2016.0,1.208266194061079,-0.7538268463958834,-0.13223397030928485,2019
R Bhatia,0.3213090780646295,-0.15427304950117396,0.47558212756580337,0.6522355811758618,2.0,13.0,37.0,246.0,2017.0,0.0,0.2909757793113866,0.03033329875324288,2019
MM Ali,0.31353992000529374,0.09169313210936239,0.22184678789593132,,1.0,5.0,46.0,79.0,2018.0,-1.046741966831647,1.3181001104998158,0.04218177633712498,2019
GJ Maxwell,0.31090518221304,-0.039826948177600574,0.35073213039064044,2.1660891617433835,3.0,37.0,423.0,264.0,2018.0,-1.1341494304717126,1.4119604463377797,0.03309416634697321,2019
KP Pietersen,0.30168714449771766,0.30168714449771766,0.0,,1.0,4.0,61.0,0.0,2016.0,1.198551666369873,-0.8968645218721554,0.0,2019
Ishan Kishan,0.21954787820257834,0.21954787820257834,0.0,1.011398333492341,3.0,30.0,431.0,0.0,2018.0,-0.3868947207351139,0.6036780904453195,0.0027645084923727577,2019
BB McCullum,0.13716440704084742,0.13716440704084742,0.0,1.1688609688191958,3.0,33.0,567.0,0.0,2018.0,-0.16870792743231294,0.30587233447316037,0.0,2019
KA Pollard,0.10593255206813579,0.2600215520860135,-0.15408900001787773,0.8354065705987983,3.0,39.0,520.0,47.0,2018.0,0.01172449169626194,0.44067637475115873,-0.34646831437928494,2019
P Negi,0.07407756238910224,-0.5121664464306731,0.5862440088197752,2.406773003628516,3.0,22.0,175.0,271.0,2018.0,0.22127484379920767,-0.3352112955781309,0.18801401416802566,2019
AJ Finch,0.02149138173979903,0.02149138173979903,0.0,1.2027097024324938,3.0,36.0,579.0,0.0,2018.0,-0.9102455907683838,0.620084332724176,0.311652639784007,2019
Kuldeep Yadav,0.01625640951576507,-0.16613220463953476,0.18238861415529983,1.068655106908132,3.0,31.0,46.0,626.0,2018.0,-0.38925615571155986,0.30828908557513973,0.09722347965218517,2019
S Gopal,-0.027402914621208252,-1.0135383783436507,0.9861354637224427,1.5069028767479784,2.0,12.0,61.0,204.0,2018.0,-0.3446915227919859,0.32157086529520884,-0.004282257124431048,2019
RA Tripathi,-0.029916993407087533,-0.022721179885641485,-0.007195813521446095,1.1508863925054313,2.0,26.0,434.0,6.0,2018.0,0.4581029047164027,-0.531278489437834,0.043258591314343633,2019
Q de Kock,-0.03881844533943213,-0.03881844533943213,0.0,1.961823034388547,2.0,21.0,489.0,0.0,2018.0,0.009597245539084198,-0.09806430443398939,0.04964861355547295,2019
SR Watson,-0.06047479388414745,1.4557722260231842,-1.516247019907332,3.2907868856798728,3.0,39.0,571.0,668.0,2018.0,-1.27186845079709,1.7125969008660529,-0.5012032439531102,2019
KM Jadhav,-0.06214659464482882,-0.06214659464482882,0.0,0.11582684647234578,3.0,18.0,240.0,0.0,2018.0,-0.22191244425491172,-0.02212577639648078,0.18189162600656372,2019
Gurkeerat Singh,-0.09063802242181992,-0.2449064639256261,0.15426844150380617,,1.0,7.0,86.0,24.0,2016.0,-0.07727840629125118,-0.019327471005823715,0.005967854875254924,2019
KV Sharma,-0.10231490160886308,-0.22522067958195854,0.12290577797309538,4.135256561118485,3.0,20.0,71.0,339.0,2018.0,0.6437516746361911,-0.580829748950398,-0.16523682729465633,2019
YK Pathan,-0.1094487208773724,-0.10542562970111252,-0.004023091176259829,1.5448087160804505,3.0,45.0,563.0,72.0,2018.0,0.09458154437122226,-0.2747137529155904,0.07068348766699584,2019
PP Chawla,-0.1226015431915744,-0.27234698048690387,0.14974543729532952,0.8843557264608713,3.0,33.0,66.0,626.0,2018.0,1.1912841725374022,-1.609522374271819,0.29563665854284216,2019
MK Tiwary,-0.12310580675885513,-0.10171908412210395,-0.021386722636751156,0.6143786676790159,2.0,20.0,280.0,6.0,2018.0,-0.20269298334633667,-0.025562718623519026,0.1051498952110006,2019
F du Plessis,-0.1730318385920701,-0.1730318385920701,0.0,0.7538562765843169,3.0,14.0,298.0,0.0,2018.0,-0.38114397646358267,-0.4150008683999328,0.6231130062714452,2019
P Kumar,-0.1892197446704743,-0.14610129241234265,-0.04311845225813171,1.3248883264768718,2.0,22.0,35.0,408.0,2017.0,0.4911505886041919,-0.023225887018956917,-0.657144446255709,2019
SN Khan,-0.2667457254416386,-0.2667457254416386,0.0,0.737346828871104,2.0,12.0,72.0,0.0,2018.0,0.0,-0.37372589994188765,0.10698017450024916,2019
B Stanlake,-0.29645605405498043,0.005385326388301896,-0.30184138044328235,0.6730745802520943,2.0,6.0,2.0,144.0,2018.0,-0.8097298981848298,0.6337454052831825,-0.12047156115333303,2019
M Vijay,-0.3132940133191613,-0.31047380210696324,-0.00282021121219804,0.6378130770595088,2.0,15.0,374.0,6.0,2018.0,-0.202495771764097,-0.02853162045386065,-0.08226662110120363,2019
Sachin Baby,-0.32910466880486555,-0.3523007541516392,0.023196085346773695,0.3464793497258741,2.0,14.0,94.0,10.0,2017.0,-0.215354226058532,-0.22059738314320307,0.10684694039686957,2019
Ankit Sharma,-0.33258017686236874,0.12108719987356949,-0.4536673767359382,0.3061984501142664,3.0,5.0,18.0,78.0,2018.0,-0.546967835225073,0.3423911039084473,-0.1280034455457431,2019
SW Billings,-0.3377419972747877,-0.3377419972747877,0.0,0.4471434327043723,3.0,21.0,246.0,0.0,2018.0,0.22098439165275444,-0.5620651200570675,0.003338731129525499,2019
KK Nair,-0.35764055506687276,-0.35764055506687276,0.0,0.5056568897105412,3.0,41.0,744.0,0.0,2018.0,-0.27790374291199915,-0.3712183373231647,0.2914815251682913,2019
Harbhajan Singh,-0.3646473670279648,-0.3523236575710886,-0.01232370945687622,1.637901373303701,3.0,38.0,136.0,731.0,2018.0,-0.27318097928229723,0.11043014921194019,-0.20189653695760781,2019
PA Patel,-0.3880725297470332,-0.3880725297470332,0.0,1.8985566494685453,3.0,32.0,554.0,0.0,2018.0,0.28557361198873754,-0.6629614756170099,-0.010684666118760802,2019
CJ Jordan,-0.39772963057813415,-0.011216368033431701,-0.3865132625447025,0.5163334780963582,3.0,11.0,5.0,198.0,2018.0,-0.5329677826410085,0.663141647450352,-0.5279034953874777,2019
Bipul Sharma,-0.4286955497304977,0.05694495436991476,-0.48564050410041254,0.11079461290306677,2.0,14.0,49.0,182.0,2017.0,0.20888851825736346,-0.5659953617451456,-0.07158870624271546,2019
B Laughlin,-0.47041200572949327,-0.0304846837111316,-0.43992732201836166,,1.0,7.0,4.0,126.0,2018.0,0.6928762922981734,-0.7858182448930541,-0.37747005313461246,2019
NV Ojha,-0.5389959564586289,-0.5389959564586289,0.0,0.7360542603252102,3.0,32.0,207.0,0.0,2018.0,-0.004106253757257617,0.0018487914899334573,-0.5367384941913047,2019
HH Pandya,-0.5665710147533114,-0.2211594445374293,-0.3454115702158822,1.4296806725057634,3.0,41.0,418.0,512.0,2018.0,-0.9748407864565487,0.46592380925253674,-0.0576540375492996,2019
Mohammed Siraj,-0.5807594940758324,-0.0925469434566874,-0.48821255061914504,0.9160675425452867,2.0,17.0,22.0,384.0,2018.0,-0.7694454589334447,1.0194722444500477,-0.8307862795924353,2019
MK Pandey,-0.5817109483552749,-0.5817109483552749,0.0,1.7486944893777592,3.0,41.0,737.0,0.0,2018.0,-0.6037741680463325,0.23433995182637746,-0.21227673213532017,2019
SL Malinga,-0.603074462862404,0.005871337153246046,-0.60894580001565,,1.0,12.0,3.0,269.0,2017.0,1.1010173365556013,-0.7191961219396215,-0.9848956774783836,2019
AR Patel,-0.6556167188777471,-0.47053307077577494,-0.18508364810197203,1.6934986921383117,3.0,37.0,308.0,731.0,2018.0,0.06925259843754131,-0.8823563087838588,0.15748699146857062,2019
JP Duminy,-0.6609053608853348,-0.379501931601536,-0.28140342928379886,0.44606263922805556,2.0,16.0,196.0,60.0,2018.0,-0.30471404045892647,-0.13753457376828682,-0.21865674665812163,2019
RG Sharma,-0.6709757320055898,-0.6709757320055898,0.0,1.876383372311672,3.0,45.0,856.0,0.0,2018.0,-0.9545579252432497,-0.38144792253094534,0.6650301157686052,2019
SN Thakur,-0.6826323827500109,0.0076202462401985934,-0.6902526289902096,0.6547344426782,2.0,25.0,8.0,509.0,2018.0,0.25199588614244395,0.1758214735812153,-1.1104497424736701,2019
DT Christian,-0.6837652142215019,-0.8078233321493913,0.12405811792788929,1.8995888476526468,2.0,17.0,82.0,311.0,2018.0,-1.0320967364488447,0.3701888226593186,-0.021857300431976145,2019
A Nehra,-0.6896893721487346,-0.00018512144232014384,-0.6895042507064145,1.775318238002057,2.0,14.0,1.0,283.0,2017.0,-0.9991503932393017,-0.7622484022122431,1.0717094233028106,2019
Iqbal Abdulla,-0.7498311071984919,-0.02940639995998222,-0.7204247072385096,0.9844858257373321,2.0,10.0,34.0,180.0,2017.0,0.18327161005379655,-0.6509414825592739,-0.28216123469301463,2019
Shakib Al Hasan,-0.7713912952965083,-0.6978138783329146,-0.07357741696359371,0.8530671971987515,3.0,28.0,304.0,546.0,2018.0,-0.007769908159758643,-0.45675424065462455,-0.3068671464821252,2019
Washington Sundar,-0.774902430950368,0.08474436077776251,-0.8596467917281303,3.0025273940783537,2.0,18.0,50.0,300.0,2018.0,-1.508640314743489,0.19940754448999032,0.5343303393031311,2019
Yuvraj Singh,-0.7774284849562403,-0.6573544730211446,-0.12007401193509555,1.2974170911330674,3.0,30.0,429.0,61.0,2018.0,-0.2263269573815696,-0.6672101279572116,0.11610860038254106,2019
P Sahu,-0.8033483874577184,-0.03213755970077324,-0.7712108277569452,,1.0,5.0,13.0,105.0,2016.0,-0.4575197514861664,-0.10002354225216933,-0.2458050937193828,2019
STR Binny,-0.8286188766049227,-0.7028010573496445,-0.12581781925527824,0.06665739638438023,3.0,29.0,154.0,150.0,2018.0,0.04143670630680824,-0.75950514636728,-0.11055043654445085,2019
TM Head,-0.8412615101352995,-0.36187928576629363,-0.47938222436900585,0.49796038390003944,2.0,10.0,148.0,48.0,2017.0,-1.1562727429836,-0.4664279312854447,0.7814391641337449,2019
C de Grandhomme,-0.8480149182732707,-0.21159738515634796,-0.6364175331169226,0.2088574058174047,2.0,21.0,176.0,186.0,2018.0,-0.21601623487320748,-0.7887616999218787,0.1567630165218158,2019
TA Boult,-0.8567098653651979,-0.023195806242187197,-0.8335140591230108,1.3992374703673083,3.0,21.0,10.0,483.0,2018.0,0.14432443014479704,-0.5152817509516706,-0.4857525445583245,2019
RA Jadeja,-0.8729655094196693,-0.6607657613315567,-0.21219974808811237,1.9260288652774251,3.0,43.0,364.0,715.0,2018.0,0.3010686838343831,-0.7804036184616132,-0.3936305747924392,2019
PV Tambe,-0.887772992655083,-0.32648258322910323,-0.5612904094259799,,1.0,7.0,19.0,96.0,2016.0,0.058177616695089925,-0.5593558363763712,-0.3865947729738018,2019
R Ashwin,-0.8966662298374493,-0.44790390059888563,-0.4487623292385635,1.744037452530352,2.0,28.0,109.0,568.0,2018.0,-0.8351631742028841,-0.41697861755030435,0.35547556191573954,2019
S Aravind,-0.9047817719968743,-0.44593556470834544,-0.4588462072885289,3.999161901960675,2.0,19.0,40.0,358.0,2017.0,-0.8072347111147999,0.28234402218482657,-0.379891083066901,2019
AD Hales,-0.9211612416575033,-0.9211612416575033,0.0,,1.0,6.0,118.0,0.0,2018.0,0.8102743277256363,-1.7314355693831398,0.0,2019
M Vohra,-0.9255323244500993,-0.9255323244500993,0.0,0.38924346257046577,3.0,22.0,337.0,0.0,2018.0,-0.7005193012292564,-0.5006558010329211,0.2756427778120782,2019
BCJ Cutting,-0.9379372430218265,0.41965877303212606,-1.3575960160539524,1.794194564497844,3.0,17.0,118.0,245.0,2018.0,-0.5736724777096953,0.05892248863448546,-0.42318725394661627,2019
CR Brathwaite,-0.9425743874868806,-0.018265088270533192,-0.9243092992163474,1.7296114733047965,3.0,14.0,101.0,236.0,2018.0,-0.13022518240112868,-1.298879021343169,0.48652981625741704,2019
R Vinay Kumar,-0.9428092520270152,-0.027468094224627378,-0.9153411578023878,1.9881816737422537,3.0,6.0,15.0,95.0,2018.0,-0.43851256460249083,0.08126069654618377,-0.5855573839707081,2019
G Gambhir,-0.9647007578509275,-0.9647007578509275,0.0,2.221975346299048,3.0,37.0,888.0,0.0,2018.0,-1.20374746968988,0.24879885222295214,-0.009752140383999741,2019
JD Unadkat,-0.9783065638526474,-0.08418279645959657,-0.8941237673930509,4.651639197783751,3.0,28.0,43.0,595.0,2018.0,-0.5018599353360491,-0.2793440708744269,-0.19710255764217188,2019
Anureet Singh,-0.9838784343892534,-0.1040798288923576,-0.8797986054968958,0.4132358123109255,3.0,6.0,16.0,72.0,2018.0,-0.21758794167878057,-0.6622106638181151,-0.1040798288923576,2019
AM Rahane,-0.9942612271355296,-0.9942612271355296,0.0,1.4431649006606055,3.0,45.0,1015.0,0.0,2018.0,-0.10883725339974215,-0.8503306332950504,-0.0350933404407371,2019
DJ Hooda,-1.0264734275100549,-0.9881658729539349,-0.03830755455612007,0.5861811424732438,3.0,36.0,254.0,120.0,2018.0,-0.4287929843273144,-0.18188301712333124,-0.4157974260594095,2019
DA Miller,-1.0271507741091617,-1.0271507741091617,0.0,0.5309580614191427,3.0,22.0,275.0,0.0,2018.0,0.0012450634909813851,-0.880004435421075,-0.1483914021790681,2019
IK Pathan,-1.0926110441948498,-0.20841831604885408,-0.8841927281459957,0.11612964666124381,2.0,5.0,16.0,60.0,2017.0,-0.6743170350971255,-0.07896580565895926,-0.3393282034387649,2019
JO Holder,-1.102324057863801,-0.43713808335728693,-0.665185974506514,,1.0,4.0,19.0,78.0,2016.0,-0.7685752331147451,-0.24994336246180462,-0.08380546228725128,2019
VR Aaron,-1.1671673177891182,-0.08864907393316533,-1.078518243855953,2.7981589565571614,2.0,14.0,10.0,262.0,2017.0,-0.6165365412664504,-0.4470989637743207,-0.10353181274834716,2019
DS Kulkarni,-1.1955880323155468,-0.02761389981769944,-1.1679741324978472,4.546994919009683,3.0,28.0,25.0,526.0,2018.0,-0.5399517674079176,-0.8097038714074035,0.15406760649977486,2019
HV Patel,-1.2051161295576143,0.3057633232184356,-1.5108794527760496,1.5317425190455718,3.0,11.0,33.0,213.0,2018.0,-1.2699915634398486,-0.24509971182483342,0.3099751457070679,2019
JJ Roy,-1.219578278126037,-1.219578278126037,0.0,0.8738540808104523,2.0,8.0,134.0,0.0,2018.0,-1.9864702501204987,0.41946155068399826,0.34743042131046364,2019
PJ Sangwan,-1.22002570482871,-0.13660958249749083,-1.083416122331219,0.629361157529177,3.0,8.0,8.0,144.0,2018.0,-0.26333982879042844,-0.497695779071647,-0.4589900969666344,2019
J Yadav,-1.2415700217276044,-0.074584721986159,-1.1669852997414454,0.30399481534445183,2.0,7.0,10.0,138.0,2017.0,-1.4652478236272366,0.33292631880502166,-0.10924851690538971,2019
Swapnil Singh,-1.2431635619392702,-0.3289912462690643,-0.914172315670206,0.02091107243566681,2.0,5.0,20.0,60.0,2017.0,0.0,-1.179852335397946,-0.06331122654132432,2019
C Munro,-1.25817049630896,-1.2451131930629262,-0.013057303246033715,0.24154390979949275,2.0,9.0,71.0,12.0,2018.0,-0.7912216783501163,-0.39466297993919486,-0.07228583801964884,2019
Ankit Soni,-1.3000164406613455,-0.08944170877487231,-1.2105747318864732,,1.0,7.0,9.0,109.0,2017.0,0.14671242698612472,-1.183488318856887,-0.26324054879058345,2019
GB Hogg,-1.312845258287192,0.0,-1.312845258287192,,1.0,5.0,0.0,96.0,2016.0,-0.07146619330698359,-2.0047288494673516,0.7633497844871434,2019
Mandeep Singh,-1.3151715942501143,-1.3151715942501143,0.0,1.2666113254944693,2.0,25.0,363.0,0.0,2018.0,-0.4735228405628924,-1.0121735521404573,0.17052479845323565,2019
UT Khawaja,-1.3673581945364361,-1.3673581945364361,0.0,,1.0,6.0,100.0,0.0,2016.0,-0.06690814499704097,-1.3004500495393954,0.0,2019
WP Saha,-1.377726182938404,-1.377726182938404,0.0,0.7025629114824058,3.0,37.0,501.0,0.0,2018.0,-0.687022585636435,-0.5780246468442396,-0.11267895045772952,2019
R Sathish,-1.382111864529481,-0.7163600502582538,-0.6657518142712271,,1.0,4.0,24.0,36.0,2016.0,0.0,-0.1607546873898769,-1.221357177139604,2019
AB Dinda,-1.4454908283753594,-0.03285160230107444,-1.412639226074285,3.924777223091987,2.0,12.0,7.0,243.0,2017.0,0.921605336809888,0.010486018658504084,-2.3775821838437516,2019
MJ Guptill,-1.478855915290664,-1.478855915290664,0.0,0.764994519806887,2.0,10.0,143.0,0.0,2017.0,-1.7940071906691355,0.31515127537847143,0.0,2019
K Rabada,-1.543267529439978,-1.3199171431587893,-0.2233503862811888,,1.0,6.0,64.0,128.0,2017.0,-0.012189543915716153,0.4744600788392995,-2.005538064363561,2019
T Natarajan,-1.5457748618015106,0.0,-1.5457748618015106,,1.0,6.0,0.0,76.0,2017.0,-0.799392075302203,-0.6455928999741518,-0.10078988652515555,2019
LMP Simmons,-1.5946658264259983,-1.5946658264259983,0.0,0.7692882251210977,2.0,8.0,120.0,0.0,2017.0,-1.889332930204888,0.29466710377888966,0.0,2019
S Nadeem,-1.597150103926997,-0.07091171146856146,-1.5262383924584357,2.5761749132139418,3.0,17.0,22.0,287.0,2018.0,-1.4278270561235833,-0.22691423806101335,0.0575911902575996,2019
EJG Morgan,-1.7069974810825332,-1.7069974810825332,0.0,0.2602046281892413,2.0,11.0,167.0,0.0,2017.0,-0.7192497268172724,-0.9720704827229685,-0.015677271542292273,2019
MP Stoinis,-1.7977280032794996,-0.5242942143194895,-1.27343378896001,1.096137180485897,3.0,19.0,208.0,267.0,2018.0,-0.5186428601190105,-0.6514569404081647,-0.6276282027523244,2019
TG Southee,-1.848728436943722,-0.23025446594885554,-1.6184739709948663,1.1432447479366186,3.0,22.0,68.0,492.0,2018.0,-1.5707761628454393,0.12240909810540306,-0.400361372203686,2019
GJ Bailey,-1.874722895221154,-1.874722895221154,0.0,,1.0,6.0,98.0,0.0,2016.0,-0.20013308557948667,-1.3212483379040108,-0.3533414717376568,2019
TK Curran,-1.8977874607657395,-0.6598352180525043,-1.2379522427132352,,1.0,5.0,28.0,61.0,2018.0,0.01054433481126235,-1.432548651245398,-0.4757831443316036,2019
Avesh Khan,-1.9032562479478057,0.0,-1.9032562479478057,3.5173045826188405,2.0,7.0,0.0,138.0,2018.0,-1.84841853624108,-0.1077777645583794,0.052940052851654096,2019
RP Singh,-1.9823346703033051,0.0,-1.9823346703033051,,1.0,4.0,0.0,72.0,2016.0,-1.5464706151090344,0.0,-0.4358640551942709,2019
CR Woakes,-2.002615111427286,-0.3673741926702426,-1.6352409187570434,0.614607045277872,2.0,18.0,66.0,374.0,2018.0,-1.6354780622291258,0.5215990870464379,-0.8887361362445987,2019
MA Agarwal,-2.0120120164472657,-2.0120120164472657,0.0,0.16943275264145385,3.0,17.0,146.0,0.0,2018.0,-1.6378835992344682,-0.354930509855397,-0.01919790735740033,2019
KC Cariappa,-2.039388970732189,-0.10212113369804665,-1.9372678370341423,1.131553840071677,2.0,9.0,18.0,192.0,2017.0,-0.5119565885172779,-1.6963381356077414,0.16890575339283004,2019
DJ Bravo,-2.1271370565206764,-0.051684280622180084,-2.075452775898496,0.654485384343033,2.0,31.0,173.0,657.0,2018.0,-0.15163501297829565,-0.10421275590836465,-1.871289287634016,2019
DJ Willey,-2.175236737174786,0.0,-2.175236737174786,,1.0,3.0,0.0,60.0,2018.0,-1.8813006738469629,-0.11427180416149561,-0.1796642591663275,2019
LE Plunkett,-2.2835619393380044,-0.018001366119554312,-2.2655605732184503,,1.0,7.0,3.0,150.0,2018.0,-1.7069996934989413,-1.2047009570057798,0.6281387111667165,2019
MC Henriques,-2.3559239338192057,0.19975138141810522,-2.555675315237311,0.23195225247305573,2.0,29.0,361.0,456.0,2017.0,-0.3988199350909879,-2.406620735144068,0.44951673641585027,2019
T Shamsi,-2.3931880449313394,0.0,-2.3931880449313394,,1.0,4.0,0.0,96.0,2016.0,0.0,-1.007715178482388,-1.385472866448952,2019
DJM Short,-2.5759905397137484,-2.687261727835734,0.11127118812198522,,1.0,7.0,99.0,18.0,2018.0,-3.204461066798423,0.6284705270846745,0.0,2019
SB Jakati,-2.5946752563934066,-0.0020721177932562797,-2.5926031386001505,0.567287028409152,2.0,8.0,2.0,150.0,2017.0,-1.0674095084061985,-1.3349883814519576,-0.19227736653525027,2019
MM Sharma,-2.6077771938676593,-0.24745631695002673,-2.360320876917633,1.427715269990582,3.0,37.0,89.0,743.0,2018.0,-0.6324129321504797,-0.6860824145597026,-1.2892818471574776,2019
S Kaushik,-2.615535328326081,-0.0015433450293820194,-2.613991983296699,2.2687896462522064,2.0,10.0,1.0,204.0,2017.0,-1.2531030448285811,-0.7479918661866181,-0.6144404173108822,2019
K Khejroliya,-2.7255109096407586,0.0,-2.7255109096407586,,1.0,3.0,0.0,65.0,2018.0,-0.8743791839643903,-0.8959297694815717,-0.9552019561947965,2019
Basil Thampi,-2.745889362091977,-0.10123016547803512,-2.644659196613942,1.1658390097826992,2.0,16.0,34.0,329.0,2018.0,-1.612394448744745,-0.5984352953072762,-0.535059618039956,2019
M Prasidh Krishna,-3.036800911282029,-0.03567955111438486,-3.001121360167644,,1.0,7.0,5.0,168.0,2018.0,-3.921849306476029,-0.8149090174102152,1.6999574126042152,2019
AF Milne,-3.0475475593430588,-0.19295146304166796,-2.8545960963013908,0.9671169398748006,2.0,5.0,12.0,108.0,2017.0,-2.2353166224536256,-1.3500654198446254,0.537834482955192,2019
NLTC Perera,-3.1035482213255507,0.2377561161222419,-3.341304337447793,,1.0,12.0,93.0,199.0,2016.0,-1.0450970496874248,-1.297782244621739,-0.7606689270163878,2019
MG Johnson,-3.435742169919957,-0.13048750417916052,-3.305254665740797,2.9380506906831982,3.0,14.0,42.0,312.0,2018.0,-2.7949116584218547,-0.9936629067010505,0.35283239520294796,2019
Shivam Mavi,-3.692349319250523,-0.17520841929576642,-3.5171408999547564,,1.0,9.0,15.0,168.0,2018.0,-2.6512989504180062,1.069939026243488,-2.1109893950760052,2019
Parvez Rasool,-3.7112018722750744,-0.08462763179711179,-3.6265742404779626,,1.0,4.0,9.0,84.0,2016.0,-1.306497694194357,-2.3200765462836057,-0.08462763179711179,2019
BB Sran,-3.713565129348584,-0.041987674865742494,-3.6715774544828412,2.8250195689708275,3.0,21.0,11.0,441.0,2018.0,-1.9607841027509156,-1.5607510320212823,-0.19202999457638595,2019
JP Faulkner,-3.831141747152805,-0.753054848535474,-3.078086898617331,0.8712517836691991,2.0,15.0,116.0,260.0,2017.0,-1.8131937135035967,-1.3950458559691246,-0.6229021776800843,2019
Mohammed Shami,-4.0696418720535,-0.07368731170436198,-3.995954560349138,0.2539707916997374,3.0,20.0,34.0,390.0,2018.0,-2.360043712355716,-1.5603951009930572,-0.14920305870472667,2019
CJ Anderson,-4.176170144353264,-1.35134542628261,-2.8248247180706545,0.45257127491872917,2.0,14.0,145.0,165.0,2018.0,-0.4554968879984984,-1.508054109013242,-2.212619147341524,2019
I Sharma,-4.92981803288653,-0.09683926406925761,-4.832978768817272,1.722321234546991,2.0,10.0,12.0,198.0,2017.0,-2.350018612502744,-1.1041782239265179,-1.475621196457268,2019
KJ Abbott,-5.417136082754164,-0.048912748410145354,-5.368223334344019,,1.0,5.0,8.0,96.0,2016.0,-3.22790945435222,-0.7981477547130534,-1.3910788736888897,2019
DA Warner,9.949809079411695,9.949809079411695,0.0,1.490564400904824,2.0,26.0,933.0,0.0,2019.0,6.416513831520668,2.8760221531092305,0.6572730947817953,2020
L Ngidi,8.331487575466584,0.0,8.331487575466584,,1.0,7.0,0.0,156.0,2018.0,4.692721398912053,1.1230025404939916,2.5157636360605387,2020
JM Bairstow,7.849932353486637,7.849932353486637,0.0,,1.0,10.0,283.0,0.0,2019.0,3.1483654500559712,4.080885230776764,0.6206816726539025,2020
RR Pant,6.334118634764362,6.334118634764362,0.0,3.4543578637314356,3.0,44.0,915.0,0.0,2019.0,0.4322425483963499,3.317501593766234,2.5843744926017775,2020
HM Amla,6.2190110052343055,6.2190110052343055,0.0,,1.0,10.0,288.0,0.0,2017.0,2.7561817525944683,0.7208761695718625,2.7419530830679752,2020
Rashid Khan,5.859915748513144,-0.030460119150283852,5.890375867663428,0.3009395179113209,3.0,46.0,63.0,1092.0,2019.0,0.7437240232544166,4.174925103184047,0.9412666220746793,2020
KL Rahul,5.641083865691392,5.641083865691392,0.0,2.982252054710651,2.0,28.0,854.0,0.0,2019.0,2.743162183403727,1.5355243888215735,1.3623972934660924,2020
AD Russell,5.261033320658065,6.078875304911636,-0.8178419842535712,2.690862861016444,2.0,30.0,420.0,408.0,2019.0,-0.6997178034689779,1.3109343277967889,4.649816796330255,2020
JJ Bumrah,4.826698717804609,-0.016901453612035693,4.843600171416645,0.7777018596317565,3.0,46.0,24.0,1050.0,2019.0,1.1359033554607685,1.240697929928389,2.4500974324154514,2020
JC Buttler,4.764129856477779,4.764129856477779,0.0,2.6731877058707907,3.0,31.0,735.0,0.0,2019.0,3.42571112604292,1.4488596489775325,-0.11044091854267292,2020
AB de Villiers,4.0624307099107995,4.0624307099107995,0.0,3.754938506329287,3.0,34.0,725.0,0.0,2019.0,-0.5407902469507719,2.1800021195561214,2.42321883730545,2020
Imran Tahir,3.8607258545064487,-0.0014845830094051317,3.862210437515854,3.3861867585766254,3.0,35.0,4.0,792.0,2019.0,-0.13488203238437704,3.7300840496245673,0.2655238372662584,2020
JC Archer,3.8250985973985063,-0.11762949630652424,3.942728093705031,1.3939372704504125,2.0,21.0,61.0,491.0,2019.0,2.15030371683828,0.4309870344356052,1.2438078461246216,2020
S Gopal,3.5515100431632662,-0.208319757096378,3.7598298002596438,2.174260479714218,2.0,25.0,91.0,474.0,2019.0,1.364253637736634,1.6096247805026433,0.5776316249239882,2020
S Badree,3.278013506453218,-0.7411663106717588,4.019179817124977,,1.0,7.0,23.0,150.0,2017.0,2.601803977439801,0.6885113031455352,-0.012301774132117693,2020
NM Coulter-Nile,3.194187278840412,-0.08983325125360016,3.284020530094012,,1.0,8.0,12.0,170.0,2017.0,-0.4850469091146416,2.8561941553895407,0.8230400325655131,2020
RD Chahar,3.1608185815456107,-0.03380829478165768,3.1946268763272685,2.1924619550284277,2.0,16.0,13.0,324.0,2019.0,1.0037442316339171,1.7667194726842361,0.39035487722745665,2020
MJ Santner,3.147601579606725,0.09032552946908592,3.0572760501376393,,1.0,4.0,23.0,84.0,2019.0,1.035468734314104,0.7437442293376771,1.3683886159549439,2020
Harbhajan Singh,3.0895990390221497,-0.15327039357777683,3.2428694325999268,3.1122605425167422,3.0,35.0,55.0,701.0,2019.0,1.7213943453484173,0.9964204766692264,0.3717842170045067,2020
DL Chahar,2.9836946459169984,0.009457679977946689,2.9742369659390517,3.009963025425353,3.0,32.0,44.0,658.0,2019.0,2.674680760779312,-0.1386963890895304,0.44771027422721715,2020
Mohammad Nabi,2.7777134396404417,-0.042744757391159155,2.8204581970316007,2.375028488006427,3.0,13.0,91.0,271.0,2019.0,2.9512495554283595,0.11397970084884196,-0.2875158166367596,2020
SE Marsh,2.6623576661180115,2.6623576661180115,0.0,,1.0,9.0,194.0,0.0,2017.0,0.932191178238019,1.965190001753135,-0.23502351387314224,2020
CA Lynn,2.616644847792218,2.616644847792218,0.0,3.62876117409775,3.0,36.0,830.0,0.0,2019.0,2.2589650285221623,0.6108146621350442,-0.25313484286498833,2020
CH Gayle,2.5685911024173445,2.5685911024173445,0.0,2.2274106475013147,3.0,33.0,734.0,0.0,2019.0,0.4280356866054293,1.7476377747628074,0.39291764104910787,2020
IS Sodhi,2.3539183758625906,-0.26502764623045816,2.6189460220930485,1.1896666147615846,2.0,8.0,17.0,181.0,2019.0,1.5788410444629513,1.0594185073121214,-0.28434117591248226,2020
K Rabada,2.3174207836112948,-0.46291306669279025,2.780333850304085,2.702481819135891,2.0,18.0,79.0,410.0,2019.0,-0.14639203067475592,1.3369213755276517,1.1268914387583986,2020
KK Ahmed,2.2506206846660124,-0.0018676348948236275,2.252488319560836,3.707786169949597,2.0,10.0,1.0,227.0,2019.0,0.4430657550310344,0.8501984788499446,0.9573564507850331,2020
KS Williamson,2.138476985119443,2.138476985119443,0.0,3.401744873449608,3.0,33.0,815.0,0.0,2019.0,-0.07217019927683327,1.7011984767432566,0.5094487076530201,2020
V Kohli,2.053047435394059,2.053047435394059,0.0,1.826920196262497,3.0,38.0,961.0,0.0,2019.0,0.9603821084925424,0.4421311623567869,0.6505341645447298,2020
A Mishra,1.901709139704362,-0.18874379356941925,2.090452933273781,2.529645546471565,3.0,35.0,78.0,695.0,2019.0,-0.4180192432607997,2.3950831223210747,-0.07535473935591294,2020
SP Narine,1.8752687547816076,-0.1193383375982699,1.9946070923798778,1.1064438212316359,3.0,44.0,404.0,986.0,2019.0,2.025529733839554,-0.42748921454373645,0.2772282354857899,2020
N Pooran,1.822677308114844,1.822677308114844,0.0,,1.0,7.0,107.0,0.0,2019.0,0.5585446317527013,2.5374096985674197,-1.2732770222052767,2020
S Dhawan,1.822282295483873,1.822282295483873,0.0,0.12147230047879919,3.0,46.0,1123.0,0.0,2019.0,1.596695536924623,0.4947965111241815,-0.2692097525649312,2020
S Lamichhane,1.7920058850604126,-0.002801452342235441,1.794807337402648,2.404571694026317,2.0,9.0,1.0,210.0,2019.0,1.3344186834801384,0.74205601503039,-0.28446881345011577,2020
KD Karthik,1.7543843557031558,1.7543843557031558,0.0,0.918812512302783,3.0,44.0,769.0,0.0,2019.0,0.06589580410592567,0.5570611337458651,1.1314274178513655,2020
MM Ali,1.7452374519010962,0.7154452685337964,1.0297921833673,1.145358025516642,2.0,16.0,179.0,229.0,2019.0,-1.0380434445953488,2.2962552462664734,0.48702565022997174,2020
KH Pandya,1.6673603890259732,-0.3858516072263284,2.0532119962523017,0.9855901275645016,3.0,43.0,486.0,757.0,2019.0,0.5590041417485875,0.5119317304474704,0.5964245168299152,2020
O Thomas,1.6055394504776428,0.0,1.6055394504776428,,1.0,4.0,0.0,60.0,2019.0,0.41383076875020847,0.872537079670076,0.3191716020573586,2020
YS Chahal,1.596053846837624,-0.171560512867114,1.767614359704738,0.5773395425754934,3.0,41.0,46.0,857.0,2019.0,0.6116595008475124,0.7333502635912823,0.25104408239882936,2020
PJ Cummins,1.441908161915598,-0.0780261976321507,1.5199343595477488,,1.0,12.0,53.0,277.0,2017.0,-0.10487258221193392,0.500681255563833,1.0460994885636994,2020
HH Pandya,1.4157055241960768,2.224623163806808,-0.8089176396107312,1.3074721367196191,3.0,46.0,565.0,667.0,2019.0,-0.539616221040308,1.3439140576055042,0.6114076876308806,2020
B Kumar,1.3812372320437232,-0.13652594584601385,1.5177631778897371,2.5915625358988974,3.0,41.0,39.0,945.0,2019.0,1.403130757646132,-0.45303283823025825,0.4311393126278492,2020
RA Jadeja,1.3406725441856204,-0.4472533850514765,1.787925929237097,2.890061695922141,3.0,44.0,275.0,798.0,2019.0,-0.022219428445759082,0.5871205902454387,0.7757713823859408,2020
SA Yadav,1.327376401411456,1.327376401411456,0.0,1.410855962522576,3.0,40.0,796.0,0.0,2019.0,1.4665082644899619,0.26152226093316516,-0.40065412401167083,2020
SV Samson,1.2460323269902722,1.2460323269902722,0.0,0.45252436446978933,3.0,41.0,823.0,0.0,2019.0,-0.22823876046153946,0.22752392052991,1.2467471669219017,2020
N Rana,1.2166351361111012,1.1926978878285461,0.023937248282554988,1.0256296667694684,3.0,42.0,731.0,85.0,2019.0,0.11983194946626136,0.4900858221980775,0.6067173644467623,2020
MS Dhoni,1.070629436551058,1.070629436551058,0.0,1.7309390128292785,3.0,47.0,861.0,0.0,2019.0,-0.0507786719678294,-0.8683763634056523,1.9897844719245397,2020
S Sandeep Warrier,1.0508298549198027,0.0,1.0508298549198027,,1.0,3.0,0.0,72.0,2019.0,1.165833045312592,-0.11500319039278917,0.0,2020
Z Khan,0.8918224517528842,-0.13884535725504374,1.030667809007928,,1.0,11.0,13.0,241.0,2017.0,2.744309741507689,-1.0545856620389136,-0.797901627715891,2020
P Kumar,0.8706909165110231,-0.0715575066408199,0.9422484231518431,,1.0,6.0,9.0,99.0,2017.0,1.281034818599919,0.027008932815403248,-0.4373528349042988,2020
A Choudhary,0.837963659449291,-0.12082057180918022,0.9587842312584712,,1.0,5.0,20.0,101.0,2017.0,2.085129701431623,-0.8043356347600913,-0.4428304072222406,2020
KA Pollard,0.8339563187018811,0.8501785410301549,-0.016222222328273805,0.8010327272254268,3.0,42.0,554.0,11.0,2019.0,0.03267433111861413,0.5745446832840012,0.22673730429926586,2020
R Ashwin,0.6720292815060418,-0.283838080595879,0.9558673621019207,2.052230673088668,2.0,28.0,99.0,634.0,2019.0,-0.5419535293783152,0.26497542127706264,0.9490073896072948,2020
TS Mills,0.6255776102023426,-0.2464353514059696,0.8720129616083122,,1.0,5.0,11.0,107.0,2017.0,1.694104367008771,-1.144074665758332,0.07554790895190364,2020
GJ Maxwell,0.6196175941365835,-0.018769263015646076,0.6383868571522295,2.498743439071487,2.0,26.0,299.0,210.0,2018.0,-1.4411575602863507,1.9894201242231333,0.07135503019980122,2020
SS Iyer,0.5692735648401022,0.5692735648401022,0.0,0.8904397997131295,3.0,42.0,939.0,0.0,2019.0,0.48740413771908264,0.21771938388552958,-0.1358499567645099,2020
MK Pandey,0.5490084502305277,0.5490084502305277,0.0,1.9893215905912345,3.0,41.0,817.0,0.0,2019.0,0.6964451133249514,-0.13286428275897702,-0.01457238033544666,2020
MJ Guptill,0.5339526668473107,0.5339526668473107,0.0,0.9805690764047256,2.0,10.0,141.0,0.0,2019.0,1.4775096893028956,-0.9435570224555847,0.0,2020
MJ McClenaghan,0.49075656287631697,-0.25325688839649607,0.744013451272813,1.3234618684746486,3.0,30.0,41.0,672.0,2019.0,1.450248933261415,-0.4904349970763751,-0.46905737330872294,2020
Q de Kock,0.4021201134842167,0.4021201134842167,0.0,1.249584234207969,2.0,24.0,560.0,0.0,2019.0,1.0186881764920268,-0.7503825174942914,0.13381445448648124,2020
BB McCullum,0.36069095557868486,0.36069095557868486,0.0,1.2778835226523733,2.0,17.0,305.0,0.0,2018.0,-0.31084150108716657,0.6715324566658515,0.0,2020
PA Patel,0.3552199972793825,0.3552199972793825,0.0,0.24369174365130794,3.0,36.0,670.0,0.0,2019.0,1.2661735760699355,-0.7175443442255052,-0.19340923456504772,2020
Gurkeerat Singh,0.3319981452466961,0.3319981452466961,0.0,,1.0,3.0,70.0,0.0,2019.0,-1.0050269435999042,0.6769396465993034,0.6600854422472968,2020
R Tewatia,0.30833131822223553,-0.3147052159861027,0.6230365342083382,1.2573098418443653,3.0,16.0,76.0,224.0,2019.0,-0.152094811979547,0.16964605849975156,0.290780071702031,2020
M Ashwin,0.3079696888405967,-0.03584269041954249,0.3438123792601392,1.229599368333239,2.0,12.0,7.0,246.0,2019.0,-0.13955878291861878,0.37442161518380956,0.07310685657540597,2020
SN Khan,0.15941304237981974,0.16321470289764656,-0.003801660517826813,0.6779998503125284,2.0,15.0,184.0,2.0,2019.0,0.5109240906838398,-0.2203098585565581,-0.13120118974746203,2020
AJ Tye,0.13985325566028406,-0.12092417727036345,0.2607774329306469,4.9693706282417045,3.0,26.0,70.0,594.0,2019.0,0.6793480543468775,-0.6888111611580481,0.1493163624714543,2020
J Yadav,0.12428269856282687,0.0,0.12428269856282687,0.7858598076104089,2.0,4.0,0.0,78.0,2019.0,0.33768669764775167,-0.21340399908492494,0.0,2020
KV Sharma,0.04659806105461417,-0.11046809725494605,0.15706615830956017,2.4914906467155227,3.0,16.0,41.0,258.0,2019.0,0.42916778309079406,-0.20885177987928788,-0.1737179421568921,2020
Sandeep Sharma,0.02659556800453594,-0.006622667370736361,0.0332182353752723,1.00855149701343,3.0,36.0,13.0,808.0,2019.0,-0.41593697042353317,-0.7794933906417176,1.2220259290697868,2020
I Sharma,-0.03700517602751163,-0.03847842668667011,0.001473250659158598,4.389468891147628,2.0,19.0,15.0,384.0,2019.0,1.1437864172836538,-1.0508949462753958,-0.12989664703576953,2020
AJ Finch,-0.08119880679454006,-0.08119880679454006,0.0,1.4428751339984585,2.0,23.0,280.0,0.0,2018.0,-0.8403575524152828,0.3686954669323812,0.3904632786883616,2020
P Negi,-0.0844901944994304,-0.3555122878590601,0.2710220933596297,2.143522898874894,3.0,21.0,128.0,284.0,2019.0,0.15725273266279238,0.0035738292169327918,-0.24531675637915565,2020
MK Tiwary,-0.09238687337490431,-0.07185561964362319,-0.020531253731281108,0.6143786676790159,2.0,20.0,280.0,6.0,2018.0,-0.21260203437923691,0.000305577546929392,0.11990958345740327,2020
Shubman Gill,-0.09922414650151828,-0.09922414650151828,0.0,0.6831329142620796,2.0,27.0,377.0,0.0,2019.0,-0.5203271013575843,0.9500897172363902,-0.5289867623803242,2020
Washington Sundar,-0.12647557472423848,0.010924457383948968,-0.13740003210818727,2.4586538275659517,3.0,21.0,53.0,354.0,2019.0,-0.8799550321747117,0.1641878379804031,0.5892916194700702,2020
UT Yadav,-0.13683370460385658,-0.14788364334777265,0.0110499387439158,3.893491409095761,3.0,39.0,49.0,837.0,2019.0,1.7699990517219477,-0.1116962341708449,-1.7951365221549596,2020
RA Tripathi,-0.1538615006352027,-0.15002373342376474,-0.003837767211437918,0.9804138852732903,3.0,34.0,552.0,6.0,2019.0,0.6731684770066972,-0.21453214547519583,-0.6124978321667042,2020
V Shankar,-0.1663439105921682,-0.023859993063162055,-0.14248391752900613,0.7732277248338246,3.0,32.0,416.0,78.0,2019.0,-0.18830084530219354,-0.07433834755970023,0.09629528226972561,2020
NV Ojha,-0.2267682946440387,-0.2267682946440387,0.0,0.01671938583264687,2.0,15.0,69.0,0.0,2018.0,0.0,0.1379703189339486,-0.36473861357798726,2020
STR Binny,-0.26667521852542275,-0.38559301691191,0.11891779838648729,0.5128270222677997,3.0,23.0,155.0,90.0,2019.0,0.2136839278788787,-0.6811107288028733,0.20075158239857183,2020
SPD Smith,-0.2729643576095943,-0.2729643576095943,0.0,0.547295044719784,2.0,27.0,662.0,0.0,2019.0,0.5499647061628777,-0.002014126330832311,-0.8209149374416399,2020
AR Patel,-0.2753619583131675,-0.6469576824595215,0.3715957241463541,1.700862338042019,3.0,37.0,319.0,750.0,2019.0,-0.27406507485164255,-0.14143874734147888,0.14014186387995403,2020
KK Nair,-0.2905160683008272,-0.2905160683008272,0.0,0.5066028872545315,3.0,28.0,453.0,0.0,2019.0,-0.08520070789549894,-0.22017967100398,0.01486431059865187,2020
SK Raina,-0.3177601747229395,-0.2096154637899309,-0.10814471093300852,1.9845307685014753,3.0,46.0,957.0,78.0,2019.0,-0.3606909418024981,-0.16659229374167828,0.20952306082123698,2020
S Kaul,-0.3270707669542481,-0.044751603512898544,-0.28231916344134955,1.8856167860592559,3.0,34.0,17.0,772.0,2019.0,-0.9435282412003383,0.0778359702131145,0.5386215040329758,2020
B Stanlake,-0.33010978306758526,0.0051699133327698195,-0.3352796964003551,0.6730745802520943,2.0,6.0,2.0,144.0,2018.0,-0.8026665384027643,0.5882094540423788,-0.11565269870719971,2020
Bipul Sharma,-0.34005985940804434,-0.08834419462202953,-0.2517156647860148,,1.0,7.0,24.0,98.0,2017.0,0.3835199750309698,-0.4210128721292676,-0.30256696230974656,2020
AM Rahane,-0.34071724223887806,-0.34071724223887806,0.0,1.1831295304905693,3.0,45.0,921.0,0.0,2019.0,0.3361619623466887,-0.5072959351679186,-0.1695832694176484,2020
SW Billings,-0.37419791556927307,-0.37419791556927307,0.0,0.38794879964077317,3.0,17.0,186.0,0.0,2019.0,0.1670660195019605,-0.5638362088292556,0.02257227375802204,2020
JP Behrendorff,-0.3742429192992116,0.0,-0.3742429192992116,,1.0,5.0,0.0,114.0,2019.0,-1.1923022236109742,1.588291008630701,-0.7702317043189385,2020
VR Aaron,-0.37452327086825155,-0.09763821339207139,-0.27688505747618014,1.0121181828274037,2.0,11.0,17.0,192.0,2019.0,0.4079576252130951,-0.9783888504758687,0.19590795439452205,2020
MA Agarwal,-0.458554631617198,-0.458554631617198,0.0,1.5251998873497532,3.0,27.0,355.0,0.0,2019.0,-0.9910404042070916,0.5833408450099554,-0.05085507242006171,2020
B Laughlin,-0.47041200572949327,-0.0304846837111316,-0.43992732201836166,,1.0,7.0,4.0,126.0,2018.0,0.6928762922981734,-0.7858182448930541,-0.37747005313461246,2020
Yuvraj Singh,-0.4752843991978837,-0.4352072235258499,-0.04007717567203367,1.3048381681186343,3.0,24.0,325.0,24.0,2019.0,-0.14975876363341806,-0.5472568296065008,0.22173119404203537,2020
DA Miller,-0.4768470827376955,-0.4768470827376955,0.0,0.6393278165881009,3.0,18.0,308.0,0.0,2019.0,0.15799287748755736,-0.06264787553334084,-0.5721920846919122,2020
RV Uthappa,-0.4987967258450011,-0.4987967258450011,0.0,1.9230127114958968,3.0,42.0,745.0,0.0,2019.0,-0.356619446503806,0.060931610491611554,-0.20310888983280678,2020
HV Patel,-0.5242838313534703,0.16424367068442325,-0.6885275020378936,0.03446895965621428,3.0,8.0,35.0,177.0,2019.0,0.2812959257939822,-0.4301229741030324,-0.37545678304442004,2020
A Zampa,-0.5258905690484402,-0.04245810199178198,-0.4834324670566582,,1.0,6.0,7.0,119.0,2017.0,0.0,-0.5527744995074253,0.026883930458985038,2020
M Markande,-0.5370685839622086,-0.1007307476336878,-0.4363378363285208,0.8847263316409806,2.0,17.0,29.0,300.0,2019.0,0.0,-0.5538393483167351,0.01677076435452651,2020
F du Plessis,-0.5531580729626449,-0.5531580729626449,0.0,0.27019879297978344,3.0,20.0,457.0,0.0,2019.0,-1.1753835409417541,-0.24683834469865804,0.8690638126777672,2020
DT Christian,-0.5887857718388694,-0.773058359478827,0.18427258763995752,1.8995888476526468,2.0,17.0,82.0,311.0,2018.0,-1.0220168170771053,0.4290024064787936,0.004228638759441822,2020
R Parag,-0.5950449728814183,0.2575311511173154,-0.8525761239987337,,1.0,7.0,126.0,84.0,2019.0,0.22446973857190516,-1.316260399502487,0.4967456880491636,2020
RK Singh,-0.6194021509181264,-0.6194021509181264,0.0,0.46440143055685823,2.0,9.0,65.0,0.0,2019.0,0.0,-0.3883878683408468,-0.23101428257727974,2020
Mandeep Singh,-0.6478575271744585,-0.6014239012463879,-0.04643362592807067,1.3125721529029193,3.0,38.0,483.0,12.0,2019.0,-0.25648863814756795,-0.3693761645918811,-0.021992724435009436,2020
AS Joseph,-0.6522740644063424,-0.11871579827867844,-0.533558266127664,,1.0,3.0,13.0,52.0,2019.0,0.043993376421255684,-2.032591675750012,1.3363242349224136,2020
Ishan Kishan,-0.6898634120426015,-0.6898634120426015,0.0,1.3968012106577028,3.0,32.0,490.0,0.0,2019.0,-0.17057629435675595,-0.5829547767821561,0.06366765909631061,2020
SE Rutherford,-0.6933270243413583,-0.42009929884876634,-0.273227725492592,,1.0,7.0,54.0,41.0,2019.0,0.0,-1.1412626308994875,0.44793560655812914,2020
AD Nath,-0.7182061903044759,-0.7182061903044759,0.0,0.3941965579076624,3.0,10.0,71.0,0.0,2019.0,0.020704999467424934,-0.6413024657024538,-0.09760872406944705,2020
M Vijay,-0.7876151497908634,-0.7876151497908634,0.0,0.0878852168073006,2.0,3.0,71.0,0.0,2019.0,1.3133832065680937,-2.1009983563589567,0.0,2020
YK Pathan,-0.8080783158051065,-0.7879916076401507,-0.02008670816495562,0.10569850322055872,3.0,40.0,360.0,42.0,2019.0,-0.10642023899028641,-0.3559290999796661,-0.345728976835154,2020
C Munro,-0.814663139796209,-0.814663139796209,0.0,0.4652259582613973,2.0,9.0,111.0,0.0,2019.0,0.6881694698282665,-1.5028326096244755,0.0,2020
M Vohra,-0.8185074023453545,-0.8185074023453545,0.0,0.3630605001943602,2.0,15.0,206.0,0.0,2018.0,-0.5465726716958532,-0.6394584343989389,0.3675237037494376,2020
DJ Hooda,-0.8190731313526414,-0.7669558474718015,-0.052117283880839846,0.572252193852843,3.0,30.0,196.0,54.0,2019.0,-0.272591950364685,-0.17597839761797784,-0.37050278336997855,2020
E Lewis,-0.8326195496321295,-0.8326195496321295,0.0,1.2466345441876474,2.0,16.0,328.0,0.0,2019.0,0.6510019644613592,-1.3707289822733328,-0.11289253182015542,2020
SO Hetmyer,-0.8647516579459884,-0.8647516579459884,0.0,,1.0,5.0,73.0,0.0,2019.0,-0.3693265162498089,-0.15143787764076558,-0.343987264055414,2020
BA Stokes,-0.9110227653772712,-0.4673221363679547,-0.4437006290093164,3.6534234103051078,3.0,34.0,481.0,587.0,2019.0,0.025820167030793206,-0.6219564073695137,-0.3148865250385506,2020
Mustafizur Rahman,-0.9124892097346965,-0.010800819671732588,-0.901688390062964,0.8776059805643848,2.0,8.0,3.0,181.0,2018.0,-0.7129959044672161,-0.6568926717082053,0.45739936644072465,2020
SN Thakur,-0.917768521702045,0.004153355512667925,-0.921921877214713,0.6201273361100783,3.0,35.0,15.0,689.0,2019.0,-0.741110639606253,0.5863006981521058,-0.762958580247898,2020
AD Hales,-0.9211612416575033,-0.9211612416575033,0.0,,1.0,6.0,118.0,0.0,2018.0,0.8102743277256363,-1.7314355693831398,0.0,2020
CH Morris,-0.9214683961021004,-0.09839478421145453,-0.8230736118906459,2.7396362082816688,3.0,22.0,157.0,468.0,2019.0,-0.43204268393597495,-1.6927059356811296,1.2032802235150042,2020
PJ Sangwan,-0.9543181414984071,-0.1657693866303844,-0.7885487548680226,0.07619463991629649,2.0,6.0,8.0,120.0,2018.0,0.1825438065209296,-0.541251875430094,-0.5956100725892426,2020
DJ Bravo,-0.9684652782814291,-0.07172475976311112,-0.8967405185183179,1.226130741148213,2.0,28.0,157.0,568.0,2019.0,0.0509523396799342,-0.6581962019880598,-0.3612214159733034,2020
HF Gurney,-0.9902675094080731,-0.030853195785975247,-0.9594143136220978,,1.0,8.0,5.0,162.0,2019.0,1.3811501336768304,-0.8422849327880304,-1.5291327102968728,2020
WP Saha,-1.0013309538407285,-1.0013309538407285,0.0,0.7449299537775337,3.0,30.0,342.0,0.0,2019.0,-0.427625782639233,-0.4286081600664629,-0.1450970111350324,2020
Shakib Al Hasan,-1.0104879666977724,-0.3401724881237867,-0.6703154785739855,0.8619772329985983,3.0,21.0,208.0,425.0,2019.0,0.44851655978060206,-0.5070925827823577,-0.9519119436960167,2020
KMA Paul,-1.0182298359023767,-0.5316513333550963,-0.48657850254728047,,1.0,8.0,24.0,163.0,2019.0,-0.759306050145434,-0.05528200304145288,-0.20364178271549,2020
NA Saini,-1.0569487190041271,-0.018973105722952983,-1.0379756132811742,,1.0,13.0,4.0,288.0,2019.0,-1.6148557825206729,-0.09287138282104063,0.6507784463375862,2020
RG Sharma,-1.1351231225407659,-1.1351231225407659,0.0,0.34725597366488664,3.0,46.0,803.0,0.0,2019.0,-1.1011835009766626,-0.4737536024242468,0.43981398086014356,2020
JJ Roy,-1.175885574085514,-1.175885574085514,0.0,0.8738540808104523,2.0,8.0,134.0,0.0,2018.0,-1.9267917395955083,0.4026830886566383,0.3482230768533555,2020
PP Shaw,-1.1785141992247397,-1.1785141992247397,0.0,1.5824530782264155,2.0,25.0,424.0,0.0,2019.0,-1.5418139696540625,0.3871610482012706,-0.02386127777194819,2020
CR Brathwaite,-1.1830141605020559,-0.20534514616069932,-0.9776690143413567,1.4134656863103903,3.0,8.0,73.0,115.0,2019.0,0.014790164538024337,-1.201495962563279,0.0036916375231986764,2020
Swapnil Singh,-1.2264347039907368,-0.5303130517723169,-0.6961216522184199,,1.0,4.0,19.0,42.0,2017.0,0.0,-1.1389216850979866,-0.08751301889275032,2020
BCJ Cutting,-1.231099011853166,-0.06369525915319363,-1.1674037526999723,0.4817349549237499,3.0,16.0,101.0,190.0,2019.0,-0.2214767059075325,-0.4387041186588796,-0.5709181872867537,2020
DR Smith,-1.235292567302893,0.5492059760078163,-1.7844985433107092,,1.0,12.0,156.0,78.0,2017.0,-0.2156061162644396,-0.4862029947754658,-0.5334834562629875,2020
TM Head,-1.239629817255331,-0.44065944330698786,-0.7989703739483431,,1.0,7.0,108.0,48.0,2017.0,-1.927121238306,-0.7055683658739645,1.393059786924633,2020
CA Ingram,-1.2468094461810435,-1.2468094461810435,0.0,,1.0,12.0,154.0,0.0,2019.0,0.0872619449895713,-1.0374263166846636,-0.2966450744859511,2020
Mujeeb Ur Rahman,-1.2990183266179123,-0.034155727214191224,-1.2648625994037206,5.211200120724947,2.0,16.0,11.0,362.0,2019.0,-0.057788688633728436,-0.03957845800447202,-1.2016511799797116,2020
Ankit Soni,-1.3000164406613455,-0.08944170877487231,-1.2105747318864732,,1.0,7.0,9.0,109.0,2017.0,0.14671242698612472,-1.183488318856887,-0.26324054879058345,2020
G Gambhir,-1.3055935453353467,-1.3055935453353467,0.0,2.5371958053496146,2.0,22.0,477.0,0.0,2018.0,-1.4903143093812972,0.2633885224087913,-0.0786677583628411,2020
K Gowtham,-1.3133827398359754,-0.08697060805359125,-1.2264121317823844,2.5709624948319414,2.0,22.0,83.0,360.0,2019.0,-0.7740949370886231,-0.7075421141447223,0.16825431139736974,2020
TA Boult,-1.35468234178781,-0.016955198118951752,-1.3377271436688583,1.082859790703161,3.0,25.0,14.0,573.0,2019.0,-0.642489034600756,0.23632781749564852,-0.9485211246827024,2020
SR Watson,-1.395267096830982,-0.3731717940293293,-1.0220953028016526,3.38787431764022,3.0,40.0,749.0,329.0,2019.0,-3.3046194409471163,1.7715750074084538,0.13777733670768066,2020
GC Viljoen,-1.5135563468596873,-0.0981008040298359,-1.4154555428298514,,1.0,6.0,7.0,138.0,2019.0,0.2644081092056494,0.4324803071981602,-2.2104447632634967,2020
T Natarajan,-1.5457748618015106,0.0,-1.5457748618015106,,1.0,6.0,0.0,76.0,2017.0,-0.799392075302203,-0.6455928999741518,-0.10078988652515555,2020
AT Rayudu,-1.5976760523342821,-1.5976760523342821,0.0,4.334615547599979,3.0,38.0,783.0,0.0,2019.0,-1.1141232740264135,-0.5189083119871946,0.03535553367932592,2020
Avesh Khan,-1.638673458840846,-0.00368760358923207,-1.634985855251614,2.8825527929787595,3.0,8.0,3.0,156.0,2019.0,-1.257723910089467,-0.38822065544619744,0.007271106694818445,2020
KM Jadhav,-1.6794231000913167,-1.6794231000913167,0.0,1.5717361697832986,3.0,28.0,377.0,0.0,2019.0,-0.9171740582243799,-0.39142191717487623,-0.370827124692061,2020
K Khejroliya,-1.6815310201756228,0.0,-1.6815310201756228,0.8351839115721086,2.0,5.0,0.0,95.0,2019.0,-1.0495443786220997,-0.6434752587519839,0.011488617198460782,2020
KC Cariappa,-1.6828798234012756,0.03761513991212979,-1.7204949633134055,0.3841137473084998,2.0,5.0,10.0,102.0,2019.0,-1.0009732432227294,-0.754680806574012,0.07277422639546549,2020
AS Rajpoot,-1.6952393269149604,-0.10629080695304038,-1.58894851996192,3.0853276980746114,3.0,17.0,25.0,337.0,2019.0,-0.8025530564155641,-0.7990982997930848,-0.09358797070631153,2020
PP Chawla,-1.7268487216726465,-0.2393109869083463,-1.4875377347643002,1.4488896836587128,3.0,34.0,77.0,681.0,2019.0,0.5093324952412073,-2.0259039265751317,-0.21027729033872208,2020
MP Stoinis,-1.7449935937072822,-0.5404217550822907,-1.2045718386249913,0.48949107277136783,3.0,22.0,256.0,229.0,2019.0,-0.41231612610024637,-0.7767476856430244,-0.5559297819640112,2020
Mohammed Siraj,-1.7465029894529727,-0.14830711158734822,-1.5981958778656247,1.4383923686034372,3.0,26.0,36.0,553.0,2019.0,-1.4723896020862943,0.3849254939600828,-0.6590388813267617,2020
C de Grandhomme,-1.7868298346929865,-0.8925368117519604,-0.894293022941026,0.8724155262407246,3.0,25.0,225.0,216.0,2019.0,-0.11520865859904401,-0.9633865112602678,-0.7082346648336745,2020
MM Sharma,-1.826626394054851,-0.1639633526847416,-1.6626630413701093,1.4273073491838595,3.0,24.0,65.0,470.0,2019.0,-0.059082876236870474,-0.5195199984579939,-1.2480235193599867,2020
TK Curran,-1.8977874607657395,-0.6598352180525043,-1.2379522427132352,,1.0,5.0,28.0,61.0,2018.0,0.01054433481126235,-1.432548651245398,-0.4757831443316036,2020
EJG Morgan,-1.9151611836339262,-1.9151611836339262,0.0,,1.0,4.0,62.0,0.0,2017.0,-0.5747459675821718,-1.3404152160517544,0.0,2020
CR Woakes,-1.9718847591633926,-0.36996265581951926,-1.6019221033438733,0.614607045277872,2.0,18.0,66.0,374.0,2018.0,-1.6895492576985272,0.5932600734290698,-0.8755955748939356,2020
S Nadeem,-1.9856684181782218,-0.03820737396849168,-1.9474610442097302,2.668649271894306,3.0,16.0,17.0,251.0,2019.0,-1.470619639475215,-0.37572237849134016,-0.13932640021166648,2020
Kuldeep Yadav,-1.9921353284914987,-0.11377189200509784,-1.8783634364864008,1.6301815860716027,3.0,37.0,54.0,752.0,2019.0,-0.24611350086814376,-1.7745611713903329,0.028539343766978004,2020
A Nehra,-2.10994396255038,0.0,-2.10994396255038,,1.0,6.0,0.0,127.0,2017.0,-1.9126842632243417,-1.6459944693095303,1.4487347699834923,2020
DJ Willey,-2.175236737174786,0.0,-2.175236737174786,,1.0,3.0,0.0,60.0,2018.0,-1.8813006738469629,-0.11427180416149561,-0.1796642591663275,2020
LMP Simmons,-2.2100964065228763,-2.2100964065228763,0.0,,1.0,7.0,112.0,0.0,2017.0,-2.7012082461543594,0.49111183963148275,0.0,2020
LE Plunkett,-2.2835619393380044,-0.018001366119554312,-2.2655605732184503,,1.0,7.0,3.0,150.0,2018.0,-1.7069996934989413,-1.2047009570057798,0.6281387111667165,2020
Mohammed Shami,-2.3290247454991175,-0.04731532866138201,-2.281709416837735,1.5519044866416294,3.0,26.0,32.0,563.0,2019.0,-1.3776137238743067,-1.177671571990822,0.22626055036601134,2020
JD Unadkat,-2.4067394123816737,-0.056512116757915155,-2.3502272956237586,4.885922835266156,3.0,38.0,46.0,801.0,2019.0,0.4626927571276838,-1.6373540562309425,-1.232078113278415,2020
SL Malinga,-2.5289121895983,0.001677524900927442,-2.5305897144992278,1.3480864087151274,2.0,24.0,3.0,538.0,2019.0,-0.6789719889797698,-0.9603544175673031,-0.889585783051227,2020
MC Henriques,-2.54148573579765,1.5657126976470106,-4.107198433444661,,1.0,12.0,203.0,144.0,2017.0,-0.15432124375503242,-3.1523161328529623,0.7651516408103447,2020
DJM Short,-2.5759905397137484,-2.687261727835734,0.11127118812198522,,1.0,7.0,99.0,18.0,2018.0,-3.204461066798423,0.6284705270846745,0.0,2020
LH Ferguson,-2.7783693806218843,-0.00021867416776917453,-2.7781507064541153,2.798528225680105,2.0,9.0,1.0,180.0,2019.0,-1.4833922047175006,0.14573858701527853,-1.4407157629196632,2020
MG Johnson,-2.980962672778527,-0.017975881727163055,-2.962986791051364,3.350324790180935,2.0,11.0,28.0,246.0,2018.0,-2.708501981374146,-0.855104846473572,0.5826441550691903,2020
Basil Thampi,-3.1658201454511756,-0.052458950382375795,-3.1133611950687996,0.9795406484414891,3.0,19.0,35.0,401.0,2019.0,-0.8269921167943661,-0.9417603591095012,-1.397067669547308,2020
Arshdeep Singh,-3.3347449430215073,0.0,-3.3347449430215073,,1.0,3.0,0.0,60.0,2019.0,-2.4669728004630853,-0.7377787230793449,-0.12999341947907736,2020
BB Sran,-3.4627446297424083,-0.03263849057584853,-3.4301061391665595,2.1675234621530355,3.0,9.0,10.0,168.0,2019.0,-1.9945566515672895,-1.2677676026066729,-0.20042037556844583,2020
Shivam Mavi,-3.692349319250523,-0.17520841929576642,-3.5171408999547564,,1.0,9.0,15.0,168.0,2018.0,-2.6512989504180062,1.069939026243488,-2.1109893950760052,2020
TG Southee,-3.7281165045988027,-0.1756316803089863,-3.5524848242898166,1.4723599383987374,3.0,14.0,58.0,288.0,2019.0,-2.3215067871579107,0.02887929138928269,-1.4354890088301744,2020
AF Milne,-3.8212411112428994,-0.3215857717361133,-3.499655339506786,,1.0,4.0,12.0,84.0,2017.0,-2.080639406900091,-2.8328923243548783,1.09229062001207,2020
M Prasidh Krishna,-3.8803341042720483,-0.017746723314857528,-3.8625873809571902,0.6748265543920153,2.0,18.0,7.0,410.0,2019.0,-2.750131754661693,-0.39559663771902687,-0.7346057118913282,2020
DS Kulkarni,-3.883327134842471,-0.013417157594423638,-3.869909977248047,0.8831017231338166,3.0,24.0,12.0,442.0,2019.0,-1.9789528131314564,-1.0498766338002459,-0.8544976879107686,2020
SM Curran,-3.8834664092231255,0.020599155936980345,-3.904065565160106,,1.0,9.0,55.0,198.0,2019.0,-2.0367013733948705,-2.3315427864307865,0.48477775060253187,2020
S Aravind,-4.104111293565414,-0.7432259411805757,-3.3608853523848383,,1.0,10.0,40.0,183.0,2017.0,-3.0810126129615907,-0.24212206411241133,-0.7809766164914125,2020
CJ Anderson,-4.153541580607328,-1.3710021576192422,-2.782539422988086,0.45257127491872917,2.0,14.0,145.0,165.0,2018.0,-0.4858633471983984,-1.5333666060357536,-2.134311627373176,2020
S Kaushik,-4.430567045327846,0.0,-4.430567045327846,,1.0,3.0,0.0,66.0,2017.0,-1.7369083111282755,-2.6936587341995715,0.0,2020
JP Faulkner,-4.528143174088164,-1.0042040126677212,-3.523939161420443,,1.0,8.0,57.0,158.0,2017.0,-2.632455533484166,-1.277256327259342,-0.6184313133446567,2020
AB Dinda,-4.585312606848949,-0.05475267050179073,-4.530559936347158,,1.0,3.0,7.0,60.0,2017.0,-0.8257801472702593,0.017476697764173474,-3.7770091573428632,2020
Rashid Khan,7.510157534662278,-0.11725762358342832,7.627415158245706,1.466641927365909,3.0,48.0,84.0,1152.0,2020.0,0.2099989858282076,6.2961569356501474,1.004001613183923,2021
JJ Bumrah,6.887795424796378,-0.00905718379850574,6.896852608594885,2.147707602568532,3.0,45.0,15.0,1054.0,2020.0,2.0559648755783533,1.8306689539923386,3.0011615952256867,2021
JC Archer,6.403726683109035,0.006059242336155277,6.39766744077288,2.8641339592403035,3.0,35.0,124.0,825.0,2020.0,4.6962879577404255,0.926899708971803,0.7805390163968062,2021
KL Rahul,6.37408238794744,6.37408238794744,0.0,2.4498476200995154,3.0,42.0,1372.0,0.0,2020.0,4.3808915055584485,0.9016437795962087,1.0915471027927832,2021
DA Warner,6.214463901480943,6.214766867339555,-0.00030296585861270934,3.6696770113296644,2.0,28.0,888.0,1.0,2020.0,3.9239229966039497,2.055740187794413,0.2348007170825785,2021
AB de Villiers,4.552626491308699,4.552626491308699,0.0,2.3205681063371117,3.0,40.0,848.0,0.0,2020.0,-0.05754865799072777,1.5769873594686272,3.033187789830799,2021
JM Bairstow,3.6883616899542364,3.6883616899542364,0.0,3.3292565308259205,2.0,21.0,555.0,0.0,2020.0,1.26761957072435,2.8827897747887405,-0.46204765555885374,2021
JC Buttler,3.5899148330260817,3.5899148330260817,0.0,2.771040951837591,3.0,34.0,785.0,0.0,2020.0,1.7427309001852354,1.9000276042945836,-0.05284367145373671,2021
YS Chahal,3.279791287910508,-0.05600460564691271,3.3357958935574206,1.4006560760660411,3.0,43.0,23.0,939.0,2020.0,0.3449815824499206,2.6511260579367644,0.2836836475238232,2021
CH Gayle,3.243281844645301,3.2355324250436635,0.007749419601637092,0.6330627877463937,3.0,31.0,781.0,5.0,2020.0,1.6832375622486844,1.2151910473898329,0.3448532350067838,2021
Harbhajan Singh,3.1539444975090203,-0.176317702717083,3.3302622002261035,3.8071965683243705,2.0,24.0,39.0,455.0,2019.0,1.8671419049179536,0.8252351879806505,0.46156740461041673,2021
RR Pant,3.0860104476706773,3.0860104476706773,0.0,4.987273531372626,3.0,44.0,995.0,0.0,2020.0,0.19771414053435632,1.0474931362447806,1.8408031708915398,2021
WP Saha,3.0175153325607846,3.0175153325607846,0.0,4.051979894091425,3.0,20.0,308.0,0.0,2020.0,2.5258524126000146,0.9678045497082138,-0.4761416297474431,2021
TA Boult,2.7855909841053634,-0.0038086543861466458,2.78939963849151,3.505584571026283,3.0,34.0,7.0,774.0,2020.0,3.0712335325746585,0.26746052783196367,-0.5531030763012587,2021
MA Agarwal,2.7693768768835794,2.7693768768835794,0.0,3.2046463221797308,3.0,35.0,599.0,0.0,2020.0,0.6393904862587365,1.6860254288753107,0.4439609617495314,2021
S Dhawan,2.7526442302578498,2.7526442302578498,0.0,0.8808878562307146,3.0,49.0,1174.0,0.0,2020.0,1.2112780283517615,1.6794013877374798,-0.13803518583139135,2021
Ishan Kishan,2.656123580027744,2.656123580027744,0.0,3.6156914773878195,3.0,35.0,638.0,0.0,2020.0,0.5843137769668874,1.190649544763433,0.8811602582974231,2021
N Pooran,2.5800081731457714,2.5800081731457714,0.0,0.6058646920247419,2.0,21.0,315.0,0.0,2020.0,0.0728269969194561,2.304034187995245,0.2031469882310704,2021
IS Sodhi,2.41340170660067,-0.2573100106800085,2.6707117172806782,1.1896666147615846,2.0,8.0,17.0,181.0,2019.0,1.5156874026844334,1.1476114018757584,-0.24989709795952153,2021
SA Yadav,2.32323649127983,2.32323649127983,0.0,0.9027858616887731,3.0,46.0,1039.0,0.0,2020.0,1.6129954072346424,0.3948728968363229,0.31536818720886456,2021
CV Varun,2.165374187166858,-0.08414343718751843,2.249517624354376,2.888054827798843,2.0,14.0,15.0,330.0,2020.0,-0.8354396121824245,2.7204375320435474,0.28037626730573406,2021
EJG Morgan,2.123736087680114,2.123736087680114,0.0,,1.0,14.0,302.0,0.0,2020.0,0.2113541735438839,-0.3172188430904577,2.2296007572266876,2021
DL Chahar,2.0665424967851074,-0.042879760754042595,2.1094222575391504,2.081558997916456,3.0,43.0,50.0,928.0,2020.0,1.7074336777820824,-0.2352056029262766,0.594314421929302,2021
A Mishra,1.9842274698482922,-0.06668341901384582,2.0509108888621377,0.9407572079013911,3.0,24.0,26.0,522.0,2020.0,-0.2786794955071998,2.322528332755336,-0.0596213673998439,2021
D Padikkal,1.966251657895092,1.966251657895092,0.0,,1.0,15.0,379.0,0.0,2020.0,2.7763700511664275,-0.17742331821463883,-0.6326950750566971,2021
AD Russell,1.955003207473439,2.8636204063922497,-0.9086171989188109,3.509287605232536,3.0,40.0,501.0,516.0,2020.0,-0.5261034618747934,0.4969536176051481,1.9841530517430845,2021
S Lamichhane,1.9122344697617288,-0.002689394248546023,1.9149238640102748,2.404571694026317,2.0,9.0,1.0,210.0,2019.0,1.4026063005678497,0.7658416219119855,-0.2562134527181065,2021
Imran Tahir,1.8867440020965596,-0.022811611580654787,1.9095556136772143,3.6033423070217747,3.0,26.0,12.0,576.0,2020.0,-0.23880571480025908,2.0906812292845625,0.03486848761225622,2021
Sandeep Sharma,1.7984886947375136,-0.06271120282232444,1.8611998975598383,2.027305418014503,3.0,36.0,22.0,832.0,2020.0,1.0213595313425166,-0.23097205728610193,1.0081012206810989,2021
Q de Kock,1.777578840691022,1.777578840691022,0.0,1.7922650121986097,3.0,40.0,918.0,0.0,2020.0,1.5590625155734248,0.2979622199022738,-0.07944589478467617,2021
HH Pandya,1.7695090560911995,2.196816580494094,-0.4273075244028944,1.289150971518962,3.0,43.0,562.0,511.0,2020.0,-0.24864768219056216,0.9494278568273086,1.068728881454453,2021
SV Samson,1.7553097871763716,1.7553097871763716,0.0,0.3955147571738413,3.0,41.0,786.0,0.0,2020.0,-0.8589755021363249,1.8014262017696867,0.8128590875430102,2021
O Thomas,1.6055394504776428,0.0,1.6055394504776428,,1.0,4.0,0.0,60.0,2019.0,0.41383076875020847,0.872537079670076,0.3191716020573586,2021
KS Williamson,1.601220156576196,1.6438777494688657,-0.042657592892669474,3.4472327247180603,3.0,38.0,883.0,12.0,2020.0,0.600924279113371,0.5441623905387922,0.4561334869240334,2021
K Rabada,1.5298831391239265,-0.27106879450832627,1.8009519336322526,1.8654503757663015,2.0,29.0,64.0,676.0,2020.0,-1.245330094321362,0.9192370564415496,1.8559761770037388,2021
Mohammad Nabi,1.507840623236424,-0.04900377800593621,1.55684440124236,2.490952578442907,3.0,11.0,96.0,229.0,2020.0,1.6323273317935902,0.06961591423295524,-0.1941026227901214,2021
A Nortje,1.4883603553463727,-0.01090675124542178,1.4992671065917944,,1.0,16.0,6.0,366.0,2020.0,-0.2680119994627475,0.4856379031759469,1.2707344516331733,2021
RD Chahar,1.3445346560824483,-0.023198880920431576,1.3677335370028798,2.4552954626692394,2.0,28.0,15.0,600.0,2020.0,0.028064253335058964,0.6518757719247956,0.6645946308225934,2021
L Ngidi,1.3409254403121356,0.0,1.3409254403121356,4.893393494608114,2.0,11.0,0.0,252.0,2020.0,0.6238176428108835,1.3508352413799312,-0.6337274438786791,2021
V Kohli,1.3154075044624605,1.3154075044624605,0.0,1.6300377322193471,3.0,43.0,1093.0,0.0,2020.0,0.5371244520652145,-0.13134729606641024,0.909630348463656,2021
J Yadav,1.227140599386562,0.0,1.227140599386562,0.5230361228942298,2.0,4.0,0.0,84.0,2020.0,1.646303756785447,-0.6018401669916289,0.18267700959274377,2021
B Kumar,1.2173780657322089,-0.09348356303454702,1.310861628766756,0.9133576364578677,3.0,31.0,37.0,716.0,2020.0,1.8902834154009622,-0.6016967192002334,-0.07120863046851993,2021
MJ Santner,1.1818835054959504,0.03387207355090722,1.1480114319450432,1.5725744592886197,2.0,6.0,23.0,126.0,2020.0,-0.6104948813549249,1.2792326558677716,0.5131457309831039,2021
R Ashwin,1.160975342399929,-0.2808168981267102,1.441792240526639,1.8363242208968684,3.0,43.0,133.0,940.0,2020.0,0.9557550931122849,-0.41689115561545076,0.6221114049030951,2021
RD Gaikwad,1.1505775305770565,1.1505775305770565,0.0,,1.0,6.0,169.0,0.0,2020.0,0.5140229760037279,0.8356885269563834,-0.1991339723830548,2021
CA Lynn,1.0840219899465229,1.0840219899465229,0.0,0.4212140604249919,2.0,29.0,667.0,0.0,2019.0,1.0911305832666498,0.29147712334566367,-0.2985857166657908,2021
AR Patel,0.9943161021189739,-0.5802445999847774,1.5745607021037515,2.109210697917352,3.0,38.0,242.0,768.0,2020.0,0.5800035509323092,0.4843239288073307,-0.07001137762066617,2021
KA Pollard,0.8854342853496582,1.3586323298130927,-0.4731980444634344,0.7575538461560223,3.0,41.0,418.0,126.0,2020.0,0.048381621434366924,-0.5854637664520264,1.4225164303673175,2021
F du Plessis,0.8811366571527467,0.8811366571527467,0.0,1.4639786265610253,3.0,31.0,769.0,0.0,2020.0,-0.7592964189147658,0.33077610866508034,1.309656967402432,2021
RA Jadeja,0.8627100342783578,0.36069435590896926,0.5020156783693888,1.714632499766089,3.0,46.0,297.0,788.0,2020.0,-0.16573571538942883,-0.12892209612056504,1.1573678457883516,2021
M Ashwin,0.8484508396131527,-0.024977664660328903,0.8734285042734816,1.0585950116251628,3.0,21.0,11.0,435.0,2020.0,-0.5594344153701781,1.1395901082806539,0.2682951467026771,2021
JR Hazlewood,0.8170030342360632,0.0,0.8170030342360632,,1.0,3.0,0.0,60.0,2020.0,1.2749241227313088,-0.18120025131470788,-0.2767208371805378,2021
Ravi Bishnoi,0.7676576656783056,-0.07823284882713148,0.8458905145054371,,1.0,14.0,12.0,306.0,2020.0,-1.1708440578409618,-0.16493485184303155,2.103436575362299,2021
R Tewatia,0.7426002181904259,-0.00843142342398287,0.7510316416144087,0.9742932990874494,3.0,27.0,248.0,446.0,2020.0,-0.0686281671995376,0.2755064704503147,0.5357219149396488,2021
Washington Sundar,0.7328895407110851,-0.24320175396507113,0.9760912946761564,2.2587167578933705,3.0,25.0,136.0,474.0,2020.0,-0.16228307609234105,0.49562684764662285,0.3995457691568033,2021
MJ McClenaghan,0.7275395890067471,-0.26447003079936693,0.9920096198061139,1.4697308020282418,2.0,16.0,26.0,348.0,2019.0,1.1713866697301194,0.12008836567746367,-0.563935446400836,2021
JO Holder,0.6881980421848723,-0.16616542309823853,0.8543634652831109,,1.0,7.0,53.0,168.0,2020.0,-1.7764782477110228,1.2926761546402668,1.1720001352556286,2021
SS Iyer,0.6493006373296395,0.6493006373296395,0.0,0.882620775699103,3.0,47.0,1117.0,0.0,2020.0,0.9762117217272164,-0.3889592846882456,0.06204820029066874,2021
MK Pandey,0.6097478866049733,0.6097478866049733,0.0,1.8564748416212329,3.0,43.0,842.0,0.0,2020.0,1.9865103134139717,-1.10388124334336,-0.2728811834656385,2021
T Natarajan,0.5422576244777346,-0.01092631085241675,0.5531839353301514,,1.0,16.0,5.0,377.0,2020.0,0.5330212782986846,-0.02353336816939351,0.03276971434844354,2021
N Rana,0.5268344776671197,0.5407482398823686,-0.013913762215249002,1.1585214409005469,3.0,43.0,721.0,97.0,2020.0,-0.8003927558002499,0.7195595157035249,0.6076677177638445,2021
CH Morris,0.4572141099700324,-0.210380225555598,0.6675943355256303,2.4171076907399724,3.0,22.0,84.0,472.0,2020.0,-0.29994550535730247,-0.5804016146737334,1.3375612300010682,2021
PA Patel,0.439126147553602,0.439126147553602,0.0,0.1743841022103879,2.0,20.0,377.0,0.0,2019.0,1.1324956077447152,-0.461278378713056,-0.23209108147805724,2021
Shubman Gill,0.4284585868578775,0.4284585868578775,0.0,0.6868988966397077,3.0,41.0,750.0,0.0,2020.0,1.2399173062241002,-0.20286399164438262,-0.6085947277218402,2021
MM Ali,0.3355037909596539,-0.016448414891477414,0.3519522058511314,1.4955799569789112,3.0,19.0,195.0,259.0,2020.0,-0.5191956927424004,0.6939707702941088,0.16072871340794548,2021
KK Ahmed,0.31646923435951824,-0.006479894428307329,0.32294912878782556,3.294385433324211,3.0,17.0,3.0,381.0,2020.0,-0.14245168353390947,0.28195879921181316,0.1769621186816147,2021
S Gopal,0.29078006454538263,-0.31028175830558674,0.6010618228509694,3.2873333015198116,3.0,39.0,130.0,774.0,2020.0,0.7413285078057699,-0.698116136409763,0.24756769314937604,2021
Mohammed Siraj,0.24042140472678786,-0.12362284339514487,0.3640442481219328,2.399786771786986,3.0,29.0,50.0,578.0,2020.0,1.2929214187707094,-0.24797718792935503,-0.8045228261145664,2021
NM Coulter-Nile,0.22690473628153304,0.016958535996797197,0.20994620028473585,,1.0,7.0,15.0,156.0,2020.0,-0.3654278114312848,0.7422839578881298,-0.1499514101753119,2021
B Stanlake,0.20834988113409023,0.008616522221283033,0.1997333589128072,,1.0,4.0,2.0,96.0,2018.0,-0.9156802949158135,1.3167846738952367,-0.19275449784533286,2021
MS Dhoni,0.13658648379008964,0.13658648379008964,0.0,1.7562319984456911,3.0,45.0,783.0,0.0,2020.0,-0.0058848179622496555,-0.7579481918125566,0.9004194935648959,2021
I Sharma,0.11486529916958166,0.004008642006812595,0.11085665716276916,1.885117970081241,2.0,14.0,3.0,294.0,2020.0,0.8838099310407885,-0.8522688876416492,0.08332425577044253,2021
KD Karthik,-0.06368566838506462,-0.06368566838506462,0.0,2.124404854821443,3.0,44.0,644.0,0.0,2020.0,-0.31916626961881067,-0.8389628001599004,1.0944434013936466,2021
AT Rayudu,-0.06441002482654679,-0.06441002482654679,0.0,4.278659048935689,3.0,45.0,987.0,0.0,2020.0,-0.4346452222041299,0.6149955839143546,-0.24476038653677132,2021
DA Miller,-0.10776421327309962,-0.10776421327309962,0.0,0.21000127477761163,3.0,14.0,228.0,0.0,2020.0,0.10285475053184294,0.10671812598305846,-0.317337089788001,2021
Shivam Mavi,-0.11237632098235906,-0.18324561715109694,0.07086929616873805,2.505981098787715,2.0,17.0,29.0,324.0,2020.0,-0.032965384292063415,0.4427676520450037,-0.5221785887352993,2021
SO Hetmyer,-0.11614379807395073,-0.11614379807395073,0.0,0.5988862878976301,2.0,17.0,198.0,0.0,2020.0,-0.3469203254721171,0.23295824325449643,-0.002181715856330091,2021
SS Tiwary,-0.13621938503819442,-0.13621938503819442,0.0,,1.0,7.0,80.0,0.0,2020.0,0.0048358361979758254,-0.11927652977692704,-0.021778691459243202,2021
SN Khan,-0.16656293031905176,-0.16473813327049489,-0.0018247970485568699,0.5925932236229163,3.0,20.0,213.0,2.0,2020.0,0.2452435635282431,-0.23138655058658067,-0.18041994326071426,2021
KH Pandya,-0.17257997915024403,-0.5926829706782983,0.4201029915280543,1.5393785677071867,3.0,46.0,399.0,818.0,2020.0,0.42709255880055097,-0.9597118057877744,0.36003926783697915,2021
STR Binny,-0.1796517011191841,-0.15554240030335964,-0.024109300815824505,0.5756546076460591,2.0,15.0,79.0,54.0,2019.0,0.050050566417073755,-0.3974358270369165,0.16773355950065866,2021
Mustafizur Rahman,-0.2104044252831887,-0.018001366119554312,-0.1924030591636344,,1.0,7.0,3.0,165.0,2018.0,-0.10264924208019201,-0.7307805076851469,0.6230253244821502,2021
SR Watson,-0.22949048176819697,0.06883866271711346,-0.29832914448531056,2.357607814628484,3.0,43.0,918.0,168.0,2020.0,-2.368857743179063,2.0653025284979383,0.07406473291292764,2021
V Shankar,-0.24040699682160904,-0.7661169625244334,0.5257099657028244,0.349348004394861,3.0,35.0,437.0,157.0,2020.0,-0.4306155684479256,0.31167344426877647,-0.12146487264245986,2021
PJ Cummins,-0.35588626612621876,-0.8501431730208096,0.4942569068945908,,1.0,14.0,114.0,312.0,2020.0,2.024205957630688,-1.6564032752311748,-0.7236889485257315,2021
JP Behrendorff,-0.3742429192992116,0.0,-0.3742429192992116,,1.0,5.0,0.0,114.0,2019.0,-1.1923022236109742,1.588291008630701,-0.7702317043189385,2021
LH Ferguson,-0.3742929692695329,0.006105541819967247,-0.3803985110895003,3.2025883179642145,2.0,10.0,29.0,221.0,2020.0,-0.8519584877546524,1.0428277642793,-0.565162245794181,2021
KK Nair,-0.376126412185447,-0.376126412185447,0.0,0.3388051749918031,3.0,18.0,241.0,0.0,2020.0,-0.6047840901663293,0.1712114856127569,0.057446192368125405,2021
MP Stoinis,-0.397705297168288,0.31144717351818835,-0.7091524706864762,1.3678859808151556,3.0,34.0,469.0,344.0,2020.0,0.13305069368738132,-0.3845826962424184,-0.1461732946132507,2021
Abhishek Sharma,-0.45323765710253494,-0.16104294838942076,-0.2921947087131141,0.757293025988185,3.0,14.0,98.0,72.0,2020.0,0.0,-0.35767070019469693,-0.0955669569078379,2021
DJ Hooda,-0.4587898301970473,-0.42971799125613086,-0.02907183894091641,0.6599004967749391,3.0,27.0,215.0,36.0,2020.0,-0.15541155550222138,-0.3723781311982419,0.06899985650341589,2021
B Laughlin,-0.47041200572949327,-0.0304846837111316,-0.43992732201836166,,1.0,7.0,4.0,126.0,2018.0,0.6928762922981734,-0.7858182448930541,-0.37747005313461246,2021
M Markande,-0.4928322673801595,-0.1047877500390477,-0.3880445173411117,0.8847263316409806,2.0,17.0,29.0,300.0,2019.0,0.0,-0.5133794634618737,0.020547196081714268,2021
SW Billings,-0.5145998041364521,-0.5145998041364521,0.0,0.2479596488083373,2.0,11.0,82.0,0.0,2019.0,-0.15174103366426805,-0.3929551354828801,0.03009636501069606,2021
RK Singh,-0.5685922671011905,-0.5685922671011905,0.0,0.39582775281518595,3.0,10.0,76.0,0.0,2020.0,0.0,-0.4539944688374479,-0.1145977982637427,2021
SP Narine,-0.5865090913585504,-0.6569952369490202,0.07048614559046962,2.831097785311436,3.0,38.0,359.0,860.0,2020.0,-0.7062918109158314,0.028589746962048412,0.0911929725952324,2021
CR Brathwaite,-0.6050714220441844,-0.038354760244430935,-0.5667166617997536,0.46189406624299784,2.0,6.0,58.0,79.0,2019.0,0.017748197445629204,-0.9487648665246579,0.3259452470348441,2021
S Dube,-0.6138962959558816,-0.8214424946348056,0.20754619867892385,0.007392830306315767,2.0,15.0,138.0,64.0,2020.0,0.0,-0.2643987471507109,-0.3494975488051708,2021
SS Cottrell,-0.6209318783889674,-0.01302800258384797,-0.6079038758051194,,1.0,6.0,2.0,120.0,2020.0,0.849434429930799,-0.07436723212475942,-1.3959990761950072,2021
SN Thakur,-0.6346898112061157,-0.12276381190605146,-0.5119259993000642,0.5143918688156884,3.0,32.0,33.0,654.0,2020.0,-0.9973209187550214,0.4287021835931082,-0.06607107604420248,2021
Mandeep Singh,-0.6518189280827223,-0.62395875252588,-0.0278601755568424,0.5347708695213484,3.0,34.0,415.0,12.0,2020.0,-0.5459594695898399,-0.0756672195025519,-0.030192238990330716,2021
AS Joseph,-0.6522740644063424,-0.11871579827867844,-0.533558266127664,,1.0,3.0,13.0,52.0,2019.0,0.043993376421255684,-2.032591675750012,1.3363242349224136,2021
RG Sharma,-0.6534058040376765,-0.6534058040376765,0.0,0.43329714344457254,3.0,41.0,790.0,0.0,2020.0,-1.3861656804158988,0.4245008698928342,0.3082590064853883,2021
BB McCullum,-0.6616158625432138,-0.6616158625432138,0.0,,1.0,6.0,88.0,0.0,2018.0,-1.216971867796615,0.5553560052534012,0.0,2021
MK Lomror,-0.6879810725931153,-0.5865170524767337,-0.10146402011638152,0.4944080783517218,3.0,7.0,78.0,18.0,2020.0,0.014874913371186328,-0.5277412555274177,-0.17511473043688383,2021
SE Rutherford,-0.6933270243413583,-0.42009929884876634,-0.273227725492592,,1.0,7.0,54.0,41.0,2019.0,0.0,-1.1412626308994875,0.44793560655812914,2021
Abdul Samad,-0.6990977884689298,0.22515272871583153,-0.9242505171847613,,1.0,12.0,65.0,42.0,2020.0,0.0,-0.4842891424400527,-0.21480864602887706,2021
Shakib Al Hasan,-0.7233372495660451,-0.4405053655221436,-0.28283188404390147,0.6537412885854285,2.0,20.0,207.0,407.0,2019.0,1.0644182840487169,-0.612961486969509,-1.174794046645253,2021
Gurkeerat Singh,-0.765214230711453,-0.765214230711453,0.0,0.8777699007665192,2.0,11.0,150.0,0.0,2020.0,-0.376885103849964,-0.10573008246255011,-0.2825990443989388,2021
E Lewis,-0.770287822422747,-0.770287822422747,0.0,1.2466345441876474,2.0,16.0,328.0,0.0,2019.0,0.6740603120626084,-1.3239294338771894,-0.1204187006081658,2021
YK Pathan,-0.7773285276666114,-0.7837082997774352,0.00637977211082382,0.09422675550631543,2.0,25.0,245.0,18.0,2019.0,-0.09841914206237301,-0.2591652118471406,-0.41974417375709794,2021
C Munro,-0.8379244377092789,-0.8379244377092789,0.0,0.4652259582613973,2.0,9.0,111.0,0.0,2019.0,0.620700574243605,-1.4586250119528839,0.0,2021
AD Nath,-0.8851730399572313,-0.8851730399572313,0.0,0.027754555926156,2.0,9.0,70.0,0.0,2019.0,0.01915113213482801,-0.7871937032087228,-0.11713046888333646,2021
DJ Bravo,-0.8914192221267769,-0.049882932343048345,-0.8415362897837287,1.03092214397914,3.0,34.0,163.0,694.0,2020.0,0.024457123046368417,-1.1113311698701014,0.19545482469695588,2021
BA Stokes,-0.8914636201607724,0.7682527238996364,-1.6597163440604088,1.5084223044648093,3.0,30.0,460.0,413.0,2020.0,-0.186599031255056,-0.6510830455678681,-0.05378154333784846,2021
A Zampa,-0.8932878158029761,0.0,-0.8932878158029761,,1.0,3.0,0.0,66.0,2020.0,0.0,1.205611984631826,-2.0988998004348027,2021
Yuvraj Singh,-0.9109320816073745,-0.8646323597621545,-0.04629972184521994,0.9860678344967541,2.0,12.0,148.0,12.0,2019.0,-0.2217234256313624,-0.7615695547073045,0.07236089873129248,2021
AD Hales,-0.9211612416575033,-0.9211612416575033,0.0,,1.0,6.0,118.0,0.0,2018.0,0.8102743277256363,-1.7314355693831398,0.0,2021
HF Gurney,-0.9902675094080731,-0.030853195785975247,-0.9594143136220978,,1.0,8.0,5.0,162.0,2019.0,1.3811501336768304,-0.8422849327880304,-1.5291327102968728,2021
P Negi,-0.9920637393321223,-0.2721224501667405,-0.7199412891653817,0.16719589209485042,2.0,9.0,17.0,91.0,2019.0,0.24244486146465083,-0.7237200564863895,-0.5107885443103835,2021
SK Raina,-0.9969663355096379,-0.9975713632277654,0.000605027718127556,1.436384981915316,2.0,32.0,650.0,6.0,2019.0,-0.6410716676556074,-0.5237548846688812,0.16786021681485075,2021
Mohammed Shami,-1.011127052691694,-0.019594482008412614,-0.9915325706832812,1.6857013693648049,3.0,32.0,11.0,729.0,2020.0,-0.4103373874050581,-0.22134894786706882,-0.3794407174195668,2021
KV Sharma,-1.011607817016959,0.0,-1.011607817016959,0.3617853515762175,3.0,12.0,0.0,188.0,2020.0,0.0,-0.12528768995010275,-0.8863201270668563,2021
KMA Paul,-1.0182298359023767,-0.5316513333550963,-0.48657850254728047,,1.0,8.0,24.0,163.0,2019.0,-0.759306050145434,-0.05528200304145288,-0.20364178271549,2021
R Parag,-1.0361452926309236,-0.6489027095610161,-0.38724258306990744,0.3528802557996042,2.0,19.0,203.0,96.0,2020.0,-0.27664311182066675,-1.008368386760114,0.2488662059498571,2021
RA Tripathi,-1.046586471208423,-1.046586471208423,0.0,0.490044048169567,3.0,31.0,466.0,0.0,2020.0,-0.8449279111242141,0.06115208663994868,-0.2628106467241575,2021
S Sandeep Warrier,-1.0699709539431455,0.0,-1.0699709539431455,1.6966406470903586,2.0,4.0,0.0,90.0,2020.0,-0.7308554427225584,-0.33911551122058703,0.0,2021
SPD Smith,-1.073012896413698,-1.073012896413698,0.0,0.38984681059995313,2.0,26.0,512.0,0.0,2020.0,-1.0808407846989023,0.4302181360647077,-0.4223902477795035,2021
BCJ Cutting,-1.077658180636818,-0.21161061396585584,-0.8660475666709622,0.3897462137811172,2.0,12.0,75.0,114.0,2019.0,-0.09664834927885445,-0.6447108665102825,-0.33629896484768096,2021
PK Garg,-1.234852087380535,-1.234852087380535,0.0,,1.0,14.0,111.0,0.0,2020.0,-0.14993608419345406,-1.1596698366441025,0.07475383345702141,2021
CA Ingram,-1.2468094461810435,-1.2468094461810435,0.0,,1.0,12.0,154.0,0.0,2019.0,0.0872619449895713,-1.0374263166846636,-0.2966450744859511,2021
HV Patel,-1.4250453047316547,-0.1473711530273059,-1.2776741517043488,0.8438219818735535,3.0,12.0,59.0,243.0,2020.0,-0.3580532748375477,-1.041833482824293,-0.025158547069813977,2021
PP Chawla,-1.4331624694178058,-0.1442226553030748,-1.2889398141147308,1.0661851479013371,3.0,35.0,71.0,687.0,2020.0,0.3308300208169058,-1.596119304112962,-0.16787318612174945,2021
Kuldeep Yadav,-1.4669791333552804,-0.2996716715523091,-1.1673074618029713,1.6643763563860996,3.0,30.0,53.0,578.0,2020.0,-0.0803436176373768,-1.5461205378716416,0.15948502215373808,2021
GC Viljoen,-1.5135563468596873,-0.0981008040298359,-1.4154555428298514,,1.0,6.0,7.0,138.0,2019.0,0.2644081092056494,0.4324803071981602,-2.2104447632634967,2021
MM Sharma,-1.5728502285853199,-0.04111748246348611,-1.531732746121834,1.4871676475981197,3.0,11.0,15.0,220.0,2020.0,0.7755745255386205,-1.037147942612607,-1.3112768115113338,2021
AJ Finch,-1.580232361572702,-1.580232361572702,0.0,0.24131341330557654,2.0,22.0,341.0,0.0,2020.0,-0.3794632261579161,-1.2452275042765844,0.044458368861798415,2021
NA Saini,-1.5848574838809921,-0.1280744275055202,-1.456783056375472,0.42232701190149213,2.0,26.0,31.0,562.0,2020.0,-0.6084148495922334,-1.0038295100069439,0.027386875718184378,2021
KM Jadhav,-1.6235719119313246,-1.6235719119313246,0.0,1.3473743454132632,3.0,23.0,257.0,0.0,2020.0,-0.47168976119626166,-0.46922513020112644,-0.6826570205339368,2021
Arshdeep Singh,-1.6247315499367128,-0.011894729066085552,-1.6128368208706272,1.3680107144678355,2.0,11.0,3.0,209.0,2020.0,-0.9798595025361396,-0.8618662974245304,0.21699425002395706,2021
RV Uthappa,-1.6279776026427988,-1.6279776026427988,0.0,0.4907098472089,3.0,40.0,674.0,0.0,2020.0,-0.27168213964551907,-1.0817128976693542,-0.27458256532792535,2021
PP Shaw,-1.6488174640639617,-1.6488174640639617,0.0,1.4541639441459253,3.0,38.0,591.0,0.0,2020.0,-2.1003589313252147,0.462994880591788,-0.011453413330535131,2021
AM Rahane,-1.6960801689447789,-1.6960801689447789,0.0,1.7252634810231566,3.0,38.0,705.0,0.0,2020.0,-1.3225926765821534,-0.1364231556604875,-0.23706433670213847,2021
JR Philippe,-1.7224086022594944,-1.7224086022594944,0.0,,1.0,5.0,77.0,0.0,2020.0,-1.1202879204008558,-0.449824083176634,-0.15229659868200446,2021
K Khejroliya,-1.7232902157542282,0.0,-1.7232902157542282,0.8351839115721086,2.0,5.0,0.0,95.0,2019.0,-1.0425377708357915,-0.6535734391811674,-0.027179005737269557,2021
JL Pattinson,-1.7331213360196125,-0.05848438529744082,-1.6746369507221717,,1.0,10.0,13.0,213.0,2020.0,-1.042534256730043,-1.1077433578002316,0.4171562785106623,2021
M Vijay,-1.7752867011519142,-1.7752867011519142,0.0,0.9463390306981828,3.0,6.0,114.0,0.0,2020.0,-0.4238132059640902,-1.351473495187824,0.0,2021
JJ Roy,-1.874968838733876,-1.874968838733876,0.0,,1.0,5.0,94.0,0.0,2018.0,-2.881647907995359,0.6711384810943972,0.33554058816708543,2021
S Nadeem,-1.8836712451493938,-0.03400462392370759,-1.8496666212256863,1.3841868816778498,3.0,16.0,16.0,276.0,2020.0,-1.1526271296283455,-0.6368163604961062,-0.09422775502494188,2021
C de Grandhomme,-1.905669874057186,-0.9080998996729204,-0.9975699743842655,1.0119150084558073,2.0,13.0,133.0,120.0,2019.0,0.0,-1.2069700833573493,-0.6986997906998365,2021
GJ Maxwell,-2.0254236130087127,-1.6309528782242466,-0.39447073478446626,0.4522325191216745,2.0,25.0,226.0,222.0,2020.0,-0.4567635296781746,-1.0265742901784791,-0.5420857931520594,2021
CJ Jordan,-2.0807050109748673,-0.3309471250797123,-1.7497578858951548,0.8881913191624822,2.0,10.0,31.0,213.0,2020.0,-0.9998799793039035,0.27008216078913444,-1.350907192460098,2021
I Udana,-2.0848884790333093,-0.05605189538805305,-2.028836583645256,,1.0,10.0,11.0,174.0,2020.0,-2.025939143390297,-0.358454009007294,0.2995046733642816,2021
DT Christian,-2.108456849960987,-1.329297922207856,-0.7791589277531309,,1.0,4.0,33.0,71.0,2018.0,-1.1832955270249377,-0.5120149346328046,-0.41314638830324496,2021
SM Curran,-2.1254389617199747,-0.30304805890152026,-1.8223909028184546,1.4064219580025203,2.0,23.0,196.0,450.0,2020.0,-1.2879783078861453,-0.9201365371641145,0.08267588333028525,2021
P Dubey,-2.1259057331577873,-0.39630005695407144,-1.7296056762037157,,1.0,3.0,13.0,48.0,2020.0,0.0,-1.5633919840787234,-0.5625137490790638,2021
K Gowtham,-2.152671202785832,0.2564157350975205,-2.4090869378833526,2.3958940002453444,3.0,24.0,110.0,408.0,2020.0,-0.834283887875871,-0.26793239228076005,-1.0504549226292013,2021
DJ Willey,-2.175236737174786,0.0,-2.175236737174786,,1.0,3.0,0.0,60.0,2018.0,-1.8813006738469629,-0.11427180416149561,-0.1796642591663275,2021
S Kaul,-2.280061947909302,-0.029107239100969167,-2.250954708808333,2.6208681434211103,3.0,25.0,15.0,582.0,2020.0,-0.9689767032057891,-0.6881570204196235,-0.62292822428389,2021
LE Plunkett,-2.2835619393380044,-0.018001366119554312,-2.2655605732184503,,1.0,7.0,3.0,150.0,2018.0,-1.7069996934989413,-1.2047009570057798,0.6281387111667165,2021
DS Kulkarni,-2.2929743665671483,-0.007279744175889359,-2.285694622391259,1.5868889061941474,3.0,19.0,12.0,347.0,2020.0,-1.1291053597194198,-0.6697534104094877,-0.49411559643824077,2021
AJ Tye,-2.3163792492812245,-0.26687827286907306,-2.0495009764121517,3.937131605123595,3.0,21.0,46.0,492.0,2020.0,-0.09342498124896387,-1.234917326814442,-0.9880369412178187,2021
KL Nagarkoti,-2.380878792247091,-0.5561335433138493,-1.8247452489332419,,1.0,10.0,31.0,156.0,2020.0,-0.5457730206595678,-0.9842025640099326,-0.8509032075775909,2021
Harpreet Brar,-2.4046274459307724,0.047564761751111594,-2.452192207681884,0.584141813962177,2.0,3.0,12.0,54.0,2020.0,-0.7163988770747647,-1.7357933306071192,0.047564761751111594,2021
CR Woakes,-2.4635703953856902,-0.3285472454310932,-2.135023149954597,,1.0,5.0,19.0,110.0,2018.0,-0.8244101301881077,-0.5533157086930383,-1.0858445565045445,2021
DW Steyn,-2.5301221517092163,-0.0066537217772769126,-2.523468429931939,5.727015319206627,2.0,5.0,2.0,118.0,2020.0,0.8113814348803257,-0.9411319261584781,-2.400371660431064,2021
DJM Short,-2.5759905397137484,-2.687261727835734,0.11127118812198522,,1.0,7.0,99.0,18.0,2018.0,-3.204461066798423,0.6284705270846745,0.0,2021
Avesh Khan,-2.6374707352997095,-0.002212562153539242,-2.63525817314617,1.2452778318411535,3.0,8.0,3.0,156.0,2020.0,-1.7834088328700453,-0.8934016004210794,0.03933969799141548,2021
Basil Thampi,-2.765743083710512,-0.013129443884903232,-2.7526136398256087,0.6762181017247771,3.0,8.0,7.0,157.0,2020.0,-1.058375544036541,-0.5544658846469586,-1.1529016550270126,2021
UT Yadav,-2.9289185071170136,-0.11626907634598752,-2.8126494307710264,5.026843874166091,3.0,27.0,38.0,588.0,2020.0,-0.1637397375593117,-1.740659635092417,-1.0245191344652853,2021
Mujeeb Ur Rahman,-3.074777317485255,-0.0640819320658772,-3.0106953854193774,4.890621347328679,3.0,18.0,14.0,410.0,2020.0,-0.1362109787122925,-2.3482721513591,-0.5902941874138621,2021
Kartik Tyagi,-3.159400303667022,-0.03173651627838914,-3.127663787388633,,1.0,10.0,6.0,229.0,2020.0,-2.171962259051496,-0.43959505746192223,-0.5478429871536042,2021
JDS Neesham,-3.184244853276775,-0.23130708273563305,-2.952937770541142,,1.0,5.0,18.0,90.0,2020.0,-0.4314595488571083,-0.6550015582127516,-2.0977837462069147,2021
SL Malinga,-3.2992472802926587,0.0,-3.2992472802926587,,1.0,12.0,0.0,269.0,2019.0,-1.3909677191939185,-1.0568177358183757,-0.8514618252803644,2021
G Gambhir,-3.335350189615039,-3.335350189615039,0.0,,1.0,6.0,88.0,0.0,2018.0,-2.9736280435722375,-0.36172214604280156,0.0,2021
VR Aaron,-3.636063206274233,-0.2784742020609289,-3.357589004213304,2.146549350460829,2.0,8.0,17.0,120.0,2020.0,-2.510103715919737,-0.6446257178383774,-0.4813337725161191,2021
M Prasidh Krishna,-3.707356490127978,-0.019706264107971355,-3.6876502260200064,0.5551310095175891,3.0,24.0,11.0,515.0,2020.0,-3.3742096510039867,-0.13645227653292272,-0.19669456259106827,2021
BB Sran,-4.034974502441264,-0.042459139065101265,-3.992515363376162,2.0781029117285286,2.0,8.0,10.0,156.0,2019.0,-2.4460417779023444,-1.3227644054836878,-0.26616831905523103,2021
TG Southee,-4.1900676373616825,-0.23043485126284732,-3.959632786098835,1.2138541675704164,2.0,11.0,55.0,228.0,2019.0,-2.3912328390042443,-0.09386246688367181,-1.7049723314737664,2021
AS Rajpoot,-4.367092895966245,-0.1084331881633949,-4.25865970780285,3.86036604014236,3.0,18.0,28.0,355.0,2020.0,-2.9672226134774355,-0.613760342365343,-0.7861099401234661,2021
TK Curran,-4.414164161986949,-0.001105568920401756,-4.413058593066548,1.7614636908548467,2.0,10.0,90.0,170.0,2020.0,-1.3335452113090414,-1.49437442710573,-1.5862445235721776,2021
CJ Anderson,-4.515598600542312,-1.0564944562331307,-3.459104144309181,,1.0,3.0,22.0,52.0,2018.0,0.0,-1.128366653675568,-3.387231946866743,2021
JD Unadkat,-4.555141883849058,-0.1155829818251369,-4.43955890202392,0.35398327162065457,3.0,33.0,54.0,664.0,2020.0,-0.9659000144237977,-1.6450298517198783,-1.9442120177053814,2021
DR Sams,-4.598421081899364,-0.02605600516769594,-4.572365076731668,,1.0,3.0,2.0,72.0,2020.0,-1.727497533073324,-0.8154011309161854,-2.055522417909854,2021
TU Deshpande,-5.595556869608746,0.027103679497786207,-5.6226605491065325,,1.0,5.0,12.0,102.0,2020.0,-1.87107392606765,-3.1854465710436597,-0.5390363724974356,2021
MG Johnson,-5.661222504923275,0.0008868969854709445,-5.662109401908746,,1.0,6.0,11.0,126.0,2018.0,-4.19406584501985,-1.6348231798260429,0.16766651992261677,2021
JC Archer,7.379451599499776,0.14250205167792435,7.236949547821853,2.0907500410528836,2.0,25.0,103.0,592.0,2020.0,5.600511864993484,1.0993729888032622,0.6795667457030307,2022
KL Rahul,7.064591540407438,7.064591540407438,0.0,2.165845508354899,3.0,41.0,1407.0,0.0,2021.0,2.6333563585759556,3.445666277786073,0.9855689040454096,2022
Rashid Khan,5.646675948681711,-0.3609348960377901,6.007610844719501,2.269458526528502,3.0,45.0,122.0,1080.0,2021.0,0.5051686085573027,4.432535219250674,0.7089721208737334,2022
A Nortje,5.494004645224205,-0.004090031717033166,5.498094676941238,3.2045154319022657,2.0,24.0,6.0,548.0,2021.0,3.389232092785278,0.432028103806988,1.6727444486319387,2022
JJ Bumrah,5.1861442007518015,-0.043408724103337855,5.22955292485514,2.5101036201751334,3.0,45.0,21.0,1060.0,2021.0,1.0905346299181127,1.455795526906298,2.63981404392739,2022
MA Agarwal,4.119472851395222,4.119472851395222,0.0,1.8994867335115353,3.0,36.0,819.0,0.0,2021.0,0.9937306826242386,2.2484453208076314,0.8772968479633514,2022
JM Bairstow,3.7674047561891344,3.7674047561891344,0.0,2.7470634102769034,3.0,28.0,730.0,0.0,2021.0,2.8767837648693395,1.2366511828003193,-0.34603019148052405,2022
CR Woakes,3.48063260480026,0.01805110078126292,3.4625815040189973,,1.0,3.0,11.0,66.0,2021.0,4.620027871180778,0.0,-1.139395266380517,2022
VR Iyer,3.4542432700562853,3.466914639163277,-0.012671369106991553,,1.0,10.0,288.0,51.0,2021.0,2.850625361682804,0.5434457449185492,0.06017216345493229,2022
RD Gaikwad,3.4039349168476054,3.4039349168476054,0.0,1.8026859090164393,2.0,22.0,635.0,0.0,2021.0,0.1954953839383913,2.069636223254256,1.138803309654958,2022
F du Plessis,3.2974360062303507,3.2974360062303507,0.0,2.458416766668526,3.0,41.0,1098.0,0.0,2021.0,1.0880515179760364,0.9912319944166907,1.218152493837624,2022
JC Buttler,3.2342622283000493,3.2342622283000493,0.0,1.1017688556166079,3.0,28.0,598.0,0.0,2021.0,-0.12548801693185646,2.521846546409953,0.8379036988219528,2022
CV Varun,3.1656090619564994,-0.0451706995049821,3.210779761461481,2.7179084498086112,3.0,31.0,19.0,738.0,2021.0,0.552091602706767,2.1613978960202638,0.45211956322946806,2022
Ravi Bishnoi,3.048183040938471,-0.04286794003137009,3.0910509809698405,1.8244203002081323,2.0,23.0,16.0,522.0,2021.0,0.49515236544398294,0.794095961502415,1.7589347139920724,2022
Imran Tahir,3.0345301270121183,-0.013392682168718464,3.047922809180837,2.812078340325383,3.0,21.0,10.0,476.0,2021.0,-0.0825205375502596,3.165870702220488,-0.048820037658109716,2022
NM Coulter-Nile,2.92964321648147,-0.024466130638218585,2.9541093471196884,2.1621907841599497,2.0,12.0,20.0,276.0,2021.0,0.5565260771045251,0.8708848651256766,1.5022322742512684,2022
AB de Villiers,2.64782242307683,2.64782242307683,0.0,0.8653110852042684,3.0,43.0,784.0,0.0,2021.0,-0.36839165761352,-0.3880818867137421,3.4042959674040922,2022
SV Samson,2.639392154769591,2.639392154769591,0.0,0.9868405063698746,3.0,40.0,820.0,0.0,2021.0,-1.0528088020738329,2.499523071320848,1.1926778855225761,2022
S Dhawan,2.612934288338704,2.612934288338704,0.0,0.8331488788015738,3.0,49.0,1282.0,0.0,2021.0,1.1018137907575016,1.5264059371476393,-0.01528543956643644,2022
Ishan Kishan,2.5758704239157275,2.5758704239157275,0.0,3.444849726177989,3.0,31.0,634.0,0.0,2021.0,2.084078412173137,0.2245601660135412,0.2672318457290495,2022
YS Chahal,2.470636739928941,-0.16969952763354693,2.6403362675624877,1.5467882705538003,3.0,44.0,46.0,957.0,2021.0,-0.43817940576069914,2.3482581906087043,0.5605579550809356,2022
CA Lynn,2.3760941769132398,2.3760941769132398,0.0,0.6685706570387063,2.0,14.0,325.0,0.0,2021.0,0.6708652458080437,1.7740144469133636,-0.06878551580816747,2022
MK Pandey,2.3691576096570732,2.3691576096570732,0.0,0.9443733200685396,3.0,36.0,832.0,0.0,2021.0,2.1293771597215043,0.37261257529822966,-0.13283212536266067,2022
MC Henriques,2.2798390805111826,-0.584517585563136,2.8643566660743187,,1.0,5.0,32.0,60.0,2021.0,0.9649796418171396,1.0778881586929767,0.2369712800010661,2022
AR Patel,2.2197384648154745,-0.568000208049547,2.7877386728650215,1.2604811842678303,3.0,41.0,219.0,888.0,2021.0,0.4421682675494098,1.6228660284069694,0.15470416885909483,2022
GJ Maxwell,1.992085842950254,2.654796018536349,-0.6627101755860954,3.420742430651367,2.0,28.0,462.0,222.0,2021.0,0.01852048103971138,1.5728314898358238,0.4007338720747188,2022
DA Warner,1.87492903604524,1.875074459657374,-0.00014542361213410048,5.498433246369357,3.0,36.0,1069.0,1.0,2021.0,0.9761953077066332,0.8494101930526533,0.04932353528595328,2022
Shivam Mavi,1.8747940855756815,-0.11694877791357165,1.9917428634892531,0.4441449658006198,2.0,17.0,34.0,349.0,2021.0,0.8413513338196339,1.2594499877024783,-0.2260072359464304,2022
LH Ferguson,1.7012545331902182,0.022059516279231382,1.6791950169109868,3.5559323215266807,3.0,18.0,40.0,401.0,2021.0,1.2967328303563235,0.11270097246964472,0.2918207303642498,2022
RA Jadeja,1.6714705499413283,0.9843760930441777,0.6870944568971509,1.7915025314038397,3.0,46.0,379.0,836.0,2021.0,-0.17395383893749583,0.23829940457417664,1.6071249843046476,2022
O Thomas,1.6055394504776428,0.0,1.6055394504776428,,1.0,4.0,0.0,60.0,2019.0,0.41383076875020847,0.872537079670076,0.3191716020573586,2022
TA Boult,1.55418592117559,-0.00612440243809451,1.5603103236136842,3.5132850752265408,3.0,34.0,9.0,766.0,2021.0,2.1192943113401452,0.28847178362654835,-0.8535801737911037,2022
RR Pant,1.5168731113679503,1.5168731113679503,0.0,2.447456562408748,3.0,46.0,927.0,0.0,2021.0,0.2730322401103791,0.36305077996531027,0.8807900912922612,2022
CH Gayle,1.4205998563104034,1.4159502045494212,0.004649651760982255,2.0004408803334504,3.0,30.0,683.0,5.0,2021.0,0.8289991254447571,0.217240257615665,0.37436047324998145,2022
SA Yadav,1.39444663432881,1.39444663432881,0.0,0.9437508058501595,3.0,46.0,876.0,0.0,2021.0,0.27151858500132553,0.52577468902712,0.5971533603003646,2022
JO Holder,1.3804993568633956,-0.4419732456239003,1.822472602487296,0.5538410517428186,2.0,15.0,125.0,359.0,2021.0,-0.19874754170747666,0.7226092269507618,0.8566376716201106,2022
KS Bharat,1.379509522609282,1.379509522609282,0.0,,1.0,8.0,156.0,0.0,2021.0,1.0670341780935186,-0.06797366409483811,0.3804490086106016,2022
A Mishra,1.3521907433735774,-0.04404084358780827,1.3962315869613855,0.9249463273681905,3.0,18.0,24.0,384.0,2021.0,-0.248578182256208,1.545468874471187,0.0553000511585984,2022
AD Russell,1.3244991614344221,2.2643271193229397,-0.939827957888518,3.6729342105585805,3.0,34.0,450.0,403.0,2021.0,0.015835905611439383,0.3169609849201081,0.9917022709028745,2022
KA Pollard,1.3228476133031963,1.3929344023877492,-0.07008678908455288,0.14552012832365568,3.0,46.0,483.0,205.0,2021.0,0.0010740468097370118,0.05774905610729708,1.2640245103861623,2022
MM Ali,1.2985364187391046,0.5211357790138132,0.7774006397252914,1.6136243443823874,3.0,29.0,409.0,332.0,2021.0,-0.6526495318343059,1.312158673602542,0.6390272769708685,2022
MJ Santner,1.2605122284603816,0.03613021178763437,1.2243820166727473,1.5725744592886197,2.0,6.0,23.0,126.0,2020.0,-0.5446563367281636,1.2578131188065675,0.5473554463819775,2022
Avesh Khan,1.142881238976674,-0.002035302071806981,1.144916541048481,3.0723186766313626,3.0,18.0,6.0,408.0,2021.0,0.6120512146271706,0.2532056517221305,0.277624372627373,2022
RD Chahar,1.0703054994306211,-0.08621114939284436,1.1565166488234657,2.0942658801873133,3.0,39.0,30.0,858.0,2021.0,0.10891383615395545,0.8161454110024707,0.14524625227419494,2022
Mohammed Siraj,0.9941699618895383,-0.15405462962965727,1.1482245915191953,2.455968869501114,3.0,33.0,54.0,644.0,2021.0,0.988288935777704,-0.07469346869998647,0.08057449481182072,2022
SO Hetmyer,0.9907310559428752,0.9907310559428752,0.0,1.229673178353283,3.0,31.0,342.0,0.0,2021.0,-0.1739082865516124,0.4777127025139912,0.6869266399804963,2022
PP Shaw,0.9080821033808997,0.9080821033808997,0.0,3.000346520033681,3.0,44.0,732.0,0.0,2021.0,0.6602502667331218,0.36104514673981614,-0.11321331009203872,2022
Q de Kock,0.8943724752436314,0.8943724752436314,0.0,1.5891624718738016,3.0,43.0,1012.0,0.0,2021.0,1.19577795515825,-0.3036668014465632,0.002261321531944624,2022
DL Chahar,0.8823678422723026,-0.0354512214293847,0.9178190637016872,2.3886692895198123,3.0,46.0,22.0,1023.0,2021.0,0.7194273355696659,-0.3798207904622724,0.5427612971649094,2022
DJ Bravo,0.7673418587288654,0.054727054637487144,0.7126148040913782,1.1705413918299,3.0,29.0,90.0,575.0,2021.0,0.016304748697578943,-0.2589835711505847,1.0100206811818713,2022
K Rabada,0.7191265288766859,-0.1243089730870136,0.8434355019636995,1.837699247843912,3.0,44.0,70.0,1012.0,2021.0,-0.19926394815469328,0.668998205720227,0.24939227131115205,2022
AK Markram,0.6954302946462638,0.7378505574927715,-0.04242026284650766,,1.0,6.0,119.0,24.0,2021.0,-0.2535910226948035,0.9307895539012805,0.01823176343978686,2022
HH Pandya,0.6937152094608927,0.971033431342375,-0.2773182218814822,1.588905253581713,3.0,42.0,479.0,255.0,2021.0,-0.051084724028725714,0.08020717668834959,0.664592756801269,2022
Arshdeep Singh,0.6596471551505493,-0.007655631278225222,0.6673027864287745,2.5994187585097537,3.0,23.0,6.0,457.0,2021.0,1.1712166754692952,-0.6466050221794499,0.13503550186070384,2022
SS Tiwary,0.602766656807683,0.602766656807683,0.0,0.5911888334767019,2.0,12.0,177.0,0.0,2021.0,0.33387164565619765,0.09268158853270503,0.17621342261878045,2022
E Lewis,0.5970455284727464,0.5970455284727464,0.0,1.655248690371928,2.0,8.0,145.0,0.0,2021.0,1.4263863696020314,-0.829340841129285,0.0,2022
D Padikkal,0.568086885827833,0.568086885827833,0.0,1.118531817653807,2.0,29.0,707.0,0.0,2021.0,0.4275475113646937,0.34937114567512106,-0.20883177121198201,2022
RA Tripathi,0.5026874507972336,0.5026874507972336,0.0,1.4945281201195975,3.0,36.0,582.0,0.0,2021.0,-0.19682666859576162,1.270682873647655,-0.5711687542546596,2022
Mohammed Shami,0.47567187805326744,-0.05366568516778423,0.5293375632210516,0.8104049136123014,3.0,42.0,22.0,962.0,2021.0,0.5864070460027152,0.018572553872990782,-0.12930772182243838,2022
N Rana,0.4471463045488403,0.49012736396411005,-0.04298105941526971,1.0720800459533846,3.0,45.0,803.0,72.0,2021.0,-0.6725715873227356,0.8583081703827444,0.26140972148883146,2022
N Pooran,0.41956024144599346,0.41956024144599346,0.0,2.0129396234691286,3.0,33.0,391.0,0.0,2021.0,-0.18383881833263416,0.6359718589324733,-0.03257279915384559,2022
Shahbaz Ahmed,0.4141171161902327,-0.3692826862864127,0.7833998024766455,0.09833096631624971,2.0,13.0,54.0,120.0,2021.0,-0.057730321234631087,0.1465428314282905,0.32530460599657335,2022
SP Narine,0.38589457331997545,-0.937223659413859,1.3231182327338342,2.439132106265102,3.0,36.0,218.0,830.0,2021.0,-1.995491876578466,1.6987051129847328,0.6826813369137087,2022
Harbhajan Singh,0.355021830277928,-0.012615553115788276,0.36763738339371654,4.091275945323412,2.0,14.0,7.0,306.0,2021.0,0.549557250379112,0.1445515338130583,-0.3390869539142421,2022
PA Patel,0.2996188657852917,0.2996188657852917,0.0,,1.0,14.0,268.0,0.0,2019.0,1.027431140104103,-0.34099380518871575,-0.38681846913009543,2022
STR Binny,0.2808719849976632,0.1364143615164195,0.1444576234812437,,1.0,8.0,40.0,42.0,2019.0,0.15902736408175208,-0.41016730128427786,0.532011922200189,2022
B Kumar,0.27042821758250174,-0.10697085665101072,0.3773990742335125,1.2589817092329105,3.0,30.0,51.0,691.0,2021.0,1.9429103645701629,-0.6727519426822259,-0.9997302043054351,2022
HV Patel,0.24514932763962194,-0.2352631633074691,0.48041249094709104,1.8069562133794201,3.0,22.0,72.0,476.0,2021.0,-0.04277822211352028,0.040640895495258955,0.2472866542578832,2022
MK Lomror,0.21890037368765358,0.03189703402377797,0.18700333966387564,0.7241921883852395,3.0,9.0,130.0,42.0,2021.0,0.23195482124674538,-0.4361389972839498,0.42308454972485804,2022
RG Sharma,0.19311647154925612,0.2050721110408482,-0.011955639491592063,0.7041781094520054,3.0,40.0,874.0,7.0,2021.0,0.10168239028361681,0.28901198023109254,-0.19757789896545302,2022
M Shahrukh Khan,0.1921880703615161,0.1921880703615161,0.0,,1.0,11.0,114.0,0.0,2021.0,-0.17842251336852355,-0.023754861405966603,0.39436544513600624,2022
V Kohli,0.1471502047880293,0.1471502047880293,0.0,1.097340867637296,3.0,44.0,1051.0,0.0,2021.0,0.4018733167777804,-0.5806309514847626,0.32590783949501156,2022
KS Williamson,0.036874757914076614,0.06246931364967827,-0.025594555735601685,1.0664175384698698,3.0,31.0,602.0,12.0,2021.0,0.4480131202474597,-1.2631150573588064,0.8519766950254235,2022
RV Uthappa,0.01757760862513469,0.01757760862513469,0.0,1.730851164065869,3.0,28.0,493.0,0.0,2021.0,1.0534415104486583,-0.8529097646805128,-0.18295413714301065,2022
R Ashwin,0.002345348379309775,-0.26125122298359776,0.2635965713629074,1.8541689987847079,3.0,42.0,104.0,904.0,2021.0,0.3703247272460152,-0.583059335207446,0.21507995634074079,2022
S Lamichhane,-0.011422885459324933,-0.004482323747576705,-0.0069405617117482285,,1.0,6.0,1.0,138.0,2019.0,0.31160442716447007,0.38527191180645876,-0.7082992244302537,2022
WP Saha,-0.04092262461164564,-0.04092262461164564,0.0,4.732873905652517,3.0,18.0,346.0,0.0,2021.0,0.3525084475331848,0.21498102404918218,-0.6084120961940129,2022
J Yadav,-0.05886346644755358,-0.005192623062246268,-0.053670843385307365,1.2159491309632964,3.0,9.0,26.0,186.0,2021.0,0.14095094193316948,-0.2728039003676919,0.07298949198696861,2022
Washington Sundar,-0.0712579610009677,-1.0183747605691433,0.9471167995681756,1.7215032211260424,3.0,24.0,145.0,450.0,2021.0,0.03073486887373922,0.0475253485042898,-0.14951817837899686,2022
JR Hazlewood,-0.08756335412330118,0.0,-0.08756335412330118,0.7236531106874915,2.0,12.0,0.0,270.0,2021.0,-0.4468730450341282,0.2405703998437399,0.11873929106708732,2022
AT Rayudu,-0.12133828981165562,-0.12133828981165562,0.0,3.0792024124231436,3.0,45.0,755.0,0.0,2021.0,-0.7043647765435904,0.1264665681929386,0.4565599185389961,2022
Yuvraj Singh,-0.1220778140099712,-0.1220778140099712,0.0,,1.0,4.0,75.0,0.0,2019.0,0.0,-0.4911818982703772,0.3691040842604061,2022
SN Khan,-0.15049692413815466,-0.14928039277245006,-0.0012165313657045802,0.49664096880657793,3.0,15.0,176.0,2.0,2021.0,0.04220986225901756,-0.07488002785610746,-0.11782675854106478,2022
JDS Neesham,-0.16693890680580514,-0.12026548894587827,-0.04667341785992685,2.4138447571767756,2.0,8.0,20.0,144.0,2021.0,-0.1617973308214156,0.7922003028563924,-0.7973418788407818,2022
Shubman Gill,-0.19731860832324505,-0.19731860832324505,0.0,0.7454616082468393,3.0,45.0,1013.0,0.0,2021.0,0.7073946597633146,-0.3279045554761214,-0.5768087126104383,2022
S Dube,-0.26415474840414,-0.1522241693201981,-0.111930579083942,0.3287494098399147,3.0,24.0,331.0,94.0,2021.0,-0.157192256972386,0.18577173584524434,-0.2927342272769984,2022
Abhishek Sharma,-0.2649323886823378,-0.4264842310506692,0.1615518423683314,0.5155503234469165,3.0,19.0,140.0,132.0,2021.0,0.14958578989258872,-0.09250669732696491,-0.32201148124796153,2022
JJ Roy,-0.28109163443495155,-0.28109163443495155,0.0,,1.0,5.0,121.0,0.0,2021.0,-0.7940003452445845,0.5129087108096329,0.0,2022
SN Thakur,-0.3334561983025739,-0.0874007314981885,-0.24605546680438542,0.5055906515125294,3.0,35.0,33.0,733.0,2021.0,0.2185846093135927,-0.5109720931809154,-0.041068714435251175,2022
YBK Jaiswal,-0.3681209204074103,-0.3681209204074103,0.0,1.6805170510602467,2.0,13.0,212.0,0.0,2021.0,-0.336649987713444,-0.03147093269396655,0.0,2022
JP Behrendorff,-0.3742429192992116,0.0,-0.3742429192992116,,1.0,5.0,0.0,114.0,2019.0,-1.1923022236109742,1.588291008630701,-0.7702317043189385,2022
Harpreet Brar,-0.4381723028349649,-0.22128441537938276,-0.21688788745558207,1.834468244826562,3.0,10.0,70.0,192.0,2021.0,-0.47816174616078067,0.24213930145709717,-0.20214985813128108,2022
MJ McClenaghan,-0.4482450526158464,-0.40955677484539277,-0.03868827777045364,,1.0,5.0,16.0,108.0,2019.0,-0.44273706039466715,0.20462674298356168,-0.210134735204741,2022
KK Ahmed,-0.4570695156500235,-0.007964158084651235,-0.4491053575653723,3.2072222492813682,3.0,23.0,5.0,525.0,2021.0,-0.564625841336666,-0.15795289240738797,0.2655092180940305,2022
C Munro,-0.4657436711001611,-0.4657436711001611,0.0,,1.0,4.0,70.0,0.0,2019.0,1.7002029035981878,-2.165946574698349,0.0,2022
DJ Hooda,-0.4857127439630202,-0.20044564393444708,-0.28526710002857314,0.38396418755022055,3.0,30.0,257.0,114.0,2021.0,0.17765761716281786,-0.3938019734151466,-0.2695683877106914,2022
KD Karthik,-0.4899162910612652,-0.4899162910612652,0.0,1.2597207209868062,3.0,45.0,477.0,0.0,2021.0,-0.2433944634118974,-0.7813862396156019,0.5348644119662342,2022
Abdul Samad,-0.5027812108466014,-0.1635246300452879,-0.3392565808013136,0.1570532620978626,2.0,23.0,152.0,48.0,2021.0,0.0,-0.3613195413196679,-0.14146166952693356,2022
Lalit Yadav,-0.5299221828689266,-1.208905313463854,0.6789831305949275,,1.0,7.0,73.0,84.0,2021.0,0.45839826502669584,-0.959130590665791,-0.02918985722983129,2022
Mohammad Nabi,-0.5457665607054532,-0.013877118336272825,-0.5318894423691805,3.3775711596653397,3.0,12.0,104.0,247.0,2021.0,0.5109839229312482,-1.3791162650328224,0.32236578139612104,2022
EJG Morgan,-0.5608410739918317,-0.5608410739918317,0.0,2.1476617293375564,2.0,31.0,441.0,0.0,2021.0,-0.0657264901799283,-0.9588846600686105,0.46377007625670685,2022
SS Cottrell,-0.6209318783889674,-0.01302800258384797,-0.6079038758051194,,1.0,6.0,2.0,120.0,2020.0,0.849434429930799,-0.07436723212475942,-1.3959990761950072,2022
T Natarajan,-0.6468199952065277,-0.00409736656965628,-0.6427226286368715,0.9512620957474098,2.0,18.0,5.0,425.0,2021.0,-0.8411025509146333,-0.283570111961152,0.4778526676692577,2022
AS Joseph,-0.6522740644063424,-0.11871579827867844,-0.533558266127664,,1.0,3.0,13.0,52.0,2019.0,0.043993376421255684,-2.032591675750012,1.3363242349224136,2022
MP Stoinis,-0.6838136735826239,0.1611301730180787,-0.8449438466007027,1.052917385889456,3.0,37.0,465.0,345.0,2021.0,0.10514828385913572,-0.7979926950791864,0.009030737637426579,2022
SE Rutherford,-0.6933270243413583,-0.42009929884876634,-0.273227725492592,,1.0,7.0,54.0,41.0,2019.0,0.0,-1.1412626308994875,0.44793560655812914,2022
S Sandeep Warrier,-0.7043439125715122,0.0,-0.7043439125715122,1.3892578996803209,3.0,5.0,0.0,102.0,2021.0,-0.5392684033777746,-0.1650755091937376,0.0,2022
Gurkeerat Singh,-0.721325735673127,-0.721325735673127,0.0,0.8777699007665192,2.0,11.0,150.0,0.0,2020.0,-0.4020107774399617,-0.07442329330007591,-0.24489166493308934,2022
BA Stokes,-0.7299789333247031,0.48461259482963426,-1.2145915281543374,1.5145471611099965,3.0,18.0,302.0,197.0,2021.0,-0.26906106492088866,-0.35877690570299203,-0.10214096270082257,2022
CJ Jordan,-0.7321133905232468,-0.14305100194270168,-0.5890623885805448,1.4849036136927165,2.0,13.0,52.0,261.0,2021.0,-1.1314265404487884,1.0779997727396773,-0.6786866228141354,2022
DA Miller,-0.7355164834041019,-0.7355164834041019,0.0,0.6735257375118008,3.0,20.0,277.0,0.0,2021.0,-0.7390125942393672,0.12694946360103934,-0.12345335276577409,2022
MS Dhoni,-0.7569865998262756,-0.7569865998262756,0.0,1.0781415034282968,3.0,45.0,588.0,0.0,2021.0,-0.19479001153877656,-0.6743315452455683,0.11213495695806917,2022
I Sharma,-0.7894324048837702,0.002137942403633385,-0.7915703472874036,1.9030680687745845,3.0,17.0,3.0,366.0,2021.0,0.8556206087761604,-1.176187574832152,-0.46886543882777854,2022
Mustafizur Rahman,-0.7898837932632496,-0.0766425831689584,-0.7132412100942912,,1.0,14.0,14.0,311.0,2021.0,-0.4671944168641897,0.6307624863163735,-0.9534518627154336,2022
Mandeep Singh,-0.810658103033971,-0.7920846526627427,-0.01857345037122827,0.5544630740485701,3.0,21.0,243.0,12.0,2021.0,-0.8068189855277625,0.08952131352516768,-0.09336043103137635,2022
P Negi,-0.858307025656242,-0.3189351687181187,-0.5393718569381232,,1.0,7.0,12.0,67.0,2019.0,-0.1453342841615457,0.09475718571187422,-0.8077299272065706,2022
V Shankar,-0.8585814749111378,-0.8594134084162632,0.0008319335051253929,0.5694117197466131,3.0,29.0,341.0,193.0,2021.0,-0.19936385141153018,-0.29026059867895226,-0.36895702482065534,2022
A Zampa,-0.8932878158029761,0.0,-0.8932878158029761,,1.0,3.0,0.0,66.0,2020.0,0.0,1.205611984631826,-2.0988998004348027,2022
PJ Cummins,-0.9247529974718568,0.22651855564463824,-1.151271553116495,0.4550933850765104,2.0,21.0,170.0,473.0,2021.0,0.05089714342731788,-1.2825861189089074,0.30693597800973244,2022
AM Rahane,-0.964057972674415,-0.964057972674415,0.0,1.7474436508051119,3.0,25.0,400.0,0.0,2021.0,-0.9883364591192838,0.15942951132115207,-0.13515102487628344,2022
HF Gurney,-0.9902675094080731,-0.030853195785975247,-0.9594143136220978,,1.0,8.0,5.0,162.0,2019.0,1.3811501336768304,-0.8422849327880304,-1.5291327102968728,2022
KMA Paul,-1.0182298359023767,-0.5316513333550963,-0.48657850254728047,,1.0,8.0,24.0,163.0,2019.0,-0.759306050145434,-0.05528200304145288,-0.20364178271549,2022
Shakib Al Hasan,-1.027016908229687,-0.5236530101646634,-0.5033638980650235,0.15351936054329074,2.0,11.0,58.0,221.0,2021.0,0.42274717189505606,-0.6052224580357706,-0.8445416220889723,2022
CH Morris,-1.0353701050173172,-0.34633647749637,-0.6890336275209473,2.640476321856665,3.0,29.0,107.0,634.0,2021.0,-0.6657092387461216,-1.1130301503637372,0.7433692840925415,2022
SK Raina,-1.0591452918392925,-1.0594334002764962,0.0002881084372035981,0.7608503204418189,2.0,29.0,442.0,6.0,2021.0,-0.7105244253181154,-0.0020435813608336434,-0.34657728516034336,2022
SR Watson,-1.1253373968876164,-1.1253373968876164,0.0,1.284377067033321,2.0,28.0,559.0,0.0,2020.0,-2.6670552388004736,1.408904825017948,0.1328130168949095,2022
SS Iyer,-1.1410182596939433,-1.1410182596939433,0.0,1.4104994439200358,3.0,41.0,978.0,0.0,2021.0,-0.7318177278775229,-0.13126472894747865,-0.27793580286894176,2022
KV Sharma,-1.1543065550497829,0.0,-1.1543065550497829,0.16322340198233398,2.0,6.0,0.0,131.0,2020.0,0.0,-0.015893995686792284,-1.1384125593629908,2022
Sandeep Sharma,-1.161694354652108,-0.04614204301887566,-1.1155523116332322,3.4040882418817113,3.0,31.0,25.0,709.0,2021.0,-0.19268555700118584,-0.8935499052659333,-0.07545889238498849,2022
LS Livingstone,-1.1842256585679352,-1.1616405956165266,-0.022585062951408524,1.0807620658548032,2.0,9.0,89.0,6.0,2021.0,-0.6683534066009462,-0.29362413036082485,-0.22224812160616403,2022
Umran Malik,-1.2099468871574364,0.0,-1.2099468871574364,,1.0,3.0,0.0,72.0,2021.0,-1.832379742387296,1.5240429390405554,-0.9016100838106956,2022
CA Ingram,-1.2468094461810435,-1.2468094461810435,0.0,,1.0,12.0,154.0,0.0,2019.0,0.0872619449895713,-1.0374263166846636,-0.2966450744859511,2022
KH Pandya,-1.2726171417721726,-0.837521763712139,-0.43509537806003357,1.2196087020949984,3.0,45.0,365.0,776.0,2021.0,0.8655093180913896,-2.1899505111558213,0.051824051292258894,2022
SPD Smith,-1.2800807050610368,-1.2800807050610368,0.0,0.4049685405251898,3.0,34.0,647.0,0.0,2021.0,-1.0582721417966037,-0.07253403434485228,-0.14927452891958087,2022
S Nadeem,-1.3017857312985543,-0.030626482978191594,-1.2711592483203629,0.7228890554956287,3.0,11.0,9.0,210.0,2021.0,-0.7525936577970587,-0.4754282721580107,-0.07376380134348501,2022
C Sakariya,-1.3397021384239762,-0.29886933656734394,-1.0408328018566324,,1.0,14.0,25.0,312.0,2021.0,-0.21728921575431948,-0.2294225863163787,-0.8929903363532783,2022
R Parag,-1.367481419976134,-0.8423080235155282,-0.5251733964606058,0.4628946406468106,3.0,30.0,286.0,133.0,2021.0,-0.1282992989024819,-1.1629372023841515,-0.07624491868950065,2022
M Ashwin,-1.4186609159922088,-0.47216569574257833,-0.9464952202496304,1.9350834499201361,3.0,22.0,33.0,459.0,2021.0,-0.34012653027550266,-0.4866607293837541,-0.5918736563329519,2022
KM Jadhav,-1.4401746211013318,-1.4401746211013318,0.0,1.1061197921241195,3.0,28.0,287.0,0.0,2021.0,-0.31378315386660127,-0.6560278653928372,-0.4703636018418936,2022
TG Southee,-1.5063700733510017,-0.07686662913995823,-1.4295034442110437,2.5583466286469094,2.0,6.0,14.0,126.0,2021.0,-0.9249887804386735,-0.539158263734529,-0.04222302917779919,2022
GC Viljoen,-1.5135563468596873,-0.0981008040298359,-1.4154555428298514,,1.0,6.0,7.0,138.0,2019.0,0.2644081092056494,0.4324803071981602,-2.2104447632634967,2022
PK Garg,-1.5179357151980808,-1.5179357151980808,0.0,0.22646690225403654,2.0,19.0,185.0,0.0,2021.0,-0.24831098509252453,-1.148653897975028,-0.12097083213052831,2022
PP Chawla,-1.6054238846965014,-0.07943008619152259,-1.525993798504979,0.9921043088483892,3.0,21.0,39.0,417.0,2021.0,-0.7107766407853152,-0.6890473728897686,-0.2055998710214177,2022
NA Saini,-1.624329661121853,-0.1830373943698252,-1.4412922667520278,0.35819582958632723,3.0,27.0,35.0,574.0,2021.0,-0.7256780147978303,-0.9248129155955033,0.026161269271480256,2022
DR Sams,-1.6444064221779093,-0.05866662447585702,-1.5857397977020522,2.3632117277771636,2.0,5.0,8.0,108.0,2021.0,-0.8149805084262994,-0.1963205019351179,-0.6331054118164918,2022
KL Nagarkoti,-1.681239056842938,-0.25393998010357194,-1.427299076739366,0.5597117883233224,2.0,11.0,33.0,168.0,2021.0,-0.20466488274733788,-1.1120955698931252,-0.36447860420247497,2022
AJ Finch,-1.7181257406044599,-1.7181257406044599,0.0,,1.0,12.0,241.0,0.0,2020.0,0.06989459416517492,-1.7880203347696348,0.0,2022
JR Philippe,-1.7224086022594944,-1.7224086022594944,0.0,,1.0,5.0,77.0,0.0,2020.0,-1.1202879204008558,-0.449824083176634,-0.15229659868200446,2022
JL Pattinson,-1.7331213360196125,-0.05848438529744082,-1.6746369507221717,,1.0,10.0,13.0,213.0,2020.0,-1.042534256730043,-1.1077433578002316,0.4171562785106623,2022
S Gopal,-1.7599090799870605,-0.13982959177294157,-1.620079488214119,4.052118113559439,3.0,31.0,90.0,630.0,2021.0,0.05573308882069172,-1.9744911770241944,0.1588490082164426,2022
RM Patidar,-1.7739561192750894,-1.7739561192750894,0.0,,1.0,4.0,62.0,0.0,2021.0,-2.0935069154042685,0.31955079612917925,0.0,2022
R Tewatia,-1.798537064509852,-0.626622343354504,-1.171914721155348,2.6873011647230136,3.0,33.0,352.0,536.0,2021.0,-0.011846763407070894,-1.7290909792019105,-0.05759932190087036,2022
J Suchith,-1.9253649682711664,-0.2715664528503626,-1.653798515420804,2.0586537580625346,2.0,3.0,21.0,66.0,2021.0,1.0833237784809833,-2.9647851880453087,-0.04390355870684161,2022
Kuldeep Yadav,-1.9844440215609187,-0.3043662695740768,-1.6800777519868422,1.3870137210923037,2.0,14.0,29.0,270.0,2020.0,0.0,-2.263316233176965,0.2788722116160461,2022
NT Ellis,-1.9879142333234183,-0.18432002029263386,-1.8035942130307845,,1.0,3.0,16.0,66.0,2021.0,-0.29434544080777486,-0.7279267996599559,-0.9656419928556875,2022
M Vijay,-2.0018231329705336,-2.0018231329705336,0.0,0.9569117254784955,2.0,5.0,104.0,0.0,2020.0,-0.24559104393817122,-1.7562320890323622,0.0,2022
FA Allen,-2.0081141130174682,-0.21123493178547284,-1.7968791812319953,,1.0,4.0,12.0,66.0,2021.0,-0.9455598171780811,-0.9114160072061632,-0.15113828863322407,2022
I Udana,-2.0848884790333093,-0.05605189538805305,-2.028836583645256,,1.0,10.0,11.0,174.0,2020.0,-2.025939143390297,-0.358454009007294,0.2995046733642816,2022
P Dubey,-2.1259057331577873,-0.39630005695407144,-1.7296056762037157,,1.0,3.0,13.0,48.0,2020.0,0.0,-1.5633919840787234,-0.5625137490790638,2022
KA Jamieson,-2.1645732603750028,-0.24912015658494965,-1.9154531037900533,,1.0,9.0,55.0,168.0,2021.0,-0.8823023340395234,0.57646579622643,-1.8587367225619098,2022
DT Christian,-2.1655377593945433,-0.8046140972362501,-1.3609236621582934,,1.0,9.0,24.0,100.0,2021.0,-0.7713507872928863,-1.2489717277983858,-0.1452152443032716,2022
AF Milne,-2.220103878152548,-0.2934953349172123,-1.9266085432353357,,1.0,4.0,17.0,84.0,2021.0,-0.8813878949686443,-0.32286701755402714,-1.0158489656298764,2022
Mujeeb Ur Rahman,-2.237956542296629,-0.0395051150049728,-2.198451427291656,2.749969329520044,3.0,8.0,8.0,186.0,2021.0,-1.1175998382338883,-1.0000442635409774,-0.1203124405217629,2022
DW Steyn,-2.2437713857488846,-0.006387572906185837,-2.237383812842699,5.727015319206627,2.0,5.0,2.0,118.0,2020.0,1.0372721670565905,-0.9034866491121388,-2.377556903693336,2022
GHS Garton,-2.260990733633803,-0.03251657765381806,-2.228474155979985,,1.0,5.0,4.0,90.0,2021.0,-3.6576771617561854,0.5719985883270575,0.8246878397953245,2022
L Ngidi,-2.2859179008104245,0.0,-2.2859179008104245,0.6644947896486243,2.0,7.0,0.0,168.0,2021.0,-0.7565810906145737,-0.43132444166717443,-1.0980123685286762,2022
Kartik Tyagi,-2.2889645265608207,-0.037304769896441284,-2.25165975666438,0.6963486216849606,2.0,14.0,10.0,313.0,2021.0,-1.4053902881635105,-0.7698738607657248,-0.11370037763158579,2022
S Kaul,-2.500787165378152,-0.010299885286728384,-2.4904872800914237,1.008976987829861,3.0,16.0,9.0,366.0,2021.0,-1.479621061349081,-1.0428490654051072,0.021682961376036314,2022
JD Unadkat,-2.5694025009158654,-0.08079668047417249,-2.4886058204416925,2.0201526599808024,3.0,24.0,45.0,494.0,2021.0,0.2935444897705267,-1.8287278135308347,-1.0342191771555571,2022
TK Curran,-2.637376920452449,0.06779502001096371,-2.7051719404634125,2.226670337618387,2.0,8.0,79.0,177.0,2021.0,-0.5381371347508513,0.7227314631306516,-2.8219712488322486,2022
C de Grandhomme,-2.715201880821832,-1.5551997538933058,-1.1600021269285261,,1.0,4.0,49.0,30.0,2019.0,0.0,-1.1696262634818997,-1.545575617339932,2022
DS Kulkarni,-2.90381976516763,0.0005950069489712348,-2.904414772116602,1.6247706981175303,3.0,12.0,5.0,252.0,2021.0,-1.0319328669035697,-0.3331755700120411,-1.5387113282520195,2022
M Prasidh Krishna,-2.9208376718476075,-0.008973294512958505,-2.911864377334649,1.0140654959340063,3.0,27.0,7.0,578.0,2021.0,-1.728135226246477,0.076354682035004,-1.2690571276361344,2022
SM Curran,-3.0062290849655398,-0.003846804906203233,-3.0023822800593365,1.3105334027002693,3.0,32.0,225.0,648.0,2021.0,-0.9737857422994356,-1.0537490375036798,-0.9786943051624244,2022
Basil Thampi,-3.0108276344442753,-0.000478377775690369,-3.0103492566685848,0.43052611989746925,2.0,4.0,1.0,96.0,2020.0,-1.0327992105834638,-0.5200042538570523,-1.4580241700037593,2022
K Gowtham,-3.168946518670344,0.232148351619823,-3.4010948702901667,0.06054841024132318,2.0,9.0,46.0,168.0,2020.0,-1.6974257927502072,-0.030986354477299763,-1.4405343714428376,2022
SL Malinga,-3.2992472802926587,0.0,-3.2992472802926587,,1.0,12.0,0.0,269.0,2019.0,-1.3909677191939185,-1.0568177358183757,-0.8514618252803644,2022
VR Aaron,-3.528735738751191,-0.2704389986235633,-3.2582967401276277,2.146549350460829,2.0,8.0,17.0,120.0,2020.0,-2.3844409644704414,-0.6876007656942694,-0.456694008586481,2022
RP Meredith,-3.671330020086406,0.0,-3.671330020086406,,1.0,5.0,0.0,102.0,2021.0,-1.0277504664935224,-0.6220239290563789,-2.021555624536505,2022
AJ Tye,-3.965697474718643,-0.169604926533007,-3.7960925481856362,0.7633824998612149,2.0,7.0,8.0,156.0,2020.0,-0.8598851727784811,-1.4592674066410445,-1.646544895299117,2022
UT Yadav,-5.032904195714419,-0.12119107770304985,-4.91171311801137,1.0070290566840117,2.0,13.0,27.0,269.0,2020.0,-1.861501583987552,-2.2248251656032996,-0.9465774461235679,2022
JA Richardson,-5.18772017602117,-0.8820060058992776,-4.305714170121893,,1.0,3.0,24.0,66.0,2021.0,-1.8118154264533775,-2.137088939539818,-1.2388158100279758,2022
TU Deshpande,-5.595556869608746,0.027103679497786207,-5.6226605491065325,,1.0,5.0,12.0,102.0,2020.0,-1.87107392606765,-3.1854465710436597,-0.5390363724974356,2022
AS Rajpoot,-5.9788247226839975,-0.05816221454796214,-5.9206625081360365,0.8404224743358082,2.0,10.0,10.0,198.0,2020.0,-4.576833848651841,-0.5956687990967949,-0.806322074935362,2022
JC Archer,9.052051632342083,0.14667299031417322,8.90537864202791,,1.0,14.0,63.0,334.0,2020.0,7.302124783350545,1.4339170418298521,0.31600980716168603,2023
Mohsin Khan,7.7561059229353955,-0.06555402898077477,7.82165995191617,,1.0,9.0,16.0,198.0,2022.0,4.540701694940673,2.06853749260083,1.1468667353938917,2023
JC Buttler,6.7083701767037,6.7083701767037,0.0,3.719969156963348,3.0,37.0,972.0,0.0,2022.0,2.0013094814110133,2.9943510107394298,1.7127096845532561,2023
KL Rahul,6.173347522266054,6.173347522266054,0.0,1.7219759783018067,3.0,42.0,1424.0,0.0,2022.0,1.4264709502666328,3.5213770352348983,1.2254995367645236,2023
Rashid Khan,5.309654670502544,-0.030382089359515363,5.340036759862061,2.3554005435702225,3.0,46.0,143.0,1103.0,2022.0,-0.49809859763142983,3.9338909388182,1.8738623293157743,2023
JJ Bumrah,4.519190987840007,-0.060452116848132974,4.579643104688141,2.6858581611006938,3.0,43.0,28.0,1010.0,2022.0,1.1799024568927563,0.8317371062303248,2.5075514247169264,2023
RM Patidar,4.392089755492266,4.392089755492266,0.0,4.932836699813884,2.0,12.0,280.0,0.0,2022.0,0.9692337837292893,2.32643547217102,1.0964204995919566,2023
M Theekshana,3.7149255351277795,-0.04724621909028338,3.762171754218063,,1.0,9.0,7.0,210.0,2022.0,1.8394463116670081,-0.37519896097146255,2.2506781844322346,2023
DP Conway,3.5694540876957563,3.5694540876957563,0.0,,1.0,7.0,173.0,0.0,2022.0,-0.484760201481276,3.9687790715836972,0.08543521759333439,2023
CR Woakes,3.48063260480026,0.01805110078126292,3.4625815040189973,,1.0,3.0,11.0,66.0,2021.0,4.620027871180778,0.0,-1.139395266380517,2023
SV Samson,3.0834369248957185,3.0834369248957185,0.0,0.6150460407825991,3.0,45.0,902.0,0.0,2022.0,0.8547881960562618,1.522157417482697,0.7064913113567597,2023
LS Livingstone,2.842573157596502,3.074114923206727,-0.23154176561022466,3.715501711608031,2.0,19.0,281.0,138.0,2022.0,0.8205409775279298,1.2865123752825258,0.7355198047860467,2023
YS Chahal,2.825228549848208,-0.0982483353659615,2.9234768852141695,1.3408111105331662,3.0,47.0,38.0,1069.0,2022.0,-0.34103266235049634,2.0283722040866,1.1378890081121045,2023
SA Yadav,2.7941523059165907,2.7941523059165907,0.0,1.3896640704911074,3.0,38.0,760.0,0.0,2022.0,0.9845519678061354,0.689874326686376,1.1197260114240792,2023
DA Warner,2.6510507355982287,2.6511476846729845,-9.694907475606699e-05,3.464157299374611,3.0,36.0,875.0,1.0,2022.0,1.524883480505717,1.2522917299242513,-0.1261244748317392,2023
RA Tripathi,2.6187916578220842,2.6187916578220842,0.0,2.5226663616556264,3.0,42.0,725.0,0.0,2022.0,0.5439118857038117,1.902430021702619,0.1724497504156538,2023
SP Narine,2.6021373358647337,-0.78556342257548,3.387700758440214,3.5334220963247946,3.0,38.0,172.0,900.0,2022.0,-2.5115800269206083,3.2504150132161866,1.8633023495691554,2023
GJ Maxwell,2.5961197720795326,2.3025270684026733,0.29359270367685963,2.985017802283087,3.0,41.0,640.0,366.0,2022.0,0.9639483609285232,0.8414288355822396,0.79074257556877,2023
AB de Villiers,2.521923637423673,2.521923637423673,0.0,0.9955186467489798,2.0,30.0,497.0,0.0,2021.0,-0.09427598123686827,-0.7854363587485719,3.401635977409114,2023
Ishan Kishan,2.3900395482178283,2.3900395482178283,0.0,2.3976250017728176,3.0,38.0,882.0,0.0,2022.0,2.2310493234696462,-0.3349491059606473,0.49393933070882934,2023
F du Plessis,2.3716273798026286,2.3716273798026286,0.0,1.996983364952379,3.0,45.0,1144.0,0.0,2022.0,0.36455506218489686,1.1315853467879033,0.8754869708298284,2023
MC Henriques,2.2798390805111826,-0.584517585563136,2.8643566660743187,,1.0,5.0,32.0,60.0,2021.0,0.9649796418171396,1.0778881586929767,0.2369712800010661,2023
PP Shaw,2.277420630312676,2.277420630312676,0.0,2.738673809430939,3.0,38.0,653.0,0.0,2022.0,2.309790153618432,0.03097709741725263,-0.06334662072300919,2023
Q de Kock,2.2676187726380914,2.2676187726380914,0.0,1.9464349667466394,3.0,42.0,955.0,0.0,2022.0,0.8336712974926286,0.5768540502857831,0.8570934248596798,2023
S Dhawan,2.1490753228572212,2.1490753228572212,0.0,0.9332614679973059,3.0,47.0,1273.0,0.0,2022.0,1.0051043948084788,0.9047149153337277,0.23925601271501476,2023
JM Bairstow,1.985273544936528,1.985273544936528,0.0,1.1514783923697247,3.0,29.0,622.0,0.0,2022.0,2.8814740894174573,-0.4562592749342155,-0.4399412695467142,2023
Imran Tahir,1.9718775158595891,-0.01785690955829129,1.9897344254178804,1.5657017984320432,2.0,4.0,10.0,90.0,2021.0,-0.007758953041249502,2.1273758792782123,-0.14773941037737354,2023
Avesh Khan,1.96782029381672,-0.004551607987141423,1.9723719018038612,2.9079430253111624,3.0,30.0,16.0,676.0,2022.0,1.180387100907521,1.046039928462483,-0.25860673555328395,2023
A Nortje,1.9241999217399375,-0.03339894439081186,1.9575988661307495,3.915144102601223,3.0,30.0,12.0,682.0,2022.0,1.228193245513973,-0.5284901043332952,1.2244967805592597,2023
LH Ferguson,1.8596532925727378,0.00778431179426383,1.8518689807784738,1.387972079969252,3.0,26.0,44.0,585.0,2022.0,2.10556893190779,-0.17871349517899676,-0.06720214415605519,2023
TH David,1.8132141351481077,1.8132141351481077,0.0,1.5429627608908134,2.0,9.0,89.0,0.0,2022.0,0.0,0.2878610149903656,1.5253531201577424,2023
AD Russell,1.805267875112546,1.8521496394429868,-0.046881764330441,2.0920083982520756,3.0,34.0,393.0,391.0,2022.0,0.6617105039713984,1.3370880690452256,-0.19353069790407826,2023
HV Patel,1.7862869576161886,-0.33920395800107733,2.125490915617266,2.400794125035992,3.0,35.0,109.0,749.0,2022.0,-0.36725593555293345,1.26176058775891,0.8917823054102126,2023
MM Ali,1.740332787536451,0.339298849649787,1.4010339378866639,1.6091255434130278,3.0,28.0,453.0,325.0,2022.0,0.5832739034755265,1.0549221023402549,0.1021367817206697,2023
TG Southee,1.6703753306570543,-0.20421107018822032,1.8745864008452748,1.3718664358250003,2.0,12.0,17.0,282.0,2022.0,0.7386508396663237,0.15894097791490108,0.77278351307583,2023
HH Pandya,1.6374564955184705,1.229053797740402,0.4084026977780686,1.6652263102742908,3.0,41.0,640.0,183.0,2022.0,0.801454553237973,0.8114460790660345,0.024555863214462903,2023
AK Markram,1.6100860225474527,1.8268966610369726,-0.21681063848951973,0.7317245823209513,2.0,20.0,393.0,60.0,2022.0,-0.041242550255378485,0.7430316711813374,0.9082969016214939,2023
MA Agarwal,1.5373669564013506,1.5373669564013506,0.0,3.2707428438599444,3.0,36.0,745.0,0.0,2022.0,0.5039280017695316,0.4786104502726243,0.5548285043591945,2023
TA Boult,1.4968218534482987,-0.04279281464197317,1.539614668090272,3.021123713708593,3.0,45.0,34.0,1024.0,2022.0,2.1367358901736515,0.4993075156294417,-1.1392215523547944,2023
K Kartikeya,1.4880597821589914,-0.06209067312397789,1.5501504552829692,,1.0,4.0,5.0,78.0,2022.0,0.12222384438260493,1.4279266109003643,-0.06209067312397789,2023
RD Gaikwad,1.4716997545315091,1.4716997545315091,0.0,2.1497170621806188,3.0,36.0,926.0,0.0,2022.0,-0.6314286407859611,1.814885909360144,0.28824248595732616,2023
Arshdeep Singh,1.4705449438491922,-0.18525788984391875,1.655802833693111,1.476327962475088,3.0,34.0,35.0,697.0,2022.0,0.5634540918416934,-0.08625906380237339,0.9933499158098723,2023
AR Patel,1.449259847725135,-0.1679247487485251,1.6171845964736602,1.2394796479605033,3.0,40.0,251.0,840.0,2022.0,0.531840475732689,0.4399084084960177,0.4775109634964282,2023
JM Sharma,1.4403642618181003,1.4403642618181003,0.0,,1.0,12.0,143.0,0.0,2022.0,0.013783816633748325,0.5761069241294657,0.8504735210548862,2023
JR Hazlewood,1.4375168822461541,-0.1173961130789057,1.5549129953250598,1.4603862623734152,3.0,24.0,26.0,549.0,2022.0,0.7673623060803387,0.6363263745882786,0.03382820157753687,2023
DJ Hooda,1.4195730320598032,1.6351462913097405,-0.2155732592499373,1.7272122108696502,3.0,34.0,524.0,126.0,2022.0,0.9002886590072672,1.1729144295966965,-0.6536300565441598,2023
RR Pant,1.3535882819564726,1.3535882819564726,0.0,1.4658794743310484,3.0,44.0,851.0,0.0,2022.0,0.6735392351645595,-0.03037790915216895,0.7104269559440819,2023
R Sai Kishore,1.3371375305406246,0.0,1.3371375305406246,,1.0,5.0,0.0,96.0,2022.0,0.0,1.1035671406900767,0.23357038985054787,2023
PWH de Silva,1.313331494476379,-0.30697241015274634,1.6203039046291257,3.254806014628331,2.0,18.0,45.0,378.0,2022.0,-1.0439035243818606,1.919327896768055,0.4379071220901848,2023
SO Hetmyer,1.25974611349301,1.25974611349301,0.0,0.7348135817710292,3.0,41.0,473.0,0.0,2022.0,-0.0666953222011004,0.00293790924999493,1.3235035264441155,2023
K Rabada,1.2239346697006905,-0.31999700851509516,1.5439316782157857,1.2012591680555742,3.0,45.0,98.0,1018.0,2022.0,0.6252599641125774,0.22161595218011076,0.377058753408002,2023
Mohammed Shami,1.1683394214250886,-0.0319498372497423,1.2002892586748308,0.7095137868098232,3.0,44.0,20.0,1004.0,2022.0,1.8288436672484207,-0.38474470699001295,-0.27575953883331933,2023
Abhishek Sharma,1.0357075640257918,1.0127724171739318,0.022935146851859725,1.4011130709724138,3.0,30.0,451.0,144.0,2022.0,1.0772959050603719,0.4535753716686163,-0.49516371270319637,2023
S Dube,0.9930101030953421,1.1475988428436574,-0.15458873974831538,1.1901279375394063,3.0,31.0,483.0,96.0,2022.0,-0.008033805656067053,0.790601018967834,0.21044288978357517,2023
A Mishra,0.959890689703067,0.0,0.959890689703067,0.028180285995930587,2.0,7.0,0.0,144.0,2021.0,-0.2982938187074496,1.0971541280718744,0.1610303803386422,2023
UT Yadav,0.9544849271965032,-0.17404465332443492,1.1285295805209379,4.755108657780693,2.0,14.0,42.0,330.0,2022.0,1.1694647676480092,0.16488434500590643,-0.379864185457413,2023
Shubman Gill,0.9286013379375813,0.9286013379375813,0.0,1.0774745586963275,3.0,47.0,1140.0,0.0,2022.0,0.8759412503418056,0.3610645703907948,-0.3084044827950193,2023
DA Miller,0.9231766118793747,0.9231766118793747,0.0,1.7281403962868762,3.0,26.0,450.0,0.0,2022.0,-0.32394404019714795,0.6134292190978806,0.6336914329786419,2023
MR Marsh,0.9128008520434939,0.9785448761717679,-0.06574402412827389,0.7207014398330157,2.0,9.0,190.0,76.0,2022.0,1.0780856700862262,-0.03632890358665204,-0.12895591445608026,2023
CV Varun,0.862766531628268,-0.10817464894278386,0.9709411805710519,3.2593079990736697,3.0,41.0,37.0,954.0,2022.0,0.04295224379361573,0.6063755668471745,0.21343872098747724,2023
DJ Bravo,0.862739665124233,-0.06992973387496909,0.9326693989992021,1.130217786555191,3.0,27.0,48.0,534.0,2022.0,-0.30844691924507484,0.00327113534052606,1.1679154490287817,2023
CH Gayle,0.8459935575983977,0.8397940219170879,0.006199535681309674,1.8031109004258852,2.0,17.0,364.0,5.0,2021.0,0.8867891484871352,-0.33488108609076706,0.29408549520202953,2023
KD Karthik,0.8230283712260078,0.8230283712260078,0.0,1.884317109205984,3.0,47.0,484.0,0.0,2022.0,-0.13102821053520516,-0.4585302914535187,1.4125868732147315,2023
PBB Rajapaksa,0.7665794965810152,0.7665794965810152,0.0,,1.0,9.0,129.0,0.0,2022.0,-0.11770833919483774,1.1841404387652836,-0.2998526029894309,2023
Ravi Bishnoi,0.7414146917161806,-0.02257745639131079,0.7639921481074915,2.427600415918478,3.0,37.0,17.0,846.0,2022.0,-0.08610543993629827,0.18334001310824513,0.6441801185442335,2023
Mustafizur Rahman,0.7306664258046336,-0.042456681510534736,0.7731231073151683,1.2164401752543066,2.0,22.0,19.0,503.0,2022.0,0.06072112591921364,0.2805832019214345,0.38936209796398563,2023
N Rana,0.7301366312636295,0.7775957154965191,-0.04745908423288957,0.715160941793167,3.0,45.0,819.0,36.0,2022.0,-0.04169025270250881,0.6522821493310347,0.11954473463510377,2023
Tilak Varma,0.724672594224265,0.7371606186363516,-0.012488024412086659,,1.0,14.0,303.0,12.0,2022.0,-0.6503544272075753,1.4212857027263925,-0.046258681294552406,2023
WP Saha,0.630097760808535,0.630097760808535,0.0,4.6488440543165455,3.0,24.0,552.0,0.0,2022.0,1.974338593132781,-0.8624231017044649,-0.4818177306197814,2023
SS Tiwary,0.573207215133848,0.573207215133848,0.0,0.5911888334767019,2.0,12.0,177.0,0.0,2021.0,0.3207102132778688,0.08420326380031971,0.1682937380556595,2023
B Kumar,0.5652054107469399,-0.1683858790571749,0.7335912898041148,1.2604997456717486,3.0,29.0,58.0,650.0,2022.0,0.893689317551062,-0.39876399127945483,0.07028008447533274,2023
N Pooran,0.5522995527802905,0.5522995527802905,0.0,1.9408731347686945,3.0,40.0,496.0,0.0,2022.0,-0.6123694743264592,0.7256879506796001,0.4389810764271494,2023
C Sakariya,0.5335957533153639,-0.11207600121275396,0.6456717545281179,1.498638313391472,2.0,17.0,25.0,378.0,2022.0,1.4220230191962557,-0.6497631546097773,-0.2386641112711146,2023
SS Iyer,0.5268055126969349,0.5225643660411396,0.00424114665579533,2.0561417951591614,3.0,39.0,890.0,6.0,2022.0,0.9011082192245599,-0.3281856225280094,-0.04611708399961534,2023
R Powell,0.5131984027960633,0.5490552340771889,-0.035856831281125635,,1.0,14.0,167.0,6.0,2022.0,0.0,-0.8084228828431266,1.3216212856391898,2023
D Brevis,0.4671100688200945,0.47210332203923905,-0.004993253219144583,,1.0,7.0,113.0,3.0,2022.0,0.5368700691412919,-0.06476674710205274,-0.004993253219144583,2023
AT Rayudu,0.44560965357375604,0.44560965357375604,0.0,0.6923052943966012,3.0,41.0,676.0,0.0,2022.0,-0.28886645179491277,0.34647093354488856,0.3880051718237802,2023
KK Ahmed,0.33509795971110967,-0.010049549138006611,0.34514750884911627,2.012386782081642,3.0,24.0,6.0,551.0,2022.0,0.2189048194330271,0.18793274298173834,-0.07173960270365563,2023
B Sai Sudharsan,0.30499319583395995,0.30499319583395995,0.0,,1.0,5.0,114.0,0.0,2022.0,-0.2643323725051097,0.22055770797243257,0.34876786036663704,2023
RK Singh,0.29630972399120087,0.29630972399120087,0.0,0.5536104250233287,2.0,8.0,128.0,0.0,2022.0,0.2080195663815205,-1.004414297861115,1.0927044554707952,2023
RD Chahar,0.1948975229650096,-0.5347274418563003,0.7296249648213099,0.4799081596241574,3.0,39.0,87.0,856.0,2022.0,-0.11924557620685275,0.009644880782652632,0.30449821838920976,2023
T Natarajan,0.1526661915992959,-0.00218526217048335,0.15485145376977927,0.9933363815417022,3.0,29.0,5.0,683.0,2022.0,0.3372491534656615,-0.09140904273643602,-0.09317391912992964,2023
KS Bharat,0.13639612250636568,0.13639612250636568,0.0,0.994490720082333,2.0,10.0,163.0,0.0,2022.0,0.019217868312954467,-0.025490124035564287,0.14266837822897557,2023
RV Uthappa,0.04716299336102389,0.04716299336102389,0.0,1.5617403201715656,3.0,28.0,419.0,0.0,2022.0,0.45122902867186915,-0.47942005646597113,0.07535402115512607,2023
YBK Jaiswal,0.038466857427899626,0.04029235369280271,-0.001825496264903054,1.5061188364977642,3.0,23.0,406.0,1.0,2022.0,0.4874207345045861,-0.44712838081178335,-0.001825496264903054,2023
R Ashwin,0.008381609807230295,-0.10988828478899762,0.11826989459622786,1.5272367843893195,3.0,45.0,211.0,976.0,2022.0,0.2360109338342909,-0.5643787898803301,0.33674946585326954,2023
Ramandeep Singh,-0.004926054797258161,-0.5881601297671862,0.5832340749699281,,1.0,5.0,40.0,36.0,2022.0,-0.004368819619465336,-0.6836372260999368,0.6830799909221441,2023
E Lewis,-0.027947895411270185,-0.027947895411270185,0.0,1.256679854705809,2.0,11.0,149.0,0.0,2022.0,-0.09189572093106957,-0.09770525755933208,0.16165308307913154,2023
Kuldeep Yadav,-0.029747762372036107,-0.5073664488684744,0.4776186864964382,0.5915596976205277,2.0,19.0,73.0,370.0,2022.0,0.0,-0.6381131400236324,0.6083653776515963,2023
MK Pandey,-0.03154473710241357,-0.03154473710241357,0.0,2.411410721407923,3.0,30.0,649.0,0.0,2022.0,0.08887666082146661,-0.028843705916443807,-0.09157769200743622,2023
A Manohar,-0.04369721723508485,-0.04369721723508485,0.0,,1.0,8.0,75.0,0.0,2022.0,-0.4313363002192424,0.742926386172787,-0.3552873031886294,2023
MK Lomror,-0.05397801663378021,-0.1331682230730025,0.07919020643922231,0.7486753754389963,3.0,14.0,184.0,54.0,2022.0,-0.04900017707795706,-0.27113389610759436,0.26615605655177127,2023
SR Watson,-0.09783574326095959,-0.09783574326095959,0.0,,1.0,11.0,247.0,0.0,2020.0,-1.0886914306094297,1.334274291323589,-0.34341860397511875,2023
BA Stokes,-0.12902433790820894,0.8944553838568731,-1.023479721765082,0.6566780846841989,2.0,9.0,203.0,96.0,2021.0,-0.18511072417375962,-0.16790210689693272,0.22398849316248315,2023
DL Chahar,-0.13098587649353527,-0.03680868829958731,-0.09417718819394796,0.035073269565580996,2.0,29.0,13.0,636.0,2021.0,-0.1785379570469529,-0.4114217395046409,0.45897382005805865,2023
J Yadav,-0.14346235905928084,-0.006231147674695522,-0.13723121138458538,1.4690667088470961,2.0,7.0,26.0,144.0,2021.0,0.035531319570695996,-0.278272397628275,0.09927871899829795,2023
Yash Dayal,-0.261960193776794,-0.003028323994417722,-0.2589318697823763,,1.0,9.0,1.0,192.0,2022.0,-0.5201547396335757,-0.4843679493196674,0.7425624951764489,2023
J Suchith,-0.2697790376572773,-0.05562871848982056,-0.21415031916745675,2.2655676053196983,2.0,7.0,14.0,150.0,2022.0,0.07463401084597537,-0.03705660075348649,-0.3073564477497663,2023
NM Coulter-Nile,-0.27417727646395007,-0.02743417232442901,-0.24674310413952116,3.2383500875012508,3.0,13.0,22.0,294.0,2022.0,0.2598239607815463,-0.22476981123203482,-0.30923142601346176,2023
JJ Roy,-0.28109163443495155,-0.28109163443495155,0.0,,1.0,5.0,121.0,0.0,2021.0,-0.7940003452445845,0.5129087108096329,0.0,2023
R Dhawan,-0.3478009648004159,-0.8916630791439687,0.5438621143435528,,1.0,6.0,40.0,114.0,2022.0,1.6823598310962542,-1.6753665544512117,-0.3547942414454582,2023
MJ Santner,-0.368178580418902,-0.533024933330426,0.16484635291152397,0.25944186901387156,2.0,8.0,27.0,156.0,2022.0,-1.961151692251975,1.6461819353430802,-0.053208823510007275,2023
D Padikkal,-0.37545639478814663,-0.37545639478814663,0.0,1.38992373860953,3.0,46.0,1013.0,0.0,2022.0,-0.38579804835829384,0.5183707835623244,-0.5080291299921773,2023
Simarjeet Singh,-0.3788695180690251,-0.0957545651257864,-0.2831149529432387,,1.0,6.0,8.0,108.0,2022.0,-1.172513843458979,0.12319100770375921,0.6704533176861951,2023
SN Khan,-0.4143215714000418,-0.4143215714000418,0.0,0.08075096540710323,3.0,13.0,100.0,0.0,2022.0,-0.09833582074794937,-0.23450869351115444,-0.08147705714093798,2023
RA Jadeja,-0.42186908661881906,-0.05804213177552475,-0.3638269548432943,1.8719757448291534,3.0,40.0,389.0,710.0,2022.0,-0.4062251791262597,-0.8648593570545453,0.849215449561986,2023
Abdul Samad,-0.42737263910988854,-0.22768841764048017,-0.19968422146940837,0.15858730664638512,3.0,25.0,159.0,54.0,2022.0,0.0,-0.30973212109700043,-0.11764051801288815,2023
M Ashwin,-0.44633140206075334,-0.3927393217629782,-0.053592080297775124,2.074470623563086,3.0,20.0,42.0,429.0,2022.0,-0.27786211776563224,0.018133859658417406,-0.18660314395353853,2023
EJG Morgan,-0.4534579875249537,-0.4534579875249537,0.0,2.1476617293375564,2.0,31.0,441.0,0.0,2021.0,-0.0546432636309758,-0.9332180273894843,0.5344033034955062,2023
K Gowtham,-0.4688333181413355,0.147693660391534,-0.6165269785328695,1.8561721306351648,2.0,6.0,28.0,120.0,2022.0,-1.1666941293453155,1.7212475246595897,-1.0233867134556096,2023
Washington Sundar,-0.48509410155042176,-0.7808047664491072,0.29571066489868547,1.8177873630284642,3.0,30.0,211.0,564.0,2022.0,0.5016804018273355,0.043048199985179725,-1.0298227033629372,2023
Mukesh Choudhary,-0.5205688945584788,-0.010425816925105505,-0.5101430776333733,,1.0,13.0,6.0,273.0,2022.0,0.7291364908832112,0.024216133399353922,-1.2739215188410438,2023
SS Cottrell,-0.6209318783889674,-0.01302800258384797,-0.6079038758051194,,1.0,6.0,2.0,120.0,2020.0,0.849434429930799,-0.07436723212475942,-1.3959990761950072,2023
SK Raina,-0.6243736801582531,-0.6243736801582531,0.0,,1.0,12.0,128.0,0.0,2021.0,-0.4271372525601003,0.09073442553844295,-0.2879708531365957,2023
Umran Malik,-0.6259010491440327,-0.02690425271834669,-0.5989967964256859,0.4672366704107229,2.0,17.0,8.0,367.0,2022.0,-1.7268300049505436,0.810778659092075,0.2901502967144362,2023
KH Pandya,-0.6303126607169567,-0.7847249482734724,0.1544122875565157,1.0853055590567606,3.0,43.0,360.0,728.0,2022.0,-0.12762955053024133,-0.5698285559364956,0.06714544574978022,2023
M Prasidh Krishna,-0.6324551820567798,-0.04120436071828234,-0.5912508213384973,2.037343593212658,3.0,33.0,17.0,735.0,2022.0,0.38462747413082976,-0.2243187065448043,-0.7927639496428049,2023
MP Stoinis,-0.6490871528289828,-0.09915133103671175,-0.5499358217922712,0.9825707159273261,3.0,38.0,415.0,287.0,2022.0,0.1712164781996736,-0.6453063467137208,-0.1749972843149357,2023
CH Morris,-0.6598368642246195,-0.21916453060471955,-0.4406723336199001,3.046795478027092,2.0,20.0,70.0,436.0,2021.0,-0.46034807638195524,-0.8357796873566762,0.636290899514012,2023
JO Holder,-0.7178888982941385,-0.44293457056838825,-0.2749543277257501,1.9531257643657158,3.0,27.0,169.0,608.0,2022.0,-1.53801083590546,0.4172551283258944,0.40286680928542695,2023
PK Garg,-0.7273179390348383,-0.7273179390348383,0.0,0.7369494160588639,3.0,21.0,218.0,0.0,2022.0,-0.2590480582549914,-0.41169895802633394,-0.056570922753513164,2023
JDS Neesham,-0.7765864660636147,-0.3212636823807133,-0.45532278368290136,1.984669288419208,3.0,10.0,47.0,162.0,2022.0,-0.32698475855871756,0.22183170596846025,-0.6714334134733574,2023
RG Sharma,-0.7775008375059972,-0.770327453811042,-0.007173383694955238,1.1690320950907893,3.0,39.0,782.0,7.0,2022.0,-0.24350168398640643,-0.3865943114562025,-0.147404842063388,2023
KA Pollard,-0.7919136614790968,-0.6109943834412768,-0.18091927803782026,1.9661156675958522,3.0,41.0,439.0,289.0,2022.0,0.0,-0.501397079513406,-0.2905165819656912,2023
VR Iyer,-0.8730622553506482,-0.7459473988271359,-0.12711485652351218,3.4618444203255465,2.0,22.0,457.0,75.0,2022.0,-0.7026757858042829,-0.005340307549293488,-0.16504616199707153,2023
M Markande,-0.8865509975417424,0.0,-0.8865509975417424,0.13761669707758062,2.0,3.0,0.0,60.0,2022.0,0.0,-0.8865509975417424,0.0,2023
A Zampa,-0.8932878158029761,0.0,-0.8932878158029761,,1.0,3.0,0.0,66.0,2020.0,0.0,1.205611984631826,-2.0988998004348027,2023
Shakib Al Hasan,-0.9392915593478064,-0.6596648037311258,-0.27962675561668054,,1.0,8.0,48.0,156.0,2021.0,0.14977344404644063,-0.46833970080827136,-0.6207253025859756,2023
N Jagadeesan,-0.9444207783155176,-0.9444207783155176,0.0,0.2826536053337388,2.0,7.0,66.0,0.0,2022.0,-0.1535784293853242,-0.09970380589596736,-0.6911385430342261,2023
SW Billings,-0.9542812846283887,-0.9542812846283887,0.0,,1.0,8.0,138.0,0.0,2022.0,-0.5533374041179288,-0.4057944385813138,0.0048505580708538875,2023
DR Sams,-0.9606071109409859,-0.40557194628181237,-0.5550351646591736,2.1636604444805267,3.0,16.0,44.0,360.0,2022.0,0.9472871689138987,-0.4356708350546802,-1.472223444800204,2023
KM Jadhav,-0.975782978681318,-0.975782978681318,0.0,0.1951619298943174,2.0,14.0,118.0,0.0,2021.0,-0.008120243170878753,-0.6121999147096682,-0.355462820800771,2023
KR Sen,-0.9799343414078872,-0.01544744551169918,-0.964486895896188,,1.0,7.0,3.0,151.0,2022.0,0.7736731757055475,-0.34508965600662583,-1.4085178611068085,2023
OC McCoy,-0.9877867513329415,-0.006908956070844505,-0.980877795262097,,1.0,7.0,5.0,155.0,2022.0,-0.3834736012837541,-2.5231046254542298,1.9187914754050424,2023
S Nadeem,-1.0096091188885497,-0.03911352177199006,-0.9704955971165594,0.26918353002767187,2.0,8.0,9.0,156.0,2021.0,-0.603688338052412,-0.36680725906414746,-0.03911352177199006,2023
MS Dhoni,-1.0133619639493405,-1.0133619639493405,0.0,0.26656187314038626,3.0,44.0,467.0,0.0,2022.0,-0.0551389637208389,-0.9297452602732322,-0.028477739955269504,2023
KV Sharma,-1.0237278334639157,0.0,-1.0237278334639157,,1.0,5.0,0.0,114.0,2020.0,0.0,0.5757498576133976,-1.5994776910773134,2023
M Shahrukh Khan,-1.0518130531403536,-1.0518130531403536,0.0,0.9952008988014959,2.0,19.0,222.0,0.0,2022.0,0.30794803676239807,-0.9507826677713145,-0.4089784221314373,2023
NT Ellis,-1.1075786181210354,-0.10900607705889732,-0.9985725410621382,0.7042684921619061,2.0,5.0,18.0,102.0,2022.0,-0.6701748330159552,0.09579367718080262,-0.533197462285883,2023
R Parag,-1.1125318128987112,-0.77805905590412,-0.3344727569945914,0.4281090902561668,3.0,40.0,292.0,73.0,2022.0,-0.11546216441124198,-0.49484817775688433,-0.502221470730585,2023
AF Milne,-1.180844343808385,-0.11006075059395459,-1.0707835932144305,0.8314076274753301,2.0,5.0,17.0,99.0,2022.0,-0.5223603721146871,-0.12107513158276016,-0.5374088401109378,2023
M Jansen,-1.2059775772825287,-0.04817819731319127,-1.1577993799693374,1.1060382123783934,2.0,10.0,10.0,228.0,2022.0,-0.3814638683551099,-0.36554828124913785,-0.45896542767828097,2023
R Tewatia,-1.2107943973094546,-0.24912021200372658,-0.9616741853057278,2.6444127771992156,3.0,44.0,477.0,534.0,2022.0,-0.007897842271380597,-1.5694487693871078,0.36655221434903407,2023
Lalit Yadav,-1.2164177465566874,-1.1104673576579174,-0.10595038889877018,0.5491964509502087,2.0,19.0,219.0,192.0,2022.0,0.15752332474591574,-1.3650708795182205,-0.008870191784382725,2023
PP Chawla,-1.2191132290280158,-0.04357430530644332,-1.1755389237215725,0.48246632051178606,2.0,8.0,2.0,150.0,2021.0,-0.6597823333816785,-0.45032055223441314,-0.10901034341192423,2023
AJ Finch,-1.2874667439007226,-1.2874667439007226,0.0,0.3014612976926162,2.0,17.0,302.0,0.0,2022.0,-1.5968898719522393,0.30942312805151695,0.0,2023
Shivam Mavi,-1.3211706617168752,-0.0997514713273398,-1.2214191903895355,2.9725763146611417,3.0,23.0,41.0,481.0,2022.0,-0.7128118668256643,0.15129834546651866,-0.7596571403577297,2023
PVD Chameera,-1.3287176583462976,-0.08921396284192457,-1.239503695504373,,1.0,12.0,28.0,264.0,2022.0,0.24097388434002318,-0.7688016855812662,-0.8008898571050549,2023
A Badoni,-1.381670905375178,-1.4754968294985091,0.09382592412333125,,1.0,13.0,130.0,12.0,2022.0,-0.6318816903912651,-0.5971761030608984,-0.15261311192301433,2023
V Kohli,-1.389287161842821,-1.389287161842821,0.0,1.0349057444589453,3.0,46.0,1017.0,0.0,2022.0,-0.6759212879285476,-0.4534795581071882,-0.2598863158070852,2023
Gurkeerat Singh,-1.4235416562863423,-1.4235416562863423,0.0,,1.0,8.0,80.0,0.0,2020.0,0.0,-0.5753319198996621,-0.8482097363866801,2023
Harpreet Brar,-1.4319850112312646,-0.47666342652944116,-0.9553215847018235,1.9976945180938108,3.0,13.0,83.0,258.0,2022.0,-0.9878289106808997,-0.24706006039422412,-0.19709604015614068,2023
Sandeep Sharma,-1.4409357520232984,-0.030487629429915616,-1.4104481225933827,3.4782199332366344,3.0,25.0,22.0,573.0,2022.0,0.42330186887420784,-0.5832321407041581,-1.2810054801933481,2023
SPD Smith,-1.450143714288489,-1.450143714288489,0.0,0.07062142493735513,2.0,22.0,372.0,0.0,2021.0,-1.5104232723815683,-0.08682194323992865,0.1471015013330078,2023
Mandeep Singh,-1.482026272491821,-1.482026272491821,0.0,0.4183766324159429,3.0,11.0,146.0,0.0,2022.0,-1.4684285799975592,0.023823393859309726,-0.03742108635357163,2023
I Sharma,-1.59238087582125,0.0,-1.59238087582125,0.24450641452491773,2.0,4.0,0.0,90.0,2021.0,0.32749987119999546,-1.303914696734828,-0.6159660502864174,2023
R Shepherd,-1.6145461331549098,0.17424603090230203,-1.7887921640572118,,1.0,3.0,41.0,54.0,2022.0,0.7096339395912618,-1.7892795913068809,-0.5349004814392906,2023
DJ Willey,-1.621700550408943,-1.024498791963201,-0.5972017584457421,,1.0,4.0,30.0,66.0,2022.0,-0.09955684680990819,-1.5221437035990348,0.0,2023
D Pretorius,-1.630650858277042,-0.14689639415231756,-1.4837544641247244,,1.0,6.0,28.0,126.0,2022.0,0.0,0.9425120568172344,-2.573162915094276,2023
Mujeeb Ur Rahman,-1.6402112832127191,-0.03950492136932217,-1.600706361843397,2.892404192646772,2.0,3.0,4.0,72.0,2021.0,-0.9159800172883263,-0.9440787190405631,0.2198474531161703,2023
KL Nagarkoti,-1.669301221286886,-0.13301386131599152,-1.5362873599708946,0.4658600071360498,3.0,12.0,33.0,180.0,2022.0,-0.6264840297142049,-0.8508493974039414,-0.19196779416873982,2023
JR Philippe,-1.7224086022594944,-1.7224086022594944,0.0,,1.0,5.0,77.0,0.0,2020.0,-1.1202879204008558,-0.449824083176634,-0.15229659868200446,2023
Anuj Rawat,-1.7259659540439536,-1.7259659540439536,0.0,1.3363826542013089,2.0,10.0,119.0,0.0,2022.0,-1.7197767840639477,-0.07727895814666938,0.0710897881666638,2023
JL Pattinson,-1.7331213360196125,-0.05848438529744082,-1.6746369507221717,,1.0,10.0,13.0,213.0,2020.0,-1.042534256730043,-1.1077433578002316,0.4171562785106623,2023
RP Meredith,-1.7604604976783889,-0.0009541616868667497,-1.7595063359915222,1.5286956179264135,2.0,13.0,1.0,270.0,2022.0,-0.7976791752780974,-0.7441555407258187,-0.218625781674473,2023
NA Saini,-1.7715920104975174,-0.22283273669328393,-1.5487592738042335,0.10834227692466158,2.0,14.0,31.0,286.0,2021.0,-0.48343024154584163,-1.1495025422902936,-0.13865922666138267,2023
Mohammad Nabi,-1.8311315736218299,-0.018581882432594878,-1.812549691189235,1.8286480263640938,2.0,4.0,28.0,72.0,2021.0,-0.7136318233512887,-1.6325987494495677,0.5150989991790267,2023
V Shankar,-1.8483811048573537,-1.8522858628268788,0.0039047579695247886,1.1582154894147432,3.0,18.0,183.0,154.0,2022.0,-1.3160606039637768,-0.33973585609237045,-0.19258464480120657,2023
SN Thakur,-1.8499799448852368,-0.26364687866304237,-1.5863330662221946,1.6343947691815868,3.0,39.0,113.0,843.0,2022.0,-0.46878886879223935,-0.5748600628526209,-0.8063310132403768,2023
PJ Cummins,-1.8681550146685706,0.5059605524005097,-2.3741155670690803,1.0236321552458854,3.0,26.0,194.0,592.0,2022.0,-1.132376718820563,0.44897130670641083,-1.1847496025544189,2023
FA Allen,-1.874082203575996,-0.22268135668064298,-1.6514008468953532,0.1072255275531776,2.0,5.0,19.0,90.0,2022.0,0.29552362191161585,-1.9694607099890624,-0.20014511549854969,2023
AS Joseph,-1.916318749202138,-0.04387817136960072,-1.8724405778325373,,1.0,9.0,7.0,180.0,2022.0,-2.720595786019377,-0.2001317877915336,1.0044088246087728,2023
VR Aaron,-1.9210063912492692,-0.1140006438918321,-1.807005747357437,2.32747817950941,2.0,5.0,10.0,78.0,2022.0,-1.0514560858038902,-0.7917011995215625,-0.0778491059238165,2023
Fazalhaq Farooqi,-1.9821013017732896,-0.20463427010320367,-1.7774670316700858,,1.0,3.0,8.0,72.0,2022.0,0.8395065826188719,-0.17714645189182854,-2.644461432500333,2023
Shahbaz Ahmed,-1.985892083956451,-0.2775096128204543,-1.7083824711359965,2.278071701956686,3.0,29.0,235.0,330.0,2022.0,-0.94446996030571,-1.1342982638492893,0.09287614019854827,2023
AM Rahane,-2.0232371796904394,-2.0232371796904394,0.0,1.236557111087526,3.0,18.0,243.0,0.0,2022.0,-1.6276617107598577,-0.3422903799961262,-0.053285088934455806,2023
I Udana,-2.0848884790333093,-0.05605189538805305,-2.028836583645256,,1.0,10.0,11.0,174.0,2020.0,-2.025939143390297,-0.358454009007294,0.2995046733642816,2023
P Dubey,-2.1259057331577873,-0.39630005695407144,-1.7296056762037157,,1.0,3.0,13.0,48.0,2020.0,0.0,-1.5633919840787234,-0.5625137490790638,2023
KS Williamson,-2.1444019810704407,-2.127338943913373,-0.01706303715706779,2.5472636973511515,3.0,35.0,703.0,12.0,2022.0,-1.9237059316179026,-0.6112560523018072,0.3905600028492688,2023
KA Jamieson,-2.1645732603750028,-0.24912015658494965,-1.9154531037900533,,1.0,9.0,55.0,168.0,2021.0,-0.8823023340395234,0.57646579622643,-1.8587367225619098,2023
DT Christian,-2.1655377593945433,-0.8046140972362501,-1.3609236621582934,,1.0,9.0,24.0,100.0,2021.0,-0.7713507872928863,-1.2489717277983858,-0.1452152443032716,2023
Mohammed Siraj,-2.1732234210635597,-0.22986841341483488,-1.9433550076487245,4.03842162123279,3.0,39.0,73.0,781.0,2022.0,-1.7234630283719872,0.5768741559426033,-1.0266345486341752,2023
L Ngidi,-2.2526931613279935,0.0,-2.2526931613279935,0.6644947896486243,2.0,7.0,0.0,168.0,2021.0,-0.7664676013751742,-0.356392731131115,-1.1298328288217039,2023
GHS Garton,-2.260990733633803,-0.03251657765381806,-2.228474155979985,,1.0,5.0,4.0,90.0,2021.0,-3.6576771617561854,0.5719985883270575,0.8246878397953245,2023
CJ Jordan,-2.286782499821113,-0.09857540804609952,-2.188207091775013,1.7455342598934465,3.0,17.0,60.0,338.0,2022.0,-0.7386837108412422,-0.4370782738457082,-1.1110205151341626,2023
S Gopal,-2.3509133382012757,-0.12279667634421848,-2.228116661857057,1.0891721561396999,3.0,18.0,51.0,360.0,2022.0,-0.2593962256772365,-2.0372495808012743,-0.05426753172276462,2023
S Kaul,-2.381930804736452,-0.005718892158000569,-2.376211912578451,1.0297813193036778,3.0,10.0,8.0,228.0,2022.0,-1.4897726025932068,-0.829864599726337,-0.0622936024169079,2023
JD Unadkat,-2.4479393932747495,-0.044640375014100744,-2.4032990182606486,1.7181666337482322,3.0,18.0,79.0,390.0,2022.0,-0.877548243299179,-0.36586389577970363,-1.2045272541958665,2023
HR Shokeen,-2.614327669961456,-0.8993604842609993,-1.7149671857004567,,1.0,5.0,48.0,90.0,2022.0,0.29525653609485125,-1.8221985011628212,-1.0873857048934858,2023
SM Curran,-2.7182678634738213,-0.029449418824503998,-2.688818444649317,1.373037808546447,2.0,23.0,170.0,450.0,2021.0,-0.7132843398877902,-0.7078602877651914,-1.2971232358208393,2023
TK Curran,-2.748710437333368,0.07557867083982277,-2.824289108173191,2.226670337618387,2.0,8.0,79.0,177.0,2021.0,-0.591458890551104,0.6330580151074309,-2.790309561889695,2023
Basil Thampi,-2.7648358862928983,0.0,-2.7648358862928983,0.06890040343661852,2.0,6.0,0.0,120.0,2022.0,-2.0580778170824656,-0.12698822003163546,-0.5797698491787969,2023
TS Mills,-2.7880809342574597,-0.030504663761752898,-2.757576270495707,,1.0,5.0,3.0,102.0,2022.0,1.2828688507365895,-3.453738856375959,-0.6172109286180907,2023
MS Wade,-2.8285822604156095,-2.8285822604156095,0.0,,1.0,10.0,138.0,0.0,2022.0,-1.5003927379240825,-1.3281895224915268,0.0,2023
Kartik Tyagi,-2.879056644972108,-0.08409949776060588,-2.7949571472115027,0.7300058398377849,3.0,16.0,16.0,361.0,2022.0,-2.058204778186716,-0.7474480390741971,-0.0734038277111949,2023
VG Arora,-3.11210262043112,-0.3489776982353266,-2.7631249221957934,,1.0,5.0,13.0,107.0,2022.0,-0.6683349429015945,-1.0959934760572254,-1.3477742014723004,2023
AJ Tye,-3.284913479519424,-0.07927153375738923,-3.205641945762035,0.04905459671717316,2.0,4.0,6.0,90.0,2022.0,-1.2933307180625602,-1.0285338310910423,-0.9630489303658213,2023
TU Deshpande,-3.5653593893484454,0.007743908427938918,-3.5731032977763846,1.4211382361822107,2.0,7.0,12.0,144.0,2022.0,-2.0999848479024537,-1.3113641493038668,-0.15401039214212447,2023
OF Smith,-4.287225242589178,-0.861782106044863,-3.425443136544315,,1.0,6.0,44.0,90.0,2022.0,0.39132481332655644,-3.5594050818345973,-1.119144974081137,2023
Akash Deep,-4.419515540439357,-0.015657870329639743,-4.403857670109717,,1.0,5.0,2.0,113.0,2022.0,0.4208005676933912,-2.0815345334636,-2.7587815746691473,2023
JA Richardson,-5.18772017602117,-0.8820060058992776,-4.305714170121893,,1.0,3.0,24.0,66.0,2021.0,-1.8118154264533775,-2.137088939539818,-1.2388158100279758,2023
AS Rajpoot,-6.651162702152645,-0.09693702424660357,-6.554225677906041,,1.0,6.0,10.0,102.0,2020.0,-5.115618296826751,0.08573970749470615,-1.6212841128206001,2023
DW Steyn,-6.825383641114186,-0.01064595484364306,-6.814737686270543,,1.0,3.0,2.0,70.0,2020.0,-2.576979547763638,-1.5058110818535648,-2.7425930114969836,2023
H Klaasen,6.873170748479268,6.873170748479268,0.0,,1.0,12.0,253.0,0.0,2023.0,1.1583720968356217,4.420731881178116,1.2940667704655304,2024
F du Plessis,6.022397788993105,6.022397788993105,0.0,3.6893600532406,3.0,46.0,1300.0,0.0,2023.0,4.205203692651782,1.2324134957080104,0.5847806006333118,2024
Shubman Gill,5.620927551451208,5.620927551451208,0.0,4.7291462930802615,3.0,50.0,1331.0,0.0,2023.0,2.64516888864278,2.702563101145183,0.2731955616632439,2024
SA Yadav,5.414531785950545,5.414531785950545,0.0,3.043730722292744,3.0,38.0,763.0,0.0,2023.0,0.7488953228668926,3.5603766924063933,1.1052597706772596,2024
MA Wood,4.6578337377240135,0.01860105333035559,4.639232684393658,,1.0,4.0,5.0,96.0,2023.0,1.4033696978746395,2.9191599019013372,0.3353041379480366,2024
DP Conway,4.50548537618291,4.50548537618291,0.0,0.7488250307897231,2.0,23.0,654.0,0.0,2023.0,1.6431343627790231,3.0273626023821123,-0.16501158897822613,2024
MM Sharma,4.209447663145542,-0.0008642096171974927,4.210311872762739,,1.0,14.0,1.0,265.0,2023.0,-0.5511748644230865,2.8688178450459665,1.8918046825226622,2024
GJ Maxwell,4.15928929618025,3.969072625683854,0.19021667049639596,0.5404137647524624,3.0,42.0,752.0,302.0,2023.0,1.4366373278700681,1.7924280944515583,0.930223873858624,2024
RM Patidar,4.145447920501571,4.145447920501571,0.0,4.932836699813884,2.0,12.0,280.0,0.0,2022.0,0.8467241557639469,2.246160085129346,1.0525636796082785,2024
YBK Jaiswal,4.11689945106246,4.117994748821403,-0.0010952977589418324,3.231944076080839,3.0,34.0,744.0,1.0,2023.0,3.537894903584653,0.06839809533144642,0.5106064521463605,2024
Mohammed Shami,4.07009899764136,-0.029906266014368993,4.10000526365573,2.4779609404190324,3.0,47.0,23.0,1072.0,2023.0,4.033084947273692,-0.1562266209914072,0.19324067135907508,2024
Akash Madhwal,3.917451478623254,0.0,3.917451478623254,,1.0,8.0,0.0,153.0,2023.0,2.091073826604603,-0.03215261577777477,1.8585302677964257,2024
Rashid Khan,3.7216658757658534,0.38664574954278697,3.3350201262230668,0.7406445843628557,3.0,47.0,173.0,1121.0,2023.0,-0.7732284077439481,2.5945985252428985,1.9002957582669027,2024
JC Buttler,3.530091014665428,3.530091014665428,0.0,4.574095278513162,3.0,38.0,1027.0,0.0,2023.0,0.28685971518848674,2.0870457460630196,1.1561855534139216,2024
CR Woakes,3.48063260480026,0.01805110078126292,3.4625815040189973,,1.0,3.0,11.0,66.0,2021.0,4.620027871180778,0.0,-1.139395266380517,2024
JJ Bumrah,3.393762024820299,-0.07625136787329881,3.470013392693598,0.5155885009352517,2.0,28.0,25.0,650.0,2022.0,0.5690737089517645,0.4889487685841288,2.3357395472844056,2024
RD Gaikwad,3.2740540185743248,3.2740540185743248,0.0,2.443416062971914,3.0,46.0,1157.0,0.0,2023.0,1.7726678035407835,1.3711867059766885,0.13019950905685257,2024
Naveen-ul-Haq,3.065125162072628,-0.27227310917652564,3.3373982712491537,,1.0,8.0,21.0,168.0,2023.0,0.35039279186674427,1.6880170504608094,1.0267153197450742,2024
B Sai Sudharsan,2.7660219257477716,2.7660219257477716,0.0,1.9688229839310496,2.0,13.0,370.0,0.0,2023.0,0.3688470767873402,1.0686705385963309,1.3285043103641012,2024
M Pathirana,2.743834607702109,0.0,2.743834607702109,0.9490370408271864,2.0,14.0,0.0,319.0,2023.0,0.0,0.06406618301709555,2.679768424685014,2024
SV Samson,2.6785037658206114,2.6785037658206114,0.0,0.6545045915369789,3.0,45.0,902.0,0.0,2023.0,1.0746569390109666,1.022062368880268,0.5817844579293769,2024
Tilak Varma,2.4694727605313083,2.4748205342019807,-0.005347773670672224,1.3958401330456347,2.0,25.0,512.0,18.0,2023.0,0.5766380800376256,0.8483759773795121,1.0444587031141708,2024
DL Chahar,2.453647187135853,-0.0023055573268640933,2.455952744462717,1.8288841754972973,2.0,25.0,3.0,528.0,2023.0,2.2639555988655453,0.7822733053396951,-0.5925817170693876,2024
YS Chahal,2.3087063445911338,-0.06330320860905676,2.372009553200191,0.5559959502105231,3.0,46.0,35.0,1043.0,2023.0,0.13938505329429346,0.4555783836351831,1.7137429076616575,2024
TA Boult,2.3007279951362976,-0.04851811600092423,2.3492461111372216,2.0170069025925423,3.0,40.0,47.0,908.0,2023.0,3.6036239664025764,-0.09327591382068767,-1.2096200574455915,2024
MC Henriques,2.2798390805111826,-0.584517585563136,2.8643566660743187,,1.0,5.0,32.0,60.0,2021.0,0.9649796418171396,1.0778881586929767,0.2369712800010661,2024
Q de Kock,2.2768700279709773,2.2768700279709773,0.0,1.8483144306599801,3.0,30.0,699.0,0.0,2023.0,1.8920341447099767,-0.2417734131837246,0.626609296444725,2024
JM Bairstow,2.243587023718792,2.243587023718792,0.0,1.1969983101366197,2.0,18.0,350.0,0.0,2022.0,3.600796341904501,-1.0851513793051857,-0.27205793888052343,2024
JJ Roy,2.210430386168725,2.210430386168725,0.0,1.7440654144225736,2.0,13.0,309.0,0.0,2023.0,1.6749135624166738,0.5355168237520516,0.0,2024
SP Narine,2.2059586334063948,-0.6152546832584153,2.8212133166648097,1.9705833403267061,3.0,42.0,112.0,960.0,2023.0,-1.3831359009185649,2.2392839811937386,1.3498105531312208,2024
KL Rahul,2.0878747739550945,2.0878747739550945,0.0,4.315361228671496,3.0,37.0,1148.0,0.0,2023.0,0.6578236759035031,1.4682380302965616,-0.038186932244970495,2024
Noor Ahmad,2.0635825481553183,-0.062163622931202984,2.1257461710865213,,1.0,13.0,9.0,283.0,2023.0,-0.7572135002779632,1.4376011624368614,1.3831948859964198,2024
CV Varun,2.0144029182285594,-0.08381372698269954,2.0982166452112594,3.1536746929142354,3.0,42.0,31.0,958.0,2023.0,0.5515215937299353,0.869628693002736,0.5932526314958882,2024
M Theekshana,2.0008002330195502,-0.017717332158856264,2.0185175651784064,1.3713002416865832,2.0,22.0,7.0,504.0,2023.0,0.526492751190147,-0.11135752279425505,1.5856650046236584,2024
RK Singh,1.9981697778895822,1.9981697778895822,0.0,1.108408991679469,2.0,21.0,434.0,0.0,2023.0,0.38524616519542126,-0.563236830131764,2.1761604428259247,2024
S Dube,1.986323499315208,2.121331179795303,-0.13500768048009515,1.1090086039106886,3.0,36.0,642.0,42.0,2023.0,-0.011107973672535666,1.5593245819714177,0.4381068910163261,2024
RR Pant,1.9732873070486034,1.9732873070486034,0.0,0.1515913445081628,2.0,30.0,550.0,0.0,2022.0,0.9272603076443074,0.30811949360305685,0.7379075058012391,2024
DA Warner,1.870346972228789,1.870346972228789,0.0,3.3290740500332903,3.0,34.0,860.0,0.0,2023.0,2.2632358458962902,0.21943613217997449,-0.6123250058474747,2024
V Kohli,1.837513803310002,1.837513803310002,0.0,3.3011630071923324,3.0,45.0,1090.0,0.0,2023.0,1.401389207559613,0.40760430961338034,0.02852028613700891,2024
LS Livingstone,1.8086089152141844,2.4270178591937777,-0.6184089439795933,3.066797018875215,3.0,28.0,452.0,180.0,2023.0,-0.741684686242612,0.9765754510514438,1.573718150405353,2024
MG Bracewell,1.7885614047889207,-0.4894928790948403,2.278054283883761,,1.0,5.0,47.0,66.0,2023.0,2.5746736953583658,-0.4466076954480206,-0.33950459512142467,2024
Suyash Sharma,1.7591368678942028,0.0,1.7591368678942028,,1.0,11.0,0.0,234.0,2023.0,1.9623898416843992,0.3684786626817281,-0.5717316364719244,2024
MM Ali,1.7401729100768093,0.04008864022953246,1.700084269847277,0.6437183788067011,3.0,40.0,528.0,451.0,2023.0,0.768871965589154,0.7120491264845694,0.25925181800308605,2024
AB de Villiers,1.7255087200244894,1.7255087200244894,0.0,,1.0,15.0,211.0,0.0,2021.0,-0.19014821082073452,-1.3716991880817258,3.2873561189269496,2024
I Sharma,1.7114510722806036,-0.00034236355632567334,1.711793435836929,2.4496059558052514,2.0,11.0,1.0,222.0,2023.0,2.042816786388706,0.3384222026174,-0.6697879167255023,2024
Mohsin Khan,1.6642137317365222,-0.10772730609437205,1.771941037830894,4.873513752959099,2.0,14.0,23.0,258.0,2023.0,0.05216931605549102,0.42189347929487414,1.1901509363861564,2024
AR Patel,1.5829864768401323,-0.237623365353365,1.8206098421934973,1.0745378422853054,3.0,39.0,369.0,816.0,2023.0,0.09414257718127977,0.9724044960961248,0.5164394035627278,2024
Ishan Kishan,1.530114789046604,1.530114789046604,0.0,0.44138435542031074,3.0,40.0,846.0,0.0,2023.0,2.4797378604213174,-0.9347031553366594,-0.014919916038053926,2024
A Nortje,1.4704239201663725,-0.12495307299111791,1.5953769931574902,4.0122811842896375,3.0,24.0,35.0,556.0,2023.0,1.4961345093080993,-0.6580359917026017,0.632325402560875,2024
RA Jadeja,1.4330370445815752,-0.34657918645128694,1.7796162310328623,2.2606811964857836,3.0,42.0,387.0,834.0,2023.0,-0.19837806261529092,1.7896805578721242,-0.15826545067525788,2024
R Sai Kishore,1.3371375305406246,0.0,1.3371375305406246,,1.0,5.0,0.0,96.0,2022.0,0.0,1.1035671406900767,0.23357038985054787,2024
Ravi Bishnoi,1.3341814889251324,-0.16772451791835585,1.5019060068434884,2.4094218974684676,3.0,38.0,32.0,843.0,2023.0,0.003952954248929358,0.9360253564665896,0.39420317820961337,2024
N Rana,1.315609940548705,1.2875177360321386,0.028092204516566605,0.7060292104558871,3.0,45.0,858.0,77.0,2023.0,0.4309831366097836,0.7611502122568533,0.12347659168206834,2024
DJ Bravo,1.2962664124395977,-0.06318095479321711,1.359447367232815,0.5915034761125578,2.0,21.0,42.0,408.0,2022.0,-0.3701363030940898,0.41206454168466905,1.2543381738490185,2024
PP Chawla,1.2871122841673488,-0.08236852273608053,1.3694808069034294,2.0245389987233553,2.0,17.0,24.0,390.0,2023.0,-0.5759063616411256,1.6161081625975053,0.2469104832109696,2024
N Pooran,1.2719780473277016,1.2719780473277016,0.0,1.8032060782277597,3.0,41.0,495.0,0.0,2023.0,-0.25721481168648713,1.1427623286619644,0.3864305303522243,2024
SO Hetmyer,1.2684714119079188,1.2684714119079188,0.0,0.502268646235422,3.0,43.0,545.0,0.0,2023.0,0.05976270342131218,-0.05588082967406682,1.2645895381606733,2024
C Green,1.200247107027701,3.6489118391673374,-2.4486647321396364,,1.0,16.0,282.0,228.0,2023.0,1.0198588987125294,0.4317995973251541,-0.2514113890099826,2024
Mohammed Siraj,1.1855400642801173,-0.13625270086857869,1.321792765148696,4.956899035408452,3.0,44.0,61.0,918.0,2023.0,1.4674636187327912,0.0853317545881419,-0.36725530904081616,2024
MJ Santner,1.1614627011010703,-0.3057512913837573,1.4672139924848278,1.342315022479462,2.0,9.0,31.0,186.0,2023.0,-1.3217003866443928,2.3460505052185074,0.1371125825269557,2024
JR Hazlewood,1.1394998957659122,-0.07570526944041747,1.2152051652063294,1.4626192398569038,3.0,24.0,28.0,543.0,2023.0,0.682475812677507,0.23282316949751758,0.22420091359088745,2024
S Dhawan,1.1098334565418477,1.1098334565418477,0.0,0.7750945217784083,3.0,41.0,1107.0,0.0,2023.0,-0.016978574489940446,0.5112440959114216,0.6155679351203667,2024
TH David,1.0950027604198926,1.0950027604198926,0.0,1.3408099161156617,3.0,25.0,235.0,0.0,2023.0,0.0,0.018895733543587645,1.0761070268763049,2024
SS Tiwary,1.0461582819152095,1.0461582819152095,0.0,,1.0,5.0,97.0,0.0,2021.0,0.5312931313311308,0.21985645951848423,0.29500869106559463,2024
Kuldeep Yadav,0.9966502213835543,-0.739767933956661,1.7364181553402154,0.5506910966636597,2.0,28.0,100.0,592.0,2023.0,0.0,0.5357151161347607,0.4609351052487935,2024
AD Russell,0.9468942556228962,0.9144030156726616,0.03249123995023447,1.8762501851733622,3.0,38.0,468.0,374.0,2023.0,0.6208647567713992,0.44100394530203796,-0.11497444645054103,2024
Vivrant Sharma,0.944032853533801,1.671732457685789,-0.7276996041519881,,1.0,3.0,47.0,18.0,2023.0,0.5933409045466739,0.35069194898712674,0.0,2024
JM Sharma,0.9427241679071864,0.9427241679071864,0.0,0.39811207512873104,2.0,26.0,341.0,0.0,2023.0,-0.7777639345284866,1.1247772306618187,0.595710871773854,2024
Yash Thakur,0.9097983834166076,0.0,0.9097983834166076,,1.0,9.0,0.0,191.0,2023.0,0.26089013084822527,0.020677836903562674,0.6282304156648196,2024
B Kumar,0.9048411033033354,-0.35929835705643176,1.2641394603597673,1.0867869348031816,3.0,39.0,103.0,871.0,2023.0,1.1005571544419572,-0.5350832180893683,0.33936716695074653,2024
K Gowtham,0.8445815209788377,-0.05460782426037795,0.8991893452392157,0.2021960401486344,2.0,11.0,38.0,168.0,2023.0,-0.34696841334756146,1.1350693311232614,0.0564806032031378,2024
PD Salt,0.8377742152333582,0.8377742152333582,0.0,,1.0,9.0,133.0,0.0,2023.0,-0.21339607367720212,0.7733467042019062,0.27782358470865404,2024
WD Parnell,0.8055123783222278,-0.04079939809693967,0.8463117764191674,,1.0,7.0,5.0,151.0,2023.0,2.377885216492257,-1.1328841377269212,-0.439488700443108,2024
DJ Willey,0.8010330207586593,-0.646362106963856,1.4473951277225154,1.9381868569340819,2.0,8.0,62.0,156.0,2023.0,1.342968371807038,-0.026390199162660277,-0.5155451518857181,2024
AM Rahane,0.7878767209798354,0.7878767209798354,0.0,2.380346430125551,3.0,23.0,325.0,0.0,2023.0,0.9883851703190034,-0.6234273856548724,0.42291893631570454,2024
PWH de Silva,0.7649776937589243,-0.2860255680846422,1.0510032618435667,2.658142644802172,3.0,26.0,73.0,552.0,2023.0,0.7910216631728278,-0.7780141674753841,0.7519701980614807,2024
A Mishra,0.7473181564479927,-0.44283944730287794,1.1901576037508708,0.1330198131208309,2.0,11.0,30.0,198.0,2023.0,-0.14204467557497602,0.8817825481011574,0.007580283921811551,2024
A Zampa,0.7004364192043506,-0.378918040381264,1.0793544595856146,,1.0,6.0,16.0,132.0,2023.0,1.7305969516615145,-1.4200216955375264,0.3898611630803628,2024
M Markande,0.6749987054280275,0.00961988177857091,0.6653788236494567,1.4959310584408672,3.0,13.0,13.0,288.0,2023.0,0.0,0.6553599799378191,0.01963872549020858,2024
DA Miller,0.6176095621818236,0.6176095621818236,0.0,1.7152111906115886,3.0,41.0,628.0,0.0,2023.0,-0.2446105754935735,0.5934045602336364,0.26881557744176066,2024
N Wadhera,0.6168244860278849,0.6168244860278849,0.0,,1.0,14.0,166.0,0.0,2023.0,-0.3370048049467926,0.763411084838171,0.19041820613650656,2024
RV Uthappa,0.6002658960252042,0.6002658960252042,0.0,1.0531820357112354,2.0,16.0,255.0,0.0,2022.0,0.7352335907814476,-0.28754074862746687,0.1525730538712237,2024
R Ashwin,0.5523913181535001,-0.36040995262906594,0.912801270782566,1.4702971898974515,3.0,43.0,228.0,964.0,2023.0,-1.0513261617235616,0.6998036756299264,0.9039138042471354,2024
MP Stoinis,0.534448208409258,0.8228310673303285,-0.28838285892107046,1.5448597581746049,3.0,36.0,450.0,174.0,2023.0,0.4771703063694146,-0.43881079397265116,0.4960886960124943,2024
D Brevis,0.4671100688200945,0.47210332203923905,-0.004993253219144583,,1.0,7.0,113.0,3.0,2022.0,0.5368700691412919,-0.06476674710205274,-0.004993253219144583,2024
Arshdeep Singh,0.44226356554835744,-0.10949208405499061,0.5517556496033482,1.7095594923835995,3.0,40.0,34.0,853.0,2023.0,-0.3051354206963433,-0.17102905237113003,0.9184280386158309,2024
MR Marsh,0.38853553062920193,-1.1026118972004229,1.4911474278296246,0.7488757724836693,2.0,17.0,286.0,193.0,2023.0,0.13676161750528693,0.16312937460675703,0.08864453851715766,2024
Navdeep Saini,0.3720745518369275,-0.006825369960344561,0.37889992179727217,1.6379063514517258,3.0,4.0,2.0,72.0,2023.0,0.29465840065166216,-0.2546720292168342,0.3320881804020994,2024
SS Iyer,0.34047445566265866,0.3353850796757045,0.005089375986954396,2.460132401431121,2.0,22.0,469.0,6.0,2022.0,0.7746196110624466,-0.27416822305087274,-0.15997693234891475,2024
Dhruv Jurel,0.3317040914745221,0.3317040914745221,0.0,,1.0,13.0,88.0,0.0,2023.0,-0.08410784869573272,-0.5091587787893379,0.9249707189595926,2024
HV Patel,0.299953291583287,-0.16481214838848507,0.4647654399717722,2.3366413382499682,3.0,44.0,91.0,941.0,2023.0,-0.049270600786805355,0.1381958988932923,0.21102799347680062,2024
JP Behrendorff,0.2663501992787061,-0.041719417580191695,0.30806961685889783,,1.0,12.0,9.0,252.0,2023.0,2.5449582196256006,-1.3956938607794864,-0.8829141595674078,2024
RA Tripathi,0.24202785481927558,0.24202785481927558,0.0,3.2131726629369814,3.0,44.0,757.0,0.0,2023.0,-1.23669124300402,1.5915852584438768,-0.11286616062058094,2024
K Rabada,0.23620724804120102,-0.15475908226070437,0.39096633030190525,1.484734618587049,3.0,34.0,51.0,762.0,2023.0,0.867634686144262,0.14205558035184523,-0.7734830184549064,2024
RD Chahar,0.2146135604703627,-0.3667607923668564,0.581374352837219,0.26807363447936855,3.0,38.0,92.0,836.0,2023.0,-0.05972414882992728,0.18488964967537447,0.08944805962491549,2024
KS Bharat,0.18612065851048248,0.18612065851048248,0.0,0.994490720082333,2.0,10.0,163.0,0.0,2022.0,0.06113052070417713,-0.027189465637935246,0.15217960344424064,2024
KR Mayers,0.16884949546313255,0.5411273338735785,-0.3722778384104459,,1.0,13.0,263.0,42.0,2023.0,0.04561826842387384,0.12323122703925873,0.0,2024
Mayank Dagar,0.15020440730006224,0.0,0.15020440730006224,,1.0,3.0,0.0,66.0,2023.0,-0.4025719579582715,-0.2620027015954952,0.8147790668538287,2024
KD Karthik,0.12059878834915239,0.12059878834915239,0.0,1.5992533894591539,3.0,46.0,454.0,0.0,2023.0,0.0,-0.314454291508938,0.43505307985809033,2024
Harshit Rana,0.11632642357999895,-0.022025659175515036,0.13835208275551392,0.9152924067954957,2.0,8.0,3.0,132.0,2023.0,0.8110365316680368,-0.1342802433872519,-0.5604298647007859,2024
VR Iyer,0.11527859333810242,0.17654715185152814,-0.06126855851342568,2.8609705118142266,3.0,36.0,734.0,75.0,2023.0,-0.968878971162129,1.493787842203311,-0.4096302777030796,2024
NT Ellis,0.07408432187880543,-0.09701670159903181,0.17110102347783718,1.3430132442834755,3.0,15.0,25.0,330.0,2023.0,0.7683206296402397,-0.12797443736458983,-0.5662618703968444,2024
J Little,0.0703031321385238,0.0,0.0703031321385238,,1.0,10.0,0.0,204.0,2023.0,-0.012253419933054652,0.3344940365390651,-0.2519374844674867,2024
E Lewis,0.03488609732402048,0.03488609732402048,0.0,1.256679854705809,2.0,11.0,149.0,0.0,2022.0,-0.013224283403194814,-0.107076579028751,0.15518695975596628,2024
R Powell,0.028940711901132343,-0.03240574785268405,0.061346459753816376,0.38740615271594475,2.0,17.0,176.0,18.0,2023.0,0.0,-0.3326522390204783,0.3615929509216106,2024
M Prasidh Krishna,0.01955376588283886,-0.04452090216448975,0.06407466804732864,1.6381461494412712,2.0,27.0,13.0,630.0,2022.0,1.3992303455867057,-0.2975885750104747,-1.082088004693392,2024
Atharva Taide,0.018813148166842167,0.018813148166842167,0.0,,1.0,7.0,129.0,0.0,2023.0,0.6022734034093005,-0.5834602552424584,0.0,2024
PP Shaw,0.011155487968669275,0.011155487968669275,0.0,3.299539858685246,3.0,33.0,571.0,0.0,2023.0,0.07783181187901667,-0.02444524342834169,-0.04223108048200613,2024
K Kartikeya,0.007484551660383976,-0.049412729014876804,0.056897280675260675,1.184460184398886,2.0,12.0,12.0,234.0,2023.0,0.045833941643476844,0.5066365283683208,-0.544985918351414,2024
Ramandeep Singh,-0.004926054797258161,-0.5881601297671862,0.5832340749699281,,1.0,5.0,40.0,36.0,2022.0,-0.004368819619465336,-0.6836372260999368,0.6830799909221441,2024
AK Markram,-0.04151279884131198,0.1855902025441747,-0.22710300138548678,1.5716478676056278,3.0,33.0,590.0,109.0,2023.0,-0.5788125110870864,0.1002720895141721,0.4370276227316024,2024
DR Sams,-0.04398737852713719,-0.4835622141403579,0.43957483561322075,0.14332479348508356,2.0,13.0,42.0,288.0,2022.0,1.5406451988887528,-0.32010361562759077,-1.2645289617882987,2024
Avesh Khan,-0.08028397512894347,-0.00342553825332747,-0.076858436875616,3.259414860713948,3.0,38.0,17.0,826.0,2023.0,-1.1362252811483893,0.8201795794986274,0.2357617265208188,2024
JDS Neesham,-0.10194720804684043,-0.33214834030718504,0.2302011322603446,1.4544932242696809,2.0,5.0,29.0,72.0,2022.0,-0.2888314185447551,0.48981927791312796,-0.3029350674152133,2024
MA Agarwal,-0.1411208110539512,-0.1411208110539512,0.0,2.7273672594953053,3.0,35.0,684.0,0.0,2023.0,-0.03757627745169921,-0.327485113611853,0.22394058000960093,2024
D Pretorius,-0.15345316291666788,-0.055086147807119075,-0.09836701510954882,1.1817581562882993,2.0,7.0,28.0,150.0,2023.0,0.0,0.8230884868970372,-0.9765416498137047,2024
HH Pandya,-0.1763800108784055,0.2896769275751277,-0.46605693845353313,2.1053541932254496,3.0,43.0,736.0,333.0,2023.0,-0.6830130810586722,0.4849086154614223,0.021724454718844405,2024
NM Coulter-Nile,-0.20141841628025037,-0.03896389265331526,-0.16245452362693524,3.9605872674014027,2.0,6.0,7.0,138.0,2022.0,0.44387936409040435,-0.4099501069928647,-0.2353476733777904,2024
V Shankar,-0.2089505428834647,-0.04911474956928563,-0.15983579331417916,1.966818633044003,3.0,25.0,275.0,75.0,2023.0,-0.5032710184330051,-0.7379520950339906,1.032272570583531,2024
J Yadav,-0.2111246683806149,-0.0029672131784264397,-0.20815745520218848,0.77531374042944,2.0,6.0,26.0,126.0,2023.0,-0.9536362539271757,-0.016268778679591867,0.7587803642261524,2024
AT Rayudu,-0.23656137212383582,-0.23656137212383582,0.0,0.8728161554700535,3.0,45.0,507.0,0.0,2023.0,-0.14411607741194563,-0.3505841812312005,0.2581388865193103,2024
KM Jadhav,-0.27475331607621506,-0.27475331607621506,0.0,0.38143008308275433,2.0,8.0,62.0,0.0,2023.0,0.0,-0.19178901780858348,-0.08296429826763158,2024
AU Rashid,-0.297409910149408,-0.16613443730480698,-0.13127547284460095,1.3545525015523001,2.0,3.0,16.0,60.0,2023.0,0.0,-0.15301640867807387,-0.14439350147133398,2024
A Manohar,-0.3020523989749664,-0.3020523989749664,0.0,0.20668414539190522,2.0,17.0,158.0,0.0,2023.0,-0.1617511125822159,-0.15348775212046306,0.013186465727712482,2024
MK Lomror,-0.315951815367272,-0.35772109580853284,0.041769280441260805,0.746109060656725,3.0,23.0,227.0,66.0,2023.0,-0.3699596655451578,0.13478888093565228,-0.08078103075776646,2024
RR Rossouw,-0.3193945669790935,-0.3193945669790935,0.0,,1.0,9.0,141.0,0.0,2023.0,-1.6033372599017501,0.3681565720320172,0.9157861208906393,2024
R Dhawan,-0.3247721802329016,-0.33846779195029314,0.013695611717391476,0.01842302765401141,2.0,12.0,52.0,156.0,2023.0,0.6633169729230985,-0.8239827014972025,-0.16410645165879756,2024
GD Phillips,-0.34691405328788727,-0.5452913365265524,0.19837728323866513,0.7382528517456717,2.0,8.0,55.0,30.0,2023.0,0.14909026653618024,-0.6483733981479086,0.15236907832384114,2024
MS Dhoni,-0.355581542324608,-0.355581542324608,0.0,0.5380656502524572,3.0,46.0,352.0,0.0,2023.0,-0.0474573256258231,-0.5343723523756061,0.2262481356768212,2024
Simarjeet Singh,-0.3788695180690251,-0.0957545651257864,-0.2831149529432387,,1.0,6.0,8.0,108.0,2022.0,-1.172513843458979,0.12319100770375921,0.6704533176861951,2024
J Suchith,-0.38305741792326253,-0.047527422598380276,-0.33552999532488215,2.2655676053196983,2.0,7.0,14.0,150.0,2022.0,0.08290299649595542,-0.17677437173128996,-0.2891860426879282,2024
PBB Rajapaksa,-0.4046903130180813,-0.4046903130180813,0.0,0.9370158476792771,2.0,13.0,191.0,0.0,2023.0,-0.4694424538595247,0.4013907663458579,-0.33663862550441465,2024
Abhishek Sharma,-0.4092875764894863,0.0757235549055193,-0.4850111313950056,1.9109128766549375,3.0,33.0,552.0,156.0,2023.0,0.0006605455547871175,-0.10283668819336772,-0.30711143385090556,2024
Harpreet Brar,-0.4231403271225207,-0.48192657130799443,0.058786244185473735,1.7156229354838026,3.0,25.0,124.0,397.0,2023.0,-1.201233594679449,1.185545626589897,-0.40745235903296867,2024
M Shahrukh Khan,-0.4506170940662177,-0.4506170940662177,0.0,0.9175070251950584,3.0,33.0,316.0,0.0,2023.0,0.1442466073785806,-0.6697122227483631,0.07484852130356479,2024
TG Southee,-0.4708149874765284,-0.09944666758850625,-0.3713683198880221,2.1410955392824973,3.0,14.0,17.0,318.0,2023.0,-0.5714478613234673,0.032623988378270984,0.06800888546866812,2024
OC McCoy,-0.4762446350812842,-0.002590858526566689,-0.47365377655471746,0.4092336930013258,2.0,8.0,5.0,161.0,2023.0,-0.14380260048140775,-0.946164234545336,0.6137221999454596,2024
Abdul Samad,-0.4842262002285516,-0.47556052502965307,-0.008665675198898562,0.11596483635589167,3.0,22.0,222.0,12.0,2023.0,0.0,-0.4055319688423299,-0.07869423138622175,2024
PN Mankad,-0.5172378810057997,-0.5172378810057997,0.0,0.4304659701228598,2.0,6.0,73.0,0.0,2023.0,-0.6084549914747015,0.11338684150687012,-0.022169731037968408,2024
Mukesh Choudhary,-0.5205688945584788,-0.010425816925105505,-0.5101430776333733,,1.0,13.0,6.0,273.0,2022.0,0.7291364908832112,0.024216133399353922,-1.2739215188410438,2024
Fazalhaq Farooqi,-0.5300348171953754,-0.11623694789909363,-0.41379786929628165,1.1616531876623313,2.0,7.0,13.0,152.0,2023.0,0.34104237654589264,0.10654971246607362,-0.9776269062073417,2024
C Sakariya,-0.5761721051269955,-0.13839131681938538,-0.43778078830761014,1.481024640439911,3.0,19.0,31.0,426.0,2023.0,1.7790538879814242,-0.22654133442911817,-2.1286846586793016,2024
CH Gayle,-0.5964951627423107,-0.5964951627423107,0.0,,1.0,10.0,154.0,0.0,2021.0,-0.13291298139862187,-0.812884656921777,0.3493024755780879,2024
T Natarajan,-0.6054671788871777,0.0,-0.6054671788871777,1.033978036722072,3.0,25.0,0.0,576.0,2023.0,-0.2294873691717435,-0.5714671093421528,0.1954872996267187,2024
KK Ahmed,-0.6177482230210349,-0.004850364644335189,-0.6128978583766997,2.1066684111589358,3.0,26.0,4.0,595.0,2023.0,0.04009332297581167,-0.12131577709773764,-0.5365257688991089,2024
RV Patel,-0.6222520577658908,-0.6002922476411572,-0.021959810124733473,0.40138167099841066,3.0,9.0,73.0,18.0,2023.0,0.0,-0.24041303114742896,-0.3818390266184617,2024
P Simran Singh,-0.623717712453039,-0.623717712453039,0.0,0.7996500411554566,3.0,17.0,272.0,0.0,2023.0,-0.9042974976204312,0.0726758793782621,0.20790390578913018,2024
SK Raina,-0.6243736801582531,-0.6243736801582531,0.0,,1.0,12.0,128.0,0.0,2021.0,-0.4271372525601003,0.09073442553844295,-0.2879708531365957,2024
R Shepherd,-0.6407168751005992,0.03008018642085511,-0.6707970615214544,0.7790634064434484,2.0,4.0,42.0,54.0,2023.0,0.26611272734672314,-0.7062419219075884,-0.20058768053973394,2024
AS Roy,-0.68608844411116,-0.44656188271422986,-0.23952656139693004,0.4936855754572698,2.0,6.0,21.0,90.0,2023.0,-0.769248512511949,-0.1511793502990843,0.23433941869987332,2024
Anmolpreet Singh,-0.7035518365437918,-0.7035518365437918,0.0,0.12604398178050255,3.0,7.0,109.0,0.0,2023.0,0.03939295512788549,-0.7429447916716774,0.0,2024
D Padikkal,-0.7117759449994694,-0.7117759449994694,0.0,0.47724267229218414,3.0,42.0,834.0,0.0,2023.0,0.2408540563455528,-0.9136439895136267,-0.03898601183139541,2024
KR Sen,-0.7300415538817914,-0.005792792066887192,-0.7242487618149042,0.1999142300208766,2.0,9.0,3.0,169.0,2023.0,0.43672134371769566,-0.638568699684434,-0.5281941979150532,2024
Arjun Tendulkar,-0.7404458937905516,-0.03481009941444157,-0.70563579437611,,1.0,4.0,9.0,59.0,2023.0,0.560116751657911,0.04159376448593417,-1.3421564099343968,2024
LH Ferguson,-0.7825343608012894,0.004263477295350471,-0.7867978380966396,3.0264057241043023,3.0,24.0,15.0,512.0,2023.0,0.9758369843838974,-1.2597794143282495,-0.4985919308569372,2024
SS Prabhudessai,-0.8420986050892287,-0.8420986050892287,0.0,0.271973742162585,2.0,10.0,88.0,0.0,2023.0,-0.008640011984864407,-0.7441302578298092,-0.08932833527455504,2024
DJ Hooda,-0.870696009301145,-0.729999345147543,-0.14069666415360194,2.733653865151379,3.0,39.0,543.0,126.0,2023.0,-0.4413541397842521,0.0657331901517283,-0.4950750596686205,2024
Sikandar Raza,-0.9190475118171464,0.3137762152442211,-1.2328237270613676,,1.0,7.0,98.0,72.0,2023.0,-0.7738858251238262,0.38370017734413603,-0.5288618640374562,2024
PK Garg,-0.9236939740038519,-0.9236939740038519,0.0,0.7331412411668968,3.0,9.0,130.0,0.0,2023.0,-0.7339773498816002,0.008670047671625714,-0.19838667179387737,2024
Aman Hakim Khan,-0.9294336589709545,-0.8126138661736164,-0.11681979279733813,0.46987368977185345,2.0,12.0,104.0,6.0,2023.0,-0.00798063440249848,-0.5368167549489069,-0.38463626961954916,2024
Shakib Al Hasan,-0.9392915593478064,-0.6596648037311258,-0.27962675561668054,,1.0,8.0,48.0,156.0,2021.0,0.14977344404644063,-0.46833970080827136,-0.6207253025859756,2024
A Badoni,-0.9508815102697546,-0.9863874231086299,0.035505912838875275,0.34463151608433856,2.0,28.0,302.0,13.0,2023.0,-0.6672311780957609,-0.4139863652306528,0.13033603305665922,2024
SW Billings,-0.9542812846283887,-0.9542812846283887,0.0,,1.0,8.0,138.0,0.0,2022.0,-0.5533374041179288,-0.4057944385813138,0.0048505580708538875,2024
TK Curran,-0.9673741672386588,-0.048959742421921595,-0.9184144248167372,,1.0,3.0,17.0,68.0,2021.0,0.2616892022529353,2.06783318347896,-3.2968965529705536,2024
KH Pandya,-0.9710667494752321,-1.613888169652426,0.642821420177194,1.0579212478271023,3.0,42.0,433.0,679.0,2023.0,-1.2360965180198669,0.07337310874999814,0.19165665979463659,2024
M Jansen,-0.9949963735852636,-0.5043761806227074,-0.4906201929625563,0.9040758048809542,3.0,18.0,53.0,390.0,2023.0,0.8134953690548501,-1.0157760135154155,-0.7927157291246982,2024
M Vohra,-1.013510577732124,-1.013510577732124,0.0,0.9835321921786794,3.0,7.0,61.0,0.0,2023.0,-1.013510577732124,0.0,0.0,2024
R Tewatia,-1.0585779468035468,-0.2601840962787897,-0.7983938505247571,2.0992881190105606,3.0,47.0,351.0,271.0,2023.0,0.0,-1.2776276414247356,0.219049694621189,2024
AJ Finch,-1.1152031452192275,-1.1152031452192275,0.0,,1.0,5.0,61.0,0.0,2022.0,-2.263603658399205,1.1484005131799777,0.0,2024
KA Pollard,-1.156676690937628,-1.183815181642173,0.027138490704544854,2.165559742203105,2.0,25.0,299.0,163.0,2022.0,0.0,-0.19103341300015136,-0.9656432779374767,2024
AF Milne,-1.2224147251821518,-0.11739813396688492,-1.105016591215267,0.8314076274753301,2.0,5.0,17.0,99.0,2022.0,-0.5367214730288454,-0.12914680702161085,-0.5565464451316955,2024
Mustafizur Rahman,-1.2310290390648029,-0.02287067674614773,-1.2081583623186551,1.9494620158378375,3.0,24.0,20.0,545.0,2023.0,-0.745474422358746,-0.33825812365058217,-0.14729649305547493,2024
R Parag,-1.2901148330016965,-1.0895064564621721,-0.20060837653952446,0.44710909443585795,3.0,35.0,281.0,61.0,2023.0,0.0,-0.8103995520896181,-0.4797152809120784,2024
PVD Chameera,-1.3287176583462976,-0.08921396284192457,-1.239503695504373,,1.0,12.0,28.0,264.0,2022.0,0.24097388434002318,-0.7688016855812662,-0.8008898571050549,2024
UT Yadav,-1.3359803664920251,-0.18986870733716976,-1.1461116591548552,4.006136192793425,2.0,20.0,58.0,402.0,2023.0,-0.7032458392313748,-0.19069404306519722,-0.4420404841954537,2024
Anuj Rawat,-1.3611060404436743,-1.3611060404436743,0.0,1.1021059178502024,3.0,19.0,190.0,0.0,2023.0,-1.0345256867285662,-0.5586540948659111,0.2320737411508031,2024
M Ashwin,-1.4653883380531054,-0.25258019464200626,-1.212808143411099,1.6524866039104098,3.0,13.0,38.0,264.0,2023.0,-0.04853018276276148,-1.1530823793138292,-0.2637757759765148,2024
SN Khan,-1.4713831231295447,-1.4713831231295447,0.0,1.0220691325948548,3.0,12.0,133.0,0.0,2023.0,-0.09131690637144678,-1.050714746699942,-0.32935147005815557,2024
SPD Smith,-1.5066408542383731,-1.5066408542383731,0.0,,1.0,8.0,135.0,0.0,2021.0,-1.1048951442223998,-0.5622161251806493,0.16047041516467575,2024
MK Pandey,-1.5164487739994446,-1.5164487739994446,0.0,2.851332731355887,3.0,24.0,462.0,0.0,2023.0,-0.8139877839260419,-0.3877917192732464,-0.31466927080015605,2024
KM Asif,-1.5808377386299877,-0.023135285519291678,-1.5577024531106962,1.1799504442510493,2.0,5.0,2.0,97.0,2023.0,-1.3390212317537282,0.9269637645855726,-1.1687802714618323,2024
Washington Sundar,-1.6311011201828625,-1.1291788472733129,-0.5019222729095496,0.4822607185380409,3.0,22.0,176.0,370.0,2023.0,-0.9783957860679927,0.11799044685741378,-0.7706957809722834,2024
KV Sharma,-1.7456797377599618,-0.06129868975267016,-1.6843810480072916,,1.0,7.0,5.0,129.0,2023.0,0.0,-1.7691036620126004,0.023423924252638728,2024
RG Sharma,-1.7707604601881364,-1.7659782043914996,-0.004782255796636825,1.5478328751079988,3.0,43.0,772.0,7.0,2023.0,-1.1696382165359829,-0.3830719483519753,-0.21805029530017783,2024
Umran Malik,-1.7873324719580233,0.008446083923466645,-1.79577855588149,1.0973780880501898,3.0,25.0,16.0,487.0,2023.0,-1.5656373383891187,0.11704190915744028,-0.338737042726345,2024
Shivam Mavi,-1.813795772461182,-0.07796091635786387,-1.7358348561033181,3.351415485322774,2.0,15.0,27.0,325.0,2022.0,-1.0693209179561354,0.2115014507482601,-0.9559763052533067,2024
SN Thakur,-1.8151474378754031,-0.22657805257805436,-1.5885693852973486,1.4197300690129222,3.0,41.0,162.0,775.0,2023.0,-0.7361032091286598,-0.027334668381359672,-1.0517095603653837,2024
AS Joseph,-1.8591266149652512,-0.09279008672037253,-1.7663365282448784,0.04575370738950946,2.0,16.0,19.0,324.0,2023.0,-1.3030379896225488,-0.9746698645882939,0.4185812392455917,2024
FA Allen,-1.8794434799536552,-0.22222349968483618,-1.657219980268819,0.1072255275531776,2.0,5.0,19.0,90.0,2022.0,0.24588028434802794,-1.9271389218777466,-0.1981848424239367,2024
TU Deshpande,-1.9036234637358942,-0.0004726146344048788,-1.9031508491014892,0.6797255468067442,2.0,18.0,1.0,383.0,2023.0,-0.3756434542529856,0.15804295635097573,-1.6860229658338843,2024
Lalit Yadav,-1.9158157939844425,-1.2514374640702297,-0.6643783299142129,0.8627545753105511,3.0,25.0,278.0,270.0,2023.0,-0.26930655604922005,-0.8169780075524145,-0.829531230382808,2024
WP Saha,-1.9391802228324648,-1.9391802228324648,0.0,2.1459616217341644,3.0,37.0,686.0,0.0,2023.0,-0.5801101398996328,-1.148532985067895,-0.2105370978649374,2024
S Kaul,-1.9538810163714357,-0.007625189544000759,-1.946255826827435,0.2525585820869636,2.0,9.0,8.0,204.0,2022.0,-1.6285406047227546,-0.7057626058131113,0.3804221941644303,2024
MW Short,-1.9793826479971026,-1.971090432305502,-0.008292215691600609,,1.0,6.0,92.0,24.0,2023.0,-0.8506949167347353,-1.1286877312623675,0.0,2024
VG Arora,-2.0141664721724375,-0.1307189773773153,-1.8834474947951223,0.8783489186069457,2.0,10.0,15.0,203.0,2023.0,-1.785740395563215,0.5476261674659295,-0.7760522440751519,2024
JO Holder,-2.1582008735549953,-0.30092528857592354,-1.8572755849790719,2.308084838204048,3.0,28.0,127.0,611.0,2023.0,-1.3196812371090658,-0.37773791615153696,-0.46078172029439246,2024
KA Jamieson,-2.1645732603750028,-0.24912015658494965,-1.9154531037900533,,1.0,9.0,55.0,168.0,2021.0,-0.8823023340395234,0.57646579622643,-1.8587367225619098,2024
DT Christian,-2.1655377593945433,-0.8046140972362501,-1.3609236621582934,,1.0,9.0,24.0,100.0,2021.0,-0.7713507872928863,-1.2489717277983858,-0.1452152443032716,2024
EJG Morgan,-2.171587370994999,-2.171587370994999,0.0,,1.0,17.0,139.0,0.0,2021.0,-0.2319748884142156,-1.3438841502555021,-0.5957283323252813,2024
HC Brook,-2.1820618163587913,-2.1820618163587913,0.0,,1.0,11.0,154.0,0.0,2023.0,-1.3720251617092434,-0.6864219430925514,-0.12361471155699597,2024
PJ Cummins,-2.2070162351831617,0.8460876481193622,-3.0531038833025237,0.7841193324199351,2.0,12.0,80.0,280.0,2022.0,-1.8899850182198286,0.8939705210985529,-1.2110017380618867,2024
Shahbaz Ahmed,-2.247628491157851,-0.6373246329988624,-1.6103038581589886,1.9315449978327186,3.0,37.0,273.0,336.0,2023.0,-1.3105513295565583,-0.7936304132301694,-0.14344674837112326,2024
GHS Garton,-2.260990733633803,-0.03251657765381806,-2.228474155979985,,1.0,5.0,4.0,90.0,2021.0,-3.6576771617561854,0.5719985883270575,0.8246878397953245,2024
S Gopal,-2.289437479704766,-0.05164213239527114,-2.237795347309495,1.3221005894973779,2.0,4.0,12.0,60.0,2022.0,-0.3971353005458413,-1.8406600467636536,-0.05164213239527114,2024
Akash Deep,-2.3389319135685893,0.07701077283697283,-2.4159426864055624,1.6644669014966138,2.0,7.0,10.0,143.0,2023.0,0.333747940412264,-1.5056733433882732,-1.16700651059258,2024
Akash Singh,-2.3577892418089847,0.0,-2.3577892418089847,0.01835346068663002,2.0,7.0,0.0,138.0,2023.0,-1.6514832820530514,-0.369803667265575,-0.33650229249035785,2024
N Jagadeesan,-2.4174608403379807,-2.4174608403379807,0.0,1.0492189728939756,2.0,8.0,118.0,0.0,2023.0,-1.572242804271805,-0.48237030097320677,-0.36284773509296864,2024
Sandeep Sharma,-2.428115473384703,-0.017344425217045302,-2.4107710481676574,1.1510775558332862,3.0,24.0,13.0,537.0,2023.0,-0.9771254724420328,-0.964605166100056,-0.486384834842614,2024
Rahmanullah Gurbaz,-2.4831412716043144,-2.4831412716043144,0.0,,1.0,11.0,170.0,0.0,2023.0,-2.795821165350974,0.48768984708265295,-0.17500995333599342,2024
HR Shokeen,-2.5514770050975897,-0.3732024215676718,-2.178274583529918,0.05028053189109283,2.0,13.0,65.0,204.0,2023.0,0.09566716033668761,-2.203432286129423,-0.44371187930485423,2024
JD Unadkat,-2.593558139964022,-0.03687041146732077,-2.5566877284967013,1.259180893244805,3.0,14.0,73.0,300.0,2023.0,-0.8528116978606399,-0.46482643683998215,-1.2759200052633997,2024
Yash Dayal,-2.6011725209191625,-0.0011356214979066457,-2.600036899421256,1.871369861713895,2.0,14.0,1.0,276.0,2023.0,-0.400526669707582,-1.1580050213832065,-1.0426408298283747,2024
RP Meredith,-2.6527144582014066,-0.005257902827835557,-2.647456555373571,1.3959257907645646,3.0,18.0,3.0,388.0,2023.0,-1.4254921466389219,-0.727549704499175,-0.49967260706330957,2024
L Ngidi,-2.784288993046893,0.0,-2.784288993046893,,1.0,3.0,0.0,72.0,2021.0,-0.6082834292055672,-1.555300099708063,-0.6207054641332623,2024
TS Mills,-2.7880809342574597,-0.030504663761752898,-2.757576270495707,,1.0,5.0,3.0,102.0,2022.0,1.2828688507365895,-3.453738856375959,-0.6172109286180907,2024
Basil Thampi,-2.804207545399537,0.0,-2.804207545399537,,1.0,5.0,0.0,96.0,2022.0,-2.192776136859809,-0.17778350804428963,-0.43364790049543817,2024
MS Wade,-2.8285822604156095,-2.8285822604156095,0.0,,1.0,10.0,138.0,0.0,2022.0,-1.5003927379240825,-1.3281895224915268,0.0,2024
Kartik Tyagi,-2.878622693989964,-0.04746423114430229,-2.831158462845662,0.7051253499101913,3.0,9.0,10.0,169.0,2023.0,-1.7625920632498917,-0.9842731177715934,-0.13175751296847898,2024
KS Williamson,-2.87981031144437,-2.87981031144437,0.0,2.2860337003720006,2.0,23.0,466.0,0.0,2022.0,-2.536771165775773,-0.6651354977006496,0.32209635203205234,2024
Vijaykumar Vyshak,-3.04324371285095,-0.019891485379680895,-3.0233522274712694,,1.0,7.0,9.0,144.0,2023.0,-0.841487378859615,-1.3205077165797208,-0.881248617411614,2024
CH Morris,-3.097273246646293,-0.3185373957913679,-2.7787358508549254,,1.0,11.0,49.0,246.0,2021.0,-0.9390702705975922,-1.8454089642540137,-0.31279401179468724,2024
AJ Tye,-3.256882281395325,0.0,-3.256882281395325,,1.0,3.0,0.0,66.0,2022.0,-1.5997299350930965,-1.0202470654782896,-0.6369052808239389,2024
Mohammad Nabi,-3.294049994713105,0.0020651520101218914,-3.296115146723227,,1.0,3.0,20.0,48.0,2021.0,-1.1893863722521478,-2.9961969104904482,0.8915332880294912,2024
CJ Jordan,-3.444268253942152,-0.11483684973889755,-3.3294314042032545,2.2333370664834122,3.0,14.0,41.0,281.0,2023.0,-0.6655739445131734,-1.3766021428223485,-1.4020921666066302,2024
Mukesh Kumar,-4.180563924082867,-0.043086556910183524,-4.137477367172684,,1.0,10.0,9.0,186.0,2023.0,-1.4114400617733207,-1.5028143419709652,-1.266309520338582,2024
OF Smith,-4.287225242589178,-0.861782106044863,-3.425443136544315,,1.0,6.0,44.0,90.0,2022.0,0.39132481332655644,-3.5594050818345973,-1.119144974081137,2024
JC Archer,-4.443401470068741,-0.01197344752342071,-4.431428022545321,,1.0,5.0,4.0,120.0,2023.0,-2.3632066255552115,-0.07237198195223309,-2.0078228625612966,2024
Arshad Khan,-4.569386125817423,-0.18480159836056867,-4.3845845274568545,,1.0,6.0,15.0,85.0,2023.0,-2.570914902771111,-0.09639192079902614,-1.9020793022472864,2024
JA Richardson,-5.18772017602117,-0.8820060058992776,-4.305714170121893,,1.0,3.0,24.0,66.0,2021.0,-1.8118154264533775,-2.137088939539818,-1.2388158100279758,2024
SM Curran,-5.257021985148625,-0.033142526893606555,-5.223879458255018,1.0082267123863518,2.0,23.0,232.0,485.0,2023.0,-2.0903114420179976,-3.4157917556385384,0.2490812125079117,2024
JJ Bumrah,8.063072212990475,-0.05526427487673538,8.11833648786721,2.9797875711953816,2.0,27.0,20.0,631.0,2024.0,3.3695798296717263,0.7118650758186202,3.9816273075001294,2025
TM Head,6.961260211227113,7.064234043694759,-0.10297383246764558,,1.0,15.0,296.0,10.0,2024.0,6.973282190485142,-0.012021979258026602,0.0,2025
SP Narine,6.653232548331535,1.98516037518981,4.668072173141725,4.331287900828827,3.0,42.0,335.0,954.0,2024.0,0.5783544249396592,4.631754606636755,1.443123516755121,2025
J Fraser-McGurk,5.929084762842256,5.929084762842256,0.0,,1.0,9.0,141.0,0.0,2024.0,5.511036391347191,0.4180483714950648,0.0,2025
M Pathirana,4.737471174188151,0.0,4.737471174188151,2.1577695946404165,3.0,20.0,0.0,451.0,2024.0,0.0,2.405175824489073,2.332295349699079,2025
MA Wood,4.6578337377240135,0.01860105333035559,4.639232684393658,,1.0,4.0,5.0,96.0,2023.0,1.4033696978746395,2.9191599019013372,0.3353041379480366,2025
V Kohli,4.65376904264349,4.65376904264349,0.0,4.152764321321832,3.0,45.0,1230.0,0.0,2024.0,3.590408925857898,0.6605685614199461,0.4027915553656462,2025
Mohammed Shami,4.646715411375611,-0.01247715120638432,4.659192562581994,2.537659333939906,2.0,33.0,6.0,756.0,2023.0,4.6340230314691375,-0.1877017387680883,0.2003941186745605,2025
SA Yadav,4.537844137104423,4.537844137104423,0.0,2.347329426551272,3.0,35.0,748.0,0.0,2024.0,0.42934482753302117,3.280952287744832,0.82754702182657,2025
RM Patidar,4.49093514869142,4.49093514869142,0.0,2.5205474921628817,2.0,23.0,441.0,0.0,2024.0,1.2401571365169235,2.8348662588366054,0.4159117533378909,2025
DP Conway,4.468044124643424,4.468044124643424,0.0,0.7488250307897231,2.0,23.0,654.0,0.0,2023.0,1.558018580208611,3.0650192611501756,-0.1549937167153637,2025
H Klaasen,4.345069303827956,4.345069303827956,0.0,2.0224811557210494,2.0,28.0,533.0,0.0,2024.0,0.24153855083264633,2.4987742837140385,1.6047564692812712,2025
Shubman Gill,4.239337326652584,4.239337326652584,0.0,4.0942773879493295,3.0,45.0,1218.0,0.0,2024.0,1.4123913607000436,2.5225242845931124,0.3044216813594278,2025
MP Yadav,4.037415348681607,0.0,4.037415348681607,,1.0,4.0,0.0,73.0,2024.0,0.5404686713342588,2.3044551395253072,1.1924915378220413,2025
N Burger,3.55323090383792,0.0,3.55323090383792,,1.0,5.0,0.0,102.0,2024.0,1.0986518307645563,0.6532751130668223,1.8013039600065415,2025
N Pooran,3.4661216361117564,3.4661216361117564,0.0,1.6544609657685914,3.0,43.0,699.0,0.0,2024.0,0.42821132524518746,2.5148940941743607,0.5230162166922079,2025
TA Boult,3.398595911067301,-0.08884743128514105,3.4874433423524414,1.7331291503171706,3.0,41.0,59.0,920.0,2024.0,4.875540183398183,-0.9822646435999031,-0.4946796287309799,2025
CV Varun,3.259291351337513,-0.05227577784241791,3.311567129179931,3.4140794097192013,3.0,39.0,27.0,850.0,2024.0,0.4596614374426248,2.1723955569004234,0.627234356994465,2025
PD Salt,3.2220537703925958,3.2220537703925958,0.0,1.90742364412739,2.0,21.0,372.0,0.0,2024.0,1.966880071132555,1.1433220946871185,0.11185160457292129,2025
F du Plessis,3.2209497998297216,3.2209497998297216,0.0,4.268073183436428,3.0,45.0,1113.0,0.0,2024.0,1.925401151583802,1.1861320437361254,0.10941660450979403,2025
JJ Roy,3.207039194410196,3.207039194410196,0.0,,1.0,8.0,188.0,0.0,2023.0,2.662479125481177,0.544560068929019,0.0,2025
B Sai Sudharsan,3.082223035004479,3.082223035004479,0.0,1.7078017683996294,3.0,25.0,743.0,0.0,2024.0,0.388120740360124,1.9194657397186061,0.7746365549257489,2025
RR Pant,2.8118608586897516,2.8118608586897516,0.0,0.5021103332242325,2.0,27.0,511.0,0.0,2024.0,0.6001363979432088,0.8165829560193523,1.3951415047271905,2025
YBK Jaiswal,2.722058092775442,2.7227882912814034,-0.0007301985059612216,3.275324973755098,3.0,39.0,855.0,1.0,2024.0,2.294767675599228,0.1703068613553852,0.25698355582082844,2025
RD Gaikwad,2.63694572211252,2.63694572211252,0.0,2.1418652450665205,3.0,44.0,1104.0,0.0,2024.0,1.75474745360979,1.0399360578894448,-0.15773778938671534,2025
Rashid Khan,2.432177405549409,0.12385447092075025,2.3083229346286585,1.5515631000767975,3.0,45.0,175.0,1047.0,2024.0,0.39804296355413527,0.9542611539928443,1.079873288002429,2025
SV Samson,2.4200820196385697,2.4200820196385697,0.0,0.49329968129384155,3.0,46.0,894.0,0.0,2024.0,0.8282925007008636,0.9979355361253809,0.593853982812325,2025
Tilak Varma,2.3087080212016953,2.312963261097675,-0.004255239895979585,1.1406198370943799,3.0,38.0,790.0,22.0,2024.0,-0.09863887860310189,1.940184195765633,0.4671627040391647,2025
S Dube,2.047798511693764,2.0828023469845744,-0.03500383529081049,0.4022122089161746,3.0,41.0,693.0,18.0,2024.0,0.03451261941094582,1.0774608222030706,0.9358250700797476,2025
N Thushara,2.0222461681024457,0.0,2.0222461681024457,,1.0,7.0,0.0,156.0,2024.0,2.4498559474117343,-0.9321093015519668,0.5044995222426785,2025
Abhishek Sharma,1.9675857416030709,2.2587874619427626,-0.29120172033969166,2.8071268974509387,3.0,41.0,714.0,138.0,2024.0,1.4348148027740708,0.7111076775699255,-0.17833673874092565,2025
GJ Maxwell,1.9180080833314048,1.002091128031144,0.9159169553002608,1.9927241556064172,3.0,37.0,439.0,302.0,2024.0,0.740939592677679,0.6269037412054778,0.5501647494482484,2025
I Sharma,1.861509021906585,-0.03903293512236771,1.9005419570289528,0.9997735058101868,2.0,17.0,8.0,312.0,2024.0,2.1648740766006993,0.025558418814038975,-0.32892347350815315,2025
MG Bracewell,1.7885614047889207,-0.4894928790948403,2.278054283883761,,1.0,5.0,47.0,66.0,2023.0,2.5746736953583658,-0.4466076954480206,-0.33950459512142467,2025
JC Buttler,1.7866873420702498,1.7866873420702498,0.0,5.116504142562478,3.0,42.0,1116.0,0.0,2024.0,0.21383761828135878,0.5267085121670418,1.0461412116218494,2025
AD Russell,1.7702706860892652,1.082325460958442,0.687945225130823,1.830466517141779,3.0,42.0,468.0,436.0,2024.0,0.3306973120229757,0.6370270084904827,0.8025463655758066,2025
PWH de Silva,1.729392918442783,-0.34773764494154924,2.0771305633843324,1.6875359058373705,2.0,24.0,71.0,516.0,2023.0,1.14618378746872,-0.42723736143962077,1.0104464924136833,2025
S Sandeep Warrier,1.7282460184809803,0.0,1.7282460184809803,,1.0,5.0,0.0,66.0,2024.0,2.2851964854865274,-0.5569504670055473,0.0,2025
JR Hazlewood,1.6357292183556846,-0.10023801237481345,1.7359672307304983,1.0755710372712919,2.0,15.0,28.0,333.0,2023.0,1.2506683289987897,0.20287406068287334,0.18218682867402164,2025
AR Patel,1.6208078238311439,-0.5330267183287856,2.1538345421599296,0.8711490907798445,3.0,41.0,502.0,804.0,2024.0,-0.038324641474927465,1.659543413881689,-0.0004109485756176312,2025
DL Chahar,1.617033617260997,-0.0011852103584416628,1.6182188276194385,1.5053521932700777,2.0,18.0,2.0,345.0,2024.0,1.9083164774330905,0.2503860298238457,-0.5416688899959393,2025
NT Ellis,1.5606452816592038,-0.03736797274667612,1.59801325440588,1.296482397937666,3.0,13.0,9.0,288.0,2024.0,0.7322900403295722,0.8475773705356953,-0.01922212920606378,2025
Harshit Rana,1.5175098571275354,-0.011596237221393408,1.5291060943489287,1.631695104512383,3.0,20.0,3.0,385.0,2024.0,0.2780004821044598,0.634857140969361,0.6046522340537147,2025
Shashank Singh,1.465200433491854,1.4644004348587878,0.0007999986330661825,1.1645944677677817,2.0,24.0,262.0,18.0,2024.0,-0.06033973663979829,0.5118470995991249,1.0136930705325273,2025
WG Jacks,1.442401964299632,2.283445637701742,-0.8410436734021101,,1.0,8.0,131.0,54.0,2024.0,0.25532182969044287,-0.11999927547062628,1.3070794100798155,2025
J Suchith,1.4293966663324962,-0.17714815686142454,1.6065448231939208,,1.0,5.0,8.0,108.0,2022.0,-0.049400773903725076,2.058709963913559,-0.5799125236773377,2025
R Sai Kishore,1.4131098277097778,0.011035644706330377,1.4020741830034473,0.05318060801840718,2.0,10.0,6.0,186.0,2024.0,0.3499372219206439,1.6942312584868295,-0.6310586526976956,2025
PP Chawla,1.348865110982175,-0.1419919031829025,1.4908570141650777,0.8761012808216729,2.0,27.0,37.0,576.0,2024.0,-0.07636379332492793,1.1472983070526948,0.2779305972544083,2025
Kuldeep Yadav,1.3452125227337905,-0.608824151660039,1.9540366743938298,0.6061533381840651,3.0,39.0,141.0,850.0,2024.0,-0.43289533618188936,1.5322952486997266,0.24581261021595335,2025
M Prasidh Krishna,1.330070685435856,-0.07247971474188418,1.40255040017774,,1.0,17.0,12.0,399.0,2022.0,2.5097696799108387,-0.580403825102282,-0.5992951693727004,2025
KD Karthik,1.3083916687792503,1.3083916687792503,0.0,1.7322209506491746,3.0,44.0,458.0,0.0,2024.0,0.0,0.05402236483378989,1.2543693039454604,2025
Swapnil Singh,1.3082899339030007,0.030059512766717165,1.2782304211362834,1.2597087094305266,2.0,9.0,25.0,102.0,2024.0,1.662175206593163,-0.32051657686443275,-0.03336869582572962,2025
T Stubbs,1.2981050084289563,1.1359571054376478,0.16214790299130855,2.1560409312054554,3.0,18.0,233.0,24.0,2024.0,0.032585713048966645,-0.6127504709300705,1.8782697663100598,2025
M Theekshana,1.2750728343098334,-0.009449243818056676,1.28452207812789,1.4229534284529062,3.0,27.0,7.0,624.0,2024.0,-0.2418241899218883,0.8977244876932489,0.6191725365384729,2025
J Little,1.2004418420882823,0.0,1.2004418420882823,0.9041109679598067,2.0,11.0,0.0,228.0,2024.0,-0.9717157312904666,2.2666341300540562,-0.0944765566753075,2025
R Parag,1.1842147807106196,1.2561251269728082,-0.07191034626218856,2.200015084017798,3.0,39.0,582.0,42.0,2024.0,0.32627980121467354,0.8834063515842625,-0.025471372088315902,2025
YS Chahal,1.1684970282372995,-0.006354767775187834,1.1748517960124873,1.3229950206092826,3.0,46.0,8.0,1073.0,2024.0,0.17672662502786346,0.37449238967420584,0.6172780135352305,2025
LS Livingstone,1.1559075113242907,1.0530031221562717,0.10290438916801892,2.6192147408578395,3.0,30.0,489.0,252.0,2024.0,-0.6521848085932818,0.5698291552987198,1.238263164618853,2025
Noor Ahmad,1.1174161414198744,-0.07989563162349614,1.1973117730433707,0.7569331253883549,2.0,23.0,18.0,492.0,2024.0,0.21904907210055752,0.5124511256003831,0.38591594371893373,2025
KL Rahul,1.0672696005209468,1.0672696005209468,0.0,2.580676651105726,3.0,38.0,1079.0,0.0,2024.0,1.0085768605230325,0.5745031795471276,-0.5158104395492136,2025
Sandeep Sharma,0.9467432699619378,-0.007614441950741929,0.9543577119126796,2.7153304854282476,3.0,27.0,6.0,624.0,2024.0,0.4864610607093142,-0.050876483598731315,0.5111586928513547,2025
Vivrant Sharma,0.944032853533801,1.671732457685789,-0.7276996041519881,,1.0,3.0,47.0,18.0,2023.0,0.5933409045466739,0.35069194898712674,0.0,2025
VR Iyer,0.9352682120806626,1.0098800794241816,-0.07461186734351914,2.593856555036146,3.0,40.0,679.0,30.0,2024.0,0.2442339786530574,1.32195866787165,-0.6309244344440443,2025
RA Jadeja,0.9215134806802019,-0.41965569097064875,1.3411691716508507,2.0798082800909734,3.0,40.0,418.0,822.0,2024.0,-0.16027557125379974,1.3214381639064448,-0.239649111972443,2025
Naveen-ul-Haq,0.9059238749422047,-0.11091655709558924,1.0168404320377942,1.7273610297043382,2.0,18.0,25.0,387.0,2024.0,-1.2222659597468506,1.3304198831510239,0.7977699515380314,2025
SS Iyer,0.8792767073143878,0.8768531949396476,0.0024235123747401886,1.0005125686452174,2.0,28.0,537.0,6.0,2024.0,-0.6271649026402991,1.0199122670392844,0.48652934291540256,2025
C Green,0.8387025597180189,0.8586089416395821,-0.019906381921563243,0.2892356378477457,2.0,29.0,460.0,439.0,2024.0,0.6315320893884321,-0.4582956092450436,0.6654660795746302,2025
DJ Bravo,0.8230636315495513,-0.27676265313244575,1.099826284681997,,1.0,10.0,24.0,206.0,2022.0,-0.6168938384901497,0.18444346088008823,1.2555140091596129,2025
RK Singh,0.814396379952672,0.814396379952672,0.0,1.318840783875011,3.0,35.0,547.0,0.0,2024.0,0.23401442823505209,-0.4708335714652453,1.051215523182865,2025
WD Parnell,0.8055123783222278,-0.04079939809693967,0.8463117764191674,,1.0,7.0,5.0,151.0,2023.0,2.377885216492257,-1.1328841377269212,-0.439488700443108,2025
T Natarajan,0.7963910535305446,0.0,0.7963910535305446,1.316643489429359,3.0,37.0,0.0,836.0,2024.0,0.35446357620846075,-0.3028475025595881,0.7447749798816721,2025
RR Rossouw,0.7566604988220265,0.7566604988220265,0.0,0.8608440526408959,2.0,17.0,257.0,0.0,2024.0,-0.5472033052378598,0.8825185561412935,0.42134524791859274,2025
Navdeep Saini,0.7106639091725282,-0.009100493280459416,0.7197644024529876,1.7517846756991562,2.0,3.0,2.0,60.0,2023.0,0.6791515224885262,-0.3952241502069763,0.4267365368909779,2025
DJ Willey,0.7041236779119551,-0.6614875743638298,1.3656112522757848,1.9381868569340819,2.0,8.0,62.0,156.0,2023.0,1.28526736306236,-0.0862203393401153,-0.4949233458102894,2025
A Zampa,0.7004364192043506,-0.378918040381264,1.0793544595856146,,1.0,6.0,16.0,132.0,2023.0,1.7305969516615145,-1.4200216955375264,0.3898611630803628,2025
TH David,0.6910366047094096,0.6910366047094096,0.0,1.3296619703517865,3.0,37.0,384.0,0.0,2024.0,0.0,-0.2821038786966431,0.9731404834060529,2025
Mohammed Siraj,0.6523605760251436,-0.07554202074895547,0.7279025967740993,4.893019674101439,3.0,43.0,43.0,930.0,2024.0,-0.1321437564949901,0.2550892701708125,0.529415062349321,2025
MP Stoinis,0.620363314683591,0.6187907392571179,0.001572575426472947,1.208673542031368,3.0,40.0,641.0,191.0,2024.0,0.13990813085145498,0.15410981649126276,0.3263453673408731,2025
MJ Santner,0.5809215727289935,-0.5131752676070418,1.0940968403360354,1.1528304142484036,3.0,12.0,48.0,240.0,2024.0,-0.4599902123903645,1.1752279586030816,-0.13431617348372377,2025
MM Ali,0.5421490658878134,-0.3878553128758797,0.930004378763693,1.2968442671957445,3.0,33.0,366.0,347.0,2024.0,0.7949977965188342,-0.4477610205570106,0.1949122899259898,2025
Mustafizur Rahman,0.5284527367391763,-0.004964198877723242,0.5334169356168996,2.414773813737861,3.0,19.0,6.0,440.0,2024.0,-0.01762594629873382,0.502752605552667,0.043326077485243274,2025
N Rana,0.5169534210562621,0.5008506208636831,0.016102800192578957,1.025898142632291,3.0,30.0,578.0,65.0,2024.0,0.2659522630933255,0.15696950276067287,0.09403165520226393,2025
DA Miller,0.4715155611247228,0.4715155611247228,0.0,1.309929614041059,3.0,41.0,654.0,0.0,2024.0,-0.40172510179715887,0.09706937512828906,0.7761712877935927,2025
Ramandeep Singh,0.457516226577947,0.29443201708181055,0.16308420949613642,0.3237095969626436,2.0,19.0,102.0,40.0,2024.0,-0.0012482341769900962,-0.0762391292429988,0.5350035899979361,2025
Abishek Porel,0.4502571793460744,0.4502571793460744,0.0,1.1790610035511289,2.0,18.0,236.0,0.0,2024.0,0.5508807980078174,-0.15374517877224275,0.05312156011049968,2025
SO Hetmyer,0.4487830939726828,0.4487830939726828,0.0,0.577825431960182,3.0,41.0,470.0,0.0,2024.0,0.03585762205278731,-0.3793921636505282,0.7923176355704238,2025
MS Dhoni,0.4253903627925063,0.4253903627925063,0.0,0.7677811038946453,3.0,44.0,318.0,0.0,2024.0,0.02198308891703853,-0.2799411156885889,0.6833483895640566,2025
DA Warner,0.3905277120897541,0.3905277120897541,0.0,3.1949603857811546,3.0,34.0,804.0,0.0,2024.0,1.0781330962830653,-0.3339816435685229,-0.353623740624788,2025
K Rabada,0.3844383493147139,-0.1245010412659569,0.508939390580671,1.4288791214855243,3.0,30.0,59.0,678.0,2024.0,0.4981188930869685,0.20482302751742862,-0.3185035712896833,2025
B Kumar,0.357800900603955,-0.3491939133549849,0.7069948139589399,0.9535257755354132,3.0,44.0,102.0,961.0,2024.0,1.368394401624837,-0.5899423512644643,-0.4206511497564177,2025
JM Bairstow,0.3350000590630522,0.3350000590630522,0.0,0.6656918215825107,2.0,22.0,370.0,0.0,2024.0,0.25526022084485056,0.09925334087803461,-0.019513502659833162,2025
Atharva Taide,0.33262797029152535,0.33854188411185526,-0.0059139138203299565,0.2510518576997466,2.0,9.0,168.0,1.0,2024.0,0.41303253765149806,-0.07449065353964274,-0.0059139138203299565,2025
Mohsin Khan,0.29964858264129113,-0.05360406879104892,0.3532526514323403,4.44270777735781,3.0,24.0,24.0,486.0,2024.0,0.5744199659151412,-0.0929636243774469,-0.18180775889640333,2025
JP Behrendorff,0.2663501992787061,-0.041719417580191695,0.30806961685889783,,1.0,12.0,9.0,252.0,2023.0,2.5449582196256006,-1.3956938607794864,-0.8829141595674078,2025
RD Chahar,0.26445159836654086,-0.24809588414509282,0.5125474825116337,0.15567644430805963,3.0,36.0,92.0,764.0,2024.0,-0.05199564675412695,-0.17022814942464837,0.48667539454531616,2025
MA Starc,0.2639696356335134,-0.07856032676754943,0.3425299624010628,,1.0,13.0,11.0,251.0,2024.0,1.1552757984973772,-0.19234191916954047,-0.6989642436943235,2025
A Mishra,0.25484149334243317,-0.23249070983401088,0.48733220317644405,0.33317227305778213,2.0,8.0,30.0,126.0,2024.0,0.0,0.29111943936814266,-0.03627794602570948,2025
Avesh Khan,0.24759341964409587,0.0006241648488211566,0.24696925479527476,2.4848986356299085,3.0,37.0,19.0,789.0,2024.0,-0.7376838232198089,-0.057363138068797115,1.0426403809327023,2025
HV Patel,0.22358071429720633,-0.19031180236899908,0.4138925166662056,2.2201501470361107,3.0,43.0,64.0,897.0,2024.0,-0.4496110008171783,0.014867326910547651,0.6583243882038374,2025
VG Arora,0.22195932913134775,-0.06996968521455534,0.29192901434590324,2.3448230444897926,3.0,20.0,16.0,383.0,2024.0,0.5611027234147405,-0.3199356130603702,-0.01920778122302269,2025
Ashutosh Sharma,0.20017977371085866,0.20017977371085866,0.0,,1.0,11.0,113.0,0.0,2024.0,0.0,-0.2762477773531258,0.47642755106398443,2025
KR Mayers,0.16884949546313255,0.5411273338735785,-0.3722778384104459,,1.0,13.0,263.0,42.0,2023.0,0.04561826842387384,0.12323122703925873,0.0,2025
TU Deshpande,0.1462176493112659,-0.0007331975239245854,0.14695084683519055,2.103280637022223,3.0,31.0,2.0,671.0,2024.0,0.3704475210994659,-0.048996814143760864,-0.17523305764443886,2025
R Ashwin,0.07996152540846702,-0.6049385693309609,0.6849000947394279,1.0555564932137027,3.0,44.0,260.0,1026.0,2024.0,-0.6441524141943064,0.7492608660850393,-0.02514692648226602,2025
K Kartikeya,0.06670756088032836,-0.049919846779240856,0.11662740765956914,1.184460184398886,2.0,12.0,12.0,234.0,2023.0,0.04888953775304197,0.5434881316696027,-0.5256701085423164,2025
Ravi Bishnoi,0.06470299271927052,-0.1160161392650141,0.18071913198428458,1.35247566413729,3.0,43.0,34.0,889.0,2024.0,-0.6031434081704019,0.7462861130792267,-0.07843971218955427,2025
Ishan Kishan,0.05437534624847595,0.05437534624847595,0.0,1.2577968368470018,3.0,44.0,881.0,0.0,2024.0,1.1932136650128173,-1.1030203360134252,-0.03581798275091612,2025
MM Sharma,0.025159822582622615,-0.13387209439162837,0.1590319169742509,3.3474302724503353,2.0,26.0,16.0,499.0,2024.0,-0.6952580783943717,0.18513700422187485,0.5352808967551195,2025
KK Ahmed,0.02281006655387599,-0.002162521199948131,0.024972587753824077,1.7896559543862232,3.0,33.0,2.0,733.0,2024.0,0.5718609225803771,-0.0024286192461581355,-0.5466222367803429,2025
Simarjeet Singh,0.012144299322340249,-0.027358447178796118,0.03950274650113636,0.27370967217395575,2.0,10.0,8.0,180.0,2024.0,-0.7336640507081178,0.836679752265541,-0.0908714022350828,2025
Q de Kock,-0.0753531093153963,-0.0753531093153963,0.0,3.015219046670575,3.0,30.0,629.0,0.0,2024.0,-0.5069718782165558,0.157212006509785,0.27440676239137385,2025
M Shahrukh Khan,-0.10818635864741599,-0.12385426133504529,0.015667902687629305,0.9856449176388079,3.0,29.0,277.0,12.0,2024.0,0.2121493589891647,-0.17417582297914885,-0.14615989465743187,2025
JM Sharma,-0.1268773046964185,-0.1268773046964185,0.0,1.113245387569213,3.0,40.0,483.0,0.0,2024.0,-0.37305101224099857,-0.009305537858306678,0.2554792454028867,2025
DR Sams,-0.15864721331520404,-0.7537816928600941,0.5951344795448901,,1.0,11.0,36.0,252.0,2022.0,2.746055527239978,-0.6502579430149996,-2.254444797540182,2025
A Raghuvanshi,-0.16619053706359072,-0.16619053706359072,0.0,,1.0,10.0,105.0,0.0,2024.0,-0.25101841978710077,0.24410087597100424,-0.1592729932474942,2025
Akash Madhwal,-0.17861351789864477,-0.019823837578615656,-0.15878968032002927,3.276851997217519,2.0,13.0,5.0,262.0,2024.0,1.4726203833909508,-0.0527646182249534,-1.5984692830646425,2025
D Pretorius,-0.21254107073108292,-0.058758557660927024,-0.15378251307015584,1.1817581562882993,2.0,7.0,28.0,150.0,2023.0,0.0,0.827865429693845,-1.0404065004249277,2025
Arshdeep Singh,-0.22492438202619713,-0.0747033768337203,-0.1502210051924768,1.0472593234485168,3.0,42.0,34.0,907.0,2024.0,-0.2582245048136763,-0.2310035373098116,0.2643036600972909,2025
R Powell,-0.23448683301270945,-0.2632159970689188,0.028729164056209348,0.43812695436668314,3.0,26.0,244.0,18.0,2024.0,0.0,-0.49609826101834864,0.2616114280056391,2025
MK Lomror,-0.23498451484443503,-0.1880163849366531,-0.046968129907781916,0.3891554545602583,3.0,29.0,222.0,30.0,2024.0,-0.28393762640889225,0.0843154463755941,-0.035362334811136875,2025
RV Uthappa,-0.24227973254378404,-0.24227973254378404,0.0,,1.0,12.0,171.0,0.0,2022.0,-0.3106781030282696,-0.1858900526342206,0.25428842311870614,2025
KR Sen,-0.2754862370763292,-0.003089489102339836,-0.2723967479739894,0.48511685798946846,3.0,12.0,3.0,241.0,2024.0,-0.5815658029784259,1.3626315476778328,-1.0565519817757363,2025
Abdul Samad,-0.28171764492744417,-0.2743752239910111,-0.007342420936433037,0.22335447445233536,3.0,27.0,243.0,6.0,2024.0,0.0,-0.45905378642086225,0.1773361414934181,2025
P Simran Singh,-0.2818046288444916,-0.2818046288444916,0.0,0.16268071332394687,3.0,29.0,462.0,0.0,2024.0,-0.08149157248926023,-0.32505539982870946,0.1247423434734781,2025
RA Tripathi,-0.29151693921079086,-0.29151693921079086,0.0,3.2140127613552134,3.0,33.0,589.0,0.0,2024.0,-0.6035696616479791,0.27766338053804385,0.034389341899144624,2025
PJ Cummins,-0.29638263755729843,-0.1426413750155593,-0.15374126254173937,1.776550344493268,2.0,21.0,119.0,485.0,2024.0,-0.6842240549693084,2.017473099637865,-1.6296316822258556,2025
C Sakariya,-0.30357503339628134,-0.0943409394070999,-0.20923409398918158,1.6342912681293744,2.0,5.0,6.0,114.0,2023.0,2.2832384917654096,-0.25286688042244354,-2.333946644739248,2025
Yudhvir Singh,-0.31579374931217763,-0.11315698200353674,-0.20263676730864089,1.2794353382657278,2.0,5.0,16.0,72.0,2024.0,0.12595227512352503,-0.23478168413216072,-0.206964340303542,2025
S Gopal,-0.33243568958397524,-0.02117542274542606,-0.3112602668385492,0.629524922966022,2.0,4.0,7.0,60.0,2024.0,0.0,-0.3112602668385492,-0.02117542274542606,2025
K Gowtham,-0.35124814886122857,-0.026762089595634288,-0.32448605926559426,1.1111768711888352,3.0,12.0,38.0,180.0,2024.0,-0.9595088583149529,0.5914741557282039,0.01678655372552046,2025
PBB Rajapaksa,-0.3578395206341174,-0.3578395206341174,0.0,0.9370158476792771,2.0,13.0,191.0,0.0,2023.0,-0.45537308927293724,0.43270075324263507,-0.33516718460381534,2025
S Dhawan,-0.3745411225973019,-0.3745411225973019,0.0,1.248275500550538,3.0,30.0,757.0,0.0,2024.0,-0.7320189761036873,0.21841969779522022,0.1390581557111652,2025
Harpreet Brar,-0.4051664280989021,-0.3636265411837569,-0.04153988691514515,1.3069870447405458,3.0,31.0,120.0,487.0,2024.0,-1.0024881640167227,0.7711498747500751,-0.17382813883225434,2025
R Tewatia,-0.4377757431024206,-0.34385900788988377,-0.09391673521253685,0.26166157559814834,3.0,45.0,333.0,49.0,2024.0,0.0,-0.7425887121462429,0.3048129690438222,2025
TG Southee,-0.44633712728099484,-0.11359083814253518,-0.3327462891384596,2.621343570672333,2.0,11.0,12.0,246.0,2023.0,-0.593754576553877,0.24859390291676084,-0.10117645364387817,2025
PP Shaw,-0.47385707956769785,-0.47385707956769785,0.0,2.607892025368407,3.0,26.0,391.0,0.0,2024.0,-0.5324202889901626,0.05856320942246469,0.0,2025
KH Pandya,-0.4842236922425723,-1.44352944086945,0.9593057486268776,0.8370645595437086,3.0,43.0,415.0,678.0,2024.0,-1.3988586301041108,0.8395007721816167,0.07513416567992179,2025
PN Mankad,-0.4957145824996567,-0.4957145824996567,0.0,0.4304659701228598,2.0,6.0,73.0,0.0,2023.0,-0.5841167918157134,0.10885136784659531,-0.020449158530538667,2025
OC McCoy,-0.49670631973135054,-0.002763582428337802,-0.49394273730301275,0.4092336930013258,2.0,8.0,5.0,161.0,2023.0,-0.15338944051350165,-1.009241850181692,0.6659249709638431,2025
Suyash Sharma,-0.5065608409385343,0.0,-0.5065608409385343,1.8125581670661894,2.0,13.0,0.0,258.0,2024.0,0.7358961906316496,-1.0280576678932123,-0.2143993636769716,2025
Dhruv Jurel,-0.5209223511448383,-0.5209223511448383,0.0,0.6821011540954883,2.0,27.0,229.0,0.0,2024.0,-0.03154044326089977,-0.40797830533332974,-0.0814036025506088,2025
SS Prabhudessai,-0.5239979898244368,-0.5239979898244368,0.0,0.40473213285518833,3.0,11.0,106.0,0.0,2024.0,-0.004608006391927684,0.04331677388932487,-0.5627067573218338,2025
N Wadhera,-0.5469127393602556,-0.5592623908997533,0.012349651539497549,0.9309897803105124,2.0,20.0,250.0,12.0,2024.0,-0.20300170831500688,-0.31458674488820054,-0.02932428615704817,2025
SH Johnson,-0.5583639440054721,-0.05677908921903414,-0.5015848547864379,,1.0,5.0,7.0,96.0,2024.0,-0.2753471178572861,-1.732376001964758,1.449359175816572,2025
Fazalhaq Farooqi,-0.588117476578492,-0.11977284078725806,-0.4683446357912339,1.1616531876623313,2.0,7.0,13.0,152.0,2023.0,0.3609809447888119,0.09520186589175751,-1.0443002872590614,2025
AT Rayudu,-0.5963947027449299,-0.5963947027449299,0.0,0.25241205727680066,2.0,29.0,337.0,0.0,2023.0,-0.16853888258682936,-0.3955346273709684,-0.03232119278713212,2025
Anmolpreet Singh,-0.6473321448106817,-0.6473321448106817,0.0,0.1213105679694473,3.0,8.0,101.0,0.0,2024.0,-0.19481181232256262,-0.4525203324881191,0.0,2025
UT Yadav,-0.6686257496076458,-0.20072317501875508,-0.4679025745888907,3.2715961307034034,3.0,27.0,73.0,528.0,2024.0,0.33404432895361813,-0.43347012233753063,-0.5691999562237335,2025
DG Nalkande,-0.6733714774062061,-0.09566688161525921,-0.577704595790947,1.1994169850950138,3.0,6.0,12.0,84.0,2024.0,-0.5403562917283568,-0.2577539843907612,0.1247387987129119,2025
A Manohar,-0.7176450172304853,-0.7176450172304853,0.0,0.45361369802497586,3.0,19.0,174.0,0.0,2024.0,-0.2501763754578436,-0.4666923992581711,-0.0007762425144706014,2025
Arjun Tendulkar,-0.7688835679055491,-0.013053787280415586,-0.7558297806251335,0.022750139291998095,2.0,5.0,9.0,73.0,2024.0,0.3467365310748185,-0.6123114452549691,-0.5033086537253987,2025
V Shankar,-0.8521469320987264,-0.8389085206573993,-0.013238411441327131,1.9985769396321933,3.0,25.0,295.0,9.0,2024.0,-0.33472013698261066,-0.7812576149752943,0.26383081985917856,2025
Mukesh Choudhary,-0.861432068234948,-0.0029788048357444305,-0.8584532633992036,0.23860422157352845,2.0,14.0,6.0,279.0,2024.0,-0.5043733866801794,0.006918895256958264,-0.3639775768117268,2025
R Ravindra,-0.8752462875083057,-0.9416474075316779,0.0664011200233722,,1.0,10.0,138.0,12.0,2024.0,-1.1513929227770427,0.2761466352687372,0.0,2025
Aman Hakim Khan,-0.9059399744823619,-0.7813321954985345,-0.12460777898382736,0.46987368977185345,2.0,12.0,104.0,6.0,2023.0,-0.007661409026398541,-0.5278048626493335,-0.37047370280663,2025
M Ashwin,-0.9209530570867335,-0.089639213699679,-0.8313138433870545,1.2751417585823963,2.0,10.0,14.0,198.0,2023.0,-0.06470691035034863,-0.921656782738271,0.06541063600188593,2025
MS Wade,-0.9539247690875856,-0.9539247690875856,0.0,1.3122602439296167,2.0,12.0,144.0,0.0,2024.0,-0.42868363940688076,-0.5252411296807048,0.0,2025
SW Billings,-0.9542812846283887,-0.9542812846283887,0.0,,1.0,8.0,138.0,0.0,2022.0,-0.5533374041179288,-0.4057944385813138,0.0048505580708538875,2025
AM Rahane,-0.9788213038547072,-0.9788213038547072,0.0,2.8076318280792245,3.0,34.0,513.0,0.0,2024.0,0.025811845939954448,-1.2583845115840844,0.2537513617894227,2025
V Viyaskanth,-0.9827437908403279,-0.012863566876308408,-0.9698802239640195,,1.0,3.0,5.0,60.0,2024.0,0.0,-0.9698802239640195,-0.012863566876308408,2025
Yash Thakur,-0.9842231106183101,0.0,-0.9842231106183101,1.515217195227934,2.0,19.0,0.0,404.0,2024.0,1.3184073739304087,-1.3877114642929127,-0.9149190202558066,2025
RG Sharma,-0.9941299772253961,-0.9941299772253961,0.0,1.3391330639676335,3.0,44.0,751.0,0.0,2024.0,-0.4722549044081533,-0.5989176189615883,0.07704254614434568,2025
D Brevis,-1.0088925904354191,-1.0074659466585207,-0.0014266437768984525,1.0332018614788594,2.0,10.0,172.0,3.0,2024.0,-1.0393735123373358,0.299753495493037,-0.2692725735911202,2025
DJ Hooda,-1.0185523312226819,-0.9952196712443964,-0.023332659978285267,2.776100139172177,3.0,38.0,525.0,48.0,2024.0,-0.46892648781305163,-0.4828253137644818,-0.06680052964514763,2025
Rahmanullah Gurbaz,-1.0331104481145688,-1.0331104481145688,0.0,1.1600246587917964,2.0,13.0,216.0,0.0,2024.0,-1.2267997572157052,0.25931804160213406,-0.06562873250099753,2025
G Coetzee,-1.0339908583053914,-0.41056454035938966,-0.6234263179460017,,1.0,10.0,22.0,201.0,2024.0,-0.9154389450401573,-1.2184383363273381,1.0998864230621042,2025
Azmatullah Omarzai,-1.0413353449469551,-0.38443890779813333,-0.6568964371488217,,1.0,7.0,33.0,126.0,2024.0,-1.1189974556841513,0.621219642988225,-0.5435575322510287,2025
Mohammad Nabi,-1.0743181622169602,-0.44383441407855495,-0.6304837481384054,,1.0,7.0,31.0,74.0,2024.0,0.022100068501527903,-0.6570624488511473,-0.4393557818673408,2025
MK Pandey,-1.089080673957468,-1.089080673957468,0.0,1.531966516024941,3.0,17.0,257.0,0.0,2024.0,-0.709895069356562,-0.02025494686788415,-0.35893065773302213,2025
Yash Dayal,-1.103232081628095,-0.0006056647988835445,-1.1026264168292115,1.910946203656362,3.0,28.0,1.0,577.0,2024.0,-0.5056472227916118,-0.6482534959270687,0.05066863709058517,2025
AJ Finch,-1.1152031452192275,-1.1152031452192275,0.0,,1.0,5.0,61.0,0.0,2022.0,-2.263603658399205,1.1484005131799777,0.0,2025
Umran Malik,-1.119571003802511,0.004206714267092893,-1.123777718069604,1.226689187960615,3.0,23.0,16.0,421.0,2024.0,-0.7527668371967655,-0.2918592815278125,-0.07494488507793318,2025
Mukesh Kumar,-1.1535190470400374,-0.07352644461575186,-1.0799926024242856,2.4216359016342635,2.0,20.0,18.0,399.0,2024.0,-0.36927645605217596,-0.2689052863930276,-0.5153373045948341,2025
AS Roy,-1.1655438574502623,-0.22285719820745498,-0.9426866592428071,0.5554940423849375,3.0,9.0,24.0,124.0,2024.0,-1.3821743230198846,0.08045008168060942,0.1361803838890131,2025
A Badoni,-1.1703585606212417,-1.1646443361426506,-0.005714224478591053,0.3228058505592545,3.0,42.0,473.0,25.0,2024.0,-0.7208146407277738,-0.41610087541513974,-0.033443044478328104,2025
SD Hope,-1.1907297941249868,-1.1907297941249868,0.0,,1.0,9.0,122.0,0.0,2024.0,-1.5806369931928324,0.666033587422503,-0.2761263883546574,2025
M Markande,-1.2168777764812173,0.005771929067142545,-1.2226497055483598,2.332466419260605,3.0,19.0,13.0,402.0,2024.0,0.0,-0.24772988461925938,-0.9691478918619577,2025
Mayank Dagar,-1.254360430394453,-0.0035258189178164296,-1.2508346114766369,1.1236518701556122,2.0,8.0,1.0,137.0,2024.0,-0.7993192031603686,-0.6897127036172952,0.2346714763832105,2025
R Dhawan,-1.2624100750761973,-0.1802978017190201,-1.082112273357177,0.8815364243189183,3.0,13.0,52.0,174.0,2024.0,-0.7475240656433837,-0.42901902780768153,-0.08586698162513201,2025
Naman Dhir,-1.2942344102607608,-0.6799344583570798,-0.6142999519036809,,1.0,7.0,79.0,28.0,2024.0,-2.550659616591289,0.3855467183516834,0.870878487978845,2025
Nithish Kumar Reddy,-1.3822720947525546,0.18062858121101844,-1.562900675963573,0.6977196626029849,2.0,15.0,212.0,109.0,2024.0,-0.7222376312474292,-0.4867518971606461,-0.17328256634447936,2025
Sikandar Raza,-1.4110120466106113,-0.7300702853992731,-0.6809417612113383,0.39357162783477206,2.0,9.0,136.0,84.0,2024.0,-0.4298238623716469,-0.7828649852249184,-0.19832319901404602,2025
LH Ferguson,-1.4118466106193608,-0.0036831450197923003,-1.4081634655995685,1.6553419748153864,3.0,23.0,5.0,476.0,2024.0,-0.2752923199289025,-0.6069949920303528,-0.5295592986601054,2025
Anuj Rawat,-1.4283335135709017,-1.4283335135709017,0.0,0.7702329975317206,3.0,22.0,266.0,0.0,2024.0,-0.6684239011366,-0.9307933752127286,0.17088376277842732,2025
AK Markram,-1.52520389967107,-1.3847281091475339,-0.14047579052353612,2.1589416484332116,3.0,38.0,648.0,97.0,2024.0,-0.9290716731357338,-0.9540300267111822,0.3578978001758462,2025
DJ Mitchell,-1.5262473637174103,-1.0727932925959935,-0.4534540711214167,1.4144461420535461,2.0,15.0,267.0,48.0,2024.0,0.007823254150613301,-0.8849139406828586,-0.6491566771851651,2025
MR Marsh,-1.6871633858874326,-1.1151343842091026,-0.5720290016783299,2.151606677937181,3.0,21.0,324.0,241.0,2024.0,-0.6146626841789095,-0.523142495856701,-0.5493582058518227,2025
RJW Topley,-1.7093783240498062,-0.04879256710467081,-1.6605857569451354,2.081332742180636,2.0,5.0,6.0,102.0,2024.0,-0.14068155102515173,-0.5786579212090845,-0.9900388518155702,2025
SN Khan,-1.7141216729579771,-1.7141216729579771,0.0,1.0372662489759858,2.0,10.0,129.0,0.0,2023.0,-0.05340822621639177,-1.2759422325681218,-0.3847712141734633,2025
R Shepherd,-1.7626743465265613,0.2650072507162205,-2.0276815972427817,1.1413157138687449,3.0,10.0,63.0,126.0,2024.0,0.22679057827358107,-1.4977682390605835,-0.4916966857395588,2025
MJ Henry,-1.8279463527435507,0.0,-1.8279463527435507,,1.0,4.0,0.0,72.0,2024.0,-1.7729016977961989,-0.07949422487948714,0.024449569932135217,2025
Harpreet Singh,-1.8833252670790817,-1.8833252670790817,0.0,0.8599495440126648,2.0,5.0,93.0,0.0,2024.0,-0.3514771498593519,-1.0990598579900852,-0.43278825922964465,2025
HH Pandya,-1.9088226376851156,-0.09794586968931984,-1.810876767995796,2.9215641286630727,3.0,45.0,775.0,549.0,2024.0,-0.8399283926600661,-0.7592273782759353,-0.3096668667491142,2025
MW Short,-1.9793826479971026,-1.971090432305502,-0.008292215691600609,,1.0,6.0,92.0,24.0,2023.0,-0.8506949167347353,-1.1286877312623675,0.0,2025
MA Agarwal,-1.996581804218047,-1.996581804218047,0.0,0.7223573017726815,3.0,27.0,427.0,0.0,2024.0,-1.2314855300728382,-0.7535679278466296,-0.01152834629857896,2025
KV Sharma,-2.1187716915260264,-0.01028963346492434,-2.108482058061102,0.2984735630128518,2.0,16.0,20.0,273.0,2024.0,0.0,-1.809222561517996,-0.30954913000803036,2025
Washington Sundar,-2.1333979954626034,-0.48731117146055475,-1.6460868240020483,0.7438463965657448,3.0,18.0,130.0,304.0,2024.0,-1.5737577761042314,-0.13051093212255951,-0.42912928723581206,2025
Rasikh Salam,-2.1487178378535003,-0.45642386354271314,-1.6922939743107874,0.9943249926507075,2.0,10.0,36.0,171.0,2024.0,-1.3683287724676523,-0.715439089673011,-0.06494997571283698,2025
KS Williamson,-2.164587624286299,-2.164587624286299,0.0,1.7808347532189703,2.0,15.0,258.0,0.0,2024.0,-1.061238106919734,-1.0739653818624664,-0.029384135504098883,2025
HC Brook,-2.1820618163587913,-2.1820618163587913,0.0,,1.0,11.0,154.0,0.0,2023.0,-1.3720251617092434,-0.6864219430925514,-0.12361471155699597,2025
KM Asif,-2.255095135344873,-0.03238939972700835,-2.2227057356178648,,1.0,4.0,2.0,84.0,2023.0,-1.8746297244552195,1.2323263554435497,-1.6127917663332034,2025
RP Meredith,-2.3266956963902934,-0.00637054974136214,-2.3203251466489307,1.427297426797262,2.0,13.0,3.0,286.0,2023.0,-1.4903159200302145,-0.7564712827345784,-0.0799084936255004,2025
Akash Singh,-2.347301549988053,0.0,-2.347301549988053,,1.0,6.0,0.0,114.0,2023.0,-1.8014740656010475,-0.64848696391669,0.10265947952968474,2025
N Jagadeesan,-2.364999891693282,-2.364999891693282,0.0,1.0492189728939756,2.0,8.0,118.0,0.0,2023.0,-1.5093530921009328,-0.4686092154931823,-0.3870375840991666,2025
Vijaykumar Vyshak,-2.3768632354649473,-0.02879657728695181,-2.348066658177996,0.5331043819088019,2.0,11.0,12.0,231.0,2024.0,-0.31555776707235556,-1.5802129978165094,-0.48109247057608223,2025
D Padikkal,-2.4050973697696207,-2.4050973697696207,0.0,1.4748902981785814,3.0,35.0,559.0,0.0,2024.0,-1.2729238893168306,-1.0875180888901994,-0.0446553915625906,2025
HR Shokeen,-2.553991031692145,-0.39424874407540494,-2.15974228761674,0.05028053189109283,2.0,13.0,65.0,204.0,2023.0,0.10365073536701418,-2.1881829347307593,-0.4694588323283996,2025
Lalit Yadav,-2.64929818313559,-0.9230906861739214,-1.7262074969616692,0.6017542177678258,3.0,20.0,217.0,204.0,2024.0,-1.451616071551037,-0.5855359242384659,-0.6121461873460877,2025
SN Thakur,-2.658085956417651,-0.19602469553386148,-2.4620612608837895,0.9138413996059739,3.0,34.0,174.0,606.0,2024.0,-2.304530177194352,-0.032678674834052984,-0.3208771043892461,2025
AS Joseph,-2.670186289922861,-0.04541680505317083,-2.62476948486969,0.759123619312792,3.0,19.0,19.0,382.0,2024.0,-1.5954866226268767,-0.7864644769671247,-0.28823519032885914,2025
Arshad Khan,-2.7330321508554443,0.305322288718882,-3.0383544395743263,1.4690831799695825,2.0,9.0,65.0,134.0,2024.0,-1.6316201832356967,0.33943736391327356,-1.4408493315330215,2025
PVD Chameera,-2.7689987816725186,-0.02548970366912131,-2.743509078003397,1.0081967863283545,2.0,13.0,28.0,282.0,2024.0,-1.5994715781046356,-0.21965762445179035,-0.9498695791160925,2025
JD Unadkat,-2.7749603054417706,-0.18134632042021911,-2.593613985021552,0.37639007240691946,3.0,19.0,70.0,355.0,2024.0,-1.165684825189635,-0.4579305158817475,-1.1513449643703881,2025
Shahbaz Ahmed,-2.786045732680634,-1.0948962621495624,-1.6911494705310721,1.0143576057984571,3.0,42.0,386.0,417.0,2024.0,-0.9887787996594406,-1.3405740601775407,-0.456692872843653,2025
TS Mills,-2.7880809342574597,-0.030504663761752898,-2.757576270495707,,1.0,5.0,3.0,102.0,2022.0,1.2828688507365895,-3.453738856375959,-0.6172109286180907,2025
Basil Thampi,-2.804207545399537,0.0,-2.804207545399537,,1.0,5.0,0.0,96.0,2022.0,-2.192776136859809,-0.17778350804428963,-0.43364790049543817,2025
WP Saha,-2.806805100638804,-2.806805100638804,0.0,2.1924585485302788,3.0,37.0,661.0,0.0,2024.0,-1.8122909988142504,-0.9421863721711637,-0.05232772965339029,2025
KA Pollard,-2.8891244847001123,-2.64924591908301,-0.23987856561710227,,1.0,11.0,134.0,84.0,2022.0,0.0,-0.9162885190645242,-1.9728359656355883,2025
Akash Deep,-2.9907810347269965,0.026931464323275048,-3.0177124990502713,1.4109368256732255,3.0,8.0,12.0,164.0,2024.0,-0.05131336706434897,-1.8773103187054259,-1.0621573489572214,2025
JO Holder,-3.132395687261498,-0.233517569234233,-2.898878118027265,0.2865088219974721,2.0,20.0,55.0,420.0,2023.0,-1.8756778922601276,-0.5410581421590006,-0.71565965284237,2025
M Jansen,-3.2233336571391287,-0.2914481887937845,-2.931885468345344,1.807395290310484,3.0,19.0,63.0,414.0,2024.0,0.07483963928235915,-2.445354517812406,-0.852818778609082,2025
AJ Tye,-3.256882281395325,0.0,-3.256882281395325,,1.0,3.0,0.0,66.0,2022.0,-1.5997299350930965,-1.0202470654782896,-0.6369052808239389,2025
Kartik Tyagi,-3.2828896655239648,-0.026223391153898514,-3.2566662743700663,0.20147334838337896,3.0,6.0,6.0,109.0,2024.0,-1.3271523873797575,-1.1304866673759133,-0.825250610768294,2025
A Kamboj,-3.299098255730336,-0.006480366154586078,-3.29261788957575,,1.0,3.0,2.0,60.0,2024.0,-2.0160367760086912,-1.2765811135670586,-0.006480366154586078,2025
A Nortje,-3.350631007700671,-0.14071901862159175,-3.20991198907908,3.009745166225837,3.0,22.0,43.0,506.0,2024.0,-0.11438547826133394,-0.6225530895393812,-2.613692439899957,2025
SM Curran,-4.1227464037248165,-1.3050722488835962,-2.81767415484122,1.3683241050870927,2.0,27.0,422.0,533.0,2024.0,-1.757776072504826,-1.683168662723776,-0.6818016684962137,2025
OF Smith,-4.287225242589178,-0.861782106044863,-3.425443136544315,,1.0,6.0,44.0,90.0,2022.0,0.39132481332655644,-3.5594050818345973,-1.119144974081137,2025
CJ Jordan,-4.375385598607066,-0.15124312796565925,-4.224142470641407,0.5068159751439358,2.0,10.0,20.0,209.0,2023.0,-0.5463024341514898,-2.111243101525891,-1.7178400629296853,2025
JC Archer,-4.443401470068741,-0.01197344752342071,-4.431428022545321,,1.0,5.0,4.0,120.0,2023.0,-2.3632066255552115,-0.07237198195223309,-2.0078228625612966,2025
Shivam Mavi,-4.494928160719401,-0.07977369600592164,-4.4151544647134795,,1.0,6.0,7.0,132.0,2022.0,-2.2738957358045098,-0.9141512613559661,-1.3068811635589255,2025
JJ Bumrah,9.455321526912474,-0.019335367617669737,9.474656894530145,0.24838915283743024,2.0,25.0,13.0,595.0,2025.0,2.5790460616774475,2.6552284449179404,4.221047020317088,2026
SA Yadav,5.978193769408646,5.978193769408646,0.0,2.418885988067878,3.0,43.0,967.0,0.0,2025.0,0.4796339165719731,4.60229711997764,0.8962627328590334,2026
JR Hazlewood,5.424725685358034,-0.003595710956941376,5.428321396314975,3.2546173077735676,2.0,15.0,3.0,318.0,2025.0,4.811299316400606,0.3708282164410499,0.24259815251637784,2026
B Sai Sudharsan,5.123273621959546,5.123273621959546,0.0,1.2544938528579468,3.0,35.0,1115.0,0.0,2025.0,2.888257981672939,1.5065275631156851,0.7284880771709226,2026
N Pooran,4.884262075148026,4.884262075148026,0.0,1.2932608416942488,3.0,43.0,754.0,0.0,2025.0,0.388145957399005,3.6023909164410686,0.8937252013079521,2026
CV Varun,4.827340129166084,-0.014130611303954885,4.841470740470038,0.5962090617251103,3.0,41.0,10.0,916.0,2025.0,1.0466507993339982,2.5883299919183687,1.192359337913717,2026
SP Narine,4.8141382874982925,0.9991893784872993,3.8149489090109934,4.52471972093225,3.0,40.0,439.0,888.0,2025.0,0.5865326083189226,2.920089914334722,1.3075157648446476,2026
V Kohli,4.708233733640001,4.708233733640001,0.0,1.665530455541599,3.0,44.0,1390.0,0.0,2025.0,4.300088853732626,0.16373453630717621,0.24441034360019867,2026
MA Wood,4.6578337377240135,0.01860105333035559,4.639232684393658,,1.0,4.0,5.0,96.0,2023.0,1.4033696978746395,2.9191599019013372,0.3353041379480366,2026
M Prasidh Krishna,4.6238893888578,0.0,4.6238893888578,,1.0,15.0,0.0,354.0,2025.0,0.197203794463501,2.9806680387921443,1.4460175556021557,2026
H Klaasen,4.344988573803144,4.344988573803144,0.0,1.6759491330139844,3.0,42.0,815.0,0.0,2025.0,0.2202260262818025,2.5527639272325753,1.571998620288766,2026
Shubman Gill,4.175786069737958,4.175786069737958,0.0,3.8339096560207393,3.0,44.0,1270.0,0.0,2025.0,0.9461708294965175,2.7483698011975397,0.4812454390439003,2026
TA Boult,4.018199508817222,-0.04819386261094103,4.0663933714281635,0.21119342618410702,3.0,41.0,33.0,894.0,2025.0,4.455276419899961,-1.0391835010056651,0.6021065899229263,2026
V Suryavanshi,3.6033375447587668,3.6033375447587668,0.0,,1.0,7.0,122.0,0.0,2025.0,1.526181496777208,2.0771560479815583,0.0,2026
N Burger,3.55323090383792,0.0,3.55323090383792,,1.0,5.0,0.0,102.0,2024.0,1.0986518307645563,0.6532751130668223,1.8013039600065415,2026
YBK Jaiswal,3.3796917842664644,3.3796917842664644,0.0,2.827595205273476,3.0,43.0,1011.0,0.0,2025.0,3.410839537841775,-0.24651950480960635,0.2153717512342959,2026
Noor Ahmad,3.242739244790508,-0.15915175258477093,3.4018909973752787,1.994878375071138,3.0,37.0,35.0,792.0,2025.0,0.17903288375054305,2.0240240361330772,1.0396823249068872,2026
JJ Roy,3.207039194410196,3.207039194410196,0.0,,1.0,8.0,188.0,0.0,2023.0,2.662479125481177,0.544560068929019,0.0,2026
Kuldeep Yadav,3.200931780993179,-0.3705918916796624,3.5715236726728414,1.5325096168566583,3.0,40.0,105.0,870.0,2025.0,-0.2597372017091336,2.432861420438097,1.027807562264216,2026
TM Head,2.8712454596568104,2.9098606468321777,-0.038615187175367084,3.272011801256242,2.0,28.0,526.0,10.0,2025.0,2.8469523768174025,0.024293082839408994,0.0,2026
DS Rathi,2.791968401765043,-0.010377918527984888,2.8023463202930277,,1.0,13.0,3.0,312.0,2025.0,0.03242872266480903,2.1758870686117286,0.583652610488505,2026
N Thushara,2.4803586000284303,0.0,2.4803586000284303,0.36648994554078795,2.0,8.0,0.0,180.0,2025.0,2.323916510133059,-0.3495409880819875,0.5059830779773596,2026
PD Salt,2.4475196659611322,2.4475196659611322,0.0,1.6240562004303754,3.0,34.0,601.0,0.0,2025.0,1.671482413784769,0.7167920102871872,0.059245241889175314,2026
E Malinga,2.4207922057642883,0.0,2.4207922057642883,,1.0,7.0,0.0,160.0,2025.0,-2.3273112803709273,2.7231575764183025,2.024945909716913,2026
SS Iyer,2.4187846190319076,2.4187846190319076,0.0,1.6889835036118297,2.0,32.0,584.0,0.0,2025.0,-1.3716412697325806,2.2281172508131264,1.5623086379513613,2026
A Mhatre,2.3109571082374583,2.3109571082374583,0.0,,1.0,7.0,127.0,0.0,2025.0,1.383862960599039,1.1864878336290647,-0.2593936859906449,2026
M Pathirana,2.2983557360737645,0.0,2.2983557360737645,3.1240807035563294,3.0,30.0,0.0,661.0,2025.0,0.0,0.6842088938484394,1.6141468422253251,2026
DJ Willey,2.2546731634592208,-0.4194800959642491,2.67415325942347,,1.0,4.0,32.0,90.0,2023.0,2.2084835029772054,0.8710619034991643,-0.824872243017149,2026
JM Bairstow,2.123278446549079,2.123278446549079,0.0,1.7349389712836836,2.0,13.0,241.0,0.0,2025.0,3.2028970526654446,-1.1100563118870133,0.03043770577064799,2026
MR Marsh,2.0618258520975283,2.3499051901119343,-0.28807933801440594,4.254031476595133,3.0,26.0,518.0,169.0,2025.0,1.2132971829912638,0.9692463160183915,-0.12071764691212633,2026
PJ Cummins,2.0258396909975147,-0.16015136852920805,2.1859910595267227,1.045640562504071,2.0,30.0,153.0,664.0,2025.0,0.7613050826368896,1.234816492149927,0.029718116210698253,2026
Mohammed Siraj,1.9662864255832475,-0.010277659324989325,1.9765640849082369,2.2140361963543143,3.0,43.0,14.0,966.0,2025.0,1.6008235699389672,-0.23133116440759258,0.5967940200518728,2026
Abhishek Sharma,1.9327507766148906,2.535885237561102,-0.6031344609462108,2.7883278163951264,3.0,41.0,621.0,180.0,2025.0,0.47419511636785666,1.4232005807222285,0.03535507952480541,2026
MG Bracewell,1.7885614047889207,-0.4894928790948403,2.278054283883761,,1.0,5.0,47.0,66.0,2023.0,2.5746736953583658,-0.4466076954480206,-0.33950459512142467,2026
Mustafizur Rahman,1.7815983307824865,-0.005053561505407665,1.7866518922878942,2.866440123235311,3.0,14.0,2.0,314.0,2025.0,0.9768640933369861,0.18213256745060907,0.6226016699948915,2026
JC Buttler,1.7405160002116125,1.7405160002116125,0.0,2.048139221133325,3.0,39.0,867.0,0.0,2025.0,-0.7335817335421229,1.7125690116141519,0.7615287221395837,2026
S Sandeep Warrier,1.7282460184809803,0.0,1.7282460184809803,,1.0,5.0,0.0,66.0,2024.0,2.2851964854865274,-0.5569504670055473,0.0,2026
D Brevis,1.6831182888997294,1.6831182888997294,0.0,2.6259295544298826,2.0,9.0,184.0,0.0,2025.0,-0.6863918276436801,1.632094068343501,0.7374160481999082,2026
V Nigam,1.6469122101498477,0.40178206793147175,1.2451301422183758,,1.0,14.0,79.0,234.0,2025.0,1.629767383539968,-1.2586626446665188,1.275807471276398,2026
R Parag,1.5729742590877187,1.6227325399312496,-0.04975828084353096,2.0690351233169517,3.0,36.0,686.0,138.0,2025.0,0.4972538478069476,1.0736153171978224,0.002105094082949094,2026
Harpreet Brar,1.5200564338470577,-0.21385730785102336,1.733913741698081,1.2939436094110097,3.0,34.0,108.0,523.0,2025.0,-0.41148470199539133,2.0062259331292385,-0.07468479728678937,2026
V Puthur,1.506734651416849,0.0,1.506734651416849,,1.0,5.0,0.0,72.0,2025.0,0.0,1.8005487611404976,-0.2938141097236485,2026
R Sai Kishore,1.4654380603067638,-0.046016400359152804,1.5114544606659166,0.017551450983460115,2.0,20.0,16.0,345.0,2025.0,-0.025309031048847658,1.4144612111791357,0.07628588017647586,2026
RD Gaikwad,1.4486380481571939,1.4486380481571939,0.0,2.218040050567277,3.0,35.0,894.0,0.0,2025.0,1.2089973873555948,0.23557468007011823,0.004065980731480734,2026
PP Chawla,1.3926701750232588,-0.13976288285396843,1.5324330578772272,0.8761012808216729,2.0,27.0,37.0,576.0,2024.0,-0.07668128059170269,1.187549113716077,0.28180234189888476,2026
SV Samson,1.3913931857388964,1.3913931857388964,0.0,0.7763253753394689,3.0,38.0,785.0,0.0,2025.0,1.289507437354353,-0.22509175874642262,0.32697750713096624,2026
DL Chahar,1.3080952443979865,-0.025765326026886696,1.3338605704248734,1.328495246442221,3.0,32.0,27.0,591.0,2025.0,1.7841093587760517,0.050065014861947726,-0.5260791292400127,2026
KL Rahul,1.3010257219066632,1.3010257219066632,0.0,1.8741262781806074,3.0,37.0,984.0,0.0,2025.0,0.9475053500182675,0.6920758464616972,-0.3385554745733017,2026
MJ Santner,1.2471950955943114,-0.3285697632526468,1.5757648588469584,0.8856203117834369,3.0,19.0,54.0,363.0,2025.0,-0.25752311075814527,1.8166433070115438,-0.31192510065908696,2026
Swapnil Singh,1.2453044984314743,0.02636946492306124,1.218935033508413,1.2597087094305266,2.0,9.0,25.0,102.0,2024.0,1.5956881983294364,-0.3158620845722745,-0.03452161532568767,2026
A Kamboj,1.2229713742907902,-0.06269749443197847,1.2856688687227686,3.617655704016901,2.0,11.0,14.0,189.0,2025.0,1.6089384332673844,-0.4787179175876469,0.09275085861105227,2026
Priyansh Arya,1.2092732396065526,1.2092732396065526,0.0,,1.0,18.0,299.0,0.0,2025.0,-0.2106380800348855,1.419911319641438,0.0,2026
Akash Singh,1.195957041555134,0.0,1.195957041555134,2.480281014080231,2.0,9.0,0.0,181.0,2025.0,1.5607150371913832,-0.3940892755018732,0.029331279865624216,2026
B Kumar,1.1704189466774895,-0.3724501692794972,1.5428691159569867,1.1824802965982457,3.0,44.0,101.0,960.0,2025.0,2.386971772687619,-0.6167112543005694,-0.5998415717095604,2026
Arshdeep Singh,1.1691440975265364,-0.013801581577148383,1.1829456791036845,1.7824684845653027,3.0,46.0,11.0,957.0,2025.0,0.7456577749448392,-0.024158419374366413,0.4476447419560632,2026
J Little,1.155236293690292,0.0,1.155236293690292,0.9041109679598067,2.0,11.0,0.0,228.0,2024.0,-0.9333372388361701,2.1893485263134562,-0.10077499378699468,2026
Tilak Varma,1.0838659971445175,1.084941850617171,-0.001075853472653823,1.7045233573896514,3.0,40.0,735.0,10.0,2025.0,0.2551413154805434,0.3453244284213077,0.48340025324266633,2026
MM Ali,1.0817412240835578,-0.44383720779413527,1.525578431877693,1.1034971775873836,3.0,29.0,203.0,300.0,2025.0,1.8270590036731855,-0.8705145539548225,0.1251967743651945,2026
NT Ellis,1.078928837496272,-0.016402953681963362,1.0953317911782354,1.014344100523237,3.0,12.0,7.0,276.0,2025.0,0.39257447905281206,0.4313674320704592,0.25498692637300074,2026
JD Unadkat,1.042830828178645,-0.11130126142831646,1.1541320896069613,3.6818142803999137,3.0,21.0,33.0,378.0,2025.0,0.36547752452353777,0.2413618336756691,0.4359914699794383,2026
Naveen-ul-Haq,0.992291926427422,-0.11737081917882672,1.1096627456062487,1.7273610297043382,2.0,18.0,25.0,387.0,2024.0,-1.1593596096823067,1.3447237698434154,0.8069277662663132,2026
Vivrant Sharma,0.944032853533801,1.671732457685789,-0.7276996041519881,,1.0,3.0,47.0,18.0,2023.0,0.5933409045466739,0.35069194898712674,0.0,2026
Shashank Singh,0.909069006748707,0.9290028502003921,-0.019933843451685057,0.9772911838026461,2.0,32.0,443.0,18.0,2025.0,-0.0316783617358941,-0.4350124863271509,1.375759854811752,2026
KH Pandya,0.9067790031281625,-1.1266742587925613,2.033453261920724,1.712697883969883,3.0,44.0,356.0,726.0,2025.0,-0.6522276373417606,1.6987069626313416,-0.13970032216141828,2026
KD Karthik,0.9052415784033534,0.9052415784033534,0.0,1.7738284879654458,2.0,28.0,278.0,0.0,2024.0,0.0,0.02583305367350014,0.8794085247298533,2026
RM Patidar,0.8981187106766328,0.8981187106766328,0.0,1.722002868280226,2.0,30.0,440.0,0.0,2025.0,-0.0851699864151598,1.5069203231531578,-0.5236316260613649,2026
C Green,0.8531643416104062,0.9702210575406925,-0.11705671593028633,0.2892356378477457,2.0,29.0,460.0,439.0,2024.0,0.6470651617613961,-0.42269180098223563,0.6287909808312457,2026
P Simran Singh,0.8189141463386622,0.8189141463386622,0.0,0.9718516641243551,3.0,46.0,821.0,0.0,2025.0,0.4836215466660698,0.06239514868508436,0.2728974509875082,2026
WD Parnell,0.8055123783222278,-0.04079939809693967,0.8463117764191674,,1.0,7.0,5.0,151.0,2023.0,2.377885216492257,-1.1328841377269212,-0.439488700443108,2026
Aniket Verma,0.7992394947712781,0.7992394947712781,0.0,,1.0,14.0,142.0,0.0,2025.0,0.018189125085401006,0.7113899526824707,0.06966041700340632,2026
AR Patel,0.7525555584670087,-0.419006909517492,1.171562467984501,1.1681399410594124,3.0,41.0,549.0,762.0,2025.0,-0.3526907921066501,0.8844429396306314,0.22080341094302747,2026
Harshit Rana,0.745407926006461,-0.39441805947302894,1.1398259854794899,1.4695170993072542,3.0,31.0,54.0,619.0,2025.0,0.7151157377352066,-0.4940152873409945,0.5243074756122488,2026
RR Rossouw,0.7136182961899816,0.7136182961899816,0.0,0.8608440526408959,2.0,17.0,257.0,0.0,2024.0,-0.5894486634244155,0.8619440767769224,0.44112288283747464,2026
TH David,0.7135712518658948,0.7135712518658948,0.0,0.5643902383382617,3.0,41.0,399.0,0.0,2025.0,0.0,0.08441914726398395,0.6291521046019106,2026
T Stubbs,0.7045237415176298,0.6760664345786364,0.02845730693899337,2.140804618043701,3.0,31.0,428.0,36.0,2025.0,0.02381387554510146,-1.0712097548196486,1.7519196207921768,2026
F du Plessis,0.5960371202935568,0.5960371202935568,0.0,5.272111631628809,3.0,39.0,909.0,0.0,2025.0,0.5339964200631936,0.1883235574712528,-0.1262828572408896,2026
M Shahrukh Khan,0.5869917884872384,0.577272131842743,0.009719656644495539,0.31391101733385757,3.0,36.0,269.0,18.0,2025.0,-0.007297059559626916,0.43985497151440534,0.15443387653246005,2026
AS Roy,0.5840983802585615,-0.15359070427063456,0.7376890845291961,1.6152128592485302,3.0,8.0,23.0,106.0,2025.0,0.22527580863954488,0.28362582285418164,0.07519674876483506,2026
GJ Maxwell,0.5467370891903149,-0.398738308378062,0.945475397568377,2.296256854554216,3.0,31.0,310.0,236.0,2025.0,0.707274901459473,-0.1562651020068226,-0.00427271026233525,2026
SE Rutherford,0.5200565585757078,0.5200565585757078,0.0,,1.0,13.0,185.0,0.0,2025.0,-0.7817511507081617,2.243868922138732,-0.9420612128548628,2026
VR Iyer,0.47515092854377927,0.4964243350730798,-0.02127340652930054,1.5283757479274012,3.0,39.0,612.0,6.0,2025.0,0.04174071468262869,0.4471158247242901,-0.013705610863139484,2026
RK Singh,0.47345788797162675,0.47345788797162675,0.0,1.412959779207686,3.0,41.0,564.0,0.0,2025.0,0.07236839340809609,-0.6686839267948785,1.0697734213584091,2026
VG Arora,0.45375749602570387,-0.04560645892723577,0.49936395495293967,1.602088782793,3.0,27.0,11.0,531.0,2025.0,0.7728755506747029,-0.5933140436316269,0.2741959889826278,2026
KA Jamieson,0.4120129318191678,-0.0671247324567632,0.479137664275931,,1.0,4.0,5.0,90.0,2025.0,0.9884413479555333,0.42529260804893937,-1.0017210241853047,2026
Harsh Dubey,0.40012936157635554,0.0,0.40012936157635554,,1.0,3.0,0.0,60.0,2025.0,-1.30608684358577,1.7062162051621252,0.0,2026
KK Ahmed,0.372290565408071,-0.0012534704785769977,0.37354403588664803,1.3586449420347844,3.0,37.0,2.0,778.0,2025.0,1.1813582284737199,-0.03343993172387488,-0.7756277313417741,2026
AD Russell,0.365947361612452,0.3248526217194907,0.041094739892961196,1.359556334107933,3.0,41.0,378.0,376.0,2025.0,0.2191296452413105,-0.5683630084947126,0.7151807248658539,2026
Naman Dhir,0.33121643290547514,0.47054123560961325,-0.1393248027041381,1.3003606745329888,2.0,23.0,217.0,52.0,2025.0,-0.5490041781527059,-0.045795659582942794,0.9260162706411237,2026
AM Rahane,0.27629522020276104,0.27629522020276104,0.0,2.528284062728335,3.0,40.0,649.0,0.0,2025.0,2.4534101437854505,-2.346282498108971,0.16916757452628184,2026
A Mishra,0.2715001069953223,-0.24799009048961165,0.519490197484934,0.33317227305778213,2.0,8.0,30.0,126.0,2024.0,0.0,0.31019658275607914,-0.03869647576075679,2026
JP Behrendorff,0.2663501992787061,-0.041719417580191695,0.30806961685889783,,1.0,12.0,9.0,252.0,2023.0,2.5449582196256006,-1.3956938607794864,-0.8829141595674078,2026
Ashutosh Sharma,0.2450853997829729,0.2450853997829729,0.0,0.03592450085769139,2.0,24.0,240.0,0.0,2025.0,0.0,-0.23401964005044884,0.47910503983342173,2026
YS Chahal,0.2369548503071032,0.0,0.2369548503071032,1.2146452510816794,3.0,44.0,0.0,935.0,2025.0,0.47424428430155446,-0.63813153741654,0.4008421034220889,2026
JP Inglis,0.2149776291421313,0.2149776291421313,0.0,,1.0,12.0,171.0,0.0,2025.0,-0.09992326723801877,0.4171672899723108,-0.10226639359216072,2026
JM Sharma,0.20066376043555195,0.20066376043555195,0.0,0.9358171613747082,3.0,43.0,488.0,0.0,2025.0,-0.5791985302112937,0.25014553398152634,0.5297167566653194,2026
KR Mayers,0.16884949546313255,0.5411273338735785,-0.3722778384104459,,1.0,13.0,263.0,42.0,2023.0,0.04561826842387384,0.12323122703925873,0.0,2026
Sandeep Sharma,0.155587955677285,-0.008780932520875513,0.16436888819816053,2.581615226054258,3.0,32.0,11.0,723.0,2025.0,0.9447074988085222,-0.6107810943914219,-0.17833844873981541,2026
Rashid Khan,0.11663980939463814,-0.041269487190223886,0.15790929658486197,1.9460757744112356,3.0,44.0,159.0,994.0,2025.0,0.7219796823266365,-0.45492720814581045,-0.1504126647861878,2026
Ashwani Kumar,0.11454437551926347,0.0,0.11454437551926347,,1.0,7.0,0.0,123.0,2025.0,0.7216516617592559,1.0163906055005247,-1.623497891740517,2026
RD Chahar,0.10061012814558482,-0.0333567138785668,0.1339668420241516,0.21244014026083102,3.0,24.0,24.0,490.0,2025.0,-0.0346637645027513,-0.10162124042604234,0.2368951330743784,2026
Abdul Samad,0.07899511428642256,0.08066782566336475,-0.0016727113769422004,0.42708634855504646,3.0,38.0,329.0,2.0,2025.0,0.0,-0.09822391147322654,0.17721902575964907,2026
Dhruv Jurel,0.07197510256679432,0.07197510256679432,0.0,0.7239505583792645,3.0,41.0,442.0,0.0,2025.0,0.27258457074642,-0.6355913588426447,0.434981890663019,2026
S Dube,0.057825243741952526,0.11770840012367378,-0.05988315638172136,1.955629159530211,3.0,44.0,778.0,18.0,2025.0,0.02062893827701339,0.012191443340071828,0.02500486212486719,2026
RA Jadeja,0.042033172752800385,-1.220381063397399,1.2624142361501995,1.9244556546904072,3.0,44.0,542.0,851.0,2025.0,-0.29481243315648414,0.6301649121314878,-0.29331930622220326,2026
M Siddharth,0.04087695854898889,0.0,0.04087695854898889,0.26874915234883234,2.0,5.0,0.0,96.0,2025.0,0.6794723113698871,-0.6385953528208981,0.0,2026
N Wadhera,0.03638388560525169,0.03119993593638204,0.005183949668869619,0.8676303187709088,3.0,37.0,503.0,17.0,2025.0,0.018940226027591878,0.1896457922875137,-0.17220213270985388,2026
J Fraser-McGurk,0.025618054539026325,0.025618054539026325,0.0,4.722773366642583,2.0,15.0,193.0,0.0,2025.0,-0.14948880528853614,0.1751068598275624,0.0,2026
RR Pant,0.014174196370280834,0.014174196370280834,0.0,2.467685482186654,2.0,27.0,489.0,0.0,2025.0,-0.2887921887293074,-0.5197655425215848,0.8227319276211731,2026
WG Jacks,-0.003675241719110822,-0.2151854350511181,0.21151019333200732,1.1568617648149941,2.0,21.0,303.0,138.0,2025.0,0.022763039721020645,-0.4814579426297556,0.4550196611896239,2026
C Bosch,-0.06302496407392522,-0.35053872473051095,0.28751376065658574,,1.0,3.0,32.0,42.0,2025.0,-0.29187327867841667,-0.8130191208654818,1.041867435469973,2026
Ramandeep Singh,-0.06593559896769155,-0.06406969770767396,-0.0018659012600176017,0.5667429904765765,2.0,25.0,97.0,4.0,2025.0,0.0,-0.08795024242660762,0.022014643458916128,2026
SB Dubey,-0.09032813920592017,-0.09032813920592017,0.0,0.20964336090462163,2.0,13.0,85.0,0.0,2025.0,0.19223365258696584,-0.5942281905474329,0.31166639875454705,2026
T Natarajan,-0.09372619619370287,0.0,-0.09372619619370287,1.4208343585794843,3.0,29.0,0.0,603.0,2025.0,-0.28502612172546327,-0.11404974263427098,0.3053496681660316,2026
KR Sen,-0.11860347780834748,0.0,-0.11860347780834748,0.3845853362981554,2.0,5.0,0.0,90.0,2024.0,-0.874178515962443,1.6853931296193445,-0.9298180914652494,2026
Sameer Rizvi,-0.13594866553912255,-0.13594866553912255,0.0,0.4272599300203483,2.0,14.0,122.0,0.0,2025.0,-0.6197419486739711,0.03796848711416967,0.4458247960206787,2026
N Rana,-0.13694336218152986,-0.14360297845186276,0.006659616270332888,1.0864389636916445,3.0,27.0,461.0,65.0,2025.0,0.023406038077136454,-0.36892798528848436,0.2085785850298181,2026
Atharva Taide,-0.15114264042823466,-0.1483039617944763,-0.002838678633758379,0.4678907140906066,3.0,10.0,177.0,1.0,2025.0,-0.10087924299059858,-0.04742471880387769,-0.002838678633758379,2026
PWH de Silva,-0.16582037020709386,-0.304195621645162,0.13837525143806814,0.3816291947859862,2.0,19.0,43.0,420.0,2025.0,0.7497587143543968,-1.411564085678362,0.49598500111687127,2026
KV Sharma,-0.19797545718678988,-0.006557879255396674,-0.19141757793139325,1.785443711169836,3.0,22.0,21.0,363.0,2025.0,0.0,-0.7196030513040367,0.5216275941172468,2026
LH Ferguson,-0.20430262265436216,0.0016551905208376,-0.2059578131751998,2.0505781494126682,3.0,14.0,2.0,258.0,2025.0,-0.018058358954619436,-0.005844549754816797,-0.18039971394492588,2026
MP Stoinis,-0.20647019927778199,0.560019496612973,-0.766489695890755,1.4526556843706435,3.0,43.0,621.0,234.0,2025.0,-0.2882991658492323,-0.6403450667072443,0.7221740332786947,2026
MK Lomror,-0.22768652834678166,-0.18611243702910665,-0.04157409131767502,0.47615030539736336,2.0,22.0,165.0,18.0,2024.0,-0.2717336865561959,0.11436653798759774,-0.07031937977818348,2026
A Raghuvanshi,-0.24597039183319722,-0.24597039183319722,0.0,0.06382388381568521,2.0,22.0,320.0,0.0,2025.0,0.9613203124217384,-0.6464963205036911,-0.5607943837512447,2026
HV Patel,-0.24917157316735067,-0.2270066841686113,-0.022164888998739307,1.1703836499885278,3.0,41.0,51.0,839.0,2025.0,-0.16256608123076452,-0.5286836540046722,0.4420781620680863,2026
R Powell,-0.25423176772412437,-0.2781654545990807,0.02393368687495632,0.17425582949817925,3.0,14.0,82.0,12.0,2025.0,0.0,-0.20159200772437172,-0.052639759999752636,2026
R Tewatia,-0.2789769098770703,-0.2821652679718798,0.0031883580948094802,0.29176551800260847,3.0,44.0,245.0,13.0,2025.0,0.0,-0.27798881226356864,-0.000988097613501715,2026
Ishan Kishan,-0.28820634694946823,-0.28751967040817095,-0.0006866765412972743,1.2454262403721448,3.0,44.0,765.0,1.0,2025.0,-0.3221697719953902,-0.421192084635256,0.4551555096811779,2026
MS Dhoni,-0.3316940808226764,-0.3316940808226764,0.0,1.0094843290031532,3.0,44.0,275.0,0.0,2025.0,0.0,-0.31132370778420726,-0.020370373038469003,2026
SO Hetmyer,-0.35712635651165203,-0.35712635651165203,0.0,0.8389958135529769,3.0,40.0,430.0,0.0,2025.0,-0.2577208722032884,0.3000377665334122,-0.39944325084177584,2026
PHKD Mendis,-0.3667906205239942,-0.5562627541083501,0.18947213358435594,,1.0,5.0,69.0,42.0,2025.0,-0.31383779602847234,1.181137594974674,-1.234090419470196,2026
A Badoni,-0.37579264215298525,-0.3813775746908886,0.005584932537903356,0.7079538322680942,3.0,43.0,565.0,23.0,2025.0,-0.35493047058375077,-0.016709761412219276,-0.004152410157015146,2026
MK Pandey,-0.39804065878221334,-0.39804065878221334,0.0,1.5027691771281095,3.0,14.0,242.0,0.0,2025.0,-0.2019407051524827,-0.5494365041264218,0.35333655049669105,2026
MA Starc,-0.4408547106339523,-0.08292453081367604,-0.3579301798202763,0.5638594770139725,2.0,25.0,21.0,479.0,2025.0,-1.0876089997483438,0.41255096091611776,0.23420332819827372,2026
XC Bartlett,-0.4910730939443001,-0.25160322546069086,-0.2394698684836092,,1.0,4.0,15.0,60.0,2025.0,0.5187877150765258,-0.9434579479650915,-0.06640286105573427,2026
RD Rickelton,-0.5010190362205722,-0.5010190362205722,0.0,,1.0,14.0,257.0,0.0,2025.0,0.4000503710627447,-0.9010694072833167,0.0,2026
Suyash Sharma,-0.5104994621914913,0.0,-0.5104994621914913,1.5026209098251715,3.0,27.0,0.0,558.0,2025.0,0.39247796833687987,-0.8668830119165307,-0.03609441861184037,2026
K Gowtham,-0.5236893895801924,-0.028345000118807452,-0.4953443894613849,1.2665982838920882,2.0,8.0,37.0,108.0,2024.0,-0.8504804558244544,0.16675385045042596,0.160037215793836,2026
V Shankar,-0.5297562420419495,-0.5297562420419495,0.0,1.500194087028768,3.0,27.0,351.0,0.0,2025.0,0.21704143723771152,-0.879441641334289,0.13264396205462797,2026
LS Livingstone,-0.5316740039525555,-0.6766430227882494,0.1449690188356939,0.8799890137261038,3.0,26.0,333.0,168.0,2025.0,-1.0769556897346289,-0.7010976111976401,1.2463792969797138,2026
KK Nair,-0.562749901145195,-0.562749901145195,0.0,,1.0,8.0,115.0,0.0,2025.0,-1.2376003470928252,0.67485044594763,0.0,2026
DG Nalkande,-0.5637570351577079,-0.11588588117825627,-0.44787115397945165,1.434494315065838,2.0,4.0,12.0,53.0,2024.0,-0.7204750556378091,-0.1007163423855355,0.25743436286563687,2026
RJ Gleeson,-0.586891246683306,-0.003645205961954668,-0.5832460407213513,0.8150745731604447,2.0,3.0,2.0,68.0,2025.0,-0.3144733590694934,-0.10328355879308077,-0.16913432882073184,2026
Yudhvir Singh,-0.586968091032342,-0.054923878203410034,-0.532044212828932,1.1322222418495231,3.0,9.0,16.0,138.0,2025.0,0.4763862181216119,-0.9634028989665413,-0.09995141018741258,2026
Anmolpreet Singh,-0.5964733066190053,-0.5964733066190053,0.0,0.02278601178820361,2.0,6.0,88.0,0.0,2024.0,-0.08315896310301568,-0.5133143435159896,0.0,2026
R Ashwin,-0.6069811806523169,-0.6848451894699057,0.07786400881758881,1.2848331353016613,3.0,36.0,155.0,810.0,2025.0,-1.8150173535912337,1.5876447715085198,-0.3796085985696029,2026
MP Yadav,-0.6363127233464305,0.0,-0.6363127233464305,3.7389824576224298,2.0,6.0,0.0,121.0,2025.0,-1.2158308294586568,-0.03753387649244022,0.617051982604667,2026
K Kartikeya,-0.6813613762038329,-0.08982331687481866,-0.5915380593290143,0.13964944730446333,2.0,12.0,12.0,204.0,2025.0,0.0,-0.4257940503643939,-0.255567325839439,2026
TU Deshpande,-0.6992008711173069,-0.023529259429342347,-0.6756716116879644,1.9202883729293732,3.0,39.0,10.0,821.0,2025.0,0.1523191777199988,-0.46847170711540953,-0.38304834172189617,2026
DA Miller,-0.7010518585145016,-0.7010518585145016,0.0,0.63337839930195,3.0,36.0,437.0,0.0,2025.0,-0.27570408838482285,-0.001771437899048059,-0.42357633223063074,2026
I Sharma,-0.7066640769932472,-0.01874539503831362,-0.6879186819549337,2.689558509628227,3.0,24.0,8.0,422.0,2025.0,-0.242599232856747,-0.36915986087618624,-0.0949049832603143,2026
DJ Mitchell,-0.7179924254010981,-0.3392261220729669,-0.37876630332813116,,1.0,13.0,223.0,36.0,2024.0,0.1976284933416096,-0.006801570683476477,-0.9088193480592311,2026
DP Conway,-0.7236695721111996,-0.7236695721111996,0.0,4.053541604970482,2.0,22.0,600.0,0.0,2025.0,-1.7467824055440357,1.2799495649956676,-0.2568367315628313,2026
Abishek Porel,-0.758453198096926,-0.758453198096926,0.0,1.368650784790985,3.0,32.0,441.0,0.0,2025.0,-0.529887373725086,-0.3274417160067505,0.09887589163491053,2026
Arjun Tendulkar,-0.7677460609409492,-0.013924039765776629,-0.7538220211751727,0.022750139291998095,2.0,5.0,9.0,73.0,2024.0,0.3552717398981423,-0.5861552368653329,-0.5368625639737588,2026
S Dhawan,-0.7733386443280404,-0.7733386443280404,0.0,1.0059615930825685,2.0,16.0,382.0,0.0,2024.0,-1.208729806551776,0.3242328307403778,0.11115833148335774,2026
DA Warner,-0.7929727778366477,-0.7929727778366477,0.0,1.9077157509089306,2.0,22.0,517.0,0.0,2024.0,0.5729877225244736,-0.9459760407289863,-0.41998445963213443,2026
AT Rayudu,-0.7983243485663705,-0.7983243485663705,0.0,,1.0,16.0,113.0,0.0,2023.0,0.0,-0.727560045150063,-0.07076430341630736,2026
PN Mankad,-0.8400873585979446,-0.8400873585979446,0.0,,1.0,5.0,72.0,0.0,2023.0,-0.9735279863595223,0.18141894641099218,-0.047978318649414466,2026
MA Agarwal,-0.8562153923980054,-0.8562153923980054,0.0,1.227447364198314,3.0,18.0,331.0,0.0,2025.0,-0.47366297738494656,-0.25085298370427644,-0.13169943130878217,2026
Mohammed Shami,-0.8837679790632518,-0.05187970018588042,-0.8318882788773716,5.292427600313552,2.0,26.0,16.0,570.0,2025.0,0.8627262351760893,-0.9357295273938404,-0.8107646868455006,2026
AK Markram,-0.8871881715694627,-0.9481306304828754,0.06094245891341289,1.4737508944018933,3.0,37.0,673.0,127.0,2025.0,-0.3329568524355918,-0.37974580430202454,-0.17448551483184613,2026
R Shepherd,-0.9490416790845799,0.43559967627945523,-1.384641355364035,1.2893505800259693,3.0,15.0,46.0,156.0,2025.0,0.050918274213197216,-1.0606231572421367,0.0606632039443597,2026
V Viyaskanth,-0.9827437908403279,-0.012863566876308408,-0.9698802239640195,,1.0,3.0,5.0,60.0,2024.0,0.0,-0.9698802239640195,-0.012863566876308408,2026
Yash Dayal,-0.9850475669719526,-0.03282138109262436,-0.9522261858793282,1.8620592492610137,3.0,34.0,8.0,679.0,2025.0,-0.9711403359451385,0.43541013876625184,-0.4493173697930664,2026
JC Archer,-0.9892977598226967,-0.28676855871853896,-0.7025292011041578,2.4178725971722312,2.0,17.0,54.0,393.0,2025.0,0.9084067911637632,-0.21120143280726061,-1.6865031181791998,2026
M Theekshana,-1.0247027002457008,-0.3051775300930532,-0.7195251701526475,1.6402494800718772,3.0,29.0,27.0,666.0,2025.0,-1.3883704065738112,0.8044319004061395,-0.44076419407802925,2026
Mohammad Nabi,-1.0743181622169602,-0.44383441407855495,-0.6304837481384054,,1.0,7.0,31.0,74.0,2024.0,0.022100068501527903,-0.6570624488511473,-0.4393557818673408,2026
Anuj Rawat,-1.101742119940436,-1.101742119940436,0.0,0.03223071698914626,2.0,14.0,148.0,0.0,2024.0,-0.16633846212161993,-1.129001745923394,0.19359808810457826,2026
PBB Rajapaksa,-1.1074521987775392,-1.1074521987775392,0.0,,1.0,4.0,62.0,0.0,2023.0,-0.6804829226583369,-0.06825903710579738,-0.35871023901340493,2026
MM Sharma,-1.155687285726045,-0.07270794830431328,-1.0829793374217316,3.1603553927135937,3.0,34.0,19.0,649.0,2025.0,-0.522947805070812,-0.10006420306534,-0.5326752775898929,2026
M Markande,-1.1825149281113396,0.007695905422856728,-1.1902108335341963,2.8549534761358473,2.0,17.0,13.0,360.0,2024.0,0.0,-0.021108555916207083,-1.1614063721951324,2026
SD Hope,-1.1907297941249868,-1.1907297941249868,0.0,,1.0,9.0,122.0,0.0,2024.0,-1.5806369931928324,0.666033587422503,-0.2761263883546574,2026
Mayank Dagar,-1.1981778368866722,-0.0033847861611037726,-1.1947930507255686,1.1236518701556122,2.0,8.0,1.0,137.0,2024.0,-0.7834493133522847,-0.6726043035364233,0.2578757800020353,2026
A Manohar,-1.201838808233177,-1.201838808233177,0.0,0.4454202366891005,3.0,19.0,160.0,0.0,2025.0,-0.09834546924839706,-0.8772685508677204,-0.22622478811705954,2026
Aman Hakim Khan,-1.2818389262998446,-1.2818389262998446,0.0,,1.0,11.0,101.0,0.0,2023.0,-0.012769015043997568,-0.6719951394425101,-0.5970747718133371,2026
RG Sharma,-1.2855456982231594,-1.2855456982231594,0.0,1.3120933309463012,3.0,45.0,808.0,0.0,2025.0,-1.3683639103647003,0.013243812079586609,0.06957440006195435,2026
Washington Sundar,-1.2934982222968947,0.11402986265338971,-1.4075280849502845,1.0724181602055323,3.0,15.0,141.0,201.0,2025.0,-1.053220648036501,-0.37831073942129073,0.13803316516089717,2026
Rahmanullah Gurbaz,-1.3211865714576692,-1.3211865714576692,0.0,0.9532426179639575,3.0,18.0,269.0,0.0,2025.0,-1.3624004450282314,0.07621586423776124,-0.03500199066719869,2026
W O'Rourke,-1.350442392464488,0.0,-1.350442392464488,,1.0,3.0,0.0,62.0,2025.0,-0.0300897848742592,-0.9876007323723621,-0.33275187521786653,2026
Sikandar Raza,-1.391333465218873,-0.6883164253735333,-0.7030170398453396,0.39357162783477206,2.0,9.0,136.0,84.0,2024.0,-0.4435863408817341,-0.7362023787221563,-0.2115447456149825,2026
Umran Malik,-1.394387635892435,0.017088100182618447,-1.4114757360750534,1.275845354465869,2.0,9.0,8.0,126.0,2024.0,-0.5600890729320892,-0.46631697618189716,-0.36798158677844833,2026
Mukesh Kumar,-1.3951703941548206,-0.036154424553764566,-1.3590159696010562,1.9805780166791582,3.0,32.0,18.0,636.0,2025.0,-0.20709519944508004,0.5851037052709804,-1.7731788999807212,2026
PP Shaw,-1.4211783885138234,-1.4211783885138234,0.0,1.6502032311532195,2.0,16.0,206.0,0.0,2024.0,-1.5581131346034351,0.13693474608961162,0.0,2026
R Dhawan,-1.4438580549190325,-0.002620247853635133,-1.4412378070653975,0.9440859545221996,2.0,7.0,12.0,60.0,2024.0,-1.2987195879143931,-0.12526095588991884,-0.019877511114720497,2026
Arshad Khan,-1.4490201957164015,0.07770926457520164,-1.5267294602916035,1.8575483183336272,3.0,18.0,84.0,260.0,2025.0,-0.5871544133056062,0.16895615455104696,-1.0308219369618425,2026
Akash Madhwal,-1.457319939620207,-0.08132734263596549,-1.3759925969842415,3.153417681328242,3.0,17.0,14.0,352.0,2025.0,0.40703332505246476,-0.8156021669865533,-1.0487510976861185,2026
G Coetzee,-1.4700368098781575,-0.23197274783342428,-1.2380640620447332,0.34883676125821295,2.0,14.0,33.0,273.0,2025.0,-0.34328960439005896,-0.44793953060906555,-0.6788076748790328,2026
Avesh Khan,-1.4808103233504353,0.002528535200599243,-1.4833388585510345,2.1431448565341724,3.0,37.0,18.0,787.0,2025.0,-2.343163678283418,0.19177792814919772,0.6705754267837849,2026
HH Pandya,-1.4849402969120795,-0.23520465030545534,-1.249735646606624,1.6613027331980528,3.0,45.0,541.0,576.0,2025.0,-0.9034109233611249,0.07475842010420697,-0.6562877936551615,2026
Mohsin Khan,-1.5815239856542576,-0.05391316648837397,-1.5276108191658837,0.34116466444045324,2.0,15.0,8.0,288.0,2024.0,-0.5061024521386169,-0.6306490646246835,-0.44477246889095723,2026
A Zampa,-1.607413117799634,-0.10826229725178972,-1.4991508205478443,1.6154946759027893,2.0,8.0,16.0,180.0,2025.0,0.49445627190328995,-0.6910622257889476,-1.4108071639139759,2026
D Padikkal,-1.6116289305227822,-1.6116289305227822,0.0,1.602727145820239,3.0,28.0,417.0,0.0,2025.0,-1.077713983540153,-0.5172055159199791,-0.016709431062649993,2026
KT Maphaka,-1.7310678254048453,0.02489278905015619,-1.7559606144550013,1.8254364976792365,2.0,4.0,2.0,66.0,2025.0,-0.27090163415683266,-0.7777670053178908,-0.6823991859301219,2026
Azmatullah Omarzai,-1.7685153699811056,-0.3394781242481306,-1.429037245732975,0.5817440200273203,2.0,17.0,74.0,288.0,2025.0,-1.762318146228683,0.35617393765255084,-0.36237116140497316,2026
M Jansen,-1.7700258291033655,-0.5511864501863256,-1.2188393789170398,2.2092343411516406,3.0,26.0,119.0,505.0,2025.0,-0.03261667905894197,-1.3854864779521276,-0.35192267209229583,2026
MJ Henry,-1.8279463527435507,0.0,-1.8279463527435507,,1.0,4.0,0.0,72.0,2024.0,-1.7729016977961989,-0.07949422487948714,0.024449569932135217,2026
Harpreet Singh,-1.8403277898784487,-1.8403277898784487,0.0,0.8599495440126648,2.0,5.0,93.0,0.0,2024.0,-0.37435967462481246,-1.1008916345457165,-0.36507648070791976,2026
UT Yadav,-1.8571797698526007,-0.19542302666049305,-1.6617567431921074,2.069502284362078,2.0,15.0,33.0,240.0,2024.0,-0.3454573009644656,-0.9407897333762055,-0.5709327355119295,2026
SN Thakur,-1.8802605699055879,-0.10081546023226762,-1.7794451096733201,0.7680662557418279,3.0,30.0,99.0,520.0,2025.0,-1.4682230141765809,-0.13629674816956483,-0.2757408075594421,2026
Ravi Bishnoi,-1.887344720688465,-0.16034849530613993,-1.726996225382325,2.5110788424296,3.0,40.0,49.0,787.0,2025.0,-0.6228516679919653,-0.9934143394854815,-0.2710787132110182,2026
Nithish Kumar Reddy,-1.9328253735644276,-1.1407258344405296,-0.792099539123898,0.7080063970125057,3.0,28.0,365.0,139.0,2025.0,-0.9307284193389966,-0.8769528658715997,-0.1251440883538309,2026
Yash Thakur,-1.972445967973402,0.0,-1.972445967973402,1.6863809581561093,3.0,21.0,0.0,443.0,2025.0,-0.6577874175629611,-0.7607072457342746,-0.5539513046761668,2026
MW Short,-1.9793826479971026,-1.971090432305502,-0.008292215691600609,,1.0,6.0,92.0,24.0,2023.0,-0.8506949167347353,-1.1286877312623675,0.0,2026
DJ Hooda,-2.0230622946979615,-1.9944603996572148,-0.02860189504074642,0.8771027389316736,3.0,30.0,236.0,30.0,2025.0,-0.8373596977922533,-1.0236312072687035,-0.16207138963700402,2026
RJW Topley,-2.061633697402957,-0.02342043221024199,-2.038213265192715,1.8111899864992094,3.0,6.0,6.0,120.0,2025.0,-0.5554280180015048,-1.0309870305299786,-0.4752186488714737,2026
K Rabada,-2.122368274252946,-0.05639850853827338,-2.0659697657146725,1.849057786506159,3.0,21.0,24.0,474.0,2025.0,-1.212279852003897,-0.4260042033941581,-0.4840842188548906,2026
Vijaykumar Vyshak,-2.1461315145090483,-0.014220186805330486,-2.131911327703718,0.5246654573085284,3.0,16.0,12.0,333.0,2025.0,-0.2775289447835754,-0.8420723248684174,-1.0265302448570555,2026
C Sakariya,-2.165660103154541,-0.044924256860523766,-2.120735846294017,0.3882564386783316,2.0,3.0,6.0,66.0,2025.0,-0.09345025192861234,-0.931486377773299,-1.1407234734526295,2026
HC Brook,-2.1820618163587913,-2.1820618163587913,0.0,,1.0,11.0,154.0,0.0,2023.0,-1.3720251617092434,-0.6864219430925514,-0.12361471155699597,2026
R Ravindra,-2.2055434456834737,-2.2304438656922385,0.024900420008764572,1.0642377265401346,2.0,18.0,287.0,12.0,2025.0,-2.053293702430099,-0.579180522571138,0.42693077931776324,2026
KM Asif,-2.255095135344873,-0.03238939972700835,-2.2227057356178648,,1.0,4.0,2.0,84.0,2023.0,-1.8746297244552195,1.2323263554435497,-1.6127917663332034,2026
Simarjeet Singh,-2.2661135248798696,-0.10018857600486777,-2.165924948875002,1.9477306809270047,2.0,8.0,7.0,132.0,2025.0,-0.8677535829505083,-0.7874604273329902,-0.6108995145963713,2026
Zeeshan Ansari,-2.2934711242290526,0.0,-2.2934711242290526,,1.0,10.0,0.0,203.0,2025.0,0.0,-1.5701762916526114,-0.7232948325764411,2026
Rasikh Salam,-2.301329568092819,-0.22645512502772075,-2.0748744430650983,0.3324591838774398,2.0,10.0,30.0,183.0,2025.0,-1.31782997339224,-1.1818884003394814,0.1983888056389024,2026
Q de Kock,-2.3082093455164516,-2.3082093455164516,0.0,2.886676004491369,3.0,23.0,405.0,0.0,2025.0,-2.3889156389859623,-0.08155020898859842,0.1622565024581093,2026
RA Tripathi,-2.4063059776085587,-2.4063059776085587,0.0,1.229673594302235,3.0,24.0,385.0,0.0,2025.0,-1.3775103084581188,-0.9554287155540082,-0.07336695359643126,2026
HR Shokeen,-2.5137666061792703,-0.05750758395167536,-2.456259022227595,,1.0,8.0,17.0,114.0,2023.0,-0.024086465118210554,-2.4321725571093844,-0.05750758395167536,2026
SN Khan,-2.5439346721387657,-2.5439346721387657,0.0,,1.0,4.0,62.0,0.0,2023.0,-0.05492796010456942,-1.8751614454770156,-0.6138452665571802,2026
Prince Yadav,-2.781178653451719,-0.13723894726984048,-2.643939706181879,,1.0,6.0,10.0,137.0,2025.0,-0.5783464048524698,-0.41252526442351684,-1.7903069841757329,2026
AS Joseph,-2.817299501475844,-0.04885489437233426,-2.7684446071035103,0.8270734725439378,2.0,10.0,12.0,202.0,2024.0,-1.2797410909789797,-0.9533014517172356,-0.5842569587796291,2026
Lalit Yadav,-2.894069145976454,-0.9109105252968726,-1.9831586206795817,0.2094962350139553,2.0,8.0,71.0,96.0,2024.0,-1.7647457497780552,-0.3279756062926644,-0.8013477899057349,2026
SH Johnson,-2.901421076955011,-0.03904396300814948,-2.8623771139468612,1.874445706359631,2.0,9.0,11.0,164.0,2025.0,-1.9693627100026365,-1.1397875894203136,0.20772922246793918,2026
Shahbaz Ahmed,-2.9205056596334167,-0.7073373604416002,-2.2131682991918167,0.6045764216797286,3.0,29.0,213.0,258.0,2025.0,-0.620515502629787,-2.1258301138750335,-0.1741600431285963,2026
N Jagadeesan,-3.2043750700084623,-3.2043750700084623,0.0,,1.0,6.0,81.0,0.0,2023.0,-2.515588486834888,-0.688786583173574,0.0,2026
Kartik Tyagi,-3.234826693456226,0.0,-3.234826693456226,0.20405110747885513,2.0,4.0,0.0,61.0,2024.0,-1.0108489894307668,-1.2249435824369426,-0.9990341215885175,2026
A Nortje,-3.2704138953881525,-0.08118808923918369,-3.1892258061489693,2.9329057591609677,3.0,18.0,37.0,414.0,2025.0,-1.1896773747044216,0.2248873434059675,-2.305623864089699,2026
JO Holder,-3.361602744859476,-0.08591047644778649,-3.275692268411689,,1.0,8.0,11.0,171.0,2023.0,-1.2500198858580116,-0.9611624719939655,-1.1504203870074985,2026
PVD Chameera,-3.3955510265006397,-0.10827000443952822,-3.2872810220611117,0.04035183639810658,2.0,8.0,14.0,120.0,2025.0,-2.5686627277724146,-0.24780401398317947,-0.5790842847450453,2026
RP Meredith,-3.468533637828103,-0.009599810436279034,-3.458933827391824,,1.0,5.0,2.0,118.0,2023.0,-2.0441022663511292,-0.715829132739309,-0.7086022387376646,2026
SK Rasheed,-3.497653565296351,-3.497653565296351,0.0,,1.0,5.0,63.0,0.0,2025.0,-2.993515334363714,-0.5041382309326377,0.0,2026
WP Saha,-3.695589679354605,-3.695589679354605,0.0,0.7921457162942829,2.0,26.0,402.0,0.0,2024.0,-3.0592325857118317,-0.6363570936427737,0.0,2026
Akash Deep,-3.8234765880984467,0.0221095064887098,-3.8455860945871567,1.6421039757456908,3.0,9.0,12.0,165.0,2025.0,-1.7111197898606139,-1.598021970613762,-0.514334827624071,2026
SM Curran,-4.58855444689682,-1.7074637626339875,-2.8810906842628325,1.1439208821256321,3.0,32.0,506.0,605.0,2025.0,-2.3594898877082815,-1.8619816211463682,-0.3670829380421704,2026
CJ Jordan,-4.780838378722215,-0.22454600312760445,-4.5562923755946105,,1.0,6.0,12.0,132.0,2023.0,-0.6808727644101771,-2.2402437143651768,-1.859721899946861,2026
Fazalhaq Farooqi,-5.4087459047785496,-0.020728691418637195,-5.3880172133599125,4.024965684830946,2.0,9.0,7.0,182.0,2025.0,-2.401741738333429,-1.574858323060057,-1.4321458433850638,2026
V Suryavanshi,9.328763913832082,9.328763913832082,0.0,4.580341095258651,2.0,23.0,449.0,0.0,2026.0,6.324982894917348,2.6696119268586482,0.3341690920560857,2027
SP Narine,6.3181545316863055,0.6030909580280148,5.715063573658291,3.3205840183873057,3.0,39.0,446.0,906.0,2026.0,0.6828657472827933,3.4450543630232593,2.190234421380254,2027
B Kumar,6.164242586204681,-0.19650151280395226,6.360744099008634,5.134955237656356,3.0,46.0,80.0,1032.0,2026.0,6.169478837432339,-0.4236991431474504,0.4184628919197919,2027
JP Inglis,5.064352924511982,5.064352924511982,0.0,3.8795002362958804,2.0,17.0,314.0,0.0,2026.0,5.771105114311333,-0.32759522987376166,-0.37915695992558973,2027
JJ Bumrah,4.821610331233464,-0.02084389234909398,4.842454223582559,4.408499829422043,3.0,38.0,20.0,889.0,2026.0,0.6475993091431451,1.4143901557031877,2.759620866387132,2027
JO Holder,4.696266499787244,-0.946823085669203,5.643089585456448,,1.0,11.0,52.0,230.0,2026.0,-0.8256181960552547,4.746236347007524,0.7756483488349755,2027
V Kohli,4.5398131628806535,4.5398131628806535,0.0,1.687681601207958,3.0,46.0,1340.0,0.0,2026.0,3.6796240312943578,0.18291988954948188,0.6772692420368139,2027
Abhishek Sharma,4.3534662673875015,4.658033358437146,-0.30456709104964474,1.443559409996416,3.0,45.0,739.0,137.0,2026.0,2.812728178831246,1.637343078972478,-0.0966049904162237,2027
B Sai Sudharsan,4.211674495891236,4.211674495891236,0.0,1.480275483219828,3.0,44.0,1316.0,0.0,2026.0,1.5106383148377147,2.1504806110404013,0.5505555700131197,2027
Mohsin Khan,3.8020932223104777,-0.0327050461571011,3.834798268467578,3.5774798334886606,2.0,17.0,5.0,396.0,2026.0,2.3703489773855715,1.362966988563941,0.06877725636096421,2027
H Klaasen,3.7999275583039998,3.7999275583039998,0.0,0.6059193211007308,3.0,45.0,952.0,0.0,2026.0,-0.03304147338540414,2.7699704043248996,1.062998627364505,2027
Shubman Gill,3.721351820748877,3.721351820748877,0.0,1.378965655349384,3.0,43.0,1155.0,0.0,2026.0,0.888754539339096,2.8535311156805125,-0.020933834270731116,2027
AJ Hosein,3.6648900647832754,0.001234269653351175,3.663655795129924,,1.0,7.0,3.0,148.0,2026.0,1.4728517980291396,1.854486770804371,0.3375514959497644,2027
JR Hazlewood,3.417503125557169,-0.0016459243115287496,3.4191490498686976,3.0936031028228936,2.0,25.0,2.0,573.0,2026.0,2.5014413715399018,0.586714736173591,0.32934701784367654,2027
SR Dubey,3.400485876855901,0.003700096695387396,3.3967857801605135,,1.0,4.0,2.0,77.0,2026.0,3.3237334365792375,0.0,0.07675244027666335,2027
JC Archer,3.3544081988550594,-0.3961224437180999,3.750530642573159,2.3696515796634703,2.0,28.0,97.0,633.0,2026.0,2.7306799929088266,0.6654232229754019,-0.04169501702916911,2027
MR Marsh,3.2678175097624975,3.7824796380739634,-0.5146621283114657,4.401945775810843,3.0,30.0,766.0,48.0,2026.0,2.5784061858862364,1.029465995801929,-0.34005467192566735,2027
KL Rahul,3.2548607899539372,3.2548607899539372,0.0,1.2149385502575136,3.0,42.0,1082.0,0.0,2026.0,0.13630614763141957,2.694276151683728,0.42427849063878964,2027
RM Patidar,3.186536923458493,3.186536923458493,0.0,2.374933658911276,3.0,45.0,700.0,0.0,2026.0,-0.489974915542305,2.912360176580337,0.764151662420461,2027
L Ngidi,3.106492221391344,-0.03974035454845884,3.146232575939803,1.34163836487808,2.0,14.0,9.0,296.0,2026.0,1.6814079312912236,-0.07615181313095093,1.5012361032310713,2027
SS Iyer,3.0535629909886897,3.0535629909886897,0.0,1.6133516710837403,3.0,46.0,879.0,0.0,2026.0,-1.0001722633853474,2.432521992589848,1.6212132617841886,2027
CV Varun,2.984087174634928,-0.017276779824896144,3.001363954459824,1.9881010423650156,3.0,38.0,7.0,846.0,2026.0,-0.29046114817083324,3.016720570029156,0.25782775277660525,2027
Mustafizur Rahman,2.9807285296874744,-0.005604137186787493,2.986332666874262,0.5849001516702943,2.0,12.0,1.0,272.0,2025.0,1.5688533931913542,0.5140238271223695,0.8978513093737515,2027
FH Allen,2.716348107695389,2.716348107695389,0.0,,1.0,11.0,163.0,0.0,2026.0,-1.2473891984488592,3.963737306144248,0.0,2027
C Connolly,2.652736393650148,2.652736393650148,0.0,,1.0,14.0,301.0,0.0,2026.0,-0.3940195267646128,1.2653610477685466,1.781394872646214,2027
Noor Ahmad,2.6392494189092246,-0.28062092799266075,2.9198703469018854,2.0168823349831073,3.0,38.0,49.0,815.0,2026.0,0.0016930194308157065,2.1596039774864075,0.47795242199200116,2027
RD Rickelton,2.530458752316012,2.530458752316012,0.0,2.425182230829267,2.0,26.0,497.0,0.0,2026.0,1.0770638367591956,1.3822728964740834,0.07112201908273377,2027
Mohammed Siraj,2.4791757443694435,-0.07537909269407428,2.554554837063518,1.4467889559863403,3.0,46.0,28.0,1038.0,2026.0,3.054814036802534,-0.3360305185009027,-0.23960777393218746,2027
N Thushara,2.4620341027513915,0.0,2.4620341027513915,0.36648994554078795,2.0,8.0,0.0,180.0,2025.0,2.328954087624206,-0.37284372062078674,0.5059237357479724,2027
P Simran Singh,2.460302761265851,2.460302761265851,0.0,1.7101581821716274,3.0,46.0,885.0,0.0,2026.0,1.794612795406966,0.5658695597169718,0.09982040614191304,2027
Ishan Kishan,2.329126258743168,2.329538264667946,-0.0004120059247783645,3.0040219455902744,3.0,43.0,777.0,1.0,2026.0,0.18496087985693122,1.7284212083758426,0.4157441705103939,2027
KD Karthik,2.32430436877571,2.32430436877571,0.0,,1.0,15.0,174.0,0.0,2024.0,0.0,0.4368565023896692,1.887447866386041,2027
Swapnil Singh,2.2530714659758955,0.08541023042155595,2.1676612355543394,,1.0,7.0,21.0,90.0,2024.0,2.659480330549061,-0.3903339612468064,-0.01607490332635891,2027
E Malinga,2.1305966960868172,-0.10234973005275588,2.2329464261395735,0.23215640774197666,2.0,22.0,17.0,486.0,2026.0,-0.315464059039563,1.7478073268221728,0.6982534283042076,2027
Harpreet Brar,2.0895537323517814,-0.08632024170947794,2.1758739740612594,1.1843047586460471,3.0,23.0,70.0,408.0,2026.0,0.7368644625785715,1.3273791125970145,0.02531015717619547,2027
PD Salt,2.0687343760322747,2.0687343760322747,0.0,1.5069906478142963,3.0,31.0,588.0,0.0,2026.0,1.1911130922904045,0.8751676004435737,0.0024536832982963363,2027
JM Bairstow,2.0365314979848947,2.0365314979848947,0.0,1.7349389712836836,2.0,13.0,241.0,0.0,2025.0,3.040102167129656,-1.0360375553001189,0.03246688615535786,2027
C Bosch,1.9564929131857776,-0.12773684429583929,2.084229757481617,1.6156143018077622,2.0,9.0,63.0,163.0,2026.0,0.866623577386975,1.0030117664548144,0.08685756934398842,2027
AM Ghazanfar,1.77427013800395,-0.005866440375805349,1.7801365783797554,,1.0,11.0,3.0,233.0,2026.0,2.847198153382221,-0.5168556210846321,-0.5560723942936391,2027
K Rabada,1.7503760241159119,-0.12742912897232347,1.8778051530882354,4.037243261848438,3.0,32.0,60.0,724.0,2026.0,1.64830814056097,-0.1356444694355806,0.23771235299052257,2027
S Sandeep Warrier,1.7282460184809803,0.0,1.7282460184809803,,1.0,5.0,0.0,66.0,2024.0,2.2851964854865274,-0.5569504670055473,0.0,2027
JC Buttler,1.6981686595269236,1.6981686595269236,0.0,1.6635915459609096,3.0,42.0,930.0,0.0,2026.0,0.2669533340530498,0.9874609314497853,0.44375439402408867,2027
Priyansh Arya,1.6682031491222697,1.6682031491222697,0.0,0.36714392761257375,2.0,31.0,471.0,0.0,2026.0,1.0050843529259599,0.6631187961963098,0.0,2027
SA Yadav,1.6501141355835838,1.6501141355835838,0.0,3.7488705976489882,3.0,40.0,816.0,0.0,2026.0,-0.6803297849475498,2.169373384436833,0.1610705360943005,2027
TM Head,1.6233492508508338,1.6365061688768607,-0.01315691802602695,3.13441351350234,3.0,43.0,767.0,16.0,2026.0,1.906582313035861,-0.2906709106525291,0.0074378484675021676,2027
Prince Yadav,1.5245529681740873,-0.052035955655338174,1.5765889238294255,3.444585297300645,2.0,20.0,11.0,449.0,2026.0,1.015115864094641,0.9821560486800965,-0.4727189446006498,2027
A Mhatre,1.5201915880532102,1.5201915880532102,0.0,0.6326124161473983,2.0,13.0,240.0,0.0,2026.0,0.141600089627068,1.8123259061343722,-0.4337344077082296,2027
KH Pandya,1.5085501105262695,-0.43970882189353927,1.9482589324198087,1.1833706223780738,3.0,45.0,346.0,777.0,2026.0,-0.2920369312815907,2.048626163074233,-0.2480391212663725,2027
V Puthur,1.506734651416849,0.0,1.506734651416849,,1.0,5.0,0.0,72.0,2025.0,0.0,1.8005487611404976,-0.2938141097236485,2027
Akash Singh,1.5032745578183433,0.0,1.5032745578183433,0.8879887362832523,2.0,5.0,0.0,109.0,2026.0,2.1494694327478925,-0.6461948749295491,0.0,2027
M Prasidh Krishna,1.4163789820512709,-0.013894694043214462,1.4302736760944852,2.5660083254452237,2.0,27.0,7.0,588.0,2026.0,-0.42805512430900994,2.000563156030508,-0.15612904967022745,2027
RR Rossouw,1.4022935383026984,1.4022935383026984,0.0,,1.0,8.0,116.0,0.0,2024.0,0.08647706756047438,1.1911357466068593,0.1246807241353649,2027
Sakib Hussain,1.3619763079068368,-0.029263294169630742,1.3912396020764675,,1.0,11.0,7.0,252.0,2026.0,-0.3103768338956676,0.1622891117677774,1.510064030034727,2027
TH David,1.3317397296362254,1.3471780945958396,-0.015438364959614237,0.8342388280505161,3.0,41.0,415.0,6.0,2026.0,0.0,0.39328248871919824,0.9384572409170271,2027
N Pooran,1.3290190356302423,1.3290190356302423,0.0,3.8306777990757777,3.0,42.0,730.0,0.0,2026.0,0.18906566895164614,0.31136194004307405,0.8285914266355217,2027
R Parag,1.1838102554753123,1.190804372114821,-0.006994116639508691,1.4507073781715452,3.0,43.0,816.0,162.0,2026.0,0.007054697119663889,1.2822475000055262,-0.10549194164987744,2027
VR Iyer,1.1164814803803766,1.1306637513999103,-0.014182271019533694,1.5917927317780762,3.0,32.0,447.0,6.0,2026.0,0.7070007689948454,0.30149447332170887,0.1079862380638224,2027
M Pathirana,1.0982161593435975,0.0,1.0982161593435975,3.4148656828544137,3.0,19.0,0.0,391.0,2026.0,-0.001694987556272315,0.6050132100944584,0.4948979368054114,2027
MJ Santner,1.0971088692139324,-0.2647156368650944,1.3618245060790268,0.6466122901521077,3.0,20.0,69.0,375.0,2026.0,-0.46836429969037285,1.6095692502201642,-0.04409608131585907,2027
MM Ali,1.0198804695051844,-0.4259881235764176,1.445868593081602,1.3396527249402865,2.0,14.0,112.0,144.0,2025.0,1.9982365042917554,-1.06627932880573,0.08792329401915869,2027
PJ Cummins,0.9728364718758741,-0.16464383278940434,1.1374803046652784,1.201155277082706,3.0,38.0,172.0,856.0,2026.0,-1.076626212529302,1.7925990560065388,0.2568636283986376,2027
SV Samson,0.9216202121148667,0.9216202121148667,0.0,0.842383522412355,3.0,38.0,837.0,0.0,2026.0,-0.557075935870816,0.8932551231365295,0.5854410248491533,2027
Ashwani Kumar,0.8650477517245647,-0.08225723431524232,0.9473049860398071,0.600402700964241,2.0,10.0,6.0,183.0,2026.0,1.196425607441143,0.5898407731036936,-0.9212186288202718,2027
Harshit Rana,0.8203968527659581,-0.47221604812768947,1.2926129008936476,1.7867175485407405,2.0,25.0,53.0,517.0,2025.0,0.5215605701052285,-0.6137055275464339,0.9125418102071637,2027
Shashank Singh,0.7964915172203273,0.641544595560752,0.1549469216595753,0.8345288689815751,3.0,44.0,513.0,78.0,2026.0,-0.01689512625914352,-0.04584009343662268,0.8592267369160936,2027
D Ferreira,0.7773726838450215,0.8214287499712289,-0.04405606612620749,1.0235711264926508,3.0,18.0,191.0,18.0,2026.0,0.051431039116991414,-0.013058869026624113,0.7390005137546543,2027
N Burger,0.7693559879033358,-0.006736518161639345,0.7760925060649753,1.9487124411542092,2.0,18.0,9.0,363.0,2026.0,0.38158971829144067,-0.6129975003391496,1.0007637699510448,2027
Kuldeep Yadav,0.7614914740329506,-0.2900897150367683,1.051581189069719,2.8027527651639983,3.0,38.0,78.0,798.0,2026.0,-0.17315813447275574,0.9086704930761258,0.025979115429580757,2027
J Overton,0.7176839133609061,0.12803965577112308,0.5896442575897827,3.075787781405959,2.0,13.0,93.0,204.0,2026.0,-1.312956891871016,1.9395118836029988,0.09112892162892293,2027
PP Chawla,0.6917891503659205,-0.1754272081169137,0.8672163584828342,,1.0,11.0,15.0,210.0,2024.0,-0.07160148432330657,0.5435362071019655,0.2198544275872615,2027
Ashutosh Sharma,0.6752911748903393,0.6752911748903393,0.0,0.41172855394228025,3.0,32.0,334.0,0.0,2026.0,0.0,-0.326587348228336,1.0018785231186753,2027
AD Russell,0.6736486103073434,0.5607457817610169,0.11290282854632638,1.408399677417437,2.0,27.0,222.0,285.0,2025.0,0.18112743486661234,-0.4578800837533285,0.9504012591940596,2027
Suryansh Shedge,0.6596548328588928,0.8069599041718423,-0.14730507131294943,1.085766228077154,2.0,12.0,101.0,18.0,2026.0,0.2549891321576276,0.47673786705871823,-0.07207216635745306,2027
YBK Jaiswal,0.6579946397507095,0.6579946397507095,0.0,1.7584773161835259,3.0,45.0,909.0,0.0,2026.0,1.2087294075592423,-0.5551771067471819,0.0044423389386493185,2027
Rashid Khan,0.6144013082193127,-0.28737253287447323,0.9017738410937859,1.4777923188085422,3.0,44.0,140.0,933.0,2026.0,0.68592235406893,0.5729413602979397,-0.6444624061475571,2027
M Tiwari,0.6047098826578692,0.04680164880361162,0.5579082338542576,0.6645469245096167,2.0,5.0,12.0,66.0,2026.0,0.0,0.4542990417764913,0.15041084088137802,2027
Mukesh Choudhary,0.5480571241680299,-0.0004323545370168687,0.5484894787050467,1.6530446471967477,3.0,11.0,2.0,210.0,2026.0,0.8009044330237423,-0.00489646937994907,-0.24795083947576338,2027
DL Chahar,0.5154244260646272,-0.06954481514084346,0.5849692412054707,0.2678356924407021,3.0,30.0,44.0,540.0,2026.0,1.9319431769914448,-0.8728259824052508,-0.5436927685215669,2027
JA Duffy,0.506060547415542,0.0,0.506060547415542,,1.0,6.0,0.0,144.0,2026.0,0.45044552113282843,1.4436504216964068,-1.388035395413693,2027
R Sai Kishore,0.461506270546186,-0.021778874120616094,0.48328514466680206,0.9441425842827821,3.0,23.0,16.0,369.0,2026.0,-0.00235009268966882,0.44677734614548636,0.01707901709036852,2027
KK Ahmed,0.4460805732257986,-0.0007520822871461986,0.4468326555129448,0.6199032786330644,3.0,33.0,2.0,681.0,2026.0,1.3712867964709132,-0.2240752974756762,-0.7011309257694385,2027
JD Unadkat,0.43510320288840265,-0.06865437461837057,0.5037575775067732,3.1784179876153242,3.0,22.0,29.0,407.0,2026.0,-0.19388829519902034,0.22347464013400437,0.40551685795341885,2027
AR Patel,0.3261299811617039,-1.144405203622192,1.4705351847838957,1.0455898918188518,3.0,41.0,478.0,744.0,2026.0,-0.7486333373056626,0.7498566541030456,0.32490666436432086,2027
Arshdeep Singh,0.3010708978986292,-0.008403033898403208,0.3094739317970323,1.7575564314368177,3.0,46.0,10.0,970.0,2026.0,1.054939594163306,-0.4675760348160398,-0.2862926614486372,2027
PP Hinge,0.2992524054607701,-0.13940493973899382,0.4386573451997639,,1.0,7.0,9.0,156.0,2026.0,1.9004433649509842,-1.8193079023163539,0.21811694282613964,2027
WG Jacks,0.2907967351671775,0.42638163426374603,-0.1355848990965685,0.9514312011298164,3.0,28.0,379.0,191.0,2026.0,-0.03240978843197232,-0.2509871502368518,0.5741936738360016,2027
RA Jadeja,0.2755454435869716,-0.7999982137620103,1.075543657348982,1.2491162220190113,3.0,42.0,606.0,707.0,2026.0,0.49178210876354156,0.1840743367410414,-0.4003110019176115,2027
J Fraser-McGurk,0.26175672287115637,0.26175672287115637,0.0,4.722773366642583,2.0,15.0,193.0,0.0,2025.0,0.0769322025768937,0.18482452029426252,0.0,2027
Yash Raj Punja,0.2543519010748686,0.0,0.2543519010748686,,1.0,8.0,0.0,180.0,2026.0,-0.39680097760129013,-0.2801562601970216,0.9313091388731803,2027
SN Khan,0.22554049055799552,0.22554049055799552,0.0,,1.0,8.0,95.0,0.0,2026.0,0.6689417198724156,-0.8783045765400482,0.4349033472256282,2027
KR Sen,0.18906479123017683,0.0,0.18906479123017683,,1.0,3.0,0.0,72.0,2024.0,-1.6133310229540616,3.3520926332929872,-1.549696819108749,2027
D Padikkal,0.18715435835414496,0.18715435835414496,0.0,2.5793267647244718,3.0,33.0,492.0,0.0,2026.0,0.46429508025961685,-0.22175546336343147,-0.05538525854204047,2027
Dhruv Jurel,0.18069507857949663,0.18069507857949663,0.0,0.7349985745655528,3.0,44.0,687.0,0.0,2026.0,0.04779584633410233,0.13603855532039644,-0.003139323075002115,2027
A Raghuvanshi,0.1802942853756886,0.1802942853756886,0.0,0.396301326948047,3.0,35.0,608.0,0.0,2026.0,0.057913275546453036,0.07991462695581092,0.042466382873424524,2027
MK Pandey,0.18016222529521078,0.18016222529521078,0.0,0.2258019938348081,3.0,10.0,145.0,0.0,2026.0,0.19939960921058594,-0.2941997768783259,0.27496239296295066,2027
SE Rutherford,0.16890308460488304,0.16890308460488304,0.0,0.28092277917665975,2.0,21.0,260.0,0.0,2026.0,-0.29315668151556057,0.5265482778058581,-0.06448851168541458,2027
MK Lomror,0.15323371597110907,0.2048905654887973,-0.05165684951768824,,1.0,10.0,68.0,6.0,2024.0,0.0,-0.08486626243848054,0.23809997840958957,2027
A Kamboj,0.13980227821927754,-0.06368931577089212,0.2034915939901698,2.997441466833805,3.0,25.0,52.0,491.0,2026.0,0.37433315534673645,-0.1926543466319152,-0.04187653049554371,2027
M Shahrukh Khan,0.1244535045476842,0.11799499445348174,0.006458510094202495,0.5488243481165379,3.0,31.0,208.0,18.0,2026.0,-0.0006904243109371738,0.1870849219155727,-0.06194099305695136,2027
AS Roy,0.10588906221386302,-0.20163109101771512,0.30752015323157816,1.6336475209761427,3.0,18.0,43.0,221.0,2026.0,-0.12454707044337021,0.18368181877558,0.04675431388165323,2027
KV Sharma,0.08768751388681617,0.007654862446473758,0.08003265144034244,2.0252619813937347,2.0,15.0,16.0,234.0,2025.0,0.0,-0.5122705387306694,0.5999580526174855,2027
D Brevis,0.051212206950764005,0.051212206950764005,0.0,2.44118636755689,3.0,20.0,302.0,0.0,2026.0,-0.4355267533012047,0.13983880707939345,0.34690015317257533,2027
MP Stoinis,0.05001757670869078,0.7621331577986856,-0.7121155810899948,0.9717628491167493,3.0,41.0,469.0,216.0,2026.0,-0.06904536613465723,-0.5660392210219884,0.6851021638653365,2027
Mohammed Shami,0.020019819071961154,-0.11224520281663794,0.13226502188859923,3.1424257129372224,2.0,22.0,32.0,486.0,2026.0,2.5014854163002065,-0.9458283510532072,-1.5356372461750378,2027
Rasikh Salam,0.01558287660206048,-0.12084244400817615,0.1364253206102366,2.247873199109716,3.0,22.0,32.0,440.0,2026.0,0.3037881565298759,-0.8559542091786303,0.5677489292508151,2027
VG Arora,-0.021625049050581602,-0.031443894495203475,0.00981884544462197,1.4832921323192163,3.0,33.0,12.0,663.0,2026.0,0.33823804933328866,-0.8229955301941607,0.4631324318102905,2027
M Siddharth,-0.027951633564769922,0.0,-0.027951633564769922,0.22107365273868565,3.0,9.0,0.0,186.0,2026.0,0.1857817297857454,-0.3167693773935752,0.10303601404305983,2027
RG Sharma,-0.03671892972140289,-0.03671892972140289,0.0,1.1210853206406135,3.0,38.0,738.0,0.0,2026.0,-0.2688542774613014,0.1586575659904273,0.0734777817494712,2027
YS Chahal,-0.04478576313454835,0.0,-0.04478576313454835,0.22111410740394996,3.0,44.0,0.0,864.0,2026.0,0.21108321247662068,-0.04259238231603074,-0.21327659329513823,2027
Aniket Verma,-0.09298163747431487,-0.09298163747431487,0.0,0.7137769057964742,2.0,24.0,196.0,0.0,2026.0,0.0068209219070253764,-0.25077057138158676,0.15096801200024634,2027
RK Singh,-0.0988695797411429,-0.0988695797411429,0.0,0.1351050319731141,3.0,41.0,445.0,0.0,2026.0,-0.007846986538103284,-1.1817406442763017,1.090718051073262,2027
PP Shaw,-0.1010158035912478,-0.1010158035912478,0.0,,1.0,8.0,121.0,0.0,2024.0,-0.30422334593883354,0.20320754234758578,0.0,2027
Urvil Patel,-0.19279162349608686,-0.19279162349608686,0.0,0.2784977541064498,2.0,10.0,96.0,0.0,2026.0,-0.04446133973152834,-0.14833028376455856,0.0,2027
UT Yadav,-0.20157794236293808,-0.21044566665570721,0.008867724292769124,,1.0,7.0,15.0,126.0,2024.0,1.2369466693272348,-0.7457559584559564,-0.6927686532342163,2027
Yash Dayal,-0.20888350565415192,-0.039385657311149236,-0.1694978483430027,0.42501947519285804,2.0,29.0,8.0,595.0,2025.0,-1.1107077505968337,0.8907992118944825,0.011025033048198907,2027
S Dube,-0.2110657582178212,-0.020273173106626102,-0.19079258511119512,1.4601457539393339,3.0,41.0,684.0,48.0,2026.0,0.011534918489328482,-0.2077287629013866,-0.01487191380576313,2027
S Arora,-0.21221969146362357,-0.21221969146362357,0.0,,1.0,13.0,77.0,0.0,2026.0,0.02894295331697928,-0.43321493866799266,0.19205229388738973,2027
Kartik Tyagi,-0.22852429814896857,-0.03638462041340423,-0.19213967773556428,2.2186802969032398,2.0,15.0,10.0,330.0,2026.0,-0.21421232349434155,0.38224579624619665,-0.39655777090082384,2027
Tilak Varma,-0.2389496898791516,-0.2383742706608255,-0.0005754192183260734,1.4329016829374701,3.0,43.0,772.0,4.0,2026.0,-1.0643148605790163,-0.5073499627054106,1.3327151334052751,2027
T Stubbs,-0.2536670624039674,-0.22953301268080906,-0.024134049723158385,2.2701601763595907,3.0,43.0,613.0,24.0,2026.0,-0.29641775345390536,-0.7684217750316233,0.8111724660815611,2027
Ravi Bishnoi,-0.2884202941985534,-0.06900307972384383,-0.21941721447470974,2.638167312938221,3.0,34.0,25.0,640.0,2026.0,1.2266974249103182,-1.1647985129114806,-0.35031920619739104,2027
Sameer Rizvi,-0.32031634628531724,-0.32031634628531724,0.0,0.36682451077430334,3.0,25.0,293.0,0.0,2026.0,-1.3132525055004973,0.5972148806640322,0.3957212785511477,2027
Naman Dhir,-0.3354924038169123,-0.2563304994808524,-0.07916190433605994,1.1511005757635315,3.0,37.0,433.0,52.0,2026.0,-0.643608056721669,-0.05124593254432219,0.3593615854490788,2027
PHKD Mendis,-0.3667906205239942,-0.5562627541083501,0.18947213358435594,,1.0,5.0,69.0,42.0,2025.0,-0.31383779602847234,1.181137594974674,-1.234090419470196,2027
DA Miller,-0.370979336110324,-0.370979336110324,0.0,0.6227052780523818,3.0,31.0,396.0,0.0,2026.0,-0.2828399172468376,-0.5659026917148579,0.47776327285137155,2027
SB Dubey,-0.3725038570699206,-0.3725038570699206,0.0,0.34165824667421907,3.0,20.0,143.0,0.0,2026.0,0.0922721532417436,-0.4045152133165152,-0.060260796995149024,2027
PWH de Silva,-0.383894195799086,-0.31584835291051894,-0.06804584288856705,,1.0,11.0,15.0,246.0,2025.0,0.0,-0.640001482952144,0.25610728715305797,2027
Naveen-ul-Haq,-0.38959689733604885,-0.014102625847027433,-0.3754942714890214,,1.0,10.0,4.0,219.0,2024.0,-2.1658612107150073,1.1158615827651528,0.6604027306138058,2027
MS Dhoni,-0.4026160824727084,-0.4026160824727084,0.0,1.2192915278023928,2.0,28.0,218.0,0.0,2025.0,0.0,-0.34061183477422785,-0.0620042476984804,2027
Azmatullah Omarzai,-0.4069012584607942,0.10215461260367753,-0.5090558710644717,1.2919559313398428,3.0,20.0,101.0,354.0,2026.0,-1.2722829783854204,0.2691613712233722,0.5962203487012541,2027
R Tewatia,-0.4088584737485813,-0.4088584737485813,0.0,0.24738564774309638,3.0,43.0,320.0,0.0,2026.0,-0.0339613505761973,-0.19655839631335725,-0.17833872685902682,2027
GJ Maxwell,-0.4252349560067741,-1.6381546241397533,1.2129196681329795,0.19090881180744612,2.0,17.0,92.0,174.0,2025.0,0.44282260908240745,-0.6953671449571261,-0.17269042013205543,2027
Arshad Khan,-0.4268414525139918,0.09254888726717152,-0.5193903397811633,0.7132602275380868,3.0,20.0,80.0,279.0,2026.0,-0.06514372668111945,-0.15100790330373318,-0.21068982252913923,2027
R Powell,-0.4562519625418752,-0.4562519625418752,0.0,0.23719280415905092,3.0,22.0,214.0,0.0,2026.0,0.03718393521938813,-0.6095808609854685,0.1161449632242051,2027
A Badoni,-0.4795602075040963,-0.46668658064213214,-0.012873626861964154,0.7046458978227953,3.0,38.0,534.0,28.0,2026.0,0.28125619507018695,-0.633768598196078,-0.1270478043782054,2027
P Nissanka,-0.505714940543116,-0.505714940543116,0.0,,1.0,10.0,175.0,0.0,2026.0,0.8941339301799504,-1.3998488707230665,0.0,2027
Abdul Samad,-0.5288169448737077,-0.5255634734646588,-0.0032534714090488703,0.7287326438184963,3.0,37.0,289.0,3.0,2026.0,0.0,-0.5813650429112583,0.05254809803755067,2027
Raghu Sharma,-0.544847874525495,0.0,-0.544847874525495,,1.0,6.0,0.0,90.0,2026.0,0.0,-0.24954825489868704,-0.295299619626808,2027
RJ Gleeson,-0.5461375180252837,-0.003888219692751647,-0.542249298332532,0.8150745731604447,2.0,3.0,2.0,68.0,2025.0,-0.29197479496071954,-0.07492541518137735,-0.17923730788318687,2027
PR Veer,-0.635892206342914,-0.4742973434003186,-0.16159486294259545,,1.0,6.0,67.0,12.0,2026.0,-0.17107090456591717,0.5524213264856217,-1.0172426282626186,2027
MA Starc,-0.6609754114052496,-0.04809248899753729,-0.6128829224077124,0.5426642032768588,3.0,31.0,23.0,611.0,2026.0,-1.7026256119980734,0.5599049091703887,0.48174529142243494,2027
Washington Sundar,-0.6679820773228923,0.20626061758063308,-0.8742426949035252,1.1955823722253787,3.0,25.0,332.0,150.0,2026.0,-0.2746031270358148,-0.653977075350454,0.26059812506337665,2027
Sandeep Sharma,-0.6856909023198527,-0.002222782732228535,-0.6834681195876242,2.6361927168826402,3.0,26.0,5.0,565.0,2026.0,0.4506366511673511,0.16349521988562166,-1.2998227733728258,2027
TA Boult,-0.6866995364086637,-0.036348602372657274,-0.6503509340360063,4.35466087693533,3.0,36.0,23.0,763.0,2026.0,-0.433903228522718,-0.9335538635701669,0.6807575556842218,2027
N Wadhera,-0.6963985097568337,-0.6999040684074194,0.0035055586505856927,0.8556106137654104,3.0,31.0,394.0,17.0,2026.0,-0.03416394969579485,-0.40925209734405255,-0.2529824627169862,2027
V Nigam,-0.7152597754374603,0.12849595584998408,-0.8437557312874445,1.8897375884698464,2.0,19.0,89.0,288.0,2026.0,0.5998864011026827,-1.7714016586444747,0.45625548210433137,2027
JM Sharma,-0.715626116087352,-0.715626116087352,0.0,1.0497468998644748,3.0,45.0,385.0,0.0,2026.0,-0.19719600789967695,-0.5671813952825362,0.04875128709486118,2027
DJ Mitchell,-0.7179924254010981,-0.3392261220729669,-0.37876630332813116,,1.0,13.0,223.0,36.0,2024.0,0.1976284933416096,-0.006801570683476477,-0.9088193480592311,2027
Ramandeep Singh,-0.7502077081875795,-0.7116277581416637,-0.03857995004591583,0.86033347809835,3.0,33.0,165.0,20.0,2026.0,0.0,-0.8699904571046229,0.11978274891704348,2027
Harsh Dubey,-0.7845343034598831,-0.024949340009454916,-0.759584963450428,0.9477309320289908,2.0,11.0,9.0,192.0,2026.0,-0.9158880454330494,-0.5160237386979964,0.6473774806711629,2027
Kartik Sharma,-0.7870384990996007,-0.7870384990996007,0.0,,1.0,11.0,216.0,0.0,2026.0,0.4173082318325414,-1.296799068676918,0.0924523377447761,2027
MD Choudhary,-0.8082238633135143,-0.8082238633135143,0.0,,1.0,10.0,120.0,0.0,2026.0,0.0,-0.14114947881155462,-0.6670743845019597,2027
MD Shanaka,-0.8161279107962647,-0.6098650876882419,-0.20626282310802274,,1.0,7.0,46.0,36.0,2026.0,0.0,-0.5957567362379628,-0.22037117455830177,2027
Gurjapneet Singh,-0.8168987810636728,0.0,-0.8168987810636728,,1.0,8.0,0.0,151.0,2026.0,-0.040491360612482256,-0.9397365274575353,0.1633291070063448,2027
Himmat Singh,-0.8588583780766208,-0.8588583780766208,0.0,,1.0,6.0,69.0,0.0,2026.0,0.0,-0.9175741932489678,0.05871581517234721,2027
Suyash Sharma,-0.8944510860246293,0.0,-0.8944510860246293,0.5776621178655443,3.0,28.0,0.0,569.0,2026.0,0.0,-1.5695363309865922,0.6750852449619628,2027
MA Agarwal,-0.9111089242161278,-0.9111089242161278,0.0,1.4949346861498183,2.0,8.0,121.0,0.0,2025.0,-0.6015369398008625,-0.1607553438835898,-0.14881664053167545,2027
Nithish Kumar Reddy,-0.9411238577800226,-0.0726039049072632,-0.8685199528727593,0.9893351627603303,3.0,40.0,541.0,295.0,2026.0,-0.9107690017989543,-0.6329077938716051,0.6025529378905371,2027
RR Pant,-0.9583536513472348,-0.9583536513472348,0.0,2.37952284870727,3.0,41.0,715.0,0.0,2026.0,-1.1273480168582761,-0.7619912589902148,0.9309856245012559,2027
V Viyaskanth,-0.9827437908403279,-0.012863566876308408,-0.9698802239640195,,1.0,3.0,5.0,60.0,2024.0,0.0,-0.9698802239640195,-0.012863566876308408,2027
Rahmanullah Gurbaz,-0.9959936587249961,-0.9959936587249961,0.0,0.694084753920229,2.0,7.0,99.0,0.0,2025.0,-0.9752989308430257,-0.020694727881970312,0.0,2027
N Rana,-1.0026039717026642,-0.7511191462200106,-0.2514848254826535,0.38338256066783355,3.0,22.0,317.0,36.0,2026.0,-1.293206646481213,0.04796977411373743,0.24263290066481158,2027
RD Chahar,-1.0418488899523348,-0.010513770368665565,-1.031335119583669,1.1428892931367596,3.0,11.0,15.0,216.0,2026.0,0.0,-0.8495841092221028,-0.19226478073023195,2027
KK Nair,-1.051028628119566,-1.051028628119566,0.0,0.39062298157949676,2.0,10.0,133.0,0.0,2026.0,-1.1145854625490896,0.06355683442952392,0.0,2027
Yudhvir Singh,-1.0634166210040652,-0.06511814638171472,-0.9982984746223504,0.1766280266728401,2.0,6.0,14.0,90.0,2025.0,0.1260987889669491,-1.064360554277296,-0.1251548556937181,2027
Mohammad Nabi,-1.0743181622169602,-0.44383441407855495,-0.6304837481384054,,1.0,7.0,31.0,74.0,2024.0,0.022100068501527903,-0.6570624488511473,-0.4393557818673408,2027
Q de Kock,-1.104128062557392,-1.104128062557392,0.0,2.271348885031578,3.0,22.0,384.0,0.0,2026.0,-3.467329489722741,1.6263420814851515,0.7368593456801975,2027
Anuj Rawat,-1.127526693531753,-1.127526693531753,0.0,,1.0,5.0,77.0,0.0,2024.0,0.0,-1.1862559832649773,0.05872928973322446,2027
V Shankar,-1.1476253484258487,-1.1476253484258487,0.0,0.44104592686454047,2.0,13.0,163.0,0.0,2025.0,0.1575627218681655,-0.9140532757114337,-0.3911347945825804,2027
R Ashwin,-1.1500155135462014,-0.7023833867166667,-0.44763212682953457,0.13714428840128423,2.0,23.0,104.0,516.0,2025.0,-1.7604006431779897,1.4740839575250664,-0.8636988278932782,2027
SD Hope,-1.1907297941249868,-1.1907297941249868,0.0,,1.0,9.0,122.0,0.0,2024.0,-1.5806369931928324,0.666033587422503,-0.2761263883546574,2027
C Green,-1.2110517445543731,-1.0643858975333271,-0.14666584702104624,1.2829793031206078,2.0,27.0,399.0,343.0,2026.0,-1.5564118436557604,0.28399643744588055,0.06136366165550644,2027
SO Hetmyer,-1.2484366239748925,-1.2484366239748925,0.0,0.6774546957228114,3.0,34.0,302.0,0.0,2026.0,-0.5111448010125225,-0.12101687518307347,-0.6162749477792968,2027
Brijesh Sharma,-1.2594922809113294,-0.01040782335645397,-1.2490844575548754,,1.0,13.0,4.0,273.0,2026.0,-2.023366935789496,0.5883124514577311,0.17556220342043533,2027
KA Jamieson,-1.3210698577058875,-0.31514627891459857,-1.0059235787912888,1.3864662316200442,2.0,6.0,18.0,132.0,2026.0,-0.3989698510754754,-0.13048977622496016,-0.791610230405452,2027
W O'Rourke,-1.350442392464488,0.0,-1.350442392464488,,1.0,3.0,0.0,62.0,2025.0,-0.0300897848742592,-0.9876007323723621,-0.33275187521786653,2027
A Manohar,-1.3782537216655015,-1.3782537216655015,0.0,0.19556823242491828,2.0,10.0,77.0,0.0,2025.0,-0.1311272923311961,-0.9194317090952298,-0.3276947202390757,2027
LS Livingstone,-1.3823028166835876,-1.6102831268240205,0.227980310140433,0.5556178084822743,3.0,19.0,187.0,126.0,2026.0,-0.5942521519059902,-0.8825694822149844,0.09451881743738721,2027
DS Rathi,-1.4218229660313628,-0.018249071987528554,-1.4035738940438343,3.3710330942371245,2.0,23.0,8.0,546.0,2026.0,-0.4043153813006244,-0.8619004271178431,-0.155607157612895,2027
M Theekshana,-1.4437700357753165,-0.36621303611166384,-1.0775569996636527,1.603792049409253,2.0,16.0,27.0,372.0,2025.0,-1.6458438064036605,1.0307453250887844,-0.8286715544604404,2027
G Coetzee,-1.4525949718152469,-0.2391164195344629,-1.213478552280784,0.34883676125821295,2.0,14.0,33.0,273.0,2025.0,-0.36617557801606293,-0.47875948283779657,-0.6076599109613874,2027
HV Patel,-1.5159005347378571,-0.20093335527340112,-1.3149671794644562,1.6818405676756198,3.0,32.0,54.0,639.0,2026.0,-0.693939951540551,-0.931869055221184,0.10990847202387766,2027
I Sharma,-1.5502239536905753,-0.024866044323389916,-1.5253579093671854,2.2182523718662672,2.0,16.0,7.0,272.0,2025.0,-0.828575204889271,-0.7258552557557416,0.004206506954437181,2027
Abishek Porel,-1.5504606811907464,-1.5504606811907464,0.0,1.682576709001162,3.0,32.0,498.0,0.0,2026.0,-0.9438008063393847,-0.6267624075023427,0.02010253265098133,2027
F du Plessis,-1.5611609774604163,-1.5611609774604163,0.0,1.7069108480690138,2.0,25.0,434.0,0.0,2025.0,-1.2614272528508677,-0.0323325779293977,-0.2674011466801506,2027
S Dhawan,-1.5781079187940954,-1.5781079187940954,0.0,,1.0,5.0,121.0,0.0,2024.0,-1.3226991067234632,0.2063894169476268,-0.46179822901825907,2027
DJ Hooda,-1.6658428950955912,-1.6324490630473456,-0.033393832048245545,0.30097008687440174,2.0,18.0,146.0,24.0,2025.0,-0.5457454053603885,-0.9427994978629916,-0.17729799187221085,2027
AK Markram,-1.698465403135617,-1.449175813878872,-0.24928958925674496,1.6108713357410358,3.0,36.0,643.0,114.0,2026.0,-0.5942253060692004,-1.1268563637738807,0.022616266707464028,2027
KT Maphaka,-1.8223396502888074,0.023897077488149943,-1.8462367277769574,1.8254364976792365,2.0,4.0,2.0,66.0,2025.0,-0.3255625236779225,-0.8059545023300114,-0.6908226242808736,2027
AM Rahane,-1.916288300207066,-1.916288300207066,0.0,1.9236054924442312,3.0,40.0,708.0,0.0,2026.0,-0.3987343856609886,-1.5175539145460777,0.0,2027
PVD Chameera,-1.9616659925234208,-0.108625268100342,-1.8530407244230787,1.3465762878875758,3.0,9.0,17.0,132.0,2026.0,-1.4879147138060942,-0.11894592671192615,-0.35480535200540037,2027
SN Thakur,-2.042667521778271,-0.323864023032642,-1.718803498745629,0.6794004470651125,3.0,28.0,59.0,526.0,2026.0,-0.9986681343766937,-0.644578230418263,-0.3994211569833145,2027
R Shepherd,-2.064798401212501,0.0035214823079785518,-2.0683198835204792,1.2729051255436168,3.0,29.0,111.0,306.0,2026.0,0.033945516142131475,-1.458117762405984,-0.6406261549486483,2027
JG Bethell,-2.0670063447740374,-2.0670063447740374,0.0,2.316966802036675,2.0,9.0,116.0,0.0,2026.0,-1.429703090675491,-0.6373032540985462,0.0,2027
RD Gaikwad,-2.073730416424991,-2.073730416424991,0.0,3.0015935072333515,3.0,33.0,767.0,0.0,2026.0,-1.3075113618448668,-0.9214216850796433,0.1552026304995191,2027
Mayank Dagar,-2.0970993330111622,-0.005641310268506288,-2.091458022742656,,1.0,5.0,1.0,71.0,2024.0,-1.0373675502816269,-0.9463387048303753,-0.11339307789916034,2027
LH Ferguson,-2.09822861524707,0.0009361369166950912,-2.099164752163765,2.589388984980888,3.0,14.0,2.0,278.0,2026.0,-1.1056089964862441,-0.014459549370085117,-0.9781600693907407,2027
Shivang Kumar,-2.116005049850087,-0.5829195277313656,-1.5330855221187214,,1.0,13.0,46.0,234.0,2026.0,-0.828339645831383,-0.9275642419626347,-0.360101162056069,2027
Yash Thakur,-2.139039994104191,0.0,-2.139039994104191,0.5908572123096141,3.0,13.0,0.0,276.0,2026.0,-0.050176739152140604,-0.7847756931742721,-1.3040875617777785,2027
R Ravindra,-2.152331559356467,-2.1788920073658162,0.026560448009348883,1.0642377265401346,2.0,18.0,287.0,12.0,2025.0,-2.017217671243977,-0.5449674362575428,0.4098535481450527,2027
T Natarajan,-2.1591502434310725,-0.0017189970543651436,-2.1574312463767074,2.674044491902193,3.0,27.0,2.0,524.0,2026.0,-0.22087926080935727,-2.059267375829031,0.12099639320731563,2027
RA Tripathi,-2.163892431399407,-2.163892431399407,0.0,1.3335827662999136,2.0,11.0,172.0,0.0,2025.0,-0.7745671129620547,-1.389325318437352,0.0,2027
Simarjeet Singh,-2.168726990833519,-0.09618103296467306,-2.0725459578688463,1.9477306809270047,2.0,8.0,7.0,132.0,2025.0,-0.8553684049767989,-0.7110790002360605,-0.6022795856206602,2027
Vijaykumar Vyshak,-2.2003345530443803,-0.013593011667957955,-2.1867415413764224,0.25883342153973,3.0,19.0,7.0,375.0,2026.0,-0.9202206958443505,-0.677541481119652,-0.6025723760803777,2027
Mukesh Kumar,-2.2379903974578497,-0.018358075447818575,-2.219632322010031,1.8350875894761378,3.0,32.0,9.0,638.0,2026.0,-1.1117835309661548,0.2179528294966766,-1.3441596959883713,2027
Zeeshan Ansari,-2.2934711242290526,0.0,-2.2934711242290526,,1.0,10.0,0.0,203.0,2025.0,0.0,-1.5701762916526114,-0.7232948325764411,2027
Shahbaz Ahmed,-2.303384624467047,-0.3992389627050377,-1.9041456617620092,0.8172399704501427,3.0,24.0,215.0,283.0,2026.0,-0.20129849952972373,-1.6114475149166947,-0.4906386100206286,2027
DA Warner,-2.319145378563792,-2.319145378563792,0.0,,1.0,8.0,125.0,0.0,2024.0,-1.2065459996246595,-1.1125993789391324,0.0,2027
Avesh Khan,-2.486665386530273,-0.015599301189616112,-2.4710660853406567,2.3759796631362162,3.0,35.0,23.0,761.0,2026.0,-2.4551448217487337,-0.6148649278279563,0.5833443630464163,2027
MM Sharma,-2.496508697296389,-0.09558920066730002,-2.400919496629089,0.00924651295105039,2.0,20.0,18.0,384.0,2025.0,-0.5265237188945193,-0.8655961865003432,-1.1043887919015265,2027
SH Johnson,-2.6430591196602746,-0.02946545949045959,-2.6135936601698146,1.5306295271250392,3.0,12.0,12.0,230.0,2026.0,-2.7861899517820197,0.19978922086665496,-0.05665838874490953,2027
A Nortje,-2.708657040472155,-0.03971933640989091,-2.668937704062264,2.259987890518909,3.0,9.0,9.0,198.0,2026.0,-0.874551182739364,-0.061617542730087294,-1.7724883150027042,2027
M Markande,-2.7938939294487595,0.0,-2.7938939294487595,0.4708086456998808,2.0,10.0,0.0,162.0,2026.0,0.0,-2.2333618567881404,-0.5605320726606189,2027
Akash Madhwal,-2.794422383046301,-0.09886153676819,-2.695560846278111,0.1318082226954309,2.0,9.0,14.0,199.0,2025.0,0.030644204376363338,-0.9736112453849284,-1.851455342037736,2027
RJW Topley,-2.818924576993197,-0.031227242946989323,-2.787697334046208,0.3762110864100716,2.0,5.0,6.0,108.0,2025.0,-0.9110811682378765,-1.2742185435933557,-0.6336248651619649,2027
M Jansen,-2.904105911558977,-0.46322011479032954,-2.4408857967686477,2.1014211787176,3.0,31.0,121.0,627.0,2026.0,-1.2376192809720152,-0.8609778732035208,-0.8055087573834415,2027
TU Deshpande,-3.0227285732485547,-0.006455381331232622,-3.016273191917322,3.2168357083924697,3.0,30.0,23.0,618.0,2026.0,-1.014488123875581,-1.516261919566048,-0.49197852980692564,2027
DP Conway,-3.0399790606657606,-3.0399790606657606,0.0,,1.0,6.0,119.0,0.0,2025.0,-3.6134438082957314,0.8069243026494699,-0.23345955501949883,2027
HH Pandya,-3.158860755107649,-0.8823706865673703,-2.2764900685402787,2.1512161338426594,3.0,39.0,437.0,562.0,2026.0,-1.663054685406763,-0.04850459577343966,-1.4473014739274463,2027
MW Short,-3.269659800676822,-2.4676895761899162,-0.8019702244869058,,1.0,3.0,51.0,19.0,2026.0,-2.8203832430749336,-0.1143837739065954,-0.3348927836952928,2027
Ashok Sharma,-3.3309930191993256,-0.02248147981373889,-3.3085115393855866,,1.0,6.0,4.0,126.0,2026.0,-2.8309638004611575,-0.06714823837066994,-0.43288098036749784,2027
MP Yadav,-3.3597431267462983,-0.022814901125576832,-3.3369282256207216,4.348330238684828,3.0,10.0,5.0,217.0,2026.0,-0.4545693749385594,-3.0133611872929578,0.1081874354852187,2027
SK Rasheed,-3.497653565296351,-3.497653565296351,0.0,,1.0,5.0,63.0,0.0,2025.0,-2.993515334363714,-0.5041382309326377,0.0,2027
XC Bartlett,-3.5265930947100994,-0.04650864274294726,-3.480084451967152,2.428416000612639,2.0,13.0,28.0,261.0,2026.0,-1.7504795302961482,-1.5549121300142326,-0.22120143439971773,2027
MJ Henry,-4.091194910046658,-0.19117151107579128,-3.9000233989708666,1.584273990112175,2.0,7.0,10.0,132.0,2026.0,-2.42097101945766,-1.4804263357563694,-0.18979755483262795,2027
SM Curran,-4.230169100852481,-2.0904093171611255,-2.139759783691355,0.9447214799524866,2.0,18.0,303.0,318.0,2025.0,-2.23779685815255,-1.1990477053053041,-0.7933245373946265,2027
WP Saha,-4.329306252390031,-4.329306252390031,0.0,,1.0,9.0,115.0,0.0,2024.0,-3.724816803406804,-0.6044894489832279,0.0,2027
Akash Deep,-4.468808561163488,-0.00607310624896426,-4.462735454914524,0.7578347919607633,2.0,7.0,4.0,135.0,2025.0,-2.1385019463884856,-1.7282252875509583,-0.6020813272240436,2027
Auqib Nabi,-4.754451113219602,0.040794884949328244,-4.79524599816893,,1.0,5.0,4.0,78.0,2026.0,-4.608157778246568,-0.16909460065826165,0.022801265685226516,2027
Fazalhaq Farooqi,-7.708726296110519,-0.003740746155441022,-7.704985549955078,,1.0,5.0,2.0,102.0,2025.0,-3.3792239748276427,-2.315508616716406,-2.0139937045664706,2027
