season,player_name,wiki_title,team,role,nationality,capped,base_price_lakh,sold_price_lakh,status,ipl_matches,set_name,overseas,mega_auction,person,display_name,prev_salary_lakh,cricsheet_name,player,impact,bat_impact,bowl_impact,impact_Powerplay,impact_Middle,impact_Death,balls_faced_3y,balls_bowled_3y,log_price,season_cat,has_prev,log_prev,fair_value_lakh,mispricing_pct,phase_specialism,primary_role
2022,Shikhar Dhawan,Shikhar Dhawan,PBKS,Batter,IND,1,200.0,825.0,sold,192.0,,0,True,Shikhar Dhawan,Shikhar Dhawan,,S Dhawan,S Dhawan,2.612934288338704,2.612934288338704,0.0,1.1018137907575016,1.5264059371476393,-0.01528543956643644,1282.0,0.0,6.715383386334681,2022,0,0.0,612.5167920675552,-0.25755540355447853,Middle,Opener
2022,Ravichandran Ashwin,Ravichandran Ashwin,RR,All-rounder,IND,1,200.0,500.0,sold,167.0,,0,True,Ravichandran Ashwin,Ravichandran Ashwin,,R Ashwin,R Ashwin,0.002345348379309775,-0.26125122298359776,0.2635965713629074,0.3703247272460152,-0.583059335207446,0.21507995634074079,104.0,904.0,6.214608098422191,2022,0,0.0,348.19951469284206,-0.3036009706143159,Powerplay,Finger spinner
2022,Pat Cummins,Pat Cummins,KKR,All-rounder,AUS,1,200.0,725.0,sold,37.0,,1,True,Pat Cummins,Pat Cummins,,PJ Cummins,PJ Cummins,-0.9247529974718568,0.22651855564463824,-1.151271553116495,0.05089714342731788,-1.2825861189089074,0.30693597800973244,170.0,473.0,6.586171654854675,2022,0,0.0,312.81826732547455,-0.5685265278269317,Death,Powerplay pacer
2022,Kagiso Rabada,Kagiso Rabada,PBKS,Fast bowler,SA,1,200.0,925.0,sold,50.0,,1,True,Kagiso Rabada,Kagiso Rabada,,K Rabada,K Rabada,0.7191265288766859,-0.1243089730870136,0.8434355019636995,-0.19926394815469328,0.668998205720227,0.24939227131115205,70.0,1012.0,6.829793737512425,2022,0,0.0,446.4268782080643,-0.5173763478831738,Middle,Powerplay pacer
2022,Trent Boult,Trent Boult,RR,Fast bowler,NZ,1,200.0,800.0,sold,62.0,,1,True,Trent Boult,Trent Boult,,TA Boult,TA Boult,1.55418592117559,-0.00612440243809451,1.5603103236136842,2.1192943113401452,0.28847178362654835,-0.8535801737911037,9.0,766.0,6.684611727667927,2022,0,0.0,534.8255709139044,-0.33146803635761957,Powerplay,Powerplay pacer
2022,Shreyas Iyer,Shreyas Iyer,KKR,Batter,IND,1,200.0,1225.0,sold,87.0,,0,True,Shreyas Iyer,Shreyas Iyer,,SS Iyer,SS Iyer,-1.1410182596939433,-1.1410182596939433,0.0,-0.7318177278775229,-0.13126472894747865,-0.27793580286894176,978.0,0.0,7.110696122978827,2022,0,0.0,271.8931073917495,-0.7780464429455106,Middle,Anchor
2022,Mohammed Shami,Mohammed Shami,GT,Fast bowler,IND,1,200.0,625.0,sold,77.0,,0,True,Mohammed Shami,Mohammed Shami,,Mohammed Shami,Mohammed Shami,0.47567187805326744,-0.05366568516778423,0.5293375632210516,0.5864070460027152,0.018572553872990782,-0.12930772182243838,22.0,962.0,6.437751649736401,2022,0,0.0,385.74625902214575,-0.3828059855645668,Powerplay,Powerplay pacer
2022,Faf du Plessis,Faf du Plessis,RCB,Batter,SA,1,200.0,700.0,sold,100.0,,1,True,Faf du Plessis,Faf du Plessis,,F du Plessis,F du Plessis,3.2974360062303507,3.2974360062303507,0.0,1.0880515179760364,0.9912319944166907,1.218152493837624,1098.0,0.0,6.551080335043404,2022,0,0.0,779.8430527676338,0.1140615039537626,Death,Opener
2022,Quinton de Kock,Quinton de Kock,LSG,Wicket-keeper,SA,1,200.0,675.0,sold,77.0,,1,True,Quinton de Kock,Quinton de Kock,,Q de Kock,Q de Kock,0.8943724752436314,0.8943724752436314,0.0,1.19577795515825,-0.3036668014465632,0.002261321531944624,1012.0,0.0,6.51471269087253,2022,0,0.0,463.67787110981726,-0.3130698205780485,Powerplay,Opener
2022,David Warner,David Warner (cricketer),DC,Batter,AUS,1,200.0,625.0,sold,150.0,,1,True,David Warner (cricketer),David Warner,,DA Warner,DA Warner,1.87492903604524,1.875074459657374,-0.00014542361213410048,0.9761953077066332,0.8494101930526533,0.04932353528595328,1069.0,1.0,6.437751649736401,2022,0,0.0,573.2565841023362,-0.08278946543626207,Powerplay,Opener
2022,Manish Pandey,Manish Pandey,LSG,Batter,IND,1,150.0,460.0,sold,154.0,,0,True,Manish Pandey,Manish Pandey,,MK Pandey,MK Pandey,2.3691576096570732,2.3691576096570732,0.0,2.1293771597215043,0.37261257529822966,-0.13283212536266067,832.0,0.0,6.131226489483141,2022,0,0.0,581.0491165669006,0.2631502534063056,Powerplay,Middle-order
2022,Shimron Hetmyer,Shimron Hetmyer,RR,Batter,WIN,1,150.0,850.0,sold,31.0,,1,True,Shimron Hetmyer,Shimron Hetmyer,,SO Hetmyer,SO Hetmyer,0.9907310559428752,0.9907310559428752,0.0,-0.1739082865516124,0.4777127025139912,0.6869266399804963,342.0,0.0,6.745236349484363,2022,0,0.0,473.4457054531976,-0.4430050524080028,Death,Finisher
2022,Robin Uthappa,Robin Uthappa,CSK,Batter,IND,1,200.0,200.0,sold,193.0,,0,True,Robin Uthappa,Robin Uthappa,,RV Uthappa,RV Uthappa,0.01757760862513469,0.01757760862513469,0.0,1.0534415104486583,-0.8529097646805128,-0.18295413714301065,493.0,0.0,5.298317366548036,2022,0,0.0,349.34889848460324,0.7467444924230162,Powerplay,
2022,Jason Roy,Jason Roy,GT,Batter,ENG,1,200.0,200.0,sold,13.0,,1,True,Jason Roy,Jason Roy,,JJ Roy,JJ Roy,-0.28109163443495155,-0.28109163443495155,0.0,-0.7940003452445845,0.5129087108096329,0.0,121.0,0.0,5.298317366548036,2022,0,0.0,359.55907698513676,0.7977953849256838,Middle,
2022,Devdutt Padikkal,Devdutt Padikkal,RR,Batter,IND,1,150.0,775.0,sold,332.0,,0,True,Devdutt Padikkal,Devdutt Padikkal,,D Padikkal,D Padikkal,0.568086885827833,0.568086885827833,0.0,0.4275475113646937,0.34937114567512106,-0.20883177121198201,707.0,0.0,6.652863029353347,2022,0,0.0,393.53648130625925,-0.4922109918628913,Powerplay,Anchor
2022,Dwayne Bravo,Dwayne Bravo,CSK,All-rounder,WIN,1,150.0,440.0,sold,151.0,,1,True,Dwayne Bravo,Dwayne Bravo,,DJ Bravo,DJ Bravo,0.7673418587288654,0.054727054637487144,0.7126148040913782,0.016304748697578943,-0.2589835711505847,1.0100206811818713,90.0,575.0,6.0867747269123065,2022,0,0.0,451.10810134489236,0.025245684874755366,Death,
2022,Nitish Rana,Nitish Rana,KKR,All-rounder,IND,1,150.0,800.0,sold,77.0,,0,True,Nitish Rana,Nitish Rana,,N Rana,N Rana,0.4471463045488403,0.49012736396411005,-0.04298105941526971,-0.6725715873227356,0.8583081703827444,0.26140972148883146,803.0,72.0,6.684611727667927,2022,0,0.0,383.37295474210924,-0.5207838065723635,Middle,Anchor
2022,Jason Holder,Jason Holder,LSG,All-rounder,WIN,1,150.0,875.0,sold,26.0,,1,True,Jason Holder,Jason Holder,,JO Holder,JO Holder,1.3804993568633956,-0.4419732456239003,1.822472602487296,-0.19874754170747666,0.7226092269507618,0.8566376716201106,125.0,359.0,6.774223886357614,2022,0,0.0,515.1013012187474,-0.41131279860714587,Death,Powerplay pacer
2022,Harshal Patel,Harshal Patel,RCB,All-rounder,IND,1,150.0,1075.0,sold,63.0,,0,True,Harshal Patel,Harshal Patel,,HV Patel,HV Patel,0.24514932763962194,-0.2352631633074691,0.48041249094709104,-0.04277822211352028,0.040640895495258955,0.2472866542578832,72.0,476.0,6.980075940561763,2022,0,0.0,366.9795984773332,-0.658623629323411,Death,Death pacer
2022,Deepak Hooda,Deepak Hooda,LSG,All-rounder,IND,1,75.0,575.0,sold,80.0,,0,True,Deepak Hooda,Deepak Hooda,,DJ Hooda,DJ Hooda,-0.4857127439630202,-0.20044564393444708,-0.28526710002857314,0.17765761716281786,-0.3938019734151466,-0.2695683877106914,257.0,114.0,6.354370040797351,2022,0,0.0,313.30723838885456,-0.4551178462802529,Powerplay,Middle-order
2022,Washington Sundar,Washington Sundar,SRH,All-rounder,IND,1,150.0,875.0,sold,42.0,,0,True,Washington Sundar,Washington Sundar,,Washington Sundar,Washington Sundar,-0.0712579610009677,-1.0183747605691433,0.9471167995681756,0.03073486887373922,0.0475253485042898,-0.14951817837899686,145.0,450.0,6.774223886357614,2022,0,0.0,342.6986751763778,-0.6083443712269969,Middle,Anchor
2022,Krunal Pandya,Krunal Pandya,LSG,All-rounder,IND,1,200.0,825.0,sold,84.0,,0,True,Krunal Pandya,Krunal Pandya,,KH Pandya,KH Pandya,-1.2726171417721726,-0.837521763712139,-0.43509537806003357,0.8655093180913896,-2.1899505111558213,0.051824051292258894,365.0,776.0,6.715383386334681,2022,0,0.0,264.2610903746113,-0.679683526818653,Powerplay,All-rounder
2022,Ambati Rayudu,Ambati Rayudu,CSK,Wicket-keeper,IND,1,200.0,675.0,sold,175.0,,0,True,Ambati Rayudu,Ambati Rayudu,,AT Rayudu,AT Rayudu,-0.12133828981165562,-0.12133828981165562,0.0,-0.7043647765435904,0.1264665681929386,0.4565599185389961,755.0,0.0,6.51471269087253,2022,0,0.0,339.005620740319,-0.497769450755083,Death,
2022,Ishan Kishan,Ishan Kishan,MI,Wicket-keeper,IND,1,150.0,1525.0,sold,61.0,,0,True,Ishan Kishan,Ishan Kishan,,Ishan Kishan,Ishan Kishan,2.5758704239157275,2.5758704239157275,0.0,2.084078412173137,0.2245601660135412,0.2672318457290495,634.0,0.0,7.329749689041512,2022,0,0.0,607.6248043272585,-0.6015575053591747,Powerplay,Anchor
2022,Jonny Bairstow,Jonny Bairstow,PBKS,Wicket-keeper,ENG,1,100.0,675.0,sold,28.0,,1,True,Jonny Bairstow,Jonny Bairstow,,JM Bairstow,JM Bairstow,3.7674047561891344,3.7674047561891344,0.0,2.8767837648693395,1.2366511828003193,-0.34603019148052405,730.0,0.0,6.51471269087253,2022,0,0.0,863.3070221899297,0.27897336620730334,Powerplay,Opener
2022,Dinesh Karthik,Dinesh Karthik,RCB,Wicket-keeper,IND,1,200.0,550.0,sold,213.0,,0,True,Dinesh Karthik,Dinesh Karthik,,KD Karthik,KD Karthik,-0.4899162910612652,-0.4899162910612652,0.0,-0.2433944634118974,-0.7813862396156019,0.5348644119662342,477.0,0.0,6.309918278226516,2022,0,0.0,313.02243468652307,-0.43086830056995806,Death,Finisher
2022,Nicholas Pooran,Nicholas Pooran,SRH,Wicket-keeper,WIN,1,150.0,1075.0,sold,33.0,,1,True,Nicholas Pooran,Nicholas Pooran,,N Pooran,N Pooran,0.41956024144599346,0.41956024144599346,0.0,-0.18383881833263416,0.6359718589324733,-0.03257279915384559,391.0,0.0,6.980075940561763,2022,0,0.0,418.41111427944094,-0.6107803588098224,Middle,Anchor
2022,T. Natarajan,T. Natarajan,SRH,Fast bowler,IND,1,100.0,400.0,sold,24.0,,0,True,T. Natarajan,T. Natarajan,,T Natarajan,T Natarajan,-0.6468199952065277,-0.00409736656965628,-0.6427226286368715,-0.8411025509146333,-0.283570111961152,0.4778526676692577,5.0,425.0,5.991464547107982,2022,0,0.0,302.57487257778206,-0.24356281855554485,Death,Death pacer
2022,Deepak Chahar,Deepak Chahar,CSK,Fast bowler,IND,1,200.0,1400.0,sold,63.0,,0,True,Deepak Chahar,Deepak Chahar,,DL Chahar,DL Chahar,0.8823678422723026,-0.0354512214293847,0.9178190637016872,0.7194273355696659,-0.3798207904622724,0.5427612971649094,22.0,1023.0,7.24422751560335,2022,0,0.0,421.22554856978985,-0.6991246081644358,Powerplay,Powerplay pacer
2022,Prasidh Krishna,Prasidh Krishna,RR,Fast bowler,IND,1,100.0,1000.0,sold,34.0,,0,True,Prasidh Krishna,Prasidh Krishna,,M Prasidh Krishna,M Prasidh Krishna,-2.9208376718476075,-0.008973294512958505,-2.911864377334649,-1.728135226246477,0.076354682035004,-1.2690571276361344,7.0,578.0,6.907755278982137,2022,0,0.0,184.99803498802444,-0.8150019650119756,Middle,Powerplay pacer
2022,Lockie Ferguson,Lockie Ferguson,GT,Fast bowler,NZ,1,200.0,1000.0,sold,22.0,,1,True,Lockie Ferguson,Lockie Ferguson,,LH Ferguson,LH Ferguson,1.7012545331902182,0.022059516279231382,1.6791950169109868,1.2967328303563235,0.11270097246964472,0.2918207303642498,40.0,401.0,6.907755278982137,2022,0,0.0,552.1164263801841,-0.44788357361981596,Powerplay,Death pacer
2022,Josh Hazlewood,Josh Hazlewood,RCB,Fast bowler,AUS,1,150.0,775.0,sold,12.0,,1,True,Josh Hazlewood,Josh Hazlewood,,JR Hazlewood,JR Hazlewood,-0.08756335412330118,0.0,-0.08756335412330118,-0.4468730450341282,0.2405703998437399,0.11873929106708732,0.0,270.0,6.652863029353347,2022,0,0.0,374.93336759424255,-0.516215009555816,Middle,Powerplay pacer
2022,Bhuvneshwar Kumar,Bhuvneshwar Kumar,SRH,Fast bowler,IND,1,200.0,420.0,sold,132.0,,0,True,Bhuvneshwar Kumar,Bhuvneshwar Kumar,,B Kumar,B Kumar,0.27042821758250174,-0.10697085665101072,0.3773990742335125,1.9429103645701629,-0.6727519426822259,-0.9997302043054351,51.0,691.0,6.040254711277414,2022,0,0.0,368.9921398148849,-0.1214472861550359,Powerplay,Death pacer
2022,Shardul Thakur,Shardul Thakur,DC,Fast bowler,IND,1,200.0,1075.0,sold,61.0,,0,True,Shardul Thakur,Shardul Thakur,,SN Thakur,SN Thakur,-0.3334561983025739,-0.0874007314981885,-0.24605546680438542,0.2185846093135927,-0.5109720931809154,-0.041068714435251175,33.0,733.0,6.980075940561763,2022,0,0.0,323.7996608325875,-0.6987910131789884,Powerplay,Death pacer
2022,Mustafizur Rahman,Mustafizur Rahman,DC,Fast bowler,BAN,1,200.0,200.0,sold,38.0,,1,True,Mustafizur Rahman,Mustafizur Rahman,,Mustafizur Rahman,Mustafizur Rahman,-0.7898837932632496,-0.0766425831689584,-0.7132412100942912,-0.4671944168641897,0.6307624863163735,-0.9534518627154336,14.0,311.0,5.298317366548036,2022,0,0.0,322.0804466636536,0.610402233318268,Middle,Death pacer
2022,Kuldeep Yadav,Kuldeep Yadav,DC,Fast bowler,IND,1,100.0,200.0,sold,45.0,,0,True,Kuldeep Yadav,Kuldeep Yadav,,Kuldeep Yadav,Kuldeep Yadav,-1.9844440215609187,-0.3043662695740768,-1.6800777519868422,0.0,-2.263316233176965,0.2788722116160461,29.0,270.0,5.298317366548036,2022,0,0.0,226.54280244176275,0.13271401220881374,Death,Wrist spinner
2022,Rahul Chahar,Rahul Chahar,PBKS,Fast bowler,IND,1,75.0,525.0,sold,42.0,,0,True,Rahul Chahar,Rahul Chahar,,RD Chahar,RD Chahar,1.0703054994306211,-0.08621114939284436,1.1565166488234657,0.10891383615395545,0.8161454110024707,0.14524625227419494,30.0,858.0,6.263398262591624,2022,0,0.0,438.7056702773744,-0.1643701518526202,Middle,Wrist spinner
2022,Yuzvendra Chahal,Yuzvendra Chahal,RR,Fast bowler,IND,1,200.0,650.0,sold,114.0,,0,True,Yuzvendra Chahal,Yuzvendra Chahal,,YS Chahal,YS Chahal,2.470636739928941,-0.16969952763354693,2.6403362675624877,-0.43817940576069914,2.3482581906087043,0.5605579550809356,46.0,957.0,6.476972362889683,2022,0,0.0,593.9471210442567,-0.08623519839345119,Middle,Wrist spinner
2022,Priyam Garg,Priyam Garg,SRH,Batter,IND,0,20.0,20.0,sold,19.0,,0,True,Priyam Garg,Priyam Garg,,PK Garg,PK Garg,-1.5179357151980808,-1.5179357151980808,0.0,-0.24831098509252453,-1.148653897975028,-0.12097083213052831,185.0,0.0,2.995732273553991,2022,0,0.0,97.50808075534474,3.875404037767237,Death,
2022,Rahul Tripathi,Rahul Tripathi,SRH,Batter,IND,0,40.0,850.0,sold,62.0,,0,True,Rahul Tripathi,Rahul Tripathi,,RA Tripathi,RA Tripathi,0.5026874507972336,0.5026874507972336,0.0,-0.19682666859576162,1.270682873647655,-0.5711687542546596,582.0,0.0,6.745236349484363,2022,0,0.0,150.97238308882558,-0.8223854316602052,Middle,Anchor
2022,Riyan Parag,Riyan Parag,RR,All-rounder,IND,0,30.0,380.0,sold,30.0,,0,True,Riyan Parag,Riyan Parag,,R Parag,R Parag,-1.367481419976134,-0.8423080235155282,-0.5251733964606058,-0.1282992989024819,-1.1629372023841515,-0.07624491868950065,286.0,133.0,5.940171252720432,2022,0,0.0,100.73426699313742,-0.7349098237022699,Death,Anchor
2022,Abhishek Sharma,"Abhishek Sharma (cricketer, born 2000)",SRH,All-rounder,IND,0,20.0,650.0,sold,22.0,,0,True,Abhishek Sharma,Abhishek Sharma,,Abhishek Sharma,Abhishek Sharma,-0.2649323886823378,-0.4264842310506692,0.1615518423683314,0.14958578989258872,-0.09250669732696491,-0.32201148124796153,140.0,132.0,6.476972362889683,2022,0,0.0,127.87106238831595,-0.8032752886333601,Powerplay,Opener
2022,Sarfaraz Khan,Sarfaraz Khan (cricketer),DC,All-rounder,IND,0,20.0,20.0,sold,40.0,,0,True,Sarfaraz Khan (cricketer),Sarfaraz Khan,,SN Khan,SN Khan,-0.15049692413815466,-0.14928039277245006,-0.0012165313657045802,0.04220986225901756,-0.07488002785610746,-0.11782675854106478,176.0,2.0,2.995732273553991,2022,0,0.0,131.07642308477162,5.553821154238581,Powerplay,
2022,M. Shahrukh Khan,Shahrukh Khan (cricketer),PBKS,All-rounder,IND,0,40.0,900.0,sold,11.0,,0,True,Shahrukh Khan (cricketer),Shahrukh Khan,,M Shahrukh Khan,M Shahrukh Khan,0.1921880703615161,0.1921880703615161,0.0,-0.17842251336852355,-0.023754861405966603,0.39436544513600624,114.0,0.0,6.802394763324311,2022,0,0.0,141.16372806160695,-0.8431514132648812,Death,Middle-order
2022,Shivam Mavi,Shivam Mavi,KKR,All-rounder,IND,0,40.0,725.0,sold,26.0,,0,True,Shivam Mavi,Shivam Mavi,,Shivam Mavi,Shivam Mavi,1.8747940855756815,-0.11694877791357165,1.9917428634892531,0.8413513338196339,1.2594499877024783,-0.2260072359464304,34.0,349.0,6.586171654854675,2022,0,0.0,203.15151817828868,-0.719791009409257,Middle,
2022,Rahul Tewatia,Rahul Tewatia,GT,All-rounder,IND,0,40.0,900.0,sold,48.0,,0,True,Rahul Tewatia,Rahul Tewatia,,R Tewatia,R Tewatia,-1.798537064509852,-0.626622343354504,-1.171914721155348,-0.011846763407070894,-1.7290909792019105,-0.05759932190087036,352.0,536.0,6.802394763324311,2022,0,0.0,91.76465236086065,-0.8980392751545994,Powerplay,Finisher
2022,Kamlesh Nagarkoti,Kamlesh Nagarkoti,DC,All-rounder,IND,0,40.0,110.0,sold,11.0,,0,True,Kamlesh Nagarkoti,Kamlesh Nagarkoti,,KL Nagarkoti,KL Nagarkoti,-1.681239056842938,-0.25393998010357194,-1.427299076739366,-0.20466488274733788,-1.1120955698931252,-0.36447860420247497,33.0,168.0,4.700480365792417,2022,0,0.0,94.12320242769427,-0.14433452338459757,Powerplay,
2022,Harpreet Brar,Harpreet Brar,PBKS,All-rounder,IND,0,20.0,380.0,sold,10.0,,0,True,Harpreet Brar,Harpreet Brar,,Harpreet Brar,Harpreet Brar,-0.4381723028349649,-0.22128441537938276,-0.21688788745558207,-0.47816174616078067,0.24213930145709717,-0.20214985813128108,70.0,192.0,5.940171252720432,2022,0,0.0,123.16710228337661,-0.6758760466226932,Middle,Finger spinner
2022,Shahbaz Ahmed,Shahbaz Ahmed (cricketer),RCB,All-rounder,IND,0,30.0,240.0,sold,13.0,,0,True,Shahbaz Ahmed (cricketer),Shahbaz Ahmed,,Shahbaz Ahmed,Shahbaz Ahmed,0.4141171161902327,-0.3692826862864127,0.7833998024766455,-0.057730321234631087,0.1465428314282905,0.32530460599657335,54.0,120.0,5.480638923341991,2022,0,0.0,148.10696382879343,-0.3828876507133607,Death,Finisher
2022,K. S. Bharat,K. S. Bharat,DC,Wicket-keeper,IND,0,20.0,200.0,sold,8.0,,0,True,K. S. Bharat,K. S. Bharat,,KS Bharat,KS Bharat,1.379509522609282,1.379509522609282,0.0,1.0670341780935186,-0.06797366409483811,0.3804490086106016,156.0,0.0,5.298317366548036,2022,0,0.0,182.5086039834882,-0.087456980082559,Powerplay,
2022,Basil Thampi,Basil Thampi,MI,Fast bowler,IND,0,30.0,30.0,sold,20.0,,0,True,Basil Thampi,Basil Thampi,,Basil Thampi,Basil Thampi,-3.0108276344442753,-0.000478377775690369,-3.0103492566685848,-1.0327992105834638,-0.5200042538570523,-1.4580241700037593,1.0,96.0,3.4011973816621555,2022,0,0.0,70.59421479948566,1.3531404933161886,Middle,
2022,Kartik Tyagi,Kartik Tyagi,SRH,Fast bowler,IND,0,20.0,400.0,sold,14.0,,0,True,Kartik Tyagi,Kartik Tyagi,,Kartik Tyagi,Kartik Tyagi,-2.2889645265608207,-0.037304769896441284,-2.25165975666438,-1.4053902881635105,-0.7698738607657248,-0.11370037763158579,10.0,313.0,5.991464547107982,2022,0,0.0,82.52681144829083,-0.793682971379273,Death,Death pacer
2022,Avesh Khan,Avesh Khan,LSG,Fast bowler,IND,0,20.0,1000.0,sold,25.0,,0,True,Avesh Khan,Avesh Khan,,Avesh Khan,Avesh Khan,1.142881238976674,-0.002035302071806981,1.144916541048481,0.6120512146271706,0.2532056517221305,0.277624372627373,6.0,408.0,6.907755278982137,2022,0,0.0,173.40030189245326,-0.8265996981075467,Powerplay,Death pacer
2022,Tushar Deshpande,Tushar Deshpande,CSK,Fast bowler,IND,0,20.0,20.0,sold,5.0,,0,True,Tushar Deshpande,Tushar Deshpande,,TU Deshpande,TU Deshpande,-5.595556869608746,0.027103679497786207,-5.6226605491065325,-1.87107392606765,-3.1854465710436597,-0.5390363724974356,12.0,102.0,2.995732273553991,2022,0,0.0,40.35608621564571,1.0178043107822856,Death,Death pacer
2022,Ankit Rajpoot,Ankit Rajpoot,LSG,Fast bowler,IND,0,20.0,50.0,sold,29.0,,0,True,Ankit Rajpoot,Ankit Rajpoot,,AS Rajpoot,AS Rajpoot,-5.9788247226839975,-0.05816221454796214,-5.9206625081360365,-4.576833848651841,-0.5956687990967949,-0.806322074935362,10.0,198.0,3.912023005428146,2022,0,0.0,37.14474275875665,-0.257105144824867,Middle,
2022,Murugan Ashwin,Murugan Ashwin,MI,Fast bowler,IND,0,20.0,160.0,sold,34.0,,0,True,Murugan Ashwin,Murugan Ashwin,,M Ashwin,M Ashwin,-1.4186609159922088,-0.47216569574257833,-0.9464952202496304,-0.34012653027550266,-0.4866607293837541,-0.5918736563329519,33.0,459.0,5.075173815233827,2022,0,0.0,99.62502116705458,-0.37734361770590885,Powerplay,
2022,Shreyas Gopal,Shreyas Gopal,SRH,Fast bowler,IND,0,20.0,75.0,sold,48.0,,0,True,Shreyas Gopal,Shreyas Gopal,,S Gopal,S Gopal,-1.7599090799870605,-0.13982959177294157,-1.620079488214119,0.05573308882069172,-1.9744911770241944,0.1588490082164426,90.0,630.0,4.31748811353631,2022,0,0.0,92.53475785520723,0.2337967714027631,Death,
2022,Jagadeesha Suchith,Jagadeesha Suchith,SRH,Fast bowler,IND,0,20.0,20.0,sold,17.0,,0,True,Jagadeesha Suchith,Jagadeesha Suchith,,J Suchith,J Suchith,-1.9253649682711664,-0.2715664528503626,-1.653798515420804,1.0833237784809833,-2.9647851880453087,-0.04390355870684161,21.0,66.0,2.995732273553991,2022,0,0.0,89.28093447259394,3.4640467236296972,Powerplay,
2022,Aiden Markram,Aiden Markram,SRH,Batter,SA,1,100.0,260.0,sold,6.0,,1,True,Aiden Markram,Aiden Markram,,AK Markram,AK Markram,0.6954302946462638,0.7378505574927715,-0.04242026284650766,-0.2535910226948035,0.9307895539012805,0.01823176343978686,119.0,24.0,5.560681631015528,2022,0,0.0,444.14404778812644,0.7082463376466401,Middle,Opener
2022,Ajinkya Rahane,Ajinkya Rahane,KKR,Batter,IND,1,100.0,100.0,sold,151.0,,0,True,Ajinkya Rahane,Ajinkya Rahane,,AM Rahane,AM Rahane,-0.964057972674415,-0.964057972674415,0.0,-0.9883364591192838,0.15942951132115207,-0.13515102487628344,400.0,0.0,4.605170185988092,2022,0,0.0,282.5044623907368,1.825044623907368,Middle,Opener
2022,Mandeep Singh,Mandeep Singh,DC,Batter,IND,1,50.0,110.0,sold,105.0,,0,True,Mandeep Singh,Mandeep Singh,,Mandeep Singh,Mandeep Singh,-0.810658103033971,-0.7920846526627427,-0.01857345037122827,-0.8068189855277625,0.08952131352516768,-0.09336043103137635,243.0,12.0,4.700480365792417,2022,0,0.0,292.03755207229534,1.6548868370208667,Middle,
2022,Liam Livingstone,Liam Livingstone,PBKS,All-rounder,ENG,1,100.0,1150.0,sold,9.0,,1,True,Liam Livingstone,Liam Livingstone,,LS Livingstone,LS Livingstone,-1.1842256585679352,-1.1616405956165266,-0.022585062951408524,-0.6683534066009462,-0.29362413036082485,-0.22224812160616403,89.0,6.0,7.047517221357296,2022,0,0.0,295.7414270554983,-0.742833541690871,Death,Finger spinner
2022,Jayant Yadav,Jayant Yadav,GT,All-rounder,IND,1,100.0,170.0,sold,19.0,,0,True,Jayant Yadav,Jayant Yadav,,J Yadav,J Yadav,-0.05886346644755358,-0.005192623062246268,-0.053670843385307365,0.14095094193316948,-0.2728039003676919,0.07298949198696861,26.0,186.0,5.135798437050262,2022,0,0.0,343.6188713402158,1.0212874784718575,Powerplay,
2022,Vijay Shankar,Vijay Shankar (cricketer),GT,All-rounder,IND,1,50.0,140.0,sold,47.0,,0,True,Vijay Shankar,Vijay Shankar,,V Shankar,V Shankar,-0.8585814749111378,-0.8594134084162632,0.0008319335051253929,-0.19936385141153018,-0.29026059867895226,-0.36895702482065534,341.0,193.0,4.941642422609304,2022,0,0.0,289.025285980024,1.064466328428743,Powerplay,Middle-order
2022,Shivam Dube,Shivam Dube,CSK,All-rounder,IND,1,50.0,400.0,sold,24.0,,0,True,Shivam Dube,Shivam Dube,,S Dube,S Dube,-0.26415474840414,-0.1522241693201981,-0.111930579083942,-0.157192256972386,0.18577173584524434,-0.2927342272769984,331.0,94.0,5.991464547107982,2022,0,0.0,328.6910846834753,-0.17827228829131173,Middle,Finisher
2022,Krishnappa Gowtham,Krishnappa Gowtham,LSG,All-rounder,IND,1,50.0,90.0,sold,24.0,,0,True,Krishnappa Gowtham,Krishnappa Gowtham,,K Gowtham,K Gowtham,-3.168946518670344,0.232148351619823,-3.4010948702901667,-1.6974257927502072,-0.030986354477299763,-1.4405343714428376,46.0,168.0,4.499809670330265,2022,0,0.0,175.32946703139274,0.948105189237697,Middle,
2022,Khaleel Ahmed,Khaleel Ahmed,DC,Fast bowler,IND,1,50.0,525.0,sold,24.0,,0,True,Khaleel Ahmed,Khaleel Ahmed,,KK Ahmed,KK Ahmed,-0.4570695156500235,-0.007964158084651235,-0.4491053575653723,-0.564625841336666,-0.15795289240738797,0.2655092180940305,5.0,525.0,6.263398262591624,2022,0,0.0,315.2548192233155,-0.3995146300508276,Death,Powerplay pacer
2022,Chetan Sakariya,Chetan Sakariya,DC,Fast bowler,IND,1,50.0,420.0,sold,14.0,,0,True,Chetan Sakariya,Chetan Sakariya,,C Sakariya,C Sakariya,-1.3397021384239762,-0.29886933656734394,-1.0408328018566324,-0.21728921575431948,-0.2294225863163787,-0.8929903363532783,25.0,312.0,6.040254711277414,2022,0,0.0,260.4533480711988,-0.3798729807828601,Powerplay,
2022,Sandeep Sharma,Sandeep Sharma,PBKS,Fast bowler,IND,1,50.0,50.0,sold,99.0,,0,True,Sandeep Sharma,Sandeep Sharma,,Sandeep Sharma,Sandeep Sharma,-1.161694354652108,-0.04614204301887566,-1.1155523116332322,-0.19268555700118584,-0.8935499052659333,-0.07545889238498849,25.0,709.0,3.912023005428146,2022,0,0.0,270.67957193256905,4.413591438651381,Death,Death pacer
2022,Jaydev Unadkat,Jaydev Unadkat,MI,Fast bowler,IND,1,75.0,130.0,sold,86.0,,0,True,Jaydev Unadkat,Jaydev Unadkat,,JD Unadkat,JD Unadkat,-2.5694025009158654,-0.08079668047417249,-2.4886058204416925,0.2935444897705267,-1.8287278135308347,-1.0342191771555571,45.0,494.0,4.867534450455582,2022,0,0.0,199.61253780835764,0.5354810600642895,Powerplay,Powerplay pacer
2022,Shahbaz Nadeem,Shahbaz Nadeem,LSG,Fast bowler,IND,1,50.0,50.0,sold,72.0,,0,True,Shahbaz Nadeem,Shahbaz Nadeem,,S Nadeem,S Nadeem,-1.3017857312985543,-0.030626482978191594,-1.2711592483203629,-0.7525936577970587,-0.4754282721580107,-0.07376380134348501,9.0,210.0,3.912023005428146,2022,0,0.0,262.5986893838108,4.251973787676215,Death,
2022,Lalit Yadav,Lalit Yadav (Delhi cricketer),DC,All-rounder,IND,0,20.0,65.0,sold,7.0,,0,True,Lalit Yadav (Delhi cricketer),Lalit Yadav,,Lalit Yadav,Lalit Yadav,-0.5299221828689266,-1.208905313463854,0.6789831305949275,0.45839826502669584,-0.959130590665791,-0.02918985722983129,73.0,84.0,4.174387269895637,2022,0,0.0,120.7463312152921,0.8576358648506477,Powerplay,
2022,Mahipal Lomror,Mahipal Lomror,RCB,All-rounder,IND,0,40.0,95.0,sold,11.0,,0,True,Mahipal Lomror,Mahipal Lomror,,MK Lomror,MK Lomror,0.21890037368765358,0.03189703402377797,0.18700333966387564,0.23195482124674538,-0.4361389972839498,0.42308454972485804,130.0,42.0,4.553876891600541,2022,0,0.0,141.98190408956503,0.4945463588375267,Death,
2022,Jofra Archer,Jofra Archer,MI,All-rounder,ENG,1,200.0,800.0,sold,35.0,,1,True,Jofra Archer,Jofra Archer,,JC Archer,JC Archer,7.379451599499776,0.14250205167792435,7.236949547821853,5.600511864993484,1.0993729888032622,0.6795667457030307,103.0,592.0,6.684611727667927,2022,0,0.0,1886.0433663447566,1.3575542079309457,Powerplay,Powerplay pacer
2022,Sherfane Rutherford,Sherfane Rutherford,RCB,All-rounder,WIN,1,100.0,100.0,sold,7.0,,1,True,Sherfane Rutherford,Sherfane Rutherford,,SE Rutherford,SE Rutherford,-0.6933270243413583,-0.42009929884876634,-0.273227725492592,0.0,-1.1412626308994875,0.44793560655812914,54.0,41.0,4.605170185988092,2022,0,0.0,328.87949218527064,2.2887949218527064,Death,Finisher
2022,Daniel Sams,Daniel Sams (cricketer),MI,All-rounder,AUS,1,100.0,260.0,sold,5.0,,1,True,Daniel Sams,Daniel Sams,,DR Sams,DR Sams,-1.6444064221779093,-0.05866662447585702,-1.5857397977020522,-0.8149805084262994,-0.1963205019351179,-0.6331054118164918,8.0,108.0,5.560681631015528,2022,0,0.0,267.71565839306675,0.029675609204102872,Middle,
2022,Mitchell Santner,Mitchell Santner,CSK,All-rounder,NZ,1,100.0,190.0,sold,6.0,,1,True,Mitchell Santner,Mitchell Santner,,MJ Santner,MJ Santner,1.2605122284603816,0.03613021178763437,1.2243820166727473,-0.5446563367281636,1.2578131188065675,0.5473554463819775,23.0,126.0,5.247024072160486,2022,0,0.0,501.901746464029,1.641588139284363,Middle,Finger spinner
2022,Jason Behrendorff,Jason Behrendorff,RCB,Fast bowler,AUS,1,75.0,75.0,sold,5.0,,1,True,Jason Behrendorff,Jason Behrendorff,,JP Behrendorff,JP Behrendorff,-0.3742429192992116,0.0,-0.3742429192992116,-1.1923022236109742,1.588291008630701,-0.7702317043189385,0.0,114.0,4.31748811353631,2022,0,0.0,352.3853147340732,3.6984708631209755,Middle,
2022,Adam Milne,Adam Milne,CSK,Fast bowler,NZ,1,150.0,190.0,sold,9.0,,1,True,Adam Milne,Adam Milne,,AF Milne,AF Milne,-2.220103878152548,-0.2934953349172123,-1.9266085432353357,-0.8813878949686443,-0.32286701755402714,-1.0158489656298764,17.0,84.0,5.247024072160486,2022,0,0.0,236.3640825943081,0.24402148733846363,Middle,
2022,Pravin Dubey,Pravin Dubey,DC,All-rounder,IND,0,20.0,50.0,sold,3.0,,0,True,Praveen Dubey,Praveen Dubey,,P Dubey,P Dubey,-2.1259057331577873,-0.39630005695407144,-1.7296056762037157,0.0,-1.5633919840787234,-0.5625137490790638,13.0,48.0,3.912023005428146,2022,0,0.0,85.49013470251663,0.7098026940503326,Powerplay,
2022,Alzarri Joseph,Alzarri Joseph,GT,Fast bowler,WIN,1,75.0,240.0,sold,3.0,,1,True,Alzarri Joseph,Alzarri Joseph,,AS Joseph,AS Joseph,-0.6522740644063424,-0.11871579827867844,-0.533558266127664,0.043993376421255684,-2.032591675750012,1.3363242349224136,13.0,52.0,5.480638923341991,2022,0,0.0,331.8135462122173,0.3825564425509055,Death,
2022,Riley Meredith,Riley Meredith,MI,Fast bowler,AUS,1,100.0,100.0,sold,5.0,,1,True,Riley Meredith,Riley Meredith,,RP Meredith,RP Meredith,-3.671330020086406,0.0,-3.671330020086406,-1.0277504664935224,-0.6220239290563789,-2.021555624536505,0.0,102.0,4.605170185988092,2022,0,0.0,172.6731792645787,0.7267317926457869,Middle,
2022,David Miller,David Miller (South African cricketer),GT,Batter,SA,1,100.0,300.0,sold,89.0,,1,True,David Miller (South African cricketer),David Miller,,DA Miller,DA Miller,-0.7355164834041019,-0.7355164834041019,0.0,-0.7390125942393672,0.12694946360103934,-0.12345335276577409,277.0,0.0,5.703782474656201,2022,0,0.0,325.89124198663,0.08630413995543336,Middle,Finisher
2022,Wriddhiman Saha,Wriddhiman Saha,GT,Wicket-keeper,IND,1,100.0,190.0,sold,133.0,,0,True,Wriddhiman Saha,Wriddhiman Saha,,WP Saha,WP Saha,-0.04092262461164564,-0.04092262461164564,0.0,0.3525084475331848,0.21498102404918218,-0.6084120961940129,346.0,0.0,5.247024072160486,2022,0,0.0,344.9552197623765,0.8155537882230341,Powerplay,Wicketkeeper
2022,Chris Jordan,Chris Jordan (cricketer),CSK,Fast bowler,ENG,1,200.0,360.0,sold,24.0,,1,True,Chris Jordan (cricketer),Chris Jordan,,CJ Jordan,CJ Jordan,-0.7321133905232468,-0.14305100194270168,-0.5890623885805448,-1.1314265404487884,1.0779997727396773,-0.6786866228141354,52.0,261.0,5.886104031450156,2022,0,0.0,326.1312706625044,-0.09407980371526557,Middle,
2022,Lungi Ngidi,Lungi Ngidi,DC,Fast bowler,SA,1,50.0,50.0,sold,14.0,,1,True,Lungi Ngidi,Lungi Ngidi,,L Ngidi,L Ngidi,-2.2859179008104245,0.0,-2.2859179008104245,-0.7565810906145737,-0.43132444166717443,-1.0980123685286762,0.0,168.0,3.912023005428146,2022,0,0.0,233.02237527397108,3.6604475054794214,Middle,Death pacer
2022,Karn Sharma,Karn Sharma,RCB,Fast bowler,IND,1,50.0,50.0,sold,68.0,,0,True,Karn Sharma,Karn Sharma,,KV Sharma,KV Sharma,-1.1543065550497829,0.0,-1.1543065550497829,0.0,-0.015893995686792284,-1.1384125593629908,0.0,131.0,3.912023005428146,2022,0,0.0,271.1125585385149,4.4222511707702985,Powerplay,Wrist spinner
2022,Evin Lewis,Evin Lewis,LSG,Batter,WIN,1,200.0,200.0,sold,21.0,,1,True,Evin Lewis,Evin Lewis,,E Lewis,E Lewis,0.5970455284727464,0.5970455284727464,0.0,1.4263863696020314,-0.829340841129285,0.0,145.0,0.0,5.298317366548036,2022,0,0.0,434.7901082552509,1.1739505412762545,Powerplay,
2022,Nathan Ellis,Nathan Ellis,PBKS,Fast bowler,AUS,1,75.0,75.0,sold,3.0,,1,True,Nathan Ellis,Nathan Ellis,,NT Ellis,NT Ellis,-1.9879142333234183,-0.18432002029263386,-1.8035942130307845,-0.29434544080777486,-0.7279267996599559,-0.9656419928556875,16.0,66.0,4.31748811353631,2022,0,0.0,248.5409328264085,2.313879104352113,Powerplay,
2022,Gurkeerat Singh,Gurkeerat Singh,GT,Batter,IND,1,50.0,50.0,sold,41.0,,0,True,Gurkeerat Singh,Gurkeerat Singh,,Gurkeerat Singh,Gurkeerat Singh,-0.721325735673127,-0.721325735673127,0.0,-0.4020107774399617,-0.07442329330007591,-0.24489166493308934,150.0,0.0,3.912023005428146,2022,0,0.0,297.73667295566247,4.95473345911325,Middle,
2022,Tim Southee,Tim Southee,KKR,Fast bowler,NZ,1,150.0,150.0,sold,43.0,,1,True,Tim Southee,Tim Southee,,TG Southee,TG Southee,-1.5063700733510017,-0.07686662913995823,-1.4295034442110437,-0.9249887804386735,-0.539158263734529,-0.04222302917779919,14.0,126.0,5.0106352940962555,2022,0,0.0,275.83134083331373,0.8388756055554248,Death,
2022,Varun Aaron,Varun Aaron,GT,Fast bowler,IND,1,50.0,50.0,sold,50.0,,0,True,Varun Aaron,Varun Aaron,,VR Aaron,VR Aaron,-3.528735738751191,-0.2704389986235633,-3.2582967401276277,-2.3844409644704414,-0.6876007656942694,-0.456694008586481,17.0,120.0,3.912023005428146,2022,0,0.0,162.19940956674276,2.2439881913348554,Death,
2022,Mohammad Nabi,Mohammad Nabi,KKR,All-rounder,AFG,1,100.0,100.0,sold,17.0,,1,True,Mohammad Nabi,Mohammad Nabi,,Mohammad Nabi,Mohammad Nabi,-0.5457665607054532,-0.013877118336272825,-0.5318894423691805,0.5109839229312482,-1.3791162650328224,0.32236578139612104,104.0,247.0,4.605170185988092,2022,0,0.0,339.54826230645784,2.3954826230645785,Powerplay,
2022,Umesh Yadav,Umesh Yadav,KKR,Fast bowler,IND,1,200.0,200.0,sold,121.0,,0,True,Umesh Yadav,Umesh Yadav,,UT Yadav,UT Yadav,-5.032904195714419,-0.12119107770304985,-4.91171311801137,-1.861501583987552,-2.2248251656032996,-0.9465774461235679,27.0,269.0,5.298317366548036,2022,0,0.0,117.14351032094889,-0.4142824483952555,Death,Powerplay pacer
2022,James Neesham,James Neesham,RR,All-rounder,NZ,1,150.0,150.0,sold,12.0,,1,True,James Neesham,James Neesham,,JDS Neesham,JDS Neesham,-0.16693890680580514,-0.12026548894587827,-0.04667341785992685,-0.1617973308214156,0.7922003028563924,-0.7973418788407818,20.0,144.0,5.0106352940962555,2022,0,0.0,368.5496466267394,1.4569976441782626,Middle,
2022,Nathan Coulter-Nile,Nathan Coulter-Nile,RR,All-rounder,AUS,1,200.0,200.0,sold,38.0,,1,True,Nathan Coulter-Nile,Nathan Coulter-Nile,,NM Coulter-Nile,NM Coulter-Nile,2.92964321648147,-0.024466130638218585,2.9541093471196884,0.5565260771045251,0.8708848651256766,1.5022322742512684,20.0,276.0,5.298317366548036,2022,0,0.0,720.1940878740542,2.6009704393702706,Death,
2022,Siddharth Kaul,Siddarth Kaul,RCB,Fast bowler,IND,1,75.0,75.0,sold,54.0,,0,True,Siddarth Kaul,Siddarth Kaul,,S Kaul,S Kaul,-2.500787165378152,-0.010299885286728384,-2.4904872800914237,-1.479621061349081,-1.0428490654051072,0.021682961376036314,9.0,366.0,4.31748811353631,2022,0,0.0,202.5978742367683,1.7013049898235773,Death,
2022,Fabian Allen,Fabian Allen,MI,All-rounder,WIN,1,75.0,75.0,sold,4.0,,1,True,Fabian Allen,Fabian Allen,,FA Allen,FA Allen,-2.0081141130174682,-0.21123493178547284,-1.7968791812319953,-0.9455598171780811,-0.9114160072061632,-0.15113828863322407,12.0,66.0,4.31748811353631,2022,0,0.0,247.45711867457877,2.2994282489943836,Death,
2023,Kane Williamson,Kane Williamson,GT,Batter,NZ,1,200.0,200.0,sold,76.0,,1,False,Kane Williamson,Kane Williamson,1400.0,KS Williamson,KS Williamson,-2.1444019810704407,-2.127338943913373,-0.01706303715706779,-1.9237059316179026,-0.6112560523018072,0.3905600028492688,703.0,12.0,5.298317366548036,2023,1,7.24422751560335,145.12548579228203,-0.2743725710385898,Death,
2023,Mayank Agarwal,Mayank Agarwal,SRH,Batter,IND,1,100.0,825.0,sold,113.0,,0,False,Mayank Agarwal,Mayank Agarwal,1200.0,MA Agarwal,MA Agarwal,1.5373669564013506,1.5373669564013506,0.0,0.5039280017695316,0.4786104502726243,0.5548285043591945,745.0,0.0,6.715383386334681,2023,1,7.090076835776092,293.1618347069488,-0.6446523215673348,Death,Anchor
2023,Ajinkya Rahane,Ajinkya Rahane,CSK,Batter,IND,1,50.0,50.0,sold,158.0,,0,False,Ajinkya Rahane,Ajinkya Rahane,100.0,AM Rahane,AM Rahane,-2.0232371796904394,-2.0232371796904394,0.0,-1.6276617107598577,-0.3422903799961262,-0.053285088934455806,243.0,0.0,3.912023005428146,2023,1,4.605170185988092,135.6921004631826,1.7138420092636522,Death,Opener
2023,Sam Curran,Sam Curran,PBKS,All-rounder,ENG,1,200.0,1850.0,sold,32.0,,1,False,Sam Curran,Sam Curran,,SM Curran,SM Curran,-2.7182678634738213,-0.029449418824503998,-2.688818444649317,-0.7132843398877902,-0.7078602877651914,-1.2971232358208393,170.0,450.0,7.52294091807237,2023,0,0.0,128.1809511152034,-0.9307129993971873,Middle,All-rounder
2023,Odean Smith,Odean Smith,GT,All-rounder,WIN,1,50.0,50.0,sold,6.0,,1,False,Odean Smith,Odean Smith,600.0,OF Smith,OF Smith,-4.287225242589178,-0.861782106044863,-3.425443136544315,0.39132481332655644,-3.5594050818345973,-1.119144974081137,44.0,90.0,3.912023005428146,2023,1,6.396929655216146,91.28615500893241,0.8257231001786483,Powerplay,
2023,Jason Holder,Jason Holder,RR,All-rounder,WIN,1,200.0,575.0,sold,38.0,,1,False,Jason Holder,Jason Holder,875.0,JO Holder,JO Holder,-0.7178888982941385,-0.44293457056838825,-0.2749543277257501,-1.53801083590546,0.4172551283258944,0.40286680928542695,169.0,608.0,6.354370040797351,2023,1,6.774223886357614,197.5960484472314,-0.656354698352641,Middle,Powerplay pacer
2023,Ben Stokes,Ben Stokes,CSK,All-rounder,ENG,1,200.0,1625.0,sold,43.0,,1,False,Ben Stokes,Ben Stokes,,BA Stokes,BA Stokes,-0.12902433790820894,0.8944553838568731,-1.023479721765082,-0.18511072417375962,-0.16790210689693272,0.22398849316248315,203.0,96.0,7.393263094763838,2023,0,0.0,224.44385604328576,-0.8618807039733627,Death,
2023,Nicholas Pooran,Nicholas Pooran,LSG,Wicket-keeper,WIN,1,200.0,1600.0,sold,47.0,,1,False,Nicholas Pooran,Nicholas Pooran,1075.0,N Pooran,N Pooran,0.5522995527802905,0.5522995527802905,0.0,-0.6123694743264592,0.7256879506796001,0.4389810764271494,496.0,0.0,7.3777589082278725,2023,1,6.980075940561763,260.0905825669202,-0.8374433858956749,Middle,Anchor
2023,Jaydev Unadkat,Jaydev Unadkat,LSG,Fast bowler,IND,1,50.0,50.0,sold,91.0,,0,False,Jaydev Unadkat,Jaydev Unadkat,130.0,JD Unadkat,JD Unadkat,-2.4479393932747495,-0.044640375014100744,-2.4032990182606486,-0.877548243299179,-0.36586389577970363,-1.2045272541958665,79.0,390.0,3.912023005428146,2023,1,4.867534450455582,123.77978500603199,1.4755957001206397,Middle,Powerplay pacer
2023,Jhye Richardson,Jhye Richardson,MI,Fast bowler,AUS,1,150.0,150.0,sold,3.0,,1,False,Jhye Richardson,Jhye Richardson,,JA Richardson,JA Richardson,-5.18772017602117,-0.8820060058992776,-4.305714170121893,-1.8118154264533775,-2.137088939539818,-1.2388158100279758,24.0,66.0,5.0106352940962555,2023,0,0.0,75.12678259905579,-0.49915478267296143,Death,
2023,Ishant Sharma,Ishant Sharma,DC,Fast bowler,IND,1,50.0,50.0,sold,93.0,,0,False,Ishant Sharma,Ishant Sharma,,I Sharma,I Sharma,-1.59238087582125,0.0,-1.59238087582125,0.32749987119999546,-1.303914696734828,-0.6159660502864174,0.0,90.0,3.912023005428146,2023,0,0.0,148.94901726442606,1.9789803452885213,Powerplay,Powerplay pacer
2023,Mayank Markande,Mayank Markande,SRH,Fast bowler,IND,1,50.0,50.0,sold,20.0,,0,False,Mayank Markande,Mayank Markande,65.0,M Markande,M Markande,-0.8865509975417424,0.0,-0.8865509975417424,0.0,-0.8865509975417424,0.0,0.0,60.0,3.912023005428146,2023,1,4.174387269895637,173.52302913544398,2.4704605827088795,Powerplay,Wrist spinner
2023,N Jagadeesan,N Jagadeesan,KKR,Wicket-keeper,IND,0,20.0,90.0,sold,7.0,,0,False,Narayan Jagadeesan,N Jagadeesan,20.0,N Jagadeesan,N Jagadeesan,-0.9444207783155176,-0.9444207783155176,0.0,-0.1535784293853242,-0.09970380589596736,-0.6911385430342261,66.0,0.0,4.499809670330265,2023,1,2.995732273553991,66.67716341866503,-0.2591426286814996,Middle,
2023,K. S. Bharat,K. S. Bharat,GT,Wicket-keeper,IND,0,20.0,120.0,sold,10.0,,0,False,K. S. Bharat,K. S. Bharat,200.0,KS Bharat,KS Bharat,0.13639612250636568,0.13639612250636568,0.0,0.019217868312954467,-0.025490124035564287,0.14266837822897557,163.0,0.0,4.787491742782046,2023,1,5.298317366548036,84.24230024667678,-0.29798083127769354,Death,
2023,Vaibhav Arora,Vaibhav Arora,KKR,Fast bowler,IND,0,20.0,60.0,sold,5.0,,0,False,Vaibhav Arora,Vaibhav Arora,200.0,VG Arora,VG Arora,-3.11210262043112,-0.3489776982353266,-2.7631249221957934,-0.6683349429015945,-1.0959934760572254,-1.3477742014723004,13.0,107.0,4.0943445622221,2023,1,5.298317366548036,41.715998426438716,-0.3047333595593547,Powerplay,Powerplay pacer
2023,Shivam Mavi,Shivam Mavi,GT,Fast bowler,IND,0,40.0,600.0,sold,32.0,,0,False,Shivam Mavi,Shivam Mavi,725.0,Shivam Mavi,Shivam Mavi,-1.3211706617168752,-0.0997514713273398,-1.2214191903895355,-0.7128118668256643,0.15129834546651866,-0.7596571403577297,41.0,481.0,6.396929655216146,2023,1,6.586171654854675,61.4579196543196,-0.8975701339094673,Middle,
2023,Manish Pandey,Manish Pandey,DC,Batter,IND,1,100.0,240.0,sold,160.0,,0,False,Manish Pandey,Manish Pandey,460.0,MK Pandey,MK Pandey,-0.03154473710241357,-0.03154473710241357,0.0,0.08887666082146661,-0.028843705916443807,-0.09157769200743622,649.0,0.0,5.480638923341991,2023,1,6.131226489483141,208.78204575765378,-0.13007480934310928,Powerplay,Middle-order
2023,Romario Shepherd,Romario Shepherd,LSG,All-rounder,WIN,1,50.0,50.0,sold,3.0,,1,False,Romario Shepherd,Romario Shepherd,775.0,R Shepherd,R Shepherd,-1.6145461331549098,0.17424603090230203,-1.7887921640572118,0.7096339395912618,-1.7892795913068809,-0.5349004814392906,41.0,54.0,3.912023005428146,2023,1,6.652863029353347,162.75289369467376,2.2550578738934752,Powerplay,Powerplay pacer
2023,Daniel Sams,Daniel Sams,LSG,All-rounder,AUS,1,75.0,75.0,sold,16.0,,1,False,Daniel Sams,Daniel Sams,260.0,DR Sams,DR Sams,-0.9606071109409859,-0.40557194628181237,-0.5550351646591736,0.9472871689138987,-0.4356708350546802,-1.472223444800204,44.0,360.0,4.31748811353631,2023,1,5.560681631015528,187.48760189950056,1.4998346919933407,Powerplay,
2023,Kyle Jamieson,Kyle Jamieson,CSK,Fast bowler,NZ,1,100.0,100.0,sold,9.0,,1,False,Kyle Jamieson,Kyle Jamieson,,KA Jamieson,KA Jamieson,-2.1645732603750028,-0.24912015658494965,-1.9154531037900533,-0.8823023340395234,0.57646579622643,-1.8587367225619098,55.0,168.0,4.605170185988092,2023,0,0.0,144.49353016892252,0.4449353016892252,Middle,Powerplay pacer
2023,Piyush Chawla,Piyush Chawla,MI,Fast bowler,IND,1,50.0,50.0,sold,165.0,,0,False,Piyush Chawla,Piyush Chawla,,PP Chawla,PP Chawla,-1.2191132290280158,-0.04357430530644332,-1.1755389237215725,-0.6597823333816785,-0.45032055223441314,-0.10901034341192423,2.0,150.0,3.912023005428146,2023,0,0.0,161.47664337857395,2.229532867571479,Death,Wrist spinner
2023,Amit Mishra,Amit Mishra,LSG,Fast bowler,IND,1,50.0,50.0,sold,154.0,,0,False,Amit Mishra,Amit Mishra,,A Mishra,A Mishra,0.959890689703067,0.0,0.959890689703067,-0.2982938187074496,1.0971541280718744,0.1610303803386422,0.0,144.0,3.912023005428146,2023,0,0.0,258.7307241657706,4.174614483315412,Middle,
2023,Adam Zampa,Adam Zampa,RR,Fast bowler,AUS,1,150.0,150.0,sold,14.0,,1,False,Adam Zampa,Adam Zampa,,A Zampa,A Zampa,-0.8932878158029761,0.0,-0.8932878158029761,0.0,1.205611984631826,-2.0988998004348027,0.0,66.0,5.0106352940962555,2023,0,0.0,190.23825200748132,0.2682550133832088,Middle,
2023,Murugan Ashwin,Murugan Ashwin,RR,Fast bowler,IND,0,20.0,20.0,sold,42.0,,0,False,Murugan Ashwin,Murugan Ashwin,160.0,M Ashwin,M Ashwin,-0.44633140206075334,-0.3927393217629782,-0.053592080297775124,-0.27786211776563224,0.018133859658417406,-0.18660314395353853,42.0,429.0,2.995732273553991,2023,1,5.075173815233827,74.26383694494504,2.713191847247252,Middle,
2023,Mandeep Singh,Mandeep Singh,KKR,Batter,IND,1,50.0,50.0,sold,108.0,,0,False,Mandeep Singh,Mandeep Singh,110.0,Mandeep Singh,Mandeep Singh,-1.482026272491821,-1.482026272491821,0.0,-1.4684285799975592,0.023823393859309726,-0.03742108635357163,146.0,0.0,3.912023005428146,2023,1,4.700480365792417,152.54799863171866,2.0509599726343732,Middle,
2023,Shakib al Hasan,Shakib al Hasan,KKR,All-rounder,BAN,1,150.0,150.0,sold,71.0,,1,False,Shakib Al Hasan,Shakib al Hasan,,Shakib Al Hasan,Shakib Al Hasan,-0.9392915593478064,-0.6596648037311258,-0.27962675561668054,0.14977344404644063,-0.46833970080827136,-0.6207253025859756,48.0,156.0,5.0106352940962555,2023,0,0.0,188.35421982075727,0.2556947988050484,Powerplay,
2024,Harry Brook,Harry Brook,DC,Batter,ENG,1,200.0,400.0,sold,11.0,Set 1: Capped Batters,1,False,Harry Brook,Harry Brook,1325.0,HC Brook,HC Brook,-2.1820618163587913,-2.1820618163587913,0.0,-1.3720251617092434,-0.6864219430925514,-0.12361471155699597,154.0,0.0,5.991464547107982,2024,1,7.1891677384203225,255.69593944959587,-0.3607601513760103,Death,
2024,Rovman Powell,Rovman Powell,RR,Batter,WIN,1,100.0,740.0,sold,17.0,Set 1: Capped Batters,1,False,Rovman Powell,Rovman Powell,280.0,R Powell,R Powell,0.028940711901132343,-0.03240574785268405,0.061346459753816376,0.0,-0.3326522390204783,0.3615929509216106,176.0,18.0,6.606650186198215,2024,1,5.634789603169249,412.5425019542407,-0.4425101324942693,Death,Finisher
2024,Wanindu Hasaranga,Wanindu Hasaranga,SRH,All-rounder,SL,1,150.0,150.0,sold,26.0,Set 2: Capped All-Rounders,1,False,Wanindu Hasaranga,Wanindu Hasaranga,1075.0,PWH de Silva,PWH de Silva,0.7649776937589243,-0.2860255680846422,1.0510032618435667,0.7910216631728278,-0.7780141674753841,0.7519701980614807,73.0,552.0,5.0106352940962555,2024,1,6.980075940561763,483.75606517642836,2.2250404345095225,Powerplay,Wrist spinner
2024,Shardul Thakur,Shardul Thakur,CSK,All-rounder,IND,1,200.0,400.0,sold,86.0,Set 2: Capped All-Rounders,0,False,Shardul Thakur,Shardul Thakur,1075.0,SN Thakur,SN Thakur,-1.8151474378754031,-0.22657805257805436,-1.5885693852973486,-0.7361032091286598,-0.027334668381359672,-1.0517095603653837,162.0,775.0,5.991464547107982,2024,1,6.980075940561763,252.1304139585675,-0.3696739651035813,Middle,Death pacer
2024,Pat Cummins,Pat Cummins,SRH,All-rounder,AUS,1,200.0,2050.0,sold,42.0,Set 2: Capped All-Rounders,1,False,Pat Cummins,Pat Cummins,725.0,PJ Cummins,PJ Cummins,-2.2070162351831617,0.8460876481193622,-3.0531038833025237,-1.8899850182198286,0.8939705210985529,-1.2110017380618867,80.0,280.0,7.6255950721324535,2024,1,6.586171654854675,254.3191858636865,-0.8759418605542992,Middle,Powerplay pacer
2024,Harshal Patel,Harshal Patel,PBKS,All-rounder,IND,1,200.0,1175.0,sold,92.0,Set 2: Capped All-Rounders,0,False,Harshal Patel,Harshal Patel,1075.0,HV Patel,HV Patel,0.299953291583287,-0.16481214838848507,0.4647654399717722,-0.049270600786805355,0.1381958988932923,0.21102799347680062,91.0,941.0,7.069023426578259,2024,1,6.980075940561763,398.43658676679433,-0.6609050325388984,Death,Death pacer
2024,K. S. Bharat,K. S. Bharat,KKR,Wicket-keeper,IND,1,50.0,50.0,sold,10.0,Set 3: Capped Wicket-Keepers,0,False,K. S. Bharat,K. S. Bharat,120.0,KS Bharat,KS Bharat,0.18612065851048248,0.18612065851048248,0.0,0.06113052070417713,-0.027189465637935246,0.15217960344424064,163.0,0.0,3.912023005428146,2024,1,4.787491742782046,388.7438618833869,6.774877237667738,Death,
2024,Chetan Sakariya,Chetan Sakariya,KKR,Fast bowler,IND,1,50.0,50.0,sold,19.0,Set 4: Capped Fast Bowlers,0,False,Chetan Sakariya,Chetan Sakariya,420.0,C Sakariya,C Sakariya,-0.5761721051269955,-0.13839131681938538,-0.43778078830761014,1.7790538879814242,-0.22654133442911817,-2.1286846586793016,31.0,426.0,3.912023005428146,2024,1,6.040254711277414,329.63918943919094,5.5927837887838185,Powerplay,
2024,Alzarri Joseph,Alzarri Joseph,RCB,Fast bowler,WIN,1,100.0,1150.0,sold,19.0,Set 4: Capped Fast Bowlers,1,False,Alzarri Joseph,Alzarri Joseph,240.0,AS Joseph,AS Joseph,-1.8591266149652512,-0.09279008672037253,-1.7663365282448784,-1.3030379896225488,-0.9746698645882939,0.4185812392455917,19.0,324.0,7.047517221357296,2024,1,5.480638923341991,274.19951791476956,-0.7615656365958525,Death,
2024,Umesh Yadav,Umesh Yadav,GT,Fast bowler,IND,1,200.0,580.0,sold,141.0,Set 4: Capped Fast Bowlers,0,False,Umesh Yadav,Umesh Yadav,200.0,UT Yadav,UT Yadav,-1.3359803664920251,-0.18986870733716976,-1.1461116591548552,-0.7032458392313748,-0.19069404306519722,-0.4420404841954537,58.0,402.0,6.363028103540465,2024,1,5.298317366548036,279.67108879435665,-0.5178084675959368,Middle,Powerplay pacer
2024,Shivam Mavi,Shivam Mavi,LSG,Fast bowler,IND,1,50.0,640.0,sold,32.0,Set 4: Capped Fast Bowlers,0,False,Shivam Mavi,Shivam Mavi,600.0,Shivam Mavi,Shivam Mavi,-1.813795772461182,-0.07796091635786387,-1.7358348561033181,-1.0693209179561354,0.2115014507482601,-0.9559763052533067,27.0,325.0,6.461468176353717,2024,1,6.396929655216146,252.20415592115594,-0.6059310063731939,Middle,
2024,Jaydev Unadkat,Jaydev Unadkat,SRH,Fast bowler,IND,1,50.0,160.0,sold,94.0,Set 4: Capped Fast Bowlers,0,False,Jaydev Unadkat,Jaydev Unadkat,50.0,JD Unadkat,JD Unadkat,-2.593558139964022,-0.03687041146732077,-2.5566877284967013,-0.8528116978606399,-0.46482643683998215,-1.2759200052633997,73.0,300.0,5.075173815233827,2024,1,3.912023005428146,213.0522352429881,0.33157647026867565,Middle,Powerplay pacer
2024,Shahrukh Khan,Shahrukh Khan (cricketer),GT,All-rounder,IND,0,20.0,740.0,sold,33.0,Set 7: Uncapped All-Ronders,0,False,Shahrukh Khan (cricketer),Shahrukh Khan,900.0,M Shahrukh Khan,M Shahrukh Khan,-0.4506170940662177,-0.4506170940662177,0.0,0.1442466073785806,-0.6697122227483631,0.07484852130356479,316.0,0.0,6.606650186198215,2024,1,6.802394763324311,131.7933050545742,-0.8219009391154404,Powerplay,Middle-order
2024,Ramandeep Singh,Ramandeep Singh (cricketer),KKR,All-rounder,IND,0,20.0,20.0,sold,5.0,Set 7: Uncapped All-Ronders,0,False,Ramandeep Singh (cricketer),Ramandeep Singh,20.0,Ramandeep Singh,Ramandeep Singh,-0.004926054797258161,-0.5881601297671862,0.5832340749699281,-0.004368819619465336,-0.6836372260999368,0.6830799909221441,40.0,36.0,2.995732273553991,2024,1,2.995732273553991,145.1343765239094,6.25671882619547,Death,Finisher
2024,Yash Dayal,Yash Dayal,RCB,Fast bowler,IND,0,20.0,500.0,sold,14.0,Set 9: Uncapped Fast Bowlers,0,False,Yash Dayal,Yash Dayal,320.0,Yash Dayal,Yash Dayal,-2.6011725209191625,-0.0011356214979066457,-2.600036899421256,-0.400526669707582,-1.1580050213832065,-1.0426408298283747,1.0,276.0,6.214608098422191,2024,1,5.768320995793772,82.761445341638,-0.8344771093167239,Powerplay,Powerplay pacer
2024,Kartik Tyagi,Kartik Tyagi,GT,Fast bowler,IND,0,20.0,500.0,sold,19.0,Set 9: Uncapped Fast Bowlers,0,False,Kartik Tyagi,Kartik Tyagi,400.0,Kartik Tyagi,Kartik Tyagi,-2.878622693989964,-0.04746423114430229,-2.831158462845662,-1.7625920632498917,-0.9842731177715934,-0.13175751296847898,10.0,169.0,6.214608098422191,2024,1,5.991464547107982,77.93974222505072,-0.8441205155498985,Death,Death pacer
2024,Akash Singh,"Akash Singh (cricketer, born 2002)",SRH,Fast bowler,IND,0,20.0,20.0,sold,7.0,Set 9: Uncapped Fast Bowlers,0,False,"Akash Singh (cricketer, born 2002)",Akash Singh,,Akash Singh,Akash Singh,-2.3577892418089847,0.0,-2.3577892418089847,-1.6514832820530514,-0.369803667265575,-0.33650229249035785,0.0,138.0,2.995732273553991,2024,0,0.0,87.23610308329184,3.3618051541645917,Death,
2024,Shreyas Gopal,Shreyas Gopal,MI,Fast bowler,IND,0,20.0,20.0,sold,49.0,Set 10: Uncapped Spinners,0,False,Shreyas Gopal,Shreyas Gopal,75.0,S Gopal,S Gopal,-2.289437479704766,-0.05164213239527114,-2.237795347309495,-0.3971353005458413,-1.8406600467636536,-0.05164213239527114,12.0,60.0,2.995732273553991,2024,1,4.31748811353631,88.5357274094074,3.42678637047037,Death,
2024,David Willey,David Willey (cricketer),LSG,All-rounder,ENG,1,200.0,200.0,sold,11.0,Accelerated Round 1,1,False,David Willey (cricketer),David Willey,200.0,DJ Willey,DJ Willey,0.8010330207586593,-0.646362106963856,1.4473951277225154,1.342968371807038,-0.026390199162660277,-0.5155451518857181,62.0,156.0,5.298317366548036,2024,1,5.298317366548036,487.5443932786857,1.4377219663934284,Powerplay,
2024,Mustafizur Rahman,Mustafizur Rahman,CSK,Fast bowler,BAN,1,200.0,200.0,sold,48.0,Accelerated Round 1,1,False,Mustafizur Rahman,Mustafizur Rahman,200.0,Mustafizur Rahman,Mustafizur Rahman,-1.2310290390648029,-0.02287067674614773,-1.2081583623186551,-0.745474422358746,-0.33825812365058217,-0.14729649305547493,20.0,545.0,5.298317366548036,2024,1,5.298317366548036,314.11051201121944,0.5705525600560972,Death,Death pacer
2024,Jhye Richardson,Jhye Richardson,DC,Fast bowler,AUS,1,150.0,500.0,sold,3.0,Accelerated Round 1,1,False,Jhye Richardson,Jhye Richardson,150.0,JA Richardson,JA Richardson,-5.18772017602117,-0.8820060058992776,-4.305714170121893,-1.8118154264533775,-2.137088939539818,-1.2388158100279758,24.0,66.0,6.214608098422191,2024,1,5.0106352940962555,133.44842027641522,-0.7331031594471695,Death,
2024,Manish Pandey,Manish Pandey,KKR,Batter,IND,1,50.0,50.0,sold,170.0,Accelerated Round 2,0,False,Manish Pandey,Manish Pandey,240.0,MK Pandey,MK Pandey,-1.5164487739994446,-1.5164487739994446,0.0,-0.8139877839260419,-0.3877917192732464,-0.31466927080015605,462.0,0.0,3.912023005428146,2024,1,5.480638923341991,268.9619455382092,4.379238910764184,Death,Middle-order
2024,Rilee Rossouw,Rilee Rossouw,PBKS,Batter,SA,1,200.0,800.0,sold,14.0,Accelerated Round 2,1,False,Rilee Rossouw,Rilee Rossouw,460.0,RR Rossouw,RR Rossouw,-0.3193945669790935,-0.3193945669790935,0.0,-1.6033372599017501,0.3681565720320172,0.9157861208906393,141.0,0.0,6.684611727667927,2024,1,6.131226489483141,382.5949752237447,-0.5217562809703191,Death,
2024,Lockie Ferguson,Lockie Ferguson,RCB,Fast bowler,NZ,1,200.0,200.0,sold,38.0,Accelerated Round 2,1,False,Lockie Ferguson,Lockie Ferguson,1000.0,LH Ferguson,LH Ferguson,-0.7825343608012894,0.004263477295350471,-0.7867978380966396,0.9758369843838974,-1.2597794143282495,-0.4985919308569372,15.0,512.0,5.298317366548036,2024,1,6.907755278982137,346.1169291690414,0.7305846458452069,Powerplay,Death pacer
2024,Arshad Khan,Arshad Khan (Indian cricketer),LSG,All-rounder,IND,0,20.0,20.0,sold,6.0,Accelerated Round 2,0,False,Arshad Khan (Indian cricketer),Arshad Khan,20.0,Arshad Khan,Arshad Khan,-4.569386125817423,-0.18480159836056867,-4.3845845274568545,-2.570914902771111,-0.09639192079902614,-1.9020793022472864,15.0,85.0,2.995732273553991,2024,1,2.995732273553991,54.062427795734386,1.7031213897867192,Middle,Powerplay pacer
2024,Mohammad Nabi,Mohammad Nabi,MI,All-rounder,AFG,1,150.0,150.0,sold,17.0,Accelerated Round 2,1,False,Mohammad Nabi,Mohammad Nabi,100.0,Mohammad Nabi,Mohammad Nabi,-3.294049994713105,0.0020651520101218914,-3.296115146723227,-1.1893863722521478,-2.9961969104904482,0.8915332880294912,20.0,48.0,5.0106352940962555,2024,1,4.605170185988092,201.02121341901636,0.3401414227934424,Death,
2025,Jos Buttler,Jos Buttler,GT,Wicket-keeper,ENG,1,200.0,1575.0,sold,107.0,Set 1: marquee players (M1),1,True,Jos Buttler,Jos Buttler,1000.0,JC Buttler,JC Buttler,1.7866873420702498,1.7866873420702498,0.0,0.21383761828135878,0.5267085121670418,1.0461412116218494,1116.0,0.0,7.362010551259734,2025,1,6.907755278982137,641.6408902722171,-0.5926089585573224,Death,Anchor
2025,Shreyas Iyer,Shreyas Iyer,PBKS,Batter,IND,1,200.0,2675.0,sold,116.0,Set 1: marquee players (M1),0,True,Shreyas Iyer,Shreyas Iyer,1225.0,SS Iyer,SS Iyer,0.8792767073143878,0.8768531949396476,0.0024235123747401886,-0.6271649026402991,1.0199122670392844,0.48652934291540256,537.0,6.0,7.891704659330107,2025,1,7.110696122978827,480.24007311544307,-0.8204710007045073,Middle,Anchor
2025,Rishabh Pant,Rishabh Pant,LSG,Batter,IND,1,200.0,2700.0,sold,111.0,Set 1: marquee players (M1),0,True,Rishabh Pant,Rishabh Pant,1600.0,RR Pant,RR Pant,2.8118608586897516,2.8118608586897516,0.0,0.6001363979432088,0.8165829560193523,1.3951415047271905,511.0,0.0,7.90100705199242,2025,1,7.3777589082278725,729.5300570779848,-0.7298036825637093,Death,Anchor
2025,Kagiso Rabada,Kagiso Rabada,GT,Fast bowler,SA,1,200.0,1075.0,sold,80.0,Set 1: marquee players (M1),1,True,Kagiso Rabada,Kagiso Rabada,925.0,K Rabada,K Rabada,0.3844383493147139,-0.1245010412659569,0.508939390580671,0.4981188930869685,0.20482302751742862,-0.3185035712896833,59.0,678.0,6.980075940561763,2025,1,6.829793737512425,473.73700235845735,-0.5593144164107373,Powerplay,Powerplay pacer
2025,Arshdeep Singh,Arshdeep Singh (cricketer),PBKS,Fast bowler,IND,1,200.0,1800.0,sold,65.0,Set 1: marquee players (M1),0,True,Arshdeep Singh,Arshdeep Singh,400.0,Arshdeep Singh,Arshdeep Singh,-0.22492438202619713,-0.0747033768337203,-0.1502210051924768,-0.2582245048136763,-0.2310035373098116,0.2643036600972909,34.0,907.0,7.495541943884256,2025,1,5.991464547107982,378.1883330695972,-0.7898953705168904,Death,Death pacer
2025,Mitchell Starc,Mitchell Starc,DC,Fast bowler,AUS,1,200.0,1175.0,sold,41.0,Set 1: marquee players (M1),1,True,Mitchell Starc,Mitchell Starc,2475.0,MA Starc,MA Starc,0.2639696356335134,-0.07856032676754943,0.3425299624010628,1.1552757984973772,-0.19234191916954047,-0.6989642436943235,11.0,251.0,7.069023426578259,2025,1,7.813995675002791,461.5493227375598,-0.6071920657552683,Powerplay,Powerplay pacer
2025,Yuzvendra Chahal,Yuzvendra Chahal,PBKS,Fast bowler,IND,1,200.0,1800.0,sold,160.0,Set 2: marquee players (M2),0,True,Yuzvendra Chahal,Yuzvendra Chahal,650.0,YS Chahal,YS Chahal,1.1684970282372995,-0.006354767775187834,1.1748517960124873,0.17672662502786346,0.37449238967420584,0.6172780135352305,8.0,1073.0,7.495541943884256,2025,1,6.476972362889683,511.2501119004882,-0.7159721600552843,Death,Wrist spinner
2025,Liam Livingstone,Liam Livingstone,RCB,All-rounder,ENG,1,200.0,875.0,sold,39.0,Set 2: marquee players (M2),1,True,Liam Livingstone,Liam Livingstone,1150.0,LS Livingstone,LS Livingstone,1.1559075113242907,1.0530031221562717,0.10290438916801892,-0.6521848085932818,0.5698291552987198,1.238263164618853,489.0,252.0,6.774223886357614,2025,1,7.047517221357296,559.788826184195,-0.36024134150377707,Death,Finger spinner
2025,David Miller,David Miller (South African cricketer),LSG,Batter,SA,1,150.0,750.0,sold,130.0,Set 2: marquee players (M2),1,True,David Miller (South African cricketer),David Miller,300.0,DA Miller,DA Miller,0.4715155611247228,0.4715155611247228,0.0,-0.40172510179715887,0.09706937512828906,0.7761712877935927,654.0,0.0,6.620073206530356,2025,1,5.703782474656201,482.74640226682044,-0.35633813031090605,Death,Finisher
2025,KL Rahul,KL Rahul,DC,Wicket-keeper,IND,1,200.0,1400.0,sold,132.0,Set 2: marquee players (M2),0,True,KL Rahul,KL Rahul,1700.0,KL Rahul,KL Rahul,1.0672696005209468,1.0672696005209468,0.0,1.0085768605230325,0.5745031795471276,-0.5158104395492136,1079.0,0.0,7.24422751560335,2025,1,7.438383530044307,500.1751713333546,-0.6427320204761753,Powerplay,Opener
2025,Mohammed Shami,Mohammed Shami,SRH,Fast bowler,IND,1,200.0,1000.0,sold,110.0,Set 2: marquee players (M2),0,True,Mohammed Shami,Mohammed Shami,625.0,Mohammed Shami,Mohammed Shami,4.646715411375611,-0.01247715120638432,4.659192562581994,4.6340230314691375,-0.1877017387680883,0.2003941186745605,6.0,756.0,6.907755278982137,2025,1,6.437751649736401,1085.039006683202,0.08503900668320194,Powerplay,Powerplay pacer
2025,Mohammed Siraj,Mohammed Siraj,GT,Fast bowler,IND,1,200.0,1225.0,sold,93.0,Set 2: marquee players (M2),0,True,Mohammed Siraj,Mohammed Siraj,700.0,Mohammed Siraj,Mohammed Siraj,0.6523605760251436,-0.07554202074895547,0.7279025967740993,-0.1321437564949901,0.2550892701708125,0.529415062349321,43.0,930.0,7.110696122978827,2025,1,6.551080335043404,457.2328789133678,-0.6267486702748017,Death,Powerplay pacer
2025,Harry Brook,Harry Brook,DC,Batter,ENG,1,200.0,625.0,sold,11.0,Set 3: capped batters (BA1),1,True,Harry Brook,Harry Brook,400.0,HC Brook,HC Brook,-2.1820618163587913,-2.1820618163587913,0.0,-1.3720251617092434,-0.6864219430925514,-0.12361471155699597,154.0,0.0,6.437751649736401,2025,1,5.991464547107982,271.88799525267314,-0.564979207595723,Death,
2025,Devon Conway,Devon Conway,CSK,Batter,NZ,1,200.0,625.0,sold,23.0,Set 3: capped batters (BA1),1,True,Devon Conway,Devon Conway,100.0,DP Conway,DP Conway,4.468044124643424,4.468044124643424,0.0,1.558018580208611,3.0650192611501756,-0.1549937167153637,654.0,0.0,6.437751649736401,2025,1,4.605170185988092,1146.122892826479,0.8337966285223665,Middle,Wicketkeeper
2025,Jake Fraser-McGurk,Jake Fraser-McGurk,DC,Batter,AUS,1,200.0,900.0,sold,9.0,Set 3: capped batters (BA1),1,True,Jake Fraser-McGurk,Jake Fraser-McGurk,,J Fraser-McGurk,J Fraser-McGurk,5.929084762842256,5.929084762842256,0.0,5.511036391347191,0.4180483714950648,0.0,141.0,0.0,6.802394763324311,2025,0,0.0,1572.2078146549318,0.7468975718388131,Powerplay,Opener
2025,Aiden Markram,Aiden Markram,LSG,Batter,SA,1,200.0,200.0,sold,44.0,Set 3: capped batters (BA1),1,True,Aiden Markram,Aiden Markram,260.0,AK Markram,AK Markram,-1.52520389967107,-1.3847281091475339,-0.14047579052353612,-0.9290716731357338,-0.9540300267111822,0.3578978001758462,648.0,97.0,5.298317366548036,2025,1,5.560681631015528,313.40659121784324,0.5670329560892162,Death,Opener
2025,Devdutt Padikkal,Devdutt Padikkal,RCB,Batter,IND,1,200.0,200.0,sold,64.0,Set 3: capped batters (BA1),0,True,Devdutt Padikkal,Devdutt Padikkal,7.75,D Padikkal,D Padikkal,-2.4050973697696207,-2.4050973697696207,0.0,-1.2729238893168306,-1.0875180888901994,-0.0446553915625906,559.0,0.0,5.298317366548036,2025,1,2.0476928433652555,235.97173773988794,0.17985868869943972,Death,Anchor
2025,Rahul Tripathi,Rahul Tripathi,CSK,Batter,IND,1,75.0,340.0,sold,95.0,Set 3: capped batters (BA1),0,True,Rahul Tripathi,Rahul Tripathi,850.0,RA Tripathi,RA Tripathi,-0.29151693921079086,-0.29151693921079086,0.0,-0.6035696616479791,0.27766338053804385,0.034389341899144624,589.0,0.0,5.8289456176102075,2025,1,6.745236349484363,372.77872474032415,0.09640801394212986,Middle,Anchor
2025,Ravichandran Ashwin,Ravichandran Ashwin,CSK,All-rounder,IND,1,200.0,975.0,sold,212.0,Set 4: capped all-rounders (AL1),0,True,Ravichandran Ashwin,Ravichandran Ashwin,500.0,R Ashwin,R Ashwin,0.07996152540846702,-0.6049385693309609,0.6849000947394279,-0.6441524141943064,0.7492608660850393,-0.02514692648226602,260.0,1026.0,6.882437470997847,2025,1,6.214608098422191,403.97554772671253,-0.5856661048956795,Middle,Finger spinner
2025,Venkatesh Iyer,Venkatesh Iyer,KKR,All-rounder,IND,1,200.0,2375.0,sold,51.0,Set 4: capped all-rounders (AL1),0,True,Venkatesh Iyer,Venkatesh Iyer,800.0,VR Iyer,VR Iyer,0.9352682120806626,1.0098800794241816,-0.07461186734351914,0.2442339786530574,1.32195866787165,-0.6309244344440443,679.0,30.0,7.772752716468742,2025,1,6.684611727667927,486.09296378022384,-0.7953292784083269,Middle,Anchor
2025,Mitchell Marsh,Mitchell Marsh,LSG,All-rounder,AUS,1,200.0,340.0,sold,42.0,Set 4: capped all-rounders (AL1),1,True,Mitchell Marsh,Mitchell Marsh,650.0,MR Marsh,MR Marsh,-1.6871633858874326,-1.1151343842091026,-0.5720290016783299,-0.6146626841789095,-0.523142495856701,-0.5493582058518227,324.0,241.0,5.8289456176102075,2025,1,6.476972362889683,302.6150204710121,-0.1099558221440821,Middle,Opener
2025,Glenn Maxwell,Glenn Maxwell,PBKS,All-rounder,AUS,1,200.0,420.0,sold,134.0,Set 4: capped all-rounders (AL1),1,True,Glenn Maxwell,Glenn Maxwell,1100.0,GJ Maxwell,GJ Maxwell,1.9180080833314048,1.002091128031144,0.9159169553002608,0.740939592677679,0.6269037412054778,0.5501647494482484,439.0,302.0,6.040254711277414,2025,1,7.003065458786462,660.1321345872349,0.5717431775886544,Powerplay,Finger spinner
2025,Harshal Patel,Harshal Patel,SRH,All-rounder,IND,1,200.0,800.0,sold,106.0,Set 4: capped all-rounders (AL1),0,True,Harshal Patel,Harshal Patel,1175.0,HV Patel,HV Patel,0.22358071429720633,-0.19031180236899908,0.4138925166662056,-0.4496110008171783,0.014867326910547651,0.6583243882038374,64.0,897.0,6.684611727667927,2025,1,7.069023426578259,416.7249248919267,-0.4790938438850916,Death,Death pacer
2025,Rachin Ravindra,Rachin Ravindra,CSK,All-rounder,NZ,1,150.0,400.0,sold,10.0,Set 4: capped all-rounders (AL1),1,True,Rachin Ravindra,Rachin Ravindra,180.0,R Ravindra,R Ravindra,-0.8752462875083057,-0.9416474075316779,0.0664011200233722,-1.1513929227770427,0.2761466352687372,0.0,138.0,12.0,5.991464547107982,2025,1,5.19295685089021,360.7263516994065,-0.09818412075148374,Middle,Opener
2025,Marcus Stoinis,Marcus Stoinis,PBKS,All-rounder,AUS,1,200.0,1100.0,sold,96.0,Set 4: capped all-rounders (AL1),1,True,Marcus Stoinis,Marcus Stoinis,1100.0,MP Stoinis,MP Stoinis,0.620363314683591,0.6187907392571179,0.001572575426472947,0.13990813085145498,0.15410981649126276,0.3263453673408731,641.0,191.0,7.003065458786462,2025,1,7.003065458786462,498.5454053344552,-0.5467769042414045,Death,Middle-order
2025,Quinton de Kock,Quinton de Kock,KKR,Wicket-keeper,SA,1,200.0,360.0,sold,107.0,Set 5: capped wicket-keepers (WK1),1,True,Quinton de Kock,Quinton de Kock,675.0,Q de Kock,Q de Kock,-0.0753531093153963,-0.0753531093153963,0.0,-0.5069718782165558,0.157212006509785,0.27440676239137385,629.0,0.0,5.886104031450156,2025,1,6.51471269087253,428.87970526345094,0.19133251462069706,Death,Opener
2025,Rahmanullah Gurbaz,Rahmanullah Gurbaz,KKR,Wicket-keeper,AFG,1,200.0,200.0,sold,14.0,Set 5: capped wicket-keepers (WK1),1,True,Rahmanullah Gurbaz,Rahmanullah Gurbaz,50.0,Rahmanullah Gurbaz,Rahmanullah Gurbaz,-1.0331104481145688,-1.0331104481145688,0.0,-1.2267997572157052,0.25931804160213406,-0.06562873250099753,216.0,0.0,5.298317366548036,2025,1,3.912023005428146,348.6141568611073,0.7430707843055364,Middle,Wicketkeeper
2025,Ishan Kishan,Ishan Kishan,SRH,Wicket-keeper,IND,1,200.0,1125.0,sold,104.0,Set 5: capped wicket-keepers (WK1),0,True,Ishan Kishan,Ishan Kishan,1525.0,Ishan Kishan,Ishan Kishan,0.05437534624847595,0.05437534624847595,0.0,1.1932136650128173,-1.1030203360134252,-0.03581798275091612,881.0,0.0,7.025538314638521,2025,1,7.329749689041512,401.7454916325396,-0.6428928963266315,Powerplay,Anchor
2025,Phil Salt,Phil Salt,RCB,Wicket-keeper,ENG,1,200.0,1150.0,sold,21.0,Set 5: capped wicket-keepers (WK1),1,True,Phil Salt,Phil Salt,200.0,PD Salt,PD Salt,3.2220537703925958,3.2220537703925958,0.0,1.966880071132555,1.1433220946871185,0.11185160457292129,372.0,0.0,7.047517221357296,2025,1,5.298317366548036,875.3030829144935,-0.23886688442217954,Powerplay,Opener
2025,Jitesh Sharma,Jitesh Sharma,RCB,Wicket-keeper,IND,1,100.0,1100.0,sold,40.0,Set 5: capped wicket-keepers (WK1),0,True,Jitesh Sharma,Jitesh Sharma,20.0,JM Sharma,JM Sharma,-0.1268773046964185,-0.1268773046964185,0.0,-0.37305101224099857,-0.009305537858306678,0.2554792454028867,483.0,0.0,7.003065458786462,2025,1,2.995732273553991,386.2963361288057,-0.6488215126101766,Death,Finisher
2025,Khaleel Ahmed,Khaleel Ahmed,CSK,Fast bowler,IND,1,200.0,480.0,sold,57.0,Set 6: capped fast bowlers (FA1),0,True,Khaleel Ahmed,Khaleel Ahmed,525.0,KK Ahmed,KK Ahmed,0.02281006655387599,-0.002162521199948131,0.024972587753824077,0.5718609225803771,-0.0024286192461581355,-0.5466222367803429,2.0,733.0,6.173786103901937,2025,1,6.263398262591624,399.0112599046214,-0.1687265418653721,Powerplay,Powerplay pacer
2025,Jofra Archer,Jofra Archer,RR,Fast bowler,ENG,1,200.0,1250.0,sold,40.0,Set 6: capped fast bowlers (FA1),1,True,Jofra Archer,Jofra Archer,800.0,JC Archer,JC Archer,-4.443401470068741,-0.01197344752342071,-4.431428022545321,-2.3632066255552115,-0.07237198195223309,-2.0078228625612966,4.0,120.0,7.1308988302963465,2025,1,6.684611727667927,166.6922890922645,-0.8666461687261885,Middle,Powerplay pacer
2025,Trent Boult,Trent Boult,MI,Fast bowler,NZ,1,200.0,1250.0,sold,104.0,Set 6: capped fast bowlers (FA1),1,True,Trent Boult,Trent Boult,800.0,TA Boult,TA Boult,3.398595911067301,-0.08884743128514105,3.4874433423524414,4.875540183398183,-0.9822646435999031,-0.4946796287309799,59.0,920.0,7.1308988302963465,2025,1,6.684611727667927,909.3818526885483,-0.27249451784916134,Powerplay,Powerplay pacer
2025,Josh Hazlewood,Josh Hazlewood,RCB,Fast bowler,AUS,1,200.0,1250.0,sold,27.0,Set 6: capped fast bowlers (FA1),1,True,Josh Hazlewood,Josh Hazlewood,775.0,JR Hazlewood,JR Hazlewood,1.6357292183556846,-0.10023801237481345,1.7359672307304983,1.2506683289987897,0.20287406068287334,0.18218682867402164,28.0,333.0,7.1308988302963465,2025,1,6.652863029353347,621.0235521248331,-0.5031811583001334,Powerplay,Powerplay pacer
2025,Avesh Khan,Avesh Khan,LSG,Fast bowler,IND,1,200.0,975.0,sold,63.0,Set 6: capped fast bowlers (FA1),0,True,Avesh Khan,Avesh Khan,1000.0,Avesh Khan,Avesh Khan,0.24759341964409587,0.0006241648488211566,0.24696925479527476,-0.7376838232198089,-0.057363138068797115,1.0426403809327023,19.0,789.0,6.882437470997847,2025,1,6.907755278982137,418.8955055068978,-0.5703635840954895,Death,Death pacer
2025,Prasidh Krishna,Prasidh Krishna,GT,Fast bowler,IND,1,200.0,950.0,sold,51.0,Set 6: capped fast bowlers (FA1),0,True,Prasidh Krishna,Prasidh Krishna,1000.0,M Prasidh Krishna,M Prasidh Krishna,1.330070685435856,-0.07247971474188418,1.40255040017774,2.5097696799108387,-0.580403825102282,-0.5992951693727004,12.0,399.0,6.856461984594587,2025,1,6.907755278982137,529.437633856094,-0.4426972275199011,Powerplay,Powerplay pacer
2025,T. Natarajan,T. Natarajan,DC,Fast bowler,IND,1,200.0,1075.0,sold,61.0,Set 6: capped fast bowlers (FA1),0,True,T. Natarajan,T. Natarajan,400.0,T Natarajan,T Natarajan,0.7963910535305446,0.0,0.7963910535305446,0.35446357620846075,-0.3028475025595881,0.7447749798816721,0.0,836.0,6.980075940561763,2025,1,5.991464547107982,471.70501694998904,-0.561204635395359,Death,Death pacer
2025,Anrich Nortje,Anrich Nortje,KKR,Fast bowler,SA,1,200.0,650.0,sold,46.0,Set 6: capped fast bowlers (FA1),1,True,Anrich Nortje,Anrich Nortje,650.0,A Nortje,A Nortje,-3.350631007700671,-0.14071901862159175,-3.20991198907908,-0.11438547826133394,-0.6225530895393812,-2.613692439899957,43.0,506.0,6.476972362889683,2025,1,6.476972362889683,211.15032935786462,-0.675153339449439,Powerplay,Death pacer
2025,Noor Ahmad,Noor Ahmad,CSK,Spin bowler,AFG,1,200.0,1000.0,sold,23.0,Set 7: capped spin bowlers (SP1),1,True,Noor Ahmad,Noor Ahmad,30.0,Noor Ahmad,Noor Ahmad,1.1174161414198744,-0.07989563162349614,1.1973117730433707,0.21904907210055752,0.5124511256003831,0.38591594371893373,18.0,492.0,6.907755278982137,2025,1,3.4011973816621555,555.1464825688184,-0.44485351743118157,Middle,Wrist spinner
2025,Rahul Chahar,Rahul Chahar,SRH,Spin bowler,IND,1,100.0,320.0,sold,78.0,Set 7: capped spin bowlers (SP1),0,True,Rahul Chahar,Rahul Chahar,525.0,RD Chahar,RD Chahar,0.26445159836654086,-0.24809588414509282,0.5125474825116337,-0.05199564675412695,-0.17022814942464837,0.48667539454531616,92.0,764.0,5.768320995793772,2025,1,6.263398262591624,420.4261183033613,0.3138316196980041,Death,Wrist spinner
2025,Wanindu Hasaranga,Wanindu Hasaranga,RR,Spin bowler,SL,1,200.0,525.0,sold,26.0,Set 7: capped spin bowlers (SP1),1,True,Wanindu Hasaranga,Wanindu Hasaranga,150.0,PWH de Silva,PWH de Silva,1.729392918442783,-0.34773764494154924,2.0771305633843324,1.14618378746872,-0.42723736143962077,1.0104464924136833,71.0,516.0,6.263398262591624,2025,1,5.0106352940962555,633.7364296709022,0.2071170088969566,Powerplay,Wrist spinner
2025,Maheesh Theekshana,Maheesh Theekshana,RR,Spin bowler,SL,1,200.0,440.0,sold,27.0,Set 7: capped spin bowlers (SP1),1,True,Maheesh Theekshana,Maheesh Theekshana,70.0,M Theekshana,M Theekshana,1.2750728343098334,-0.009449243818056676,1.28452207812789,-0.2418241899218883,0.8977244876932489,0.6191725365384729,7.0,624.0,6.0867747269123065,2025,1,4.248495242049359,574.4086204254091,0.3054741373304753,Middle,Finger spinner
2025,Adam Zampa,Adam Zampa,SRH,Spin bowler,AUS,1,200.0,240.0,sold,20.0,Set 7: capped spin bowlers (SP1),1,True,Adam Zampa,Adam Zampa,150.0,A Zampa,A Zampa,0.7004364192043506,-0.378918040381264,1.0793544595856146,1.7305969516615145,-1.4200216955375264,0.3898611630803628,16.0,132.0,5.480638923341991,2025,1,5.0106352940962555,507.25735553842384,1.1135723147434327,Powerplay,
2025,Abhinav Manohar,Abhinav Manohar,SRH,Batter,IND,0,30.0,320.0,sold,18.0,Set 8: uncapped batters (UBA1),0,True,Abhinav Manohar,Abhinav Manohar,260.0,A Manohar,A Manohar,-0.7176450172304853,-0.7176450172304853,0.0,-0.2501763754578436,-0.4666923992581711,-0.0007762425144706014,174.0,0.0,5.768320995793772,2025,1,5.560681631015528,132.27254785679602,-0.5866482879475124,Death,
2025,Angkrish Raghuvanshi,Angkrish Raghuvanshi,KKR,Batter,IND,0,30.0,300.0,sold,10.0,Set 8: uncapped batters (UBA1),0,True,Angkrish Raghuvanshi,Angkrish Raghuvanshi,20.0,A Raghuvanshi,A Raghuvanshi,-0.16619053706359072,-0.16619053706359072,0.0,-0.25101841978710077,0.24410087597100424,-0.1592729932474942,105.0,0.0,5.703782474656201,2025,1,2.995732273553991,149.03358547199258,-0.5032213817600247,Middle,Anchor
2025,Atharva Taide,Atharva Taide,SRH,Batter,IND,0,30.0,30.0,sold,9.0,Set 8: uncapped batters (UBA1),0,True,Atharva Taide,Atharva Taide,20.0,Atharva Taide,Atharva Taide,0.33262797029152535,0.33854188411185526,-0.0059139138203299565,0.41303253765149806,-0.07449065353964274,-0.0059139138203299565,168.0,1.0,3.4011973816621555,2025,1,2.995732273553991,166.01713959072273,4.533904653024091,Powerplay,
2025,Nehal Wadhera,Nehal Wadhera,PBKS,Batter,IND,0,30.0,420.0,sold,20.0,Set 8: uncapped batters (UBA1),0,True,Nehal Wadhera,Nehal Wadhera,20.0,N Wadhera,N Wadhera,-0.5469127393602556,-0.5592623908997533,0.012349651539497549,-0.20300170831500688,-0.31458674488820054,-0.02932428615704817,250.0,12.0,6.040254711277414,2025,1,2.995732273553991,137.24977843723286,-0.6732148132446837,Death,Middle-order
2025,Harpreet Brar,Harpreet Brar,PBKS,All-rounder,IND,0,30.0,150.0,sold,41.0,Set 9: uncapped all-rounders (UAL1),0,True,Harpreet Brar,Harpreet Brar,380.0,Harpreet Brar,Harpreet Brar,-0.4051664280989021,-0.3636265411837569,-0.04153988691514515,-1.0024881640167227,0.7711498747500751,-0.17382813883225434,120.0,487.0,5.0106352940962555,2025,1,5.940171252720432,141.52399377827393,-0.05650670814484045,Middle,Finger spinner
2025,Naman Dhir,Naman Dhir,MI,All-rounder,IND,0,30.0,525.0,sold,7.0,Set 9: uncapped all-rounders (UAL1),0,True,Naman Dhir,Naman Dhir,20.0,Naman Dhir,Naman Dhir,-1.2942344102607608,-0.6799344583570798,-0.6142999519036809,-2.550659616591289,0.3855467183516834,0.870878487978845,79.0,28.0,6.263398262591624,2025,1,2.995732273553991,116.75987528540706,-0.7776002375516056,Death,Finisher
2025,Mahipal Lomror,Mahipal Lomror,GT,All-rounder,IND,0,30.0,170.0,sold,40.0,Set 9: uncapped all-rounders (UAL1),0,True,Mahipal Lomror,Mahipal Lomror,95.0,MK Lomror,MK Lomror,-0.23498451484443503,-0.1880163849366531,-0.046968129907781916,-0.28393762640889225,0.0843154463755941,-0.035362334811136875,222.0,30.0,5.135798437050262,2025,1,4.553876891600541,146.83185879406716,-0.13628318356431082,Middle,
2025,Abdul Samad,Abdul Samad,LSG,All-rounder,IND,0,30.0,420.0,sold,50.0,Set 9: uncapped all-rounders (UAL1),0,True,Abdul Samad (Indian cricketer),Abdul Samad,400.0,Abdul Samad,Abdul Samad,-0.28171764492744417,-0.2743752239910111,-0.007342420936433037,0.0,-0.45905378642086225,0.1773361414934181,243.0,6.0,6.040254711277414,2025,1,5.991464547107982,145.35476438224757,-0.6539172276613152,Death,Finisher
2025,Vijay Shankar,Vijay Shankar,CSK,All-rounder,IND,0,30.0,120.0,sold,72.0,Set 9: uncapped all-rounders (UAL1),0,True,Vijay Shankar,Vijay Shankar,140.0,V Shankar,V Shankar,-0.8521469320987264,-0.8389085206573993,-0.013238411441327131,-0.33472013698261066,-0.7812576149752943,0.26383081985917856,295.0,9.0,4.787491742782046,2025,1,4.941642422609304,128.47894914894184,0.0706579095745153,Death,Middle-order
2025,Ashutosh Sharma,Ashutosh Sharma (cricketer),DC,All-rounder,IND,0,30.0,380.0,sold,11.0,Set 9: uncapped all-rounders (UAL1),0,True,Ashutosh Sharma (cricketer),Ashutosh Sharma,20.0,Ashutosh Sharma,Ashutosh Sharma,0.20017977371085866,0.20017977371085866,0.0,0.0,-0.2762477773531258,0.47642755106398443,113.0,0.0,5.940171252720432,2025,1,2.995732273553991,161.3274057312427,-0.5754541954440981,Death,Finisher
2025,Anuj Rawat,Anuj Rawat,GT,Wicket-keeper,IND,0,30.0,30.0,sold,24.0,Set 10: uncapped wicket-keepers (UWK1),0,True,Anuj Rawat,Anuj Rawat,340.0,Anuj Rawat,Anuj Rawat,-1.4283335135709017,-1.4283335135709017,0.0,-0.6684239011366,-0.9307933752127286,0.17088376277842732,266.0,0.0,3.4011973816621555,2025,1,5.8289456176102075,113.42106662802829,2.780702220934276,Death,Wicketkeeper
2025,Vaibhav Arora,Vaibhav Arora,KKR,Fast bowler,IND,0,30.0,180.0,sold,20.0,Set 11: uncapped fast bowlers (UFA1),0,True,Vaibhav Arora,Vaibhav Arora,60.0,VG Arora,VG Arora,0.22195932913134775,-0.06996968521455534,0.29192901434590324,0.5611027234147405,-0.3199356130603702,-0.01920778122302269,16.0,383.0,5.19295685089021,2025,1,4.0943445622221,162.08937509865373,-0.09950347167414593,Powerplay,Powerplay pacer
2025,Rasikh Salam Dar,Rasikh Salam Dar,RCB,Fast bowler,IND,0,30.0,600.0,sold,11.0,Set 11: uncapped fast bowlers (UFA1),0,True,Rasikh Salam,Rasikh Salam,20.0,Rasikh Salam,Rasikh Salam,-2.1487178378535003,-0.45642386354271314,-1.6922939743107874,-1.3683287724676523,-0.715439089673011,-0.06494997571283698,36.0,171.0,6.396929655216146,2025,1,2.995732273553991,97.05249828136631,-0.8382458361977229,Death,Death pacer
2025,Akash Madhwal,Akash Madhwal,RR,Fast bowler,IND,0,30.0,120.0,sold,12.0,Set 11: uncapped fast bowlers (UFA1),0,True,Akash Madhwal,Akash Madhwal,20.0,Akash Madhwal,Akash Madhwal,-0.17861351789864477,-0.019823837578615656,-0.15878968032002927,1.4726203833909508,-0.0527646182249534,-1.5984692830646425,5.0,262.0,4.787491742782046,2025,1,2.995732273553991,148.63356407895176,0.2386130339912647,Powerplay,Death pacer
2025,Mohit Sharma,Mohit Sharma,DC,Fast bowler,IND,0,50.0,220.0,sold,111.0,Set 11: uncapped fast bowlers (UFA1),0,True,Mohit Sharma,Mohit Sharma,50.0,MM Sharma,MM Sharma,0.025159822582622615,-0.13387209439162837,0.1590319169742509,-0.6952580783943717,0.18513700422187485,0.5352808967551195,16.0,499.0,5.393627546352362,2025,1,3.912023005428146,155.33286377659883,-0.29394152828818715,Death,Death pacer
2025,Simarjeet Singh,Simarjeet Singh,SRH,Fast bowler,IND,0,30.0,150.0,sold,10.0,Set 11: uncapped fast bowlers (UFA1),0,True,Simarjeet Singh,Simarjeet Singh,20.0,Simarjeet Singh,Simarjeet Singh,0.012144299322340249,-0.027358447178796118,0.03950274650113636,-0.7336640507081178,0.836679752265541,-0.0908714022350828,8.0,180.0,5.0106352940962555,2025,1,2.995732273553991,154.89607606681713,0.0326405071121142,Middle,Powerplay pacer
2025,Yash Thakur,Yash Thakur,PBKS,Fast bowler,IND,0,30.0,160.0,sold,19.0,Set 11: uncapped fast bowlers (UFA1),0,True,Yash Thakur,Yash Thakur,45.0,Yash Thakur,Yash Thakur,-0.9842231106183101,0.0,-0.9842231106183101,1.3184073739304087,-1.3877114642929127,-0.9149190202558066,0.0,404.0,5.075173815233827,2025,1,3.8066624897703196,124.85966162665244,-0.21962711483342226,Powerplay,Death pacer
2025,Vijaykumar Vyshak,Vijaykumar Vyshak,PBKS,Fast bowler,IND,0,30.0,180.0,sold,11.0,Set 11: uncapped fast bowlers (UFA1),0,True,Vijaykumar Vyshak,Vijaykumar Vyshak,20.0,Vijaykumar Vyshak,Vijaykumar Vyshak,-2.3768632354649473,-0.02879657728695181,-2.348066658177996,-0.31555776707235556,-1.5802129978165094,-0.48109247057608223,12.0,231.0,5.19295685089021,2025,1,2.995732273553991,92.37836549721207,-0.4867868583488218,Powerplay,Powerplay pacer
2025,Shreyas Gopal,Shreyas Gopal,CSK,Spin bowler,IND,0,30.0,30.0,sold,52.0,Set 12: uncapped spin bowlers (USP1),0,True,Shreyas Gopal,Shreyas Gopal,20.0,S Gopal,S Gopal,-0.33243568958397524,-0.02117542274542606,-0.3112602668385492,0.0,-0.3112602668385492,-0.02117542274542606,7.0,60.0,3.4011973816621555,2025,1,2.995732273553991,143.76852773233352,3.7922842577444507,Powerplay,
2025,Mayank Markande,Mayank Markande,KKR,Spin bowler,IND,0,30.0,30.0,sold,37.0,Set 12: uncapped spin bowlers (USP1),0,True,Mayank Markande,Mayank Markande,50.0,M Markande,M Markande,-1.2168777764812173,0.005771929067142545,-1.2226497055483598,0.0,-0.24772988461925938,-0.9691478918619577,13.0,402.0,3.4011973816621555,2025,1,3.912023005428146,118.73042412534461,2.9576808041781537,Powerplay,Wrist spinner
2025,Suyash Sharma,Suyash Sharma,RCB,Spin bowler,IND,0,30.0,260.0,sold,13.0,Set 12: uncapped spin bowlers (USP1),0,True,Suyash Sharma,Suyash Sharma,20.0,Suyash Sharma,Suyash Sharma,-0.5065608409385343,0.0,-0.5065608409385343,0.7358961906316496,-1.0280576678932123,-0.2143993636769716,0.0,258.0,5.560681631015528,2025,1,2.995732273553991,138.45323238972523,-0.46748756773182604,Powerplay,Wrist spinner
2025,Karn Sharma,Karn Sharma,MI,Spin bowler,IND,0,50.0,50.0,sold,84.0,Set 12: uncapped spin bowlers (USP1),0,True,Karn Sharma,Karn Sharma,50.0,KV Sharma,KV Sharma,-2.1187716915260264,-0.01028963346492434,-2.108482058061102,0.0,-1.809222561517996,-0.30954913000803036,20.0,273.0,3.912023005428146,2025,1,3.912023005428146,97.68332784171578,0.9536665568343156,Powerplay,Wrist spinner
2025,Kumar Kartikeya,Kumar Kartikeya,RR,Spin bowler,IND,0,30.0,30.0,sold,12.0,Set 12: uncapped spin bowlers (USP1),0,True,Kumar Kartikeya,Kumar Kartikeya,20.0,K Kartikeya,K Kartikeya,0.06670756088032836,-0.049919846779240856,0.11662740765956914,0.04888953775304197,0.5434881316696027,-0.5256701085423164,12.0,234.0,3.4011973816621555,2025,1,2.995732273553991,156.7354218542834,4.2245140618094466,Middle,
2025,Faf du Plessis,Faf du Plessis,DC,Batter,SA,1,200.0,200.0,sold,145.0,Set 13: capped batters (BA2),1,True,Faf du Plessis,Faf du Plessis,700.0,F du Plessis,F du Plessis,3.2209497998297216,3.2209497998297216,0.0,1.925401151583802,1.1861320437361254,0.10941660450979403,1113.0,0.0,5.298317366548036,2025,1,6.551080335043404,875.0940470335171,3.3754702351675854,Powerplay,Opener
2025,Rovman Powell,Rovman Powell,KKR,Batter,WIN,1,150.0,150.0,sold,27.0,Set 13: capped batters (BA2),1,True,Rovman Powell,Rovman Powell,740.0,R Powell,R Powell,-0.23448683301270945,-0.2632159970689188,0.028729164056209348,0.0,-0.49609826101834864,0.2616114280056391,244.0,18.0,5.0106352940962555,2025,1,6.606650186198215,414.3652797061558,1.7624351980410384,Death,Finisher
2025,Ajinkya Rahane,Ajinkya Rahane,KKR,Batter,IND,1,150.0,150.0,sold,185.0,Set 13: capped batters (BA2),0,True,Ajinkya Rahane,Ajinkya Rahane,50.0,AM Rahane,AM Rahane,-0.9788213038547072,-0.9788213038547072,0.0,0.025811845939954448,-1.2583845115840844,0.2537513617894227,513.0,0.0,5.0106352940962555,2025,1,3.912023005428146,321.2715654922384,1.1418104366149224,Death,Opener
2025,Sam Curran,Sam Curran,CSK,All-rounder,ENG,1,200.0,240.0,sold,59.0,Set 14: capped all-rounders (AL2),1,True,Sam Curran,Sam Curran,1850.0,SM Curran,SM Curran,-4.1227464037248165,-1.3050722488835962,-2.81767415484122,-1.757776072504826,-1.683168662723776,-0.6818016684962137,422.0,533.0,5.480638923341991,2025,1,7.52294091807237,178.66690964957138,-0.25555454312678594,Death,All-rounder
2025,Marco Jansen,Marco Jansen,PBKS,All-rounder,SA,1,125.0,700.0,sold,21.0,Set 14: capped all-rounders (AL2),1,True,Marco Jansen,Marco Jansen,420.0,M Jansen,M Jansen,-3.2233336571391287,-0.2914481887937845,-2.931885468345344,0.07483963928235915,-2.445354517812406,-0.852818778609082,63.0,414.0,6.551080335043404,2025,1,6.040254711277414,217.04639088820915,-0.6899337273025583,Powerplay,Finisher
2025,Krunal Pandya,Krunal Pandya,RCB,All-rounder,IND,1,200.0,575.0,sold,127.0,Set 14: capped all-rounders (AL2),0,True,Krunal Pandya,Krunal Pandya,825.0,KH Pandya,KH Pandya,-0.4842236922425723,-1.44352944086945,0.9593057486268776,-1.3988586301041108,0.8395007721816167,0.07513416567992179,415.0,678.0,6.354370040797351,2025,1,6.715383386334681,357.55633158450763,-0.37816290159216065,Middle,All-rounder
2025,Nitish Rana,Nitish Rana,RR,All-rounder,IND,1,150.0,420.0,sold,107.0,Set 14: capped all-rounders (AL2),0,True,Nitish Rana,Nitish Rana,800.0,N Rana,N Rana,0.5169534210562621,0.5008506208636831,0.016102800192578957,0.2659522630933255,0.15696950276067287,0.09403165520226393,578.0,65.0,6.040254711277414,2025,1,6.684611727667927,444.0323921240648,0.05721998124777337,Powerplay,Anchor
2025,Washington Sundar,Washington Sundar,GT,All-rounder,IND,1,200.0,320.0,sold,61.0,Set 14: capped all-rounders (AL2),0,True,Washington Sundar,Washington Sundar,875.0,Washington Sundar,Washington Sundar,-2.1333979954626034,-0.48731117146055475,-1.6460868240020483,-1.5737577761042314,-0.13051093212255951,-0.42912928723581206,130.0,304.0,5.768320995793772,2025,1,6.774223886357614,250.2584495478516,-0.21794234516296376,Middle,Anchor
2025,Deepak Chahar,Deepak Chahar,MI,Fast bowler,IND,1,200.0,925.0,sold,81.0,Set 16: capped fast bowlers (FA2),0,True,Deepak Chahar,Deepak Chahar,1400.0,DL Chahar,DL Chahar,1.617033617260997,-0.0011852103584416628,1.6182188276194385,1.9083164774330905,0.2503860298238457,-0.5416688899959393,2.0,345.0,6.829793737512425,2025,1,7.24422751560335,563.3492560890211,-0.3909737772010583,Powerplay,Powerplay pacer
2025,Gerald Coetzee,Gerald Coetzee,GT,Fast bowler,SA,1,125.0,240.0,sold,10.0,Set 16: capped fast bowlers (FA2),1,True,Gerald Coetzee,Gerald Coetzee,500.0,G Coetzee,G Coetzee,-1.0339908583053914,-0.41056454035938966,-0.6234263179460017,-0.9154389450401573,-1.2184383363273381,1.0998864230621042,22.0,201.0,5.480638923341991,2025,1,6.214608098422191,348.5477603177188,0.4522823346571618,Death,Death pacer
2025,Akash Deep,Akash Deep,LSG,Fast bowler,IND,1,100.0,800.0,sold,8.0,Set 16: capped fast bowlers (FA2),0,True,Akash Deep,Akash Deep,20.0,Akash Deep,Akash Deep,-2.9907810347269965,0.026931464323275048,-3.0177124990502713,-0.05131336706434897,-1.8773103187054259,-1.0621573489572214,12.0,164.0,6.684611727667927,2025,1,2.995732273553991,207.88798997483062,-0.7401400125314618,Powerplay,Powerplay pacer
2025,Tushar Deshpande,Tushar Deshpande,RR,Fast bowler,IND,1,100.0,650.0,sold,36.0,Set 16: capped fast bowlers (FA2),0,True,Tushar Deshpande,Tushar Deshpande,20.0,TU Deshpande,TU Deshpande,0.1462176493112659,-0.0007331975239245854,0.14695084683519055,0.3704475210994659,-0.048996814143760864,-0.17523305764443886,2.0,671.0,6.476972362889683,2025,1,2.995732273553991,409.80804133922817,-0.3695260902473413,Powerplay,Death pacer
2025,Lockie Ferguson,Lockie Ferguson,PBKS,Fast bowler,NZ,1,200.0,200.0,sold,45.0,Set 16: capped fast bowlers (FA2),1,True,Lockie Ferguson,Lockie Ferguson,200.0,LH Ferguson,LH Ferguson,-1.4118466106193608,-0.0036831450197923003,-1.4081634655995685,-0.2752923199289025,-0.6069949920303528,-0.5295592986601054,5.0,476.0,5.298317366548036,2025,1,5.298317366548036,321.18786531181223,0.6059393265590611,Powerplay,Death pacer
2025,Bhuvneshwar Kumar,Bhuvneshwar Kumar,RCB,Fast bowler,IND,1,200.0,1075.0,sold,176.0,Set 16: capped fast bowlers (FA2),0,True,Bhuvneshwar Kumar,Bhuvneshwar Kumar,420.0,B Kumar,B Kumar,0.357800900603955,-0.3491939133549849,0.7069948139589399,1.368394401624837,-0.5899423512644643,-0.4206511497564177,102.0,961.0,6.980075940561763,2025,1,6.040254711277414,429.0034148741781,-0.600927055930997,Powerplay,Death pacer
2025,Mukesh Kumar,Mukesh Kumar (cricketer),DC,Fast bowler,IND,1,200.0,800.0,sold,20.0,Set 16: capped fast bowlers (FA2),0,True,Mukesh Kumar (cricketer),Mukesh Kumar,550.0,Mukesh Kumar,Mukesh Kumar,-1.1535190470400374,-0.07352644461575186,-1.0799926024242856,-0.36927645605217596,-0.2689052863930276,-0.5153373045948341,18.0,399.0,6.684611727667927,2025,1,6.309918278226516,309.35544401955895,-0.6133056949755513,Middle,Death pacer
2025,Anshul Kamboj,Anshul Kamboj,CSK,All-rounder,IND,0,30.0,340.0,sold,3.0,Accelerated round,0,True,Anshul Kamboj,Anshul Kamboj,20.0,A Kamboj,A Kamboj,-3.299098255730336,-0.006480366154586078,-3.29261788957575,-2.0160367760086912,-1.2765811135670586,-0.006480366154586078,2.0,60.0,5.8289456176102075,2025,1,2.995732273553991,75.6689067622821,-0.7774443918756409,Death,Powerplay pacer
2025,Arshad Khan,Arshad Khan (Indian cricketer),GT,All-rounder,IND,0,30.0,130.0,sold,10.0,Accelerated round,0,True,Arshad Khan (Indian cricketer),Arshad Khan,20.0,Arshad Khan,Arshad Khan,-2.7330321508554443,0.305322288718882,-3.0383544395743263,-1.6316201832356967,0.33943736391327356,-1.4408493315330215,65.0,134.0,4.867534450455582,2025,1,2.995732273553991,85.52730597535509,-0.3420976463434224,Middle,Powerplay pacer
2025,Darshan Nalkande,Darshan Nalkande,DC,All-rounder,IND,0,30.0,30.0,sold,5.0,Accelerated round,0,True,Darshan Nalkande,Darshan Nalkande,20.0,DG Nalkande,DG Nalkande,-0.6733714774062061,-0.09566688161525921,-0.577704595790947,-0.5403562917283568,-0.2577539843907612,0.1247387987129119,12.0,84.0,3.4011973816621555,2025,1,2.995732273553991,133.54561801699117,3.4515206005663726,Death,
2025,Anukul Roy,Anukul Roy,KKR,All-rounder,IND,0,30.0,40.0,sold,11.0,Accelerated round,0,True,Anukul Roy,Anukul Roy,20.0,AS Roy,AS Roy,-1.1655438574502623,-0.22285719820745498,-0.9426866592428071,-1.3821743230198846,0.08045008168060942,0.1361803838890131,24.0,124.0,3.6888794541139363,2025,1,2.995732273553991,120.05640445097471,2.001410111274368,Death,Finger spinner
2025,Swapnil Singh,Swapnil Singh,RCB,All-rounder,IND,0,30.0,50.0,sold,14.0,Accelerated round,0,True,Swapnil Singh,Swapnil Singh,20.0,Swapnil Singh,Swapnil Singh,1.3082899339030007,0.030059512766717165,1.2782304211362834,1.662175206593163,-0.32051657686443275,-0.03336869582572962,25.0,102.0,3.912023005428146,2025,1,2.995732273553991,205.0339196675237,3.100678393350474,Powerplay,
2025,Mukesh Choudhary,Mukesh Choudhary,CSK,Fast bowler,IND,0,30.0,30.0,sold,14.0,Accelerated round,0,True,Mukesh Choudhary,Mukesh Choudhary,20.0,Mukesh Choudhary,Mukesh Choudhary,-0.861432068234948,-0.0029788048357444305,-0.8584532633992036,-0.5043733866801794,0.006918895256958264,-0.3639775768117268,6.0,279.0,3.4011973816621555,2025,1,2.995732273553991,128.22111474789193,3.2740371582630643,Middle,Powerplay pacer
2025,Arjun Tendulkar,Arjun Tendulkar,MI,Fast bowler,IND,0,30.0,30.0,sold,5.0,Accelerated round,0,True,Arjun Tendulkar,Arjun Tendulkar,30.0,Arjun Tendulkar,Arjun Tendulkar,-0.7688835679055491,-0.013053787280415586,-0.7558297806251335,0.3467365310748185,-0.6123114452549691,-0.5033086537253987,9.0,73.0,3.4011973816621555,2025,1,3.4011973816621555,130.8143436244353,3.3604781208145105,Powerplay,
2025,Manish Pandey,Manish Pandey,KKR,Batter,IND,1,75.0,75.0,sold,171.0,Accelerated round,0,True,Manish Pandey,Manish Pandey,50.0,MK Pandey,MK Pandey,-1.089080673957468,-1.089080673957468,0.0,-0.709895069356562,-0.02025494686788415,-0.35893065773302213,257.0,0.0,4.31748811353631,2025,1,3.912023005428146,313.69844471980895,3.1826459295974527,Middle,Middle-order
2025,Shahbaz Ahmed,Shahbaz Ahmed (cricketer),LSG,All-rounder,IND,1,100.0,240.0,sold,55.0,Accelerated round,0,True,Shahbaz Ahmed (cricketer),Shahbaz Ahmed,240.0,Shahbaz Ahmed,Shahbaz Ahmed,-2.786045732680634,-1.0948962621495624,-1.6911494705310721,-0.9887787996594406,-1.3405740601775407,-0.456692872843653,386.0,417.0,5.480638923341991,2025,1,5.480638923341991,217.30326063493715,-0.09456974735442855,Death,Finisher
2025,Tim David,Tim David,RCB,All-rounder,AUS,1,200.0,300.0,sold,38.0,Accelerated round,1,True,Tim David,Tim David,825.0,TH David,TH David,0.6910366047094096,0.6910366047094096,0.0,0.0,-0.2821038786966431,0.9731404834060529,384.0,0.0,5.703782474656201,2025,1,6.715383386334681,506.22682026671754,0.6874227342223918,Death,Finisher
2025,Deepak Hooda,Deepak Hooda,CSK,All-rounder,IND,1,75.0,170.0,sold,118.0,Accelerated round,0,True,Deepak Hooda,Deepak Hooda,575.0,DJ Hooda,DJ Hooda,-1.0185523312226819,-0.9952196712443964,-0.023332659978285267,-0.46892648781305163,-0.4828253137644818,-0.06680052964514763,525.0,48.0,5.135798437050262,2025,1,6.354370040797351,318.52181291630376,0.8736577230370809,Death,Middle-order
2025,Will Jacks,Will Jacks,MI,All-rounder,ENG,1,200.0,525.0,sold,8.0,Accelerated round,1,True,Will Jacks,Will Jacks,320.0,WG Jacks,WG Jacks,1.442401964299632,2.283445637701742,-0.8410436734021101,0.25532182969044287,-0.11999927547062628,1.3070794100798155,131.0,54.0,6.263398262591624,2025,1,5.768320995793772,595.5841390342737,0.13444597911290224,Death,Anchor
2025,Azmatullah Omarzai,Azmatullah Omarzai,PBKS,All-rounder,AFG,1,150.0,240.0,sold,7.0,Accelerated round,1,True,Azmatullah Omarzai,Azmatullah Omarzai,50.0,Azmatullah Omarzai,Azmatullah Omarzai,-1.0413353449469551,-0.38443890779813333,-0.6568964371488217,-1.1189974556841513,0.621219642988225,-0.5435575322510287,33.0,126.0,5.480638923341991,2025,1,3.912023005428146,347.99436497993884,0.44997652074974515,Middle,Powerplay pacer
2025,Sai Kishore,Sai Kishore,GT,All-rounder,IND,1,75.0,200.0,sold,10.0,Accelerated round,0,True,Sai Kishore,Sai Kishore,300.0,R Sai Kishore,R Sai Kishore,1.4131098277097778,0.011035644706330377,1.4020741830034473,0.3499372219206439,1.6942312584868295,-0.6310586526976956,6.0,186.0,5.298317366548036,2025,1,5.703782474656201,539.0352066890621,1.6951760334453103,Middle,Finger spinner
2025,Romario Shepherd,Romario Shepherd,RCB,All-rounder,WIN,1,150.0,150.0,sold,10.0,Accelerated round,1,True,Romario Shepherd,Romario Shepherd,50.0,R Shepherd,R Shepherd,-1.7626743465265613,0.2650072507162205,-2.0276815972427817,0.22679057827358107,-1.4977682390605835,-0.4916966857395588,63.0,126.0,5.0106352940962555,2025,1,3.912023005428146,297.71142576401706,0.9847428384267805,Powerplay,Powerplay pacer
2025,Spencer Johnson,Spencer Johnson (cricketer),KKR,Fast bowler,AUS,1,200.0,280.0,sold,5.0,Accelerated round,1,True,Spencer Johnson (cricketer),Spencer Johnson,1000.0,SH Johnson,SH Johnson,-0.5583639440054721,-0.05677908921903414,-0.5015848547864379,-0.2753471178572861,-1.732376001964758,1.449359175816572,7.0,96.0,5.634789603169249,2025,1,6.907755278982137,386.32427750031866,0.37972956250113804,Death,Powerplay pacer
2025,Umran Malik,Umran Malik,KKR,Fast bowler,IND,1,75.0,75.0,sold,26.0,Accelerated round,0,True,Umran Malik,Umran Malik,400.0,Umran Malik,Umran Malik,-1.119571003802511,0.004206714267092893,-1.123777718069604,-0.7527668371967655,-0.2918592815278125,-0.07494488507793318,16.0,421.0,4.31748811353631,2025,1,5.991464547107982,311.6359179342272,3.155145572456363,Death,
2025,Ishant Sharma,Ishant Sharma,GT,Fast bowler,IND,1,75.0,75.0,sold,109.0,Accelerated round,0,True,Ishant Sharma,Ishant Sharma,50.0,I Sharma,I Sharma,1.861509021906585,-0.03903293512236771,1.9005419570289528,2.1648740766006993,0.025558418814038975,-0.32892347350815315,8.0,312.0,4.31748811353631,2025,1,3.912023005428146,593.9481463296803,6.919308617729071,Powerplay,Powerplay pacer
2025,Nuwan Thushara,Nuwan Thushara,RCB,Fast bowler,SL,1,75.0,160.0,sold,7.0,Accelerated round,1,True,Nuwan Thushara,Nuwan Thushara,480.0,N Thushara,N Thushara,2.0222461681024457,0.0,2.0222461681024457,2.4498559474117343,-0.9321093015519668,0.5044995222426785,0.0,156.0,5.075173815233827,2025,1,6.173786103901937,675.1885065407847,3.2199281658799044,Powerplay,Death pacer
2025,Jaydev Unadkat,Jaydev Unadkat,SRH,Fast bowler,IND,1,100.0,100.0,sold,105.0,Accelerated round,0,True,Jaydev Unadkat,Jaydev Unadkat,160.0,JD Unadkat,JD Unadkat,-2.7749603054417706,-0.18134632042021911,-2.593613985021552,-1.165684825189635,-0.4579305158817475,-1.1513449643703881,70.0,355.0,4.605170185988092,2025,1,5.075173815233827,217.82505132363843,1.1782505132363843,Middle,Powerplay pacer
2025,Yudhvir Singh,Yudhvir Singh (cricketer),RR,All-rounder,IND,0,30.0,35.0,sold,5.0,Accelerated round,0,True,Yudhvir Singh (cricketer),Yudhvir Singh,20.0,Yudhvir Singh,Yudhvir Singh,-0.31579374931217763,-0.11315698200353674,-0.20263676730864089,0.12595227512352503,-0.23478168413216072,-0.206964340303542,16.0,72.0,3.5553480614894135,2025,1,2.995732273553991,144.28709679647298,3.122488479899228,Powerplay,
2025,Akash Singh,"Akash Singh (cricketer, born 2002)",LSG,Fast bowler,IND,0,30.0,30.0,sold,7.0,Accelerated round,0,True,"Akash Singh (cricketer, born 2002)",Akash Singh,20.0,Akash Singh,Akash Singh,-2.347301549988053,0.0,-2.347301549988053,-1.8014740656010475,-0.64848696391669,0.10265947952968474,0.0,114.0,3.4011973816621555,2025,1,2.995732273553991,92.97108027965079,2.099036009321693,Death,
2025,Mitchell Santner,Mitchell Santner,MI,All-rounder,NZ,1,200.0,200.0,sold,18.0,Accelerated round,1,True,Mitchell Santner,Mitchell Santner,190.0,MJ Santner,MJ Santner,0.5809215727289935,-0.5131752676070418,1.0940968403360354,-0.4599902123903645,1.1752279586030816,-0.13431617348372377,48.0,240.0,5.298317366548036,2025,1,5.247024072160486,494.30930820490056,1.4715465410245028,Middle,Finger spinner
2025,Fazalhaq Farooqi,Fazalhaq Farooqi,RR,Fast bowler,AFG,1,200.0,200.0,sold,7.0,Accelerated round,1,True,Fazalhaq Farooqi,Fazalhaq Farooqi,50.0,Fazalhaq Farooqi,Fazalhaq Farooqi,-0.588117476578492,-0.11977284078725806,-0.4683446357912339,0.3609809447888119,0.09520186589175751,-1.0443002872590614,13.0,152.0,5.298317366548036,2025,1,3.912023005428146,383.8454276391215,0.9192271381956075,Powerplay,
2025,Kuldeep Sen,Kuldeep Sen,PBKS,Fast bowler,IND,1,75.0,80.0,sold,12.0,Accelerated round,0,True,Kuldeep Sen,Kuldeep Sen,20.0,KR Sen,KR Sen,-0.2754862370763292,-0.003089489102339836,-0.2723967479739894,-0.5815658029784259,1.3626315476778328,-1.0565519817757363,3.0,241.0,4.382026634673881,2025,1,2.995732273553991,374.073855895262,3.675923198690775,Middle,
2025,Reece Topley,Reece Topley,MI,Fast bowler,ENG,1,75.0,75.0,sold,5.0,Accelerated round,1,True,Reece Topley,Reece Topley,190.0,RJW Topley,RJW Topley,-1.7093783240498062,-0.04879256710467081,-1.6605857569451354,-0.14068155102515173,-0.5786579212090845,-0.9900388518155702,6.0,102.0,4.31748811353631,2025,1,5.247024072160486,301.1640816347657,3.0155210884635424,Powerplay,
2025,Dushmantha Chameera,Dushmantha Chameera,DC,Fast bowler,SL,1,75.0,75.0,sold,13.0,Accelerated round,1,True,Dushmantha Chameera,Dushmantha Chameera,200.0,PVD Chameera,PVD Chameera,-2.7689987816725186,-0.02548970366912131,-2.743509078003397,-1.5994715781046356,-0.21965762445179035,-0.9498695791160925,28.0,282.0,4.31748811353631,2025,1,5.298317366548036,239.46479930652055,2.192863990753607,Middle,Death pacer
2025,Nathan Ellis,Nathan Ellis,CSK,Fast bowler,AUS,1,100.0,200.0,sold,16.0,Accelerated round,1,True,Nathan Ellis,Nathan Ellis,75.0,NT Ellis,NT Ellis,1.5606452816592038,-0.03736797274667612,1.59801325440588,0.7322900403295722,0.8475773705356953,-0.01922212920606378,9.0,288.0,5.298317366548036,2025,1,4.31748811353631,611.0168907286514,2.055084453643257,Middle,
2026,Cameron Green,Cameron Green,KKR,Batter,AUS,1,200.0,2520.0,sold,29.0,Set 1: capped batters (BA1),1,False,Cameron Green,Cameron Green,1750.0,C Green,C Green,0.8531643416104062,0.9702210575406925,-0.11705671593028633,0.6470651617613961,-0.42269180098223563,0.6287909808312457,460.0,439.0,7.832014180505469,2026,1,7.4673710669175595,399.59620747515675,-0.8414300763987472,Powerplay,All-rounder
2026,Sarfaraz Khan,Sarfaraz Khan (cricketer),CSK,Batter,IND,1,75.0,75.0,sold,50.0,Set 1: capped batters (BA1),0,False,Sarfaraz Khan (cricketer),Sarfaraz Khan,20.0,SN Khan,SN Khan,-2.5439346721387657,-2.5439346721387657,0.0,-0.05492796010456942,-1.8751614454770156,-0.6138452665571802,62.0,0.0,4.31748811353631,2026,1,2.995732273553991,174.52500110860004,1.327000014781334,Powerplay,
2026,David Miller,David Miller (South African cricketer),DC,Batter,SA,1,200.0,200.0,sold,141.0,Set 1: capped batters (BA1),1,False,David Miller (South African cricketer),David Miller,750.0,DA Miller,DA Miller,-0.7010518585145016,-0.7010518585145016,0.0,-0.27570408838482285,-0.001771437899048059,-0.42357633223063074,437.0,0.0,5.298317366548036,2026,1,6.620073206530356,285.4879997957935,0.42743999897896745,Middle,Finisher
2026,Prithvi Shaw,Prithvi Shaw,DC,Batter,IND,1,75.0,75.0,sold,79.0,Set 1: capped batters (BA1),0,False,Prithvi Shaw,Prithvi Shaw,800.0,PP Shaw,PP Shaw,-1.4211783885138234,-1.4211783885138234,0.0,-1.5581131346034351,0.13693474608961162,0.0,206.0,0.0,4.31748811353631,2026,1,6.684611727667927,222.5109342589576,1.9668124567861014,Middle,Opener
2026,Wanindu Hasaranga,Wanindu Hasaranga,LSG,All-rounder,SL,1,200.0,200.0,sold,37.0,Set 2: capped all-rounders (AL1),1,False,Wanindu Hasaranga,Wanindu Hasaranga,525.0,PWH de Silva,PWH de Silva,-0.16582037020709386,-0.304195621645162,0.13837525143806814,0.7497587143543968,-1.411564085678362,0.49598500111687127,43.0,420.0,5.298317366548036,2026,1,6.263398262591624,320.53686363396093,0.6026843181698047,Powerplay,Wrist spinner
2026,Venkatesh Iyer,Venkatesh Iyer,RCB,All-rounder,IND,1,200.0,700.0,sold,62.0,Set 2: capped all-rounders (AL1),0,False,Venkatesh Iyer,Venkatesh Iyer,2375.0,VR Iyer,VR Iyer,0.47515092854377927,0.4964243350730798,-0.02127340652930054,0.04174071468262869,0.4471158247242901,-0.013705610863139484,612.0,6.0,6.551080335043404,2026,1,7.772752716468742,335.3742091496246,-0.5208939869291077,Middle,Anchor
2026,Liam Livingstone,Liam Livingstone,SRH,All-rounder,ENG,1,200.0,1300.0,sold,49.0,Set 2: capped all-rounders (AL1),1,False,Liam Livingstone,Liam Livingstone,875.0,LS Livingstone,LS Livingstone,-0.5316740039525555,-0.6766430227882494,0.1449690188356939,-1.0769556897346289,-0.7010976111976401,1.2463792969797138,333.0,168.0,7.170119543449628,2026,1,6.774223886357614,296.14372155586096,-0.7721971372647223,Death,Finger spinner
2026,Rachin Ravindra,Rachin Ravindra,KKR,All-rounder,NZ,1,200.0,200.0,sold,18.0,Set 2: capped all-rounders (AL1),1,False,Rachin Ravindra,Rachin Ravindra,400.0,R Ravindra,R Ravindra,-2.2055434456834737,-2.2304438656922385,0.024900420008764572,-2.053293702430099,-0.579180522571138,0.42693077931776324,287.0,12.0,5.298317366548036,2026,1,5.991464547107982,206.17047031022113,0.03085235155110567,Death,Opener
2026,Quinton de Kock,Quinton de Kock,MI,Wicket-keeper,SA,1,100.0,100.0,sold,115.0,Set 3: capped wicket-keepers (WK1),1,False,Quinton de Kock,Quinton de Kock,360.0,Q de Kock,Q de Kock,-2.3082093455164516,-2.3082093455164516,0.0,-2.3889156389859623,-0.08155020898859842,0.1622565024581093,405.0,0.0,4.605170185988092,2026,1,5.886104031450156,201.641545234981,1.0164154523498101,Death,Opener
2026,Akash Deep,Akash Deep,KKR,Fast bowler,IND,1,100.0,100.0,sold,14.0,Set 4: capped fast bowlers (FA1),0,False,Akash Deep,Akash Deep,800.0,Akash Deep,Akash Deep,-3.8234765880984467,0.0221095064887098,-3.8455860945871567,-1.7111197898606139,-1.598021970613762,-0.514334827624071,12.0,165.0,4.605170185988092,2026,1,6.684611727667927,132.32211370261177,0.3232211370261177,Death,Powerplay pacer
2026,Matt Henry,Matt Henry (cricketer),CSK,Fast bowler,NZ,1,200.0,200.0,sold,6.0,Set 4: capped fast bowlers (FA1),1,False,Matt Henry (cricketer),Matt Henry,,MJ Henry,MJ Henry,-1.8279463527435507,0.0,-1.8279463527435507,-1.7729016977961989,-0.07949422487948714,0.024449569932135217,0.0,72.0,5.298317366548036,2026,0,0.0,223.72026522806763,0.11860132614033816,Death,Powerplay pacer
2026,Anrich Nortje,Anrich Nortje,LSG,Fast bowler,SA,1,200.0,200.0,sold,48.0,Set 4: capped fast bowlers (FA1),1,False,Anrich Nortje,Anrich Nortje,650.0,A Nortje,A Nortje,-3.2704138953881525,-0.08118808923918369,-3.1892258061489693,-1.1896773747044216,0.2248873434059675,-2.305623864089699,37.0,414.0,5.298317366548036,2026,1,6.476972362889683,163.74637048901553,-0.18126814755492235,Middle,Death pacer
2026,Matheesha Pathirana,Matheesha Pathirana,KKR,Fast bowler,SL,1,200.0,1800.0,sold,32.0,Set 4: capped fast bowlers (FA1),1,False,Matheesha Pathirana,Matheesha Pathirana,1300.0,M Pathirana,M Pathirana,2.2983557360737645,0.0,2.2983557360737645,0.0,0.6842088938484394,1.6141468422253251,0.0,661.0,7.495541943884256,2026,1,7.170119543449628,546.2745057767088,-0.696514163457384,Death,Death pacer
2026,Ravi Bishnoi,Ravi Bishnoi,RR,Spin bowler,IND,1,200.0,720.0,sold,77.0,Set 5: capped spin bowlers (SP1),0,False,Ravi Bishnoi,Ravi Bishnoi,1100.0,Ravi Bishnoi,Ravi Bishnoi,-1.887344720688465,-0.16034849530613993,-1.726996225382325,-0.6228516679919653,-0.9934143394854815,-0.2710787132110182,49.0,787.0,6.579251212010101,2026,1,7.003065458786462,201.16413998419586,-0.7206053611330614,Death,Wrist spinner
2026,Rahul Chahar,Rahul Chahar,CSK,Spin bowler,IND,1,100.0,520.0,sold,80.0,Set 5: capped spin bowlers (SP1),0,False,Rahul Chahar,Rahul Chahar,320.0,RD Chahar,RD Chahar,0.10061012814558482,-0.0333567138785668,0.1339668420241516,-0.0346637645027513,-0.10162124042604234,0.2368951330743784,24.0,490.0,6.253828811575473,2026,1,5.768320995793772,309.27012197377934,-0.4052497654350397,Death,Wrist spinner
2026,Kartik Tyagi,Kartik Tyagi,KKR,Fast bowler,IND,0,30.0,30.0,sold,20.0,Set 9: uncapped fast bowlers (UFA1),0,False,Kartik Tyagi,Kartik Tyagi,500.0,Kartik Tyagi,Kartik Tyagi,-3.234826693456226,0.0,-3.234826693456226,-1.0108489894307668,-1.2249435824369426,-0.9990341215885175,0.0,61.0,3.4011973816621555,2026,1,6.214608098422191,58.478892823812565,0.9492964274604189,Death,Death pacer
2026,Vignesh Puthur,Vignesh Puthur,RR,Spin bowler,IND,0,30.0,30.0,sold,5.0,Set 10: uncapped spin bowlers (USP1),0,False,Vignesh Puthur,Vignesh Puthur,30.0,V Puthur,V Puthur,1.506734651416849,0.0,1.506734651416849,0.0,1.8005487611404976,-0.2938141097236485,0.0,72.0,3.4011973816621555,2026,1,3.4011973816621555,163.12264301054404,4.4374214336848015,Middle,
2026,Rahul Tripathi,Rahul Tripathi,KKR,Batter,IND,1,75.0,75.0,sold,100.0,Accelerated round,0,False,Rahul Tripathi,Rahul Tripathi,340.0,RA Tripathi,RA Tripathi,-2.4063059776085587,-2.4063059776085587,0.0,-1.3775103084581188,-0.9554287155540082,-0.07336695359643126,385.0,0.0,4.31748811353631,2026,1,5.8289456176102075,179.79979144185168,1.3973305525580224,Death,Anchor
2026,Jason Holder,Jason Holder,GT,All-rounder,WIN,1,200.0,700.0,sold,46.0,Accelerated round,1,False,Jason Holder,Jason Holder,575.0,JO Holder,JO Holder,-3.361602744859476,-0.08591047644778649,-3.275692268411689,-1.2500198858580116,-0.9611624719939655,-1.1504203870074985,11.0,171.0,6.551080335043404,2026,1,6.354370040797351,160.54752561323625,-0.770646391981091,Middle,Powerplay pacer
2026,Matthew Short,Matthew Short,CSK,All-rounder,AUS,1,150.0,150.0,sold,6.0,Accelerated round,1,False,Matthew Short,Matthew Short,,MW Short,MW Short,-1.9793826479971026,-1.971090432305502,-0.008292215691600609,-0.8506949167347353,-1.1286877312623675,0.0,92.0,24.0,5.0106352940962555,2026,0,0.0,216.5092397173278,0.443394931448852,Death,
2026,Josh Inglis,Josh Inglis,LSG,Wicket-keeper,AUS,1,200.0,860.0,sold,11.0,Accelerated round,1,False,Josh Inglis,Josh Inglis,260.0,JP Inglis,JP Inglis,0.2149776291421313,0.2149776291421313,0.0,-0.09992326723801877,0.4171672899723108,-0.10226639359216072,171.0,0.0,6.756932389247553,2026,1,5.560681631015528,348.06279464620144,-0.5952758201788355,Middle,Anchor
2026,Kyle Jamieson,Kyle Jamieson,DC,Fast bowler,NZ,1,200.0,200.0,sold,13.0,Accelerated round,1,False,Kyle Jamieson,Kyle Jamieson,100.0,KA Jamieson,KA Jamieson,0.4120129318191678,-0.0671247324567632,0.479137664275931,0.9884413479555333,0.42529260804893937,-1.0017210241853047,5.0,90.0,5.298317366548036,2026,1,4.605170185988092,363.22100603135675,0.8161050301567837,Powerplay,Powerplay pacer
2026,Mustafizur Rahman,Mustafizur Rahman,KKR,Fast bowler,BAN,1,200.0,920.0,sold,60.0,Accelerated round,1,False,Mustafizur Rahman,Mustafizur Rahman,200.0,Mustafizur Rahman,Mustafizur Rahman,1.7815983307824865,-0.005053561505407665,1.7866518922878942,0.9768640933369861,0.18213256745060907,0.6226016699948915,2.0,314.0,6.824373670043086,2026,1,5.298317366548036,488.4910650929755,-0.4690314509858962,Powerplay,Death pacer
2026,Kuldeep Sen,Kuldeep Sen,RR,Fast bowler,IND,1,75.0,75.0,sold,12.0,Accelerated round,0,False,Kuldeep Sen,Kuldeep Sen,80.0,KR Sen,KR Sen,-0.11860347780834748,0.0,-0.11860347780834748,-0.874178515962443,1.6853931296193445,-0.9298180914652494,0.0,90.0,4.31748811353631,2026,1,4.382026634673881,294.94480252063363,2.9325973669417817,Middle,
2026,Aman Khan,Aman Khan,CSK,All-rounder,IND,0,30.0,40.0,sold,12.0,Accelerated round,0,False,Aman Hakim Khan,Aman Khan,20.0,Aman Hakim Khan,Aman Hakim Khan,-1.2818389262998446,-1.2818389262998446,0.0,-0.012769015043997568,-0.6719951394425101,-0.5970747718133371,101.0,0.0,3.6888794541139363,2026,1,2.995732273553991,89.22797769430586,1.2306994423576465,Powerplay,
