player,season,bat_impact,bowl_impact,balls_faced,balls_bowled,matches,bat_pm,bowl_pm,bat_pm_adj,bowl_pm_adj,impact_pm
A Ashish Reddy,2012,-8.065073640058134,-13.485157396411564,29.0,163.0,9,-0.8961192933397927,-1.498350821823507,-0.17441247991177172,-0.8630077171633628,-1.0374201970751344
A Ashish Reddy,2013,-10.53651204383212,-13.788505841309185,89.0,40.0,12,-0.8780426703193434,-1.149042153442432,-0.37390333807857207,-0.287260538360608,-0.6611638764391801
A Ashish Reddy,2015,5.729314655633905,6.046348744406275,46.0,36.0,6,0.9548857759389842,1.0077247907343791,0.26460690176622453,0.23255187478485673,0.49715877655108126
A Ashish Reddy,2016,8.110390310976587,-8.353618703318494,29.0,23.0,4,2.027597577744147,-2.0884046758296235,0.3946330856012098,-0.33589725555301636,0.05873583004819344
A Badoni,2022,-36.887420737462726,13.417107149636369,130.0,12.0,13,-2.8374939028817483,1.0320851653566439,-1.4754968294985091,0.09382592412333125,-1.381670905375178
A Badoni,2023,-17.64533368153021,0.9327395137860719,172.0,1.0,15,-1.1763555787686808,0.06218263425240479,-0.6929217792747024,0.0005139060682016925,-0.6924078732065008
A Badoni,2024,-31.527920586435464,-7.5871429861050865,171.0,12.0,14,-2.251994327602533,-0.5419387847217919,-1.3233368729210762,-0.049267162247435624,-1.3726040351685118
A Badoni,2025,6.651776148444273,7.375477199451708,222.0,10.0,14,0.4751268677460195,0.5268197999608363,0.3084156860807495,0.04052459999698741,0.3489402860777369
A Badoni,2026,-10.904391631381419,-6.374581252860766,141.0,6.0,10,-1.0904391631381418,-0.6374581252860766,-0.5890878237642835,-0.030355148823146504,-0.61944297258743
A Chandila,2012,-1.3466784259936384,43.85625842798127,1.0,84.0,4,-0.3366696064984096,10.964064606995317,-0.0027823934421356165,4.514614838174542,4.5118324447324065
A Chandila,2013,-4.137949492304601,34.659895757271265,6.0,150.0,8,-0.5172436865380752,4.332486969658908,-0.024630651739908343,2.4069372053660603,2.382306553626152
A Chopra,2008,-43.836002973128586,0.0,52.0,0.0,5,-8.767200594625717,0.0,-2.650549016979868,0.0,-2.650549016979868
A Chopra,2009,-9.141051909517426,0.0,19.0,0.0,2,-4.570525954758713,0.0,-0.6247481520893204,0.0,-0.6247481520893204
A Choudhary,2017,-4.228720013321308,10.489669064758521,20.0,101.0,5,-0.8457440026642615,2.0979338129517044,-0.12082057180918022,0.9587842312584712,0.837963659449291
A Dananjaya,2018,-3.243921445017349,-22.51183472507825,5.0,24.0,1,-3.243921445017349,-22.51183472507825,-0.12975685780069396,-3.7519724541797084,-3.8817293119804024
A Flintoff,2009,7.406155479865287,-31.382888659534768,53.0,66.0,3,2.468718493288429,-10.46096288651159,0.7563126019900968,-3.711954572633145,-2.955641970643048
A Kamboj,2024,-1.1859070062892523,-29.633561006181747,2.0,60.0,3,-0.39530233542975074,-9.87785366872725,-0.006480366154586078,-3.29261788957575,-3.299098255730336
A Kamboj,2025,-8.485643883060424,62.27147844972204,12.0,129.0,8,-1.060705485382553,7.783934806215255,-0.09642777139841391,4.032640923701879,3.9362131523034654
A Kamboj,2026,-3.8960201788651068,-13.607067136109809,38.0,302.0,14,-0.2782871556332219,-0.9719333668649863,-0.06692982224090148,-0.6955542104104879,-0.7624840326513894
A Kumble,2008,-14.229433363249452,-17.783774955052188,17.0,230.0,10,-1.4229433363249453,-1.7783774955052187,-0.17656961107681804,-1.1686480684748581,-1.3452176795516761
A Kumble,2009,-7.649062860117866,85.47296062358241,19.0,355.0,16,-0.4780664287573666,5.342060038973901,-0.06534720968625875,3.992486976496284,3.927139766810025
A Kumble,2010,-8.902642838693826,76.08648382042615,11.0,380.0,16,-0.5564151774183641,4.755405238776635,-0.046721885126732865,3.614107981470242,3.567386096343509
A Manohar,2022,-0.908902118489765,0.0,75.0,0.0,8,-0.11361276481122062,0.0,-0.04369721723508485,0.0,-0.04369721723508485
A Manohar,2023,-10.060947989765321,0.0,83.0,0.0,9,-1.1178831099739246,0.0,-0.4570655080188953,0.0,-0.4570655080188953
A Manohar,2024,-19.440721326845193,0.0,16.0,0.0,2,-9.720360663422596,0.0,-1.1435718427555996,0.0,-1.1435718427555996
A Manohar,2025,-36.43045294119134,0.0,61.0,0.0,8,-4.553806617648918,0.0,-1.5347083076054362,0.0,-1.5347083076054362
A Mhatre,2025,31.461770394823354,0.0,127.0,0.0,7,4.494538627831908,0.0,2.3109571082374583,0.0,2.3109571082374583
A Mhatre,2026,12.937466564317177,0.0,113.0,0.0,6,2.1562444273861963,0.0,1.0457322759426617,0.0,1.0457322759426617
A Mishra,2008,-18.63209626700924,47.68626726014566,42.0,119.0,6,-3.105349377834873,7.947711210024277,-0.8050905794386708,3.957228594112506,3.1521380146738354
A Mishra,2009,-4.751564955045392,1.7792049496847504,20.0,253.0,11,-0.43196045045867204,0.1617459045167955,-0.0617086357798103,0.10970968858645913,0.04800105280664883
A Mishra,2010,-31.624616831757734,83.48176330669135,51.0,318.0,14,-2.2589012022684094,5.9629830933350965,-0.6737073761151396,4.329289095161098,3.655581719045958
A Mishra,2011,-1.4119654335532976,69.97802715059832,49.0,320.0,14,-0.10085467382523554,4.998430510757023,-0.029241887677139297,3.6352221896414716,3.6059803019643324
A Mishra,2012,-16.3936861477778,-7.776720856446935,20.0,282.0,14,-1.1709775819841286,-0.5554800611747811,-0.16728251171201838,-0.3896651175405181,-0.5569476292525365
A Mishra,2013,-28.774504654114075,84.13796152546152,96.0,372.0,17,-1.6926179208302397,4.949291854438913,-0.7522746314801064,3.742147499697715,2.9898728682176086
A Mishra,2014,-7.841695648468456,-55.803222863741325,7.0,225.0,10,-0.7841695648468456,-5.580322286374132,-0.043221944519117476,-3.6393406215483473,-3.682562566067465
A Mishra,2015,-15.270390171260718,12.932738079089498,12.0,241.0,12,-1.2725325142717265,1.0777281732574582,-0.11568477402470241,0.7194805810389125,0.6037958070142101
A Mishra,2016,-16.54084710860601,42.03049885446285,14.0,276.0,14,-1.1814890791861434,3.002178489604489,-0.12343915752691051,2.0924274321485834,1.968988274621673
A Mishra,2017,-17.99249592281633,-42.20793440302754,52.0,233.0,14,-1.2851782802011666,-3.0148524573591096,-0.38854227075849224,-1.989973435027401,-2.378515705785893
A Mishra,2018,-1.8975685780069396,46.97785964855251,2.0,222.0,10,-0.18975685780069396,4.697785964855251,-0.003110768160667114,3.0494400122744616,3.0463292441137946
A Mishra,2019,-14.533478383976727,51.92931534769846,24.0,240.0,11,-1.321225307634248,4.720846849790769,-0.22020421793904132,3.1472312331938457,2.9270270152548044
A Mishra,2020,0.0,8.943363296083653,0.0,60.0,3,0.0,2.981121098694551,0.0,0.9937070328981837,0.9937070328981837
A Mishra,2021,0.0,9.105651334518562,0.0,84.0,4,0.0,2.2764128336296405,0.0,0.9373464609063226,0.9373464609063226
A Mishra,2023,-21.69913291784102,18.553684348558544,30.0,114.0,7,-3.0998761311201455,2.6505263355083635,-0.6199752262240291,1.29128206088869,0.6713068346646608
A Mishra,2024,0.0,0.05458517404006269,0.0,12.0,1,0.0,0.05458517404006269,0.0,0.004962288549096608,0.004962288549096608
A Mithun,2009,0.0,-19.725136957315822,0.0,24.0,1,0.0,-19.725136957315822,0.0,-3.2875228262193037,-3.2875228262193037
A Mithun,2010,-2.2391820597357963,-6.8169801562638455,4.0,18.0,1,-2.2391820597357963,-6.8169801562638455,-0.07223167934631601,-0.8891713247300668,-0.9614030040763828
A Mithun,2011,-3.9868879517823324,-89.58920263030241,20.0,204.0,12,-0.3322406626485277,-7.465766885858534,-0.04746295180693253,-4.700668039244262,-4.748130991051195
A Mithun,2012,0.0,-15.394081744511595,0.0,18.0,1,0.0,-15.394081744511595,0.0,-2.0079237058058603,-2.0079237058058603
A Mithun,2013,-2.5326890400698785,-13.069164490734504,2.0,24.0,1,-2.5326890400698785,-13.069164490734504,-0.04151949246016194,-2.178194081789084,-2.219713574249246
A Mukund,2008,-3.2076483236926245,0.0,1.0,0.0,2,-1.6038241618463123,0.0,-0.013254745139225721,0.0,-0.013254745139225721
A Mukund,2013,-0.8984419808649644,0.0,21.0,0.0,1,-0.8984419808649644,0.0,-0.13381050778839898,0.0,-0.13381050778839898
A Nehra,2008,-16.858957696383985,-0.5607944293268723,13.0,269.0,14,-1.2042112640274276,-0.04005674495191945,-0.11770486039365834,-0.027699908462895457,-0.1454047688565538
A Nehra,2009,-0.2645723663570179,60.13839957109959,1.0,306.0,13,-0.020351720489001378,4.62603073623843,-0.00016819603709918493,3.322923486593802,3.3227552905567026
A Nehra,2010,-5.91575346147227,34.27109914151776,20.0,84.0,4,-1.4789383653680674,8.56777478537944,-0.21127690933829535,3.5279072645680047,3.3166303552297096
A Nehra,2012,-5.16014111192366,-60.33849317540636,12.0,288.0,13,-0.39693393168643537,-4.641422551954336,-0.03608490288058504,-3.2762982719677667,-3.312383174848352
A Nehra,2013,-17.130756160279514,-55.632526294796406,8.0,216.0,10,-1.7130756160279514,-5.56325262947964,-0.10706722600174697,-3.576376690379769,-3.683443916381516
A Nehra,2014,0.0,-7.308133881282921,0.0,90.0,4,0.0,-1.8270334703207303,0.0,-0.7830143444231701,-0.7830143444231701
A Nehra,2015,-11.117669730795587,73.83596492850677,7.0,372.0,16,-0.6948543581747242,4.614747808031673,-0.038299059111992675,3.4891995621702896,3.450900503058297
A Nehra,2016,-0.447993890414748,20.39789064145802,1.0,156.0,8,-0.0559992363018435,2.5497363301822524,-0.00046280360580035955,1.441155317059534,1.4406925134537336
A Nehra,2017,0.0,-24.62155080708396,0.0,127.0,6,0.0,-4.10359180118066,0.0,-2.10994396255038,-2.10994396255038
A Nel,2008,-1.8200392093016777,1.4977430622631718,0.0,18.0,1,-1.8200392093016777,1.4977430622631718,-0.0,0.19535779072997894,0.19535779072997894
A Nortje,2020,-3.664668418461718,31.85328147775353,6.0,366.0,16,-0.22904177615385737,1.9908300923595956,-0.01090675124542178,1.4992671065917944,1.4883603553463727
A Nortje,2021,0.0,104.83569882125596,0.0,182.0,8,0.0,13.104462352656995,0.0,7.897391219150904,7.897391219150904
A Nortje,2022,-7.866833723715332,-16.18333145524941,6.0,134.0,6,-1.3111389539525553,-2.697221909208235,-0.06243518828345501,-1.4229438418657616,-1.4853790301492167
A Nortje,2023,-10.915279282349056,13.283457056611137,29.0,240.0,10,-1.0915279282349055,1.3283457056611137,-0.2124450330121628,0.8855638037740757,0.673118770761913
A Nortje,2024,-12.383706443760364,-73.1027341075649,8.0,132.0,6,-2.0639510739600606,-12.183789017927483,-0.1289969421225038,-6.3819847236763,-6.510981665798804
A Nortje,2025,0.0,-22.39832288264237,0.0,42.0,2,0.0,-11.199161441321184,0.0,-2.9034862996017883,-2.9034862996017883
A Nortje,2026,-3.3686274124644155,-6.2579384333576105,1.0,24.0,1,-3.3686274124644155,-6.2579384333576105,-0.027839895970780293,-1.0429897388929352,-1.0708296348637156
A Raghuvanshi,2024,-3.5612257942198013,0.0,105.0,0.0,10,-0.3561225794219801,0.0,-0.16619053706359072,0.0,-0.16619053706359072
A Raghuvanshi,2025,-5.494092952901134,0.0,215.0,0.0,12,-0.45784107940842783,0.0,-0.29383830469496114,0.0,-0.29383830469496114
A Raghuvanshi,2026,11.112023067918969,0.0,288.0,0.0,13,0.8547710052245361,0.0,0.6033677683937901,0.0,0.6033677683937901
A Singh,2009,-4.613756308372731,65.33765011162072,3.0,105.0,5,-0.9227512616745462,13.067530022324144,-0.022506128333525516,6.0981806770846,6.075674548751074
A Singh,2011,-11.019640511002311,-14.210357843078842,4.0,171.0,9,-1.2244045012224791,-1.5789286492309824,-0.03949691939427352,-0.9278240516099587,-0.9673209710042323
A Singh,2012,-5.860074487282593,-43.02125771804298,3.0,197.0,9,-0.6511193874758436,-4.78013974644922,-0.015880960670142528,-2.9706231231876856,-2.9865040838578283
A Symonds,2008,47.04903995369931,-54.95503816545934,105.0,41.0,4,11.762259988424827,-13.738759541364836,5.489054661264919,-3.498690317987318,1.9903643432776006
A Symonds,2009,73.6958994238677,3.7799522453123426,166.0,144.0,8,9.211987427983463,0.47249403066404283,5.3468178777806115,0.25772401672584155,5.604541894506453
A Symonds,2010,24.95953933684966,37.02037130847557,341.0,318.0,16,1.5599712085531037,2.313773206779723,1.1539049503614065,1.67986273916884,2.8337676895302466
A Symonds,2011,-30.303047669695953,-11.09235605208364,138.0,24.0,11,-2.754822515426905,-1.0083960047348763,-1.473509717553926,-0.16806600078914605,-1.6415757183430721
A Tomar,2022,-14.188626521374497,0.0,8.0,0.0,1,-14.188626521374497,0.0,-0.886789157585906,0.0,-0.886789157585906
A Uniyal,2010,-7.303539197561385,-9.848034146421707,7.0,36.0,2,-3.6517695987806924,-4.9240170732108535,-0.20127863930287282,-1.1363116322794278,-1.3375902715823007
A Zampa,2016,-3.2680330997164257,53.145982218978716,1.0,102.0,5,-0.6536066199432852,10.629196443795744,-0.005401707602837067,4.883684852554801,4.878283144951964
A Zampa,2017,-4.621867673962553,-5.825564350918049,7.0,119.0,6,-0.7703112789937588,-0.9709273918196749,-0.04245810199178198,-0.4834324670566582,-0.5258905690484402
A Zampa,2020,0.0,-7.55234244269789,0.0,66.0,3,0.0,-2.5174474808992966,0.0,-0.8932878158029761,-0.8932878158029761
A Zampa,2023,-19.324820059444463,12.363514718889768,16.0,132.0,6,-3.220803343240744,2.060585786481628,-0.378918040381264,1.0793544595856146,0.7004364192043506
A Zampa,2025,0.0,-17.713870528208595,0.0,48.0,2,0.0,-8.856935264104298,0.0,-2.530552932601228,-2.530552932601228
AA Bilakhia,2009,-28.240360319624127,0.0,81.0,0.0,6,-4.706726719937355,0.0,-1.8967406184822175,0.0,-1.8967406184822175
AA Bilakhia,2010,-5.239182059735796,0.0,4.0,0.0,1,-5.239182059735796,0.0,-0.16900587289470312,0.0,-0.16900587289470312
AA Chavan,2011,-7.600304652056975,-4.498407367014341,3.0,30.0,2,-3.8001523260284875,-2.2492036835071705,-0.09268664209825579,-0.4498407367014341,-0.5425273787996899
AA Chavan,2012,-1.5934666172507845,-34.88888157377586,8.0,164.0,8,-0.19918332715634807,-4.361110196721983,-0.012448957947271754,-2.5183875783887504,-2.530836536336022
AA Chavan,2013,0.0,-20.318578721333573,0.0,54.0,3,0.0,-6.772859573777858,0.0,-2.10192193668968,-2.10192193668968
AA Jhunjhunwala,2010,-23.998178308865818,-33.61391715029887,166.0,37.0,13,-1.8460137160666013,-2.5856859346383745,-1.0714625065281673,-0.6093654750421647,-1.680827981570332
AA Jhunjhunwala,2011,-12.873152265490077,-9.92140901177638,18.0,12.0,3,-4.291050755163359,-3.307136337258793,-0.5597022724126121,-0.3006487579326176,-0.8603510303452296
AA Jhunjhunwala,2012,-8.933391780250798,-0.6995500757451225,26.0,36.0,5,-1.7866783560501596,-0.1399100151490245,-0.31817559765276815,-0.03228692657285181,-0.35046252422561996
AA Kazi,2011,0.0,-8.92140901177638,0.0,12.0,1,0.0,-8.92140901177638,0.0,-0.8110371828887618,-0.8110371828887618
AA Kulkarni,2024,-23.675125515440474,0.0,8.0,0.0,2,-11.837562757720237,0.0,-0.7398476723575148,0.0,-0.7398476723575148
AA Kulkarni,2026,-29.390363189500178,0.0,25.0,0.0,2,-14.695181594750089,0.0,-2.5336519990948427,0.0,-2.5336519990948427
AA Noffke,2008,-6.743318622642139,-9.415384673710417,10.0,24.0,1,-6.743318622642139,-9.415384673710417,-0.5187168171263183,-1.5692307789517361,-2.0879475960780542
AB Agarkar,2008,-16.264463495333946,-3.6064881443907275,46.0,156.0,9,-1.8071626105926606,-0.40072090493230306,-0.5007800005256771,-0.2264944245269539,-0.727274425052631
AB Agarkar,2009,-0.9292980610847739,-61.020759042700305,57.0,186.0,11,-0.08448164191679762,-5.547341731154574,-0.027205952481680586,-3.371913601290035,-3.3991195537717154
AB Agarkar,2010,-1.108824874949033,-31.036240398056073,29.0,132.0,7,-0.15840355356414756,-4.433748628293725,-0.030830221834632746,-2.3224397576776656,-2.3532699795122984
AB Agarkar,2011,-2.467771838820507,-18.841721546497688,6.0,162.0,7,-0.3525388341172153,-2.691674506642527,-0.016787563529391206,-1.5462810995606004,-1.5630686630899917
AB Agarkar,2012,0.0,-30.597064672599693,0.0,86.0,4,0.0,-7.649266168149923,0.0,-3.1933829634023954,-3.1933829634023954
AB Agarkar,2013,-12.315246913855956,-28.036593900969343,16.0,60.0,4,-3.078811728463989,-7.009148475242336,-0.36221314452517517,-2.3363828250807783,-2.6985959696059534
AB Barath,2010,-7.551913906374141,0.0,42.0,0.0,3,-2.517304635458047,0.0,-0.6526345351187528,0.0,-0.6526345351187528
AB Dinda,2008,-4.982152217591819,52.92154378505204,4.0,234.0,13,-0.3832424782762938,4.070887983465541,-0.012362660589557865,2.6909259551721374,2.6785632945825797
AB Dinda,2009,-5.43379551767441,-53.99679552369511,3.0,144.0,9,-0.6037550575193789,-5.999643947077235,-0.014725733110228753,-3.272533062042128,-3.287258795152357
AB Dinda,2010,-3.174824921910207,40.30383631305125,1.0,139.0,7,-0.45354641741574386,5.757690901864464,-0.0037483174993036684,3.0900348855566047,3.086286568057301
AB Dinda,2011,-8.193149733900702,-16.730066943859768,5.0,102.0,6,-1.365524955650117,-2.788344490643295,-0.05462099822600468,-1.28113125245773,-1.3357522506837347
AB Dinda,2012,-6.55343133926987,38.25054238402174,5.0,144.0,7,-0.9362044770385528,5.464363197717391,-0.03744817908154212,2.9805617442094863,2.9431135651279443
AB Dinda,2013,-9.559652487828462,-65.48716904954354,11.0,294.0,13,-0.7353578836791125,-5.03747454227258,-0.06174760855320791,-3.577336993787774,-3.639084602340982
AB Dinda,2014,-17.65461440721313,-16.310429210796336,12.0,186.0,9,-1.9616238230236813,-1.812269912310704,-0.1783294384566983,-1.1015758290516044,-1.2799052675083027
AB Dinda,2015,0.0,-37.8070698382031,0.0,30.0,2,0.0,-18.90353491910155,0.0,-3.7807069838203096,-3.7807069838203096
AB Dinda,2016,0.0,48.64255462222192,0.0,183.0,9,0.0,5.4047282913579915,0.0,3.2642418393350248,3.2642418393350248
AB Dinda,2017,-2.9801096373117524,-40.77503942712442,7.0,60.0,3,-0.9933698791039175,-13.591679809041473,-0.05475267050179073,-4.530559936347158,-4.585312606848949
AB McDonald,2009,-6.050470388923472,-6.225586350838857,4.0,18.0,1,-6.050470388923472,-6.225586350838857,-0.19517646415882167,-0.8120330022833293,-1.007209466442151
AB McDonald,2010,-0.3984044761732273,-13.006612338409656,52.0,84.0,4,-0.09960111904330682,-3.251653084602414,-0.030111966222395085,-1.338915976012759,-1.369027942235154
AB McDonald,2011,-2.7423939437403106,-12.845130221169727,7.0,12.0,1,-2.7423939437403106,-12.845130221169727,-0.15115557170222185,-1.1677391110154298,-1.3188946827176518
AB McDonald,2012,-1.7406325601894332,30.09087024694903,35.0,60.0,3,-0.5802108533964777,10.030290082316343,-0.13101535399275302,3.3434300274387807,3.2124146734460277
AB McDonald,2013,-4.5326890400698785,0.17825053209671893,2.0,12.0,1,-4.5326890400698785,0.17825053209671893,-0.07430637770606358,0.016204593826974447,-0.058101783879089125
AB de Villiers,2008,-38.34298413168756,0.0,98.0,0.0,6,-6.390497355281259,0.0,-2.872792389071392,0.0,-2.872792389071392
AB de Villiers,2009,106.97302823438125,0.0,355.0,0.0,15,7.131535215625417,0.0,5.329884213783206,0.0,5.329884213783206
AB de Villiers,2010,-26.249035109007302,0.0,119.0,0.0,7,-3.7498621584296146,0.0,-1.8670861793017746,0.0,-1.8670861793017746
AB de Villiers,2011,26.01578389821088,0.0,243.0,0.0,16,1.62598649363818,0.0,1.0884702973941536,0.0,1.0884702973941536
AB de Villiers,2012,60.13049029918756,0.0,198.0,0.0,15,4.00869935327917,0.0,2.495982616192691,0.0,2.495982616192691
AB de Villiers,2013,90.91565859068388,0.0,219.0,0.0,14,6.493975613620277,0.0,4.195223184020179,0.0,4.195223184020179
AB de Villiers,2014,68.12895069797648,0.0,249.0,0.0,14,4.866353621284034,0.0,3.2837995981022345,0.0,3.2837995981022345
AB de Villiers,2015,136.66071522417047,0.0,293.0,0.0,16,8.541294701510655,0.0,6.059562584848963,0.0,6.059562584848963
AB de Villiers,2016,197.29705687524933,0.0,407.0,0.0,16,12.331066054703083,0.0,9.52323317697183,0.0,9.52323317697183
AB de Villiers,2017,-11.455685782026535,0.0,163.0,0.0,9,-1.272853975780726,0.0,-0.7331279083118669,0.0,-0.7331279083118669
AB de Villiers,2018,145.57807700380374,0.0,275.0,0.0,12,12.131506416983646,0.0,8.445985480178487,0.0,8.445985480178487
AB de Villiers,2019,61.76866958903378,0.0,287.0,0.0,13,4.751436122233367,0.0,3.350521295039254,0.0,3.350521295039254
AB de Villiers,2020,79.13903923899201,0.0,286.0,0.0,15,5.275935949266134,0.0,3.716546013522449,0.0,3.716546013522449
AB de Villiers,2021,40.602610402471996,0.0,211.0,0.0,15,2.706840693498133,0.0,1.7255087200244894,0.0,1.7255087200244894
AC Blizzard,2011,0.6446416959390255,0.0,87.0,0.0,6,0.10744028265650425,0.0,0.045156060826646714,0.0,0.045156060826646714
AC Blizzard,2012,-14.635676168685096,0.0,3.0,0.0,1,-14.635676168685096,0.0,-0.3569677114313438,0.0,-0.3569677114313438
AC Gilchrist,2008,63.95212646680899,0.0,318.0,0.0,14,4.5680090333434995,0.0,3.316499709139801,0.0,3.316499709139801
AC Gilchrist,2009,154.06929460071393,0.0,325.0,0.0,16,9.62933091254462,0.0,7.032657408038205,0.0,7.032657408038205
AC Gilchrist,2010,-27.18675119806675,0.0,185.0,0.0,16,-1.699171949879172,0.0,-1.030645281074252,0.0,-1.030645281074252
AC Gilchrist,2011,24.566946066029857,0.0,295.0,0.0,14,1.7547818618592754,0.0,1.2473750584300873,0.0,1.2473750584300873
AC Gilchrist,2012,6.909816146461171,0.0,143.0,0.0,7,0.9871165923515959,0.0,0.5367211889972556,0.0,0.5367211889972556
AC Gilchrist,2013,14.690026064327641,3.2521451697898685,229.0,1.0,13,1.1300020049482802,0.2501650130607591,0.7414626336193587,0.002067479446783133,0.7435301130661418
AC Thomas,2011,-4.098488419679219,17.91468366870909,4.0,231.0,11,-0.37258985633447445,1.6286076062462806,-0.012019027623692724,1.071818681033877,1.0597996534101843
AC Thomas,2012,-4.840254808507931,-7.830835819630817,15.0,84.0,4,-1.2100637021269827,-1.9577089549077042,-0.13445152245855363,-0.8061154520208195,-0.9405669744793731
AC Voges,2010,6.917144218345277,-21.29369542447212,143.0,54.0,9,0.7685715798161419,-2.36596615827468,0.41789253199128623,-0.7342653594645558,-0.3163728274732696
AD Hales,2018,-11.147612314295888,0.0,118.0,0.0,6,-1.8579353857159813,0.0,-0.9211612416575033,0.0,-0.9211612416575033
AD Mascarenhas,2008,-1.590971428787381,4.473586058003063,8.0,24.0,1,-1.590971428787381,4.473586058003063,-0.09943571429921132,0.7455976763338438,0.6461619620346325
AD Mascarenhas,2009,-22.871812294927224,23.679882496999973,39.0,116.0,5,-4.574362458985445,4.735976499399994,-1.1220134333360525,2.3278528556372855,1.205839422301233
AD Mascarenhas,2010,-3.3678963353869737,15.405024947489,10.0,48.0,2,-1.6839481676934869,7.7025124737445,-0.12953447443796054,2.200717849641286,2.0711833752033253
AD Mascarenhas,2012,-11.781188362191713,52.0314601733222,16.0,96.0,4,-2.9452970905479283,13.00786504333055,-0.34650554006446216,5.781273352591355,5.434767812526893
AD Mascarenhas,2013,-1.7816245769205028,-5.767945182651525,5.0,24.0,1,-1.7816245769205028,-5.767945182651525,-0.07126498307682011,-0.9613241971085876,-1.0325891801854077
AD Mathews,2009,0.37794160001767174,-19.396190237460324,13.0,14.0,1,0.37794160001767174,-19.396190237460324,0.03694166015210325,-2.026467636749586,-1.9895259765974829
AD Mathews,2010,9.932551864980583,-33.73171016287883,184.0,225.0,14,0.7094679903557559,-2.409407868777059,0.4294148362679575,-1.571352957898082,-1.1419381216301245
AD Mathews,2012,-13.584204002200188,2.9406814225400595,108.0,156.0,9,-1.5093560002444653,0.32674238028222885,-0.7149581053789573,0.18468047581169456,-0.5302776295672628
AD Mathews,2013,-0.9747581957650104,-28.688804438645846,139.0,186.0,11,-0.08861438143318277,-2.608073130785986,-0.047557525170704266,-1.585299354007168,-1.6328568791778724
AD Mathews,2015,-12.504058581734308,8.231099444901806,104.0,180.0,11,-1.1367325983394825,0.7482817677183461,-0.5277687063719025,0.4489690606310076,-0.07879964574089493
AD Mathews,2017,-6.850587687283864,-19.59606245328726,27.0,30.0,3,-2.283529229094621,-6.53202081776242,-0.4194237359561549,-1.306404163552484,-1.725827899508639
AD Nath,2016,-22.586870323613994,0.0,27.0,0.0,4,-5.646717580903498,0.0,-1.0371522087373772,0.0,-1.0371522087373772
AD Nath,2017,-6.762654048320904,0.0,1.0,0.0,1,-6.762654048320904,0.0,-0.05588970287868516,0.0,-0.05588970287868516
AD Nath,2018,-9.396741649240482,0.0,13.0,0.0,1,-9.396741649240482,0.0,-0.9184785070686186,0.0,-0.9184785070686186
AD Nath,2019,-21.437976554847193,0.0,57.0,0.0,8,-2.679747069355899,0.0,-0.8629693952163066,0.0,-0.8629693952163066
AD Russell,2012,8.910401375970226,-57.79316408960365,26.0,96.0,4,2.2276003439925565,-14.448291022400912,0.39669595166990734,-6.421462676622628,-6.024766724952721
AD Russell,2013,-11.628627233980762,-24.057018224526082,14.0,42.0,3,-3.8762090779935874,-8.019006074842027,-0.4049770678500763,-2.079001574959044,-2.48397864280912
AD Russell,2014,-17.552032170636185,-9.093414920871007,8.0,30.0,2,-8.776016085318092,-4.546707460435504,-0.5485010053323808,-0.9093414920871008,-1.4578424974194815
AD Russell,2015,101.61006436455756,12.14374610801859,169.0,244.0,13,7.816158797273658,0.9341343160014299,4.570694936814007,0.6261779480888706,5.196872884902878
AD Russell,2016,25.220694254336003,63.00985438874194,114.0,219.0,12,2.101724521194667,5.2508211990618285,1.0239170744281711,3.3921234294824205,4.416040503910592
AD Russell,2018,69.11201315887108,-15.672993342471685,171.0,227.0,16,4.319500822429442,-0.9795620839044803,2.5382633698812187,-0.640808625493709,1.8974547443875096
AD Russell,2019,170.19257260640077,-21.51379704935351,249.0,181.0,14,12.156612329028627,-1.5366997892395364,8.203242465929886,-0.9240619995094886,7.279180466420398
AD Russell,2020,-5.211359624680219,-21.247779123060507,81.0,108.0,10,-0.521135962468022,-2.1247779123060506,-0.2100100147259193,-1.006473747934445,-1.2164837626603644
AD Russell,2021,27.46726522218954,-18.599856748047564,120.0,114.0,10,2.746726522218954,-1.8599856748047565,1.373363261109477,-0.9061468672125736,0.4672163938969034
AD Russell,2022,67.43749121451741,20.409893559410776,192.0,169.0,14,4.816963658179815,1.4578495399579126,2.9642853281106554,0.8525140908404403,3.8167994189510956
AD Russell,2023,-12.362582409898852,-2.728951545947627,156.0,91.0,14,-0.8830416007070608,-0.1949251104248305,-0.4991104699648605,-0.08406722771876575,-0.5831776976836263
AD Russell,2024,35.79528603424307,25.55447399947208,120.0,176.0,14,2.5568061453030766,1.8253195713908628,1.2784030726515383,1.0853251505567294,2.363728223208268
AD Russell,2025,2.3288205734208987,-14.622224292057183,102.0,109.0,13,0.1791400441092999,-1.1247864840043986,0.08230758783400266,-0.535378719460609,-0.45307113162660634
AF Milne,2016,0.0,-11.322043388959788,0.0,24.0,1,0.0,-11.322043388959788,0.0,-1.8870072314932982,-1.8870072314932982
AF Milne,2017,-14.149773956388985,-33.99665186949449,12.0,84.0,4,-3.5374434890972464,-8.499162967373623,-0.3215857717361133,-3.499655339506786,-3.8212411112428994
AF Milne,2021,-9.460908443213667,-18.715625848571833,17.0,84.0,4,-2.3652271108034166,-4.678906462142958,-0.2934953349172123,-1.9266085432353357,-2.220103878152548
AF Milne,2022,0.0,-5.015597608816989,0.0,15.0,1,0.0,-5.015597608816989,0.0,-0.5572886232018877,-0.5572886232018877
AF Milne,2026,-1.0971764063254754,-14.426952302401487,2.0,20.0,1,-1.0971764063254754,-14.426952302401487,-0.017986498464352057,-2.060993186057355,-2.0789796845217072
AG Murtaza,2010,0.0,8.590714695145367,0.0,72.0,3,0.0,2.863571565048456,0.0,1.073839336893171,1.073839336893171
AG Murtaza,2011,-4.373110524599024,9.810262798390013,5.0,120.0,5,-0.8746221049198049,1.9620525596780027,-0.034984884196792194,0.9810262798390014,0.9460413956422091
AG Murtaza,2012,-3.7333921299681916,-1.9070282389281354,5.0,12.0,1,-3.7333921299681916,-1.9070282389281354,-0.14933568519872767,-0.1733662035389214,-0.32270188873764905
AG Murtaza,2013,-2.2453388708380797,-14.549604930874121,4.0,60.0,3,-0.7484462902793599,-4.849868310291374,-0.02414342871868903,-1.6166227700971247,-1.6407661988158138
AG Paunikar,2010,-13.322076912220764,0.0,1.0,0.0,1,-13.322076912220764,0.0,-0.11009980919190714,0.0,-0.11009980919190714
AG Paunikar,2011,-35.896864821202996,0.0,57.0,0.0,4,-8.974216205300749,0.0,-2.890001828825665,0.0,-2.890001828825665
AJ Finch,2010,-4.362669922175198,2.4986483991391313,21.0,7.0,1,-4.362669922175198,2.4986483991391313,-0.6497593501111997,0.13772077790530646,-0.5120385722058932
AJ Finch,2011,-40.49219982161628,1.1599593266702308,46.0,12.0,6,-6.748699970269381,0.19332655444503846,-1.8701216785083825,0.017575141313185317,-1.8525465371951972
AJ Finch,2012,6.334999087946239,0.0,51.0,0.0,2,3.1674995439731193,0.0,0.9446928464481232,0.0,0.9446928464481232
AJ Finch,2013,86.13408535476675,-22.205722059229043,336.0,24.0,14,6.152434668197626,-1.586123004230646,4.533372913408777,-0.26435383403844104,4.269019079370336
AJ Finch,2014,-27.80776851388403,0.0,263.0,0.0,13,-2.139059116452618,0.0,-1.4688578267024504,0.0,-1.4688578267024504
AJ Finch,2015,-24.440608198735426,0.0,33.0,0.0,3,-8.146869399578476,0.0,-1.7571679097130044,0.0,-1.7571679097130044
AJ Finch,2016,13.13159048528691,0.0,299.0,0.0,13,1.01012234502207,0.0,0.7208271626768471,0.0,0.7208271626768471
AJ Finch,2017,35.75544600341155,0.0,180.0,0.0,13,2.75041892333935,0.0,1.6502513540036101,0.0,1.6502513540036101
AJ Finch,2018,-27.18097610785275,0.0,100.0,0.0,10,-2.718097610785275,0.0,-1.2354989139933068,0.0,-1.2354989139933068
AJ Finch,2020,-30.883488416176434,0.0,241.0,0.0,12,-2.5736240346813695,0.0,-1.7181257406044599,0.0,-1.7181257406044599
AJ Finch,2022,-16.545226990547555,0.0,61.0,0.0,5,-3.309045398109511,0.0,-1.1152031452192275,0.0,-1.1152031452192275
AJ Hosein,2023,1.3602890846744737,-10.705923745546823,10.0,24.0,1,1.3602890846744737,-10.705923745546823,0.10463762189803644,-1.7843206242578036,-1.679683002359767
AJ Hosein,2026,0.3542353905117872,46.43931264637661,3.0,148.0,7,0.05060505578739817,6.6341875209109435,0.001234269653351175,3.663655795129924,3.6648900647832754
AJ Turner,2019,-16.801395942295134,0.0,10.0,0.0,4,-4.2003489855737834,0.0,-0.32310376812106023,0.0,-0.32310376812106023
AJ Turner,2024,-10.681016665758921,0.0,18.0,0.0,2,-5.340508332879461,0.0,-0.6965880434190601,0.0,-0.6965880434190601
AJ Tye,2017,10.754594118811593,74.41904453649221,30.0,126.0,6,1.7924323531352655,12.403174089415367,0.35848647062705313,6.35284526531031,6.711331735937363
AJ Tye,2018,-36.615020493506,90.38732155579649,38.0,336.0,14,-2.615358606679,6.4562372539854636,-0.6290102978088734,4.757227450305079,4.128217152496205
AJ Tye,2019,-2.86825566287802,-55.828534865107315,2.0,132.0,6,-0.47804261047967,-9.30475581085122,-0.007836764106224098,-4.873919710445877,-4.881756474552101
AJ Tye,2020,-5.826457731168108,-18.465246640072852,6.0,24.0,1,-5.826457731168108,-18.465246640072852,-0.27745036815086227,-3.077541106678809,-3.354991474829671
AJ Tye,2022,0.0,-27.535459288160475,0.0,66.0,3,0.0,-9.178486429386824,0.0,-3.256882281395325,-3.256882281395325
AK Markram,2021,8.89140923903054,-1.527129462474276,119.0,24.0,6,1.4819015398384234,-0.254521577079046,0.7378505574927715,-0.04242026284650766,0.6954302946462638
AK Markram,2022,49.93236849113076,-19.500988408436502,274.0,36.0,14,3.566597749366483,-1.3929277434597502,2.4803243231634933,-0.321444863875327,2.1588794592881664
AK Markram,2023,-29.540549903837814,-10.956796766078813,197.0,49.0,13,-2.272349992602909,-0.842830520467601,-1.412154411806855,-0.24437097930717427,-1.6565253911140292
AK Markram,2024,-53.79093905455504,-0.695876797429059,177.0,12.0,11,-4.890085368595913,-0.06326152703900535,-2.914293300476352,-0.00575104791263685,-2.920044348388989
AK Markram,2025,7.599867252779748,8.17298428489117,299.0,66.0,13,0.5846051732907498,0.6286910988377823,0.4171764840428024,0.2230839382972776,0.64026042234008
AK Markram,2026,-40.893688873577815,-32.76671436099369,167.0,36.0,12,-3.4078074061314845,-2.7305595300828074,-1.9829401979928845,-0.6301291223268017,-2.613069320319686
AL Menaria,2011,-8.099609902400593,-19.25975959226431,152.0,90.0,13,-0.6230469155692764,-1.4815199686357161,-0.3481732763475368,-0.634937129415307,-0.9831104057628438
AL Menaria,2012,-33.00559110615841,2.07495022426254,202.0,20.0,15,-2.2003727404105606,0.138330014950836,-1.380358054543271,0.019761430707262283,-1.3605966238360088
AL Menaria,2013,-3.5326890400698785,0.0,2.0,0.0,1,-3.5326890400698785,0.0,-0.057912935083112765,0.0,-0.057912935083112765
AM Ghazanfar,2026,-2.6457646094882126,29.666396282611977,3.0,233.0,11,-0.24052405540801933,2.6969451166010887,-0.005866440375805349,1.7801365783797554,1.77427013800395
AM Nayar,2008,20.342018273415142,-17.172618347690985,138.0,42.0,14,1.4530013052439388,-1.2266155962636418,0.7771867446653626,-0.3180114508831664,0.45917529378219624
AM Nayar,2009,11.590965114379244,-0.5886087691770712,152.0,72.0,13,0.8916127011060957,-0.045277597629005475,0.49825415650046523,-0.01697909911087705,0.4812750573895882
AM Nayar,2010,-0.09650630052179476,0.0,51.0,0.0,3,-0.03216876684059825,0.0,-0.009594193619125793,0.0,-0.009594193619125793
AM Nayar,2011,-45.157686788595385,-22.099571866925018,67.0,61.0,10,-4.515768678859539,-2.2099571866925016,-1.6179492057945941,-0.7447922010400143,-2.3627414068346084
AM Nayar,2012,-15.970419456916371,-10.029823229607347,49.0,6.0,4,-3.9926048642290928,-2.5074558074018367,-1.1576191618179026,-0.11940265749532557,-1.2770218193132281
AM Nayar,2013,-31.28419012114904,-1.7879218145513658,73.0,48.0,11,-2.844017283740822,-0.1625383467773969,-1.0757163819330569,-0.046439527650684834,-1.1221559095837417
AM Nayar,2014,-25.770975257293287,0.0,47.0,0.0,5,-5.154195051458657,0.0,-1.450581840829682,0.0,-1.450581840829682
AM Rahane,2008,-32.23829931431244,0.0,17.0,0.0,2,-16.11914965715622,0.0,-2.0001864538077063,0.0,-2.0001864538077063
AM Rahane,2009,-12.149784378092576,6.008599854522835,123.0,6.0,8,-1.518723047261572,0.7510749818153544,-0.7687363572558574,0.035765475324540684,-0.7329708819313168
AM Rahane,2011,-5.872988508920232,0.0,98.0,0.0,10,-0.5872988508920232,0.0,-0.2640150797587994,0.0,-0.2640150797587994
AM Rahane,2012,75.95620719665183,0.0,433.0,0.0,16,4.7472629497907395,0.0,3.7171154742484447,0.0,3.7171154742484447
AM Rahane,2013,6.783070577245486,0.0,458.0,0.0,18,0.37683725429141585,0.0,0.29860114613402844,0.0,0.29860114613402844
AM Rahane,2014,-4.684767362796137,0.0,291.0,0.0,13,-0.3603667202150875,0.0,-0.25515015956834664,0.0,-0.25515015956834664
AM Rahane,2015,85.82001206488894,0.0,413.0,0.0,14,6.1300008617777815,0.0,4.749888097400045,0.0,4.749888097400045
AM Rahane,2016,27.225146235919755,0.0,379.0,0.0,14,1.944653302565697,0.0,1.4770012057563109,0.0,1.4770012057563109
AM Rahane,2017,-30.917298619040004,0.0,323.0,0.0,16,-1.9323311636900002,0.0,-1.4089006001622348,0.0,-1.4089006001622348
AM Rahane,2018,-35.981523431991036,0.0,313.0,0.0,15,-2.3987682287994025,0.0,-1.7339825764762424,0.0,-1.7339825764762424
AM Rahane,2019,18.353199155618412,0.0,285.0,0.0,14,1.3109427968298866,0.0,0.9225153014728832,0.0,0.9225153014728832
AM Rahane,2020,-62.093385657546186,0.0,107.0,0.0,9,-6.899265073060687,0.0,-3.252076488182791,0.0,-3.252076488182791
AM Rahane,2021,-11.068037536905884,0.0,8.0,0.0,2,-5.534018768452942,0.0,-0.34587617302830886,0.0,-0.34587617302830886
AM Rahane,2022,-34.42322619269367,0.0,128.0,0.0,7,-4.917603741813381,0.0,-2.538118060290777,0.0,-2.538118060290777
AM Rahane,2023,74.09075532812943,0.0,189.0,0.0,14,5.292196809152102,0.0,3.2369747473454606,0.0,3.2369747473454606
AM Rahane,2024,-60.4584469033549,0.0,196.0,0.0,13,-4.65064976179653,0.0,-2.88458023200038,0.0,-2.88458023200038
AM Rahane,2025,18.69255687080488,0.0,264.0,0.0,13,1.4378889900619138,0.0,0.9885486806675657,0.0,0.9885486806675657
AM Rahane,2026,-67.97053784236616,0.0,248.0,0.0,14,-4.855038417311868,0.0,-3.2718737160145195,0.0,-3.2718737160145195
AM Salvi,2009,0.0,-28.838727293950615,0.0,102.0,5,0.0,-5.767745458790123,0.0,-2.6500452107954615,-2.6500452107954615
AM Salvi,2011,0.0,-0.9503267663393586,0.0,48.0,2,0.0,-0.4751633831696793,0.0,-0.13576096661990839,-0.13576096661990839
AN Ahmed,2010,-5.483499988259707,-13.884653153420723,7.0,12.0,1,-5.483499988259707,-13.884653153420723,-0.3022401568332122,-1.2622411957655204,-1.5644813525987327
AN Ahmed,2011,1.4299126360425376,-13.771439595511744,13.0,120.0,6,0.23831877267375626,-2.295239932585291,0.02329431612600625,-1.1476199662926454,-1.1243256501666392
AN Ahmed,2012,0.0,-7.907028238928135,0.0,12.0,1,0.0,-7.907028238928135,0.0,-0.7188207489934669,-0.7188207489934669
AN Ahmed,2013,0.0,0.019497227070971235,0.0,42.0,2,0.0,0.009748613535485617,0.0,0.00252741832401479,0.00252741832401479
AN Ahmed,2014,2.5683347944047457,-1.9468790913242433,1.0,86.0,4,0.6420836986011864,-0.4867197728310608,0.005306476847943689,-0.2031936915702487,-0.197887214722305
AN Ahmed,2015,0.8245104182026723,-43.86536485762949,5.0,72.0,3,0.27483680606755745,-14.621788285876496,0.010993472242702298,-5.483170607203686,-5.472177134960984
AN Ghosh,2009,-15.72498070287608,0.0,8.0,0.0,2,-7.86249035143804,0.0,-0.4914056469648775,0.0,-0.4914056469648775
AP Dole,2010,1.3963780005873785,-7.626029042668865,22.0,66.0,3,0.46545933352912616,-2.5420096808896218,0.07211341787070968,-0.9020034351543819,-0.8298900172836722
AP Majumdar,2012,-7.459077836775649,0.0,76.0,0.0,4,-1.8647694591939123,0.0,-0.7230738719323333,0.0,-0.7230738719323333
AP Tare,2010,-12.640232314088026,0.0,36.0,0.0,7,-1.8057474734411465,0.0,-0.4167109554094954,0.0,-0.4167109554094954
AP Tare,2013,14.413299806525902,0.0,84.0,0.0,5,2.8826599613051807,0.0,1.1869776311256626,0.0,1.1869776311256626
AP Tare,2014,-8.353039782323327,0.0,98.0,0.0,15,-0.5568693188215551,0.0,-0.25033574882803855,0.0,-0.25033574882803855
AP Tare,2015,-22.678897047836323,0.0,17.0,0.0,2,-11.339448523918161,0.0,-1.4070848533329103,0.0,-1.4070848533329103
AP Tare,2016,-22.112904309515194,0.0,15.0,0.0,3,-7.370968103171731,0.0,-0.8189964559079701,0.0,-0.8189964559079701
AP Tare,2017,-37.77167904806005,0.0,23.0,0.0,3,-12.590559682686683,0.0,-2.025055053858697,0.0,-2.025055053858697
AR Bawne,2017,-4.445208482411781,0.0,12.0,0.0,1,-4.445208482411781,0.0,-0.4041098620374346,0.0,-0.4041098620374346
AR Patel,2014,-37.148641320489176,115.93345123433389,60.0,396.0,17,-2.1852141953228927,6.819614778490228,-0.7284047317742975,5.233657853259943,4.505253121485645
AR Patel,2015,-15.459002983230159,-7.516725849005569,174.0,280.0,14,-1.1042144988021543,-0.5369089892146836,-0.6535147033727036,-0.3758362924502785,-1.029350995822982
AR Patel,2016,-1.2120299773377565,-4.485659330201461,77.0,287.0,14,-0.08657356980983975,-0.32040423787153294,-0.033838400382526196,-0.22593615790941018,-0.2597745582919364
AR Patel,2017,3.7099620182323445,33.43431095955279,162.0,288.0,14,0.26499728701659603,2.388165068539485,0.1522324840308105,1.6857635777925777,1.8379960618233881
AR Patel,2018,-25.1173671356632,-20.560688677011953,69.0,156.0,9,-2.7908185706292445,-2.2845209641124393,-1.0188702718170257,-1.2912509797157266,-2.3101212515327525
AR Patel,2019,-24.60263410368902,16.44264285049181,88.0,306.0,14,-1.7573310074063586,1.1744744893208436,-0.7434861954411518,0.8436366050051131,0.10015040956396126
AR Patel,2020,-11.100727352735468,65.9765376910122,85.0,306.0,15,-0.7400484901823645,4.39843584606748,-0.30684937397805356,3.1594398330907256,2.852590459112672
AR Patel,2021,-28.342536012245997,57.54669940582306,46.0,276.0,12,-2.3618780010204996,4.795558283818589,-0.6544963135358012,3.3423588038735623,2.687862490337761
AR Patel,2022,4.669289045606952,-0.6632380586077842,120.0,258.0,13,0.359176080431304,-0.051018312200598784,0.179588040215652,-0.03482202261310711,0.1447660176025449
AR Patel,2023,-7.155029827809768,46.404444150389295,203.0,282.0,14,-0.5110735591292691,3.3146031535992355,-0.32120102942180073,2.325169376405434,2.0039683469836334
AR Patel,2024,-22.10320332340718,59.594105811353856,179.0,264.0,14,-1.578800237386227,4.256721843668132,-0.9451680350907514,2.9264962675218413,1.98132823243109
AR Patel,2025,-3.1821316117142153,-6.932998296593598,167.0,216.0,13,-0.24477935474724732,-0.5333075612764306,-0.1424325862118129,-0.3428405751062768,-0.48527316131808973
AR Patel,2026,-48.784853690492056,40.24213368250108,132.0,264.0,14,-3.484632406463718,2.8744381201786484,-1.8252836414809952,1.9761762076228209,0.15089256614182567
AS Joseph,2019,-3.64366180870713,-5.294539717728359,13.0,52.0,3,-1.21455393623571,-1.7648465725761195,-0.11871579827867844,-0.533558266127664,-0.6522740644063424
AS Joseph,2022,-7.164678553636232,-28.086608667488058,7.0,180.0,9,-0.7960753948484702,-3.120734296387562,-0.04387817136960072,-1.8724405778325373,-1.916318749202138
AS Joseph,2023,-9.404567166674344,-21.850984263984305,12.0,144.0,7,-1.343509595239192,-3.1215691805691863,-0.12213723593083563,-1.7026740984922835,-1.8248113344231192
AS Joseph,2024,0.0,-32.03040898722192,0.0,58.0,3,0.0,-10.676802995740639,0.0,-3.478958279510995,-3.478958279510995
AS Rajpoot,2013,-6.137949492304601,-6.769178011555234,6.0,24.0,2,-3.0689747461523007,-3.384589005777617,-0.146141654578681,-0.5640981676296029,-0.7102398222082839
AS Rajpoot,2016,0.0,-6.468457114917788,0.0,66.0,4,0.0,-1.617114278729447,0.0,-0.5738147440652877,-0.5738147440652877
AS Rajpoot,2017,-7.41307749070855,8.007465738488852,7.0,84.0,5,-1.48261549814171,1.6014931476977705,-0.08171896446450369,0.6594383549343761,0.5777193904698724
AS Rajpoot,2018,-18.389167318961885,35.96048984531739,18.0,157.0,8,-2.2986459148702356,4.495061230664674,-0.2998233802004655,2.5477422859723964,2.2479189057719307
AS Rajpoot,2019,0.0,-44.73285978132925,0.0,96.0,4,0.0,-11.183214945332313,0.0,-4.970317753481028,-4.970317753481028
AS Rajpoot,2020,-7.561087891235078,-85.59047649971419,10.0,102.0,6,-1.2601813152058463,-14.265079416619031,-0.09693702424660357,-6.554225677906041,-6.651162702152645
AS Raut,2009,-2.8510898974905046,-9.244978042620208,61.0,24.0,9,-0.31678776638783385,-1.0272197825133564,-0.10676272789866223,-0.1712032970855594,-0.2779660249842216
AS Raut,2010,-8.881953189210046,0.0,48.0,0.0,6,-1.4803255315350077,0.0,-0.4229501518671451,0.0,-0.4229501518671451
AS Raut,2011,-11.825239203694851,-1.96070450588819,58.0,6.0,7,-1.6893198862421215,-0.28010064369831283,-0.550452547202489,-0.013338125890395848,-0.5637906730928849
AS Roy,2019,0.0,7.470444956040913,0.0,12.0,1,0.0,7.470444956040913,0.0,0.679131359640083,0.679131359640083
AS Roy,2022,-7.785760756475962,-9.56091370356585,2.0,42.0,2,-3.892880378237981,-4.780456851782925,-0.06381771111865542,-1.2393777023140917,-1.3031954134327473
AS Roy,2023,-19.78799275965239,5.045377724147135,19.0,48.0,4,-4.9469981899130975,1.2613444310367838,-0.6762083856715745,0.3603841231533668,-0.31582426251820767
AS Roy,2024,-1.7788605094338783,-21.820704490906557,3.0,34.0,3,-0.5929535031446261,-7.273568163635519,-0.014462280564503077,-1.6058527114519978,-1.620314992016501
AS Roy,2025,-3.3905029980064336,13.768416880009465,1.0,24.0,1,-3.3905029980064336,13.768416880009465,-0.02802068593393747,2.294736146668244,2.2667154607343067
AS Roy,2026,-21.727178832381213,-2.903691389838025,39.0,163.0,14,-1.5519413451700868,-0.20740652784557323,-0.38066485824926655,-0.11946029695699094,-0.5001251552062574
AS Yadav,2008,-14.264139777186308,0.0,39.0,0.0,8,-1.7830174721482885,0.0,-0.43734390826278774,0.0,-0.43734390826278774
AT Carey,2020,-14.38911959621022,0.0,29.0,0.0,3,-4.79637319873674,0.0,-0.9335223004252716,0.0,-0.9335223004252716
AT Rayudu,2010,45.35836099898815,0.0,246.0,0.0,14,3.2398829284991533,0.0,2.1776262306305787,0.0,2.1776262306305787
AT Rayudu,2011,-0.14972555386055042,0.0,350.0,0.0,16,-0.009357847116284401,0.0,-0.006968609554679874,0.0,-0.006968609554679874
AT Rayudu,2012,34.87919982978891,0.0,252.0,0.0,17,2.0517176370464063,0.0,1.3898732379991785,0.0,1.3898732379991785
AT Rayudu,2013,-12.853025355806441,0.0,231.0,0.0,19,-0.6764750187266548,0.0,-0.44520150805087544,0.0,-0.44520150805087544
AT Rayudu,2014,24.55454604743511,0.0,287.0,0.0,15,1.6369697364956741,0.0,1.15432509674265,0.0,1.15432509674265
AT Rayudu,2015,15.208556659109924,0.0,193.0,0.0,15,1.013903777273995,0.0,0.625186674165754,0.0,0.625186674165754
AT Rayudu,2016,8.331007679904978,0.0,278.0,0.0,13,0.6408467446080752,0.0,0.4476266206056405,0.0,0.4476266206056405
AT Rayudu,2017,-26.748268452145588,0.0,78.0,0.0,5,-5.349653690429117,0.0,-2.1074393325932887,0.0,-2.1074393325932887
AT Rayudu,2018,104.23818682952803,0.0,402.0,0.0,16,6.514886676845502,0.0,5.017211578720099,0.0,5.017211578720099
AT Rayudu,2019,-127.2712856961916,0.0,303.0,0.0,17,-7.486546217423035,0.0,-5.362703318863308,0.0,-5.362703318863308
AT Rayudu,2020,18.507691859195507,0.0,282.0,0.0,12,1.5423076549329588,0.0,1.0819173101768518,0.0,1.0819173101768518
AT Rayudu,2021,34.20647199309282,0.0,170.0,0.0,16,2.137904499568301,0.0,1.2532543618159007,0.0,1.2532543618159007
AT Rayudu,2022,-5.85952252904064,0.0,224.0,0.0,13,-0.4507325022338954,0.0,-0.2935002340127691,0.0,-0.2935002340127691
AT Rayudu,2023,-26.337638685446272,0.0,113.0,0.0,16,-1.646102417840392,0.0,-0.7983243485663705,0.0,-0.7983243485663705
AU Rashid,2021,0.0,-17.115717661480172,0.0,18.0,1,0.0,-17.115717661480172,0.0,-2.232484912366979,-2.232484912366979
AU Rashid,2023,-3.953999607854406,5.471035480010704,16.0,42.0,2,-1.976999803927203,2.735517740005352,-0.23258821222672976,0.7092083029643504,0.4766200907376207
AUK Pathan,2011,-4.753194745665555,-12.661822274715126,16.0,33.0,6,-0.7921991242775924,-2.110303712452521,-0.0931998969738344,-0.45516354582309276,-0.5483634427969272
AUK Pathan,2012,-7.542832177942546,-5.48705350558346,7.0,6.0,2,-3.771416088971273,-2.74352675279173,-0.20787332773857412,-0.13064413108532047,-0.3385174588238946
Abdul Basith,2023,-0.4639710915325525,0.0,1.0,0.0,1,-0.4639710915325525,0.0,-0.0038344718308475413,0.0,-0.0038344718308475413
Abdul Samad,2020,7.689831657679169,-42.779595366837526,65.0,42.0,12,0.6408193048065974,-3.5649662805697937,0.22515272871583153,-0.9242505171847613,-0.6990977884689298
Abdul Samad,2021,-10.383409082213355,2.7118894176423964,87.0,6.0,11,-0.9439462802012141,0.24653540160385423,-0.3967310453019595,0.011739781028754963,-0.38499126427320457
Abdul Samad,2022,-11.154203156410542,-1.5419083966509375,7.0,6.0,2,-5.577101578205271,-0.7709541983254687,-0.3073992995861173,-0.03671210468216518,-0.34411140426828246
Abdul Samad,2023,-10.60180909750823,0.0,128.0,0.0,9,-1.1779787886120257,0.0,-0.607989052186852,0.0,-0.607989052186852
Abdul Samad,2024,-2.060353137553456,0.0,108.0,0.0,16,-0.128772071097091,0.0,-0.060997296835464156,0.0,-0.060997296835464156
Abdul Samad,2025,13.134279588046358,-2.6529202438303296,93.0,2.0,13,1.010329199080489,-0.20407078798694844,0.44112965030274875,-0.003345422753884401,0.43778422754886437
Abdul Samad,2026,-24.4193100202155,-4.355699112462553,88.0,1.0,8,-3.0524137525269377,-0.5444623890578191,-1.2914058183767811,-0.0044996891657671,-1.2959055075425483
Abdur Razzak,2008,-2.7752182287818936,-16.120880091188603,2.0,12.0,1,-2.7752182287818936,-16.120880091188603,-0.045495380799703174,-1.4655345537444184,-1.5110299345441216
Abhinandan Singh,2026,0.0,-38.827494551398246,0.0,58.0,3,0.0,-12.942498183799415,0.0,-4.2172185093279,-4.2172185093279
Abhishek Sharma,2018,11.158910500220857,0.0,33.0,0.0,3,3.7196368334069523,0.0,0.8022746111269897,0.0,0.8022746111269897
Abhishek Sharma,2019,-10.214817669140455,-2.529555043959087,9.0,12.0,3,-3.4049392230468185,-0.843185014653029,-0.23755389928233617,-0.07665318315027536,-0.31420708243261153
Abhishek Sharma,2020,-12.58307981317164,-12.921540180865513,56.0,60.0,8,-1.572884976646455,-1.6151925226081891,-0.5004634016602357,-0.538397507536063,-1.0388609091962988
Abhishek Sharma,2021,-9.519512316959059,16.243283100441857,75.0,60.0,8,-1.1899390396198823,2.030410387555232,-0.4576688613922625,0.6768034625184107,0.21913460112614824
Abhishek Sharma,2022,48.13138160306083,-12.167633586603749,320.0,24.0,14,3.4379558287900593,-0.8691166847574107,2.5003315118473157,-0.14485278079290176,2.355478731054414
Abhishek Sharma,2023,-22.623184191720625,-33.84573806010128,157.0,72.0,11,-2.0566531083382387,-3.0768852781910256,-1.1656842527404458,-1.1538319793216345,-2.3195162320620804
Abhishek Sharma,2024,101.63149197450392,10.357931883955356,237.0,42.0,16,6.351968248406495,0.6473707427472097,4.216852870790866,0.16783685923075808,4.384689730021624
Abhishek Sharma,2025,64.37240467087085,-33.35638169406952,227.0,66.0,14,4.598028905062203,-2.382598692433537,3.007932453743862,-0.8454382457022227,2.162494208041639
Abhishek Sharma,2026,125.4929240750778,-13.025115919225136,275.0,29.0,15,8.36619493833852,-0.8683410612816758,5.824566096311628,-0.16900597837025905,5.655560117941369
Abishek Porel,2023,-19.94308778567979,0.0,31.0,0.0,4,-4.9857719464199475,0.0,-1.0235690750928368,0.0,-1.0235690750928368
Abishek Porel,2024,29.62056507630666,0.0,205.0,0.0,14,2.1157546483076186,0.0,1.334552932009421,0.0,1.334552932009421
Abishek Porel,2025,-42.35296531901845,0.0,205.0,0.0,14,-3.025211808501318,0.0,-1.9082105253623698,0.0,-1.9082105253623698
Abishek Porel,2026,-23.540080625150477,0.0,88.0,0.0,4,-5.885020156287619,0.0,-2.4898162199678393,0.0,-2.4898162199678393
Akash Deep,2022,-4.775650450540121,-45.40260341307805,2.0,113.0,5,-0.9551300901080243,-9.08052068261561,-0.015657870329639743,-4.403857670109717,-4.419515540439357
Akash Deep,2023,4.243582679582092,-12.231936961830694,8.0,30.0,2,2.121791339791046,-6.115968480915347,0.13261195873694037,-1.2231936961830696,-1.0905817374461293
Akash Deep,2024,-1.1859070062892523,-23.768341211471466,2.0,21.0,1,-1.1859070062892523,-23.768341211471466,-0.019441098463758234,-3.539965712346814,-3.559406810810572
Akash Deep,2025,1.0390332132888107,-62.53853559424006,2.0,114.0,6,0.17317220221480178,-10.423089265706677,0.0028388885608983897,-5.077915283292997,-5.075076394732099
Akash Madhwal,2023,0.0,55.91969953799469,0.0,153.0,8,0.0,6.989962442249336,0.0,3.917451478623254,3.917451478623254
Akash Madhwal,2024,-3.9647675157231306,-27.35955835009604,5.0,109.0,5,-0.7929535031446261,-5.4719116700192085,-0.03171814012578505,-2.604534375685999,-2.6362525158117838
Akash Madhwal,2025,-8.234431268597037,-25.7249548267244,9.0,90.0,4,-2.0586078171492592,-6.4312387066811,-0.14362380119645995,-2.7562451600061855,-2.8998689612026456
Akash Singh,2021,0.0,-14.304050828167878,0.0,24.0,1,0.0,-14.304050828167878,0.0,-2.384008471361313,-2.384008471361313
Akash Singh,2023,0.0,-28.908871720905495,0.0,114.0,6,0.0,-4.8181452868175825,0.0,-2.347301549988053,-2.347301549988053
Akash Singh,2025,0.0,21.881181018727183,0.0,67.0,3,0.0,7.293727006242395,0.0,2.6132604781724087,2.6132604781724087
Akash Singh,2026,0.0,6.459040328959833,0.0,42.0,2,0.0,3.2295201644799163,0.0,0.8372830056059042,0.8372830056059042
Akshat Raghuwanshi,2026,-12.77564929454404,0.0,25.0,0.0,3,-4.258549764848014,0.0,-0.7342327180772438,0.0,-0.7342327180772438
Aman Hakim Khan,2022,-1.2534560711593437,-6.541908396650937,3.0,6.0,1,-1.2534560711593437,-6.541908396650937,-0.030572099296569358,-0.3115194474595684,-0.34209154675613773
Aman Hakim Khan,2023,-30.852974552821014,0.0,101.0,0.0,11,-2.804815868438274,0.0,-1.2818389262998446,0.0,-1.2818389262998446
Anand Rajan,2011,0.0,-10.02302109558943,0.0,30.0,2,0.0,-5.011510547794715,0.0,-1.002302109558943,-1.002302109558943
Anand Rajan,2012,0.0,-23.21758235045,0.0,71.0,4,0.0,-5.8043955876125,0.0,-2.1576549042957462,-2.1576549042957462
Anand Rajan,2013,0.0,9.792093780698437,0.0,48.0,2,0.0,4.8960468903492185,0.0,1.3988705400997767,1.3988705400997767
Aniket Verma,2025,20.64514413254259,0.0,142.0,0.0,14,1.4746531523244708,0.0,0.7992394947712781,0.0,0.7992394947712781
Aniket Verma,2026,-20.245683542031607,0.0,54.0,0.0,10,-2.0245683542031605,0.0,-0.6283143168216705,0.0,-0.6283143168216705
Anirudh Singh,2010,-14.989020340634791,0.0,66.0,0.0,5,-2.997804068126958,0.0,-1.0637369273998885,0.0,-1.0637369273998885
Ankit Sharma,2012,-4.966937165822332,12.74533696126177,13.0,145.0,9,-0.5518819073135924,1.416148551251308,-0.05394334432388498,0.7748737355903383,0.7209303912664533
Ankit Sharma,2013,0.0,-7.3839725913257634,0.0,12.0,1,0.0,-7.3839725913257634,0.0,-0.6712702355750694,-0.6712702355750694
Ankit Sharma,2014,-0.6261440050678733,36.47220502602915,30.0,48.0,3,-0.20871466835595776,12.157401675343051,-0.04174293367119155,3.4735433358123,3.4318004021411084
Ankit Sharma,2015,-3.6465796562964563,-4.609461495370592,6.0,84.0,4,-0.9116449140741141,-1.152365373842648,-0.043411662574957814,-0.47450338922932567,-0.5179150518042834
Ankit Sharma,2016,-1.343981671244244,-6.85992983857196,3.0,66.0,3,-0.447993890414748,-2.2866432795239864,-0.010926680254018245,-0.8113895507988339,-0.8223162310528521
Ankit Sharma,2017,3.698176077731194,-10.842385133405891,15.0,6.0,1,3.698176077731194,-10.842385133405891,0.4109084530812438,-0.5163040539717091,-0.10539560089046529
Ankit Sharma,2018,0.0,-5.732926516155667,0.0,6.0,1,0.0,-5.732926516155667,0.0,-0.2729965007693175,-0.2729965007693175
Ankit Soni,2017,-8.97398478041219,-17.803222891871712,9.0,109.0,7,-1.28199782577317,-2.543317555981673,-0.08944170877487231,-1.2105747318864732,-1.3000164406613455
Anmolpreet Singh,2021,-7.902348583333038,0.0,14.0,0.0,1,-7.902348583333038,0.0,-0.8256185087064368,0.0,-0.8256185087064368
Anmolpreet Singh,2022,-17.31476450218866,0.0,13.0,0.0,2,-8.65738225109433,0.0,-0.8462102952197466,0.0,-0.8462102952197466
Anmolpreet Singh,2023,-5.608013594125781,0.0,82.0,0.0,4,-1.4020033985314453,0.0,-0.5691300924731609,0.0,-0.5691300924731609
Anmolpreet Singh,2024,-25.81748887408186,0.0,6.0,0.0,2,-12.90874443704093,0.0,-0.6147021160495681,0.0,-0.6147021160495681
Anuj Rawat,2021,-13.428007982740871,0.0,1.0,0.0,2,-6.7140039913704355,0.0,-0.05548763629231765,0.0,-0.05548763629231765
Anuj Rawat,2022,-44.021979717789456,0.0,118.0,0.0,8,-5.502747464723682,0.0,-2.728252944694935,0.0,-2.728252944694935
Anuj Rawat,2023,-25.738157481301386,0.0,71.0,0.0,9,-2.859795275700154,0.0,-1.0630652595534604,0.0,-1.0630652595534604
Anuj Rawat,2024,-14.423555754919176,0.0,77.0,0.0,5,-2.8847111509838355,0.0,-1.127526693531753,0.0,-1.127526693531753
Anureet Singh,2009,0.0,-5.401282581601244,0.0,30.0,3,0.0,-1.8004275272004147,0.0,-0.36008550544008294,-0.36008550544008294
Anureet Singh,2015,-32.59965091667132,-21.315336319521005,31.0,310.0,14,-2.3285464940479517,-1.5225240228229289,-0.4780459689767318,-1.097633597849088,-1.5756795668258199
Anureet Singh,2016,0.0,-8.222229061889132,0.0,36.0,2,0.0,-4.111114530944566,0.0,-0.9487187379102846,-0.9487187379102846
Anureet Singh,2017,-3.2652476917134585,-14.483902934219628,12.0,12.0,1,-3.2652476917134585,-14.483902934219628,-0.29684069924667805,-1.3167184485654209,-1.613559147812099
Anureet Singh,2018,-2.795137156013879,-10.621415640427653,4.0,24.0,3,-0.9317123853379597,-3.540471880142551,-0.03005523823670838,-0.5900786466904252,-0.6201338849271336
Arjun Tendulkar,2023,-1.9957790330946499,-8.563308962259233,9.0,59.0,4,-0.49894475827366247,-2.1408272405648083,-0.03481009941444157,-0.70563579437611,-0.7404458937905516
Arjun Tendulkar,2024,0.0,-7.522627649870672,0.0,14.0,1,0.0,-7.522627649870672,0.0,-0.7859461723745478,-0.7859461723745478
Arjun Tendulkar,2026,-2.7429410158136878,2.4925235381115125,5.0,24.0,1,-2.7429410158136878,2.4925235381115125,-0.10971764063254752,0.4154205896852521,0.30570294905270456
Arshad Khan,2023,-9.979286311470709,-63.44751727966978,15.0,85.0,6,-1.6632143852451182,-10.574586213278296,-0.18480159836056867,-4.3845845274568545,-4.569386125817423
Arshad Khan,2024,6.113845533858833,-23.080051186333037,50.0,49.0,3,2.037948511286278,-7.693350395444345,0.5993966209665523,-2.2306163868448103,-1.631219765878258
Arshad Khan,2025,-8.579147574247953,0.6808001240414043,19.0,126.0,9,-0.9532386193608837,0.0756444582268227,-0.13029880408530065,0.038744722506421386,-0.09155408157887926
Arshad Khan,2026,2.240662928331799,-2.9254565127330157,11.0,104.0,8,0.28008286604147486,-0.36568206409162696,0.02351840859890247,-0.16978095832825538,-0.1462625497293529
Arshad Khan (2),2024,-3.1918532218801823,-9.695876797429058,4.0,12.0,1,-3.1918532218801823,-9.695876797429058,-0.10296300715742523,-0.8814433452208235,-0.9844063523782487
Arshdeep Singh,2019,0.0,-30.012704487193567,0.0,60.0,3,0.0,-10.004234829064522,0.0,-3.3347449430215073,-3.3347449430215073
Arshdeep Singh,2020,-6.242353813881698,-8.372463565049491,3.0,149.0,8,-0.7802942267352122,-1.0465579456311864,-0.019031566505736883,-0.5796919475800996,-0.5987235140858365
Arshdeep Singh,2021,-1.915022745280091,53.709933312098215,3.0,248.0,12,-0.15958522877334091,4.475827776008185,-0.003892322653008315,3.0163187186142117,3.0124263959612034
Arshdeep Singh,2022,-25.936011941515066,33.980347818894806,29.0,300.0,14,-1.8525722815367904,2.427167701349629,-0.36056775949373776,1.7336912152497348,1.373123455755997
Arshdeep Singh,2023,-0.927942183065105,-22.30237363430667,2.0,305.0,14,-0.06628158450465035,-1.5930266881647621,-0.0010865833525352518,-1.1432309173888293,-1.1443175007413646
Arshdeep Singh,2024,-2.598899718735556,-6.024985169776681,3.0,302.0,14,-0.18563569419539686,-0.4303560835554772,-0.004527699858424314,-0.30797994605155005,-0.3125076459099744
Arshdeep Singh,2025,-9.242821941530213,72.70697291724517,6.0,350.0,18,-0.5134901078627896,4.039276273180287,-0.024451909898228076,3.007971692793831,2.9835197828956033
Arshdeep Singh,2026,-0.5485882031627377,-20.4909683675881,1.0,318.0,14,-0.039184871654481264,-1.4636405976848643,-0.00032384191449984516,-1.062643173661614,-1.0629670155761137
Ashok Sharma,2026,-4.181555245355433,-38.75684946137402,4.0,126.0,6,-0.6969258742259056,-6.4594749102290026,-0.02248147981373889,-3.3085115393855866,-3.3309930191993256
Ashutosh Sharma,2024,4.540360708149829,0.0,113.0,0.0,11,0.4127600643772572,0.0,0.20017977371085866,0.0,0.20017977371085866
Ashutosh Sharma,2025,6.877829904674497,0.0,127.0,0.0,13,0.5290638388211152,0.0,0.27202877542624143,0.0,0.27202877542624143
Ashutosh Sharma,2026,20.166871443292454,0.0,94.0,0.0,8,2.5208589304115567,0.0,1.1072931750405903,0.0,1.1072931750405903
Ashwani Kumar,2025,0.0,1.5840649004737166,0.0,123.0,7,0.0,0.22629498578195953,0.0,0.11454437551926347,0.11454437551926347
Ashwani Kumar,2026,-8.291529218976425,13.022652171169199,6.0,60.0,3,-2.7638430729921417,4.3408840570564,-0.1316115749043877,1.4469613523521332,1.3153497774477454
Atharva Taide,2023,0.25419625778919297,0.0,129.0,0.0,7,0.036313751112741856,0.0,0.018813148166842167,0.0,0.018813148166842167
Atharva Taide,2024,4.324629793996884,-2.2898674312317593,39.0,1.0,2,2.162314896998442,-1.1449337156158796,0.5303791256788631,-0.00946226211252793,0.5209168635663353
Atharva Taide,2025,-8.920502768436439,0.0,9.0,0.0,1,-8.920502768436439,0.0,-0.6223606582630073,0.0,-0.6223606582630073
Auqib Nabi,2026,6.323207167145878,-60.8627376690672,4.0,78.0,5,1.2646414334291756,-12.17254753381344,0.040794884949328244,-4.79524599816893,-4.754451113219602
Avesh Khan,2017,0.0,14.960246881954472,0.0,24.0,1,0.0,14.960246881954472,0.0,2.493374480325745,2.493374480325745
Avesh Khan,2018,0.0,-55.928890329968056,0.0,114.0,6,0.0,-9.321481721661343,0.0,-4.541234684911936,-4.541234684911936
Avesh Khan,2019,-0.30238349431702977,-11.826451969595462,3.0,18.0,1,-0.30238349431702977,-11.826451969595462,-0.00737520717846414,-1.5425806916863647,-1.5499558988648288
Avesh Khan,2020,0.0,-15.170844343894482,0.0,24.0,1,0.0,-15.170844343894482,0.0,-2.528474057315747,-2.528474057315747
Avesh Khan,2021,-0.7350619545817687,93.99080216289506,3.0,366.0,16,-0.045941372161360544,5.874425135180942,-0.001120521272228306,4.423949793160956,4.422829271888728
Avesh Khan,2022,-1.1213101270558,42.47800007085472,13.0,286.0,13,-0.08625462515813845,3.2675384669888246,-0.008430903210945863,2.301763550637448,2.293332647426502
Avesh Khan,2023,-1.4639710915325526,-50.248983459881195,1.0,174.0,9,-0.16266345461472806,-5.583220384431244,-0.0013443260711960997,-3.304354921398083,-3.3056992474692795
Avesh Khan,2024,2.0352324842768694,31.849918218980914,5.0,329.0,15,0.13568216561845797,2.123327881265394,0.005427286624738318,1.5558460421744202,1.5612733287991585
Avesh Khan,2025,0.3343953262412528,-47.68304436425003,12.0,284.0,13,0.025722717403173292,-3.6679264895576944,0.002338428854833936,-2.5784433738474877,-2.576104944992654
Avesh Khan,2026,-5.111568428278103,-50.923317301642555,6.0,148.0,7,-0.7302240611825861,-7.274759614520365,-0.034772574342027913,-4.017404563242589,-4.052177137584617
Azhar Mahmood,2012,3.9653793465646014,24.878364647284315,142.0,256.0,11,0.36048903150587286,2.2616695133894833,0.19537955142684713,1.5398600942226268,1.7352396456494739
Azhar Mahmood,2013,5.770495718848869,14.369681111023992,154.0,263.0,11,0.5245905198953517,1.3063346464567265,0.29484284694848234,0.8970391958697626,1.1918820428182448
Azhar Mahmood,2015,-6.117669730795587,-20.96257956408282,7.0,18.0,1,-6.117669730795587,-20.96257956408282,-0.33719439461078043,-2.7342495083586287,-3.071443902969409
Azmatullah Omarzai,2024,-12.476790007630328,-8.977584641033896,33.0,126.0,7,-1.7823985725186182,-1.2825120915762709,-0.38443890779813333,-0.6568964371488217,-1.0413353449469551
Azmatullah Omarzai,2025,-12.271406417809455,-32.94041531537887,41.0,162.0,10,-1.2271406417809456,-3.294041531537887,-0.312501654118129,-1.8923217308834668,-2.2048233850015957
Azmatullah Omarzai,2026,8.911234419692269,3.2130643661128975,27.0,66.0,3,2.9704114732307563,1.0710214553709658,0.5455857807974858,0.3800398712606653,0.9256256520581511
B Akhil,2008,-8.006905002717403,-6.645251025123583,31.0,104.0,7,-1.1438435718167719,-0.9493215750176548,-0.23482881275708561,-0.44075644554391114,-0.6755852583009967
B Akhil,2009,-2.531672080004612,6.736958985516624,15.0,66.0,6,-0.4219453466674354,1.122826497586104,-0.04688281629638171,0.39842230559506914,0.35153948929868745
B Akhil,2010,0.0,0.05767342328963809,0.0,6.0,1,0.0,0.05767342328963809,0.0,0.002746353489982766,0.002746353489982766
B Akhil,2011,2.305758204210907,-7.840040673329769,9.0,12.0,1,2.305758204210907,-7.840040673329769,0.1608668514565749,-0.7127309703027063,-0.5518641188461314
B Chipli,2008,-35.974172554454896,0.0,28.0,0.0,3,-11.991390851484965,0.0,-2.2686415124431014,0.0,-2.2686415124431014
B Chipli,2011,-8.025365498852766,-13.96070450588819,170.0,6.0,14,-0.5732403927751976,-0.9971931789920135,-0.33603747162683995,-0.04748538947581017,-0.3835228611026501
B Chipli,2012,-23.25755136332225,0.0,35.0,0.0,5,-4.65151027266445,0.0,-1.0503410293113273,0.0,-1.0503410293113273
B Chipli,2013,-1.5020180098164975,0.0,18.0,0.0,1,-1.5020180098164975,0.0,-0.19591539258476054,0.0,-0.19591539258476054
B Geeves,2008,0.0,-38.854651223079195,0.0,48.0,2,0.0,-19.427325611539597,0.0,-5.550664460439885,-5.550664460439885
B Indrajith,2022,-31.834376630489167,0.0,30.0,0.0,3,-10.611458876829722,0.0,-2.1222917753659445,0.0,-2.1222917753659445
B Kumar,2011,-0.2746221049198048,5.141309093277195,1.0,66.0,4,-0.0686555262299512,1.2853272733192989,-0.0005674010432227373,0.4560838711778157,0.45551647013459295
B Kumar,2012,-18.101470586039035,8.194368209529976,40.0,234.0,11,-1.6455882350944577,0.7449425645027251,-0.41139705877361443,0.4924196612814624,0.08102260250784799
B Kumar,2013,-55.247107055235006,52.10921186246564,71.0,342.0,16,-3.452944190952188,3.2568257414041026,-1.2835551704586667,2.410896977403037,1.1273418069443701
B Kumar,2014,-6.546700031682693,102.88256883943811,4.0,319.0,14,-0.4676214308344781,7.348754917102722,-0.015084562284983165,5.339983641357104,5.324899079072121
B Kumar,2015,0.4690600457070223,18.02103894549948,10.0,310.0,14,0.033504288979073024,1.287217067535677,0.002577252998390233,0.9279936998513021,0.9305709528496923
B Kumar,2016,-7.016070297008265,112.29160821037377,27.0,396.0,17,-0.41271001747107444,6.605388718257281,-0.07580388075999327,5.069251807034657,4.993447926274664
B Kumar,2017,-3.301775370105604,111.04202537009661,4.0,314.0,14,-0.23584109786468602,7.931573240721186,-0.0076077773504737425,5.7385115151761585,5.730903737825685
B Kumar,2018,-13.820627042658872,3.1123563401410728,16.0,277.0,12,-1.1517189202215727,0.2593630283450894,-0.13549634355547915,0.1809661432029969,0.04546979964751774
B Kumar,2019,-20.708546425246222,12.684361789624525,19.0,354.0,15,-1.3805697616830814,0.8456241193083016,-0.18871097461855071,0.6315420637872126,0.4428310891686619
B Kumar,2020,-4.768248945688358,20.938088009689274,2.0,85.0,4,-1.1920622364220894,5.2345220024223185,-0.019542003875771957,2.1704115619799857,2.1508695581042137
B Kumar,2021,-6.970266662102588,-12.991541640686922,30.0,252.0,11,-0.6336606056456898,-1.1810492400624475,-0.12673212112913798,-0.8000656142358515,-0.9267977353649895
B Kumar,2022,-19.883063764004806,20.898547904775263,26.0,313.0,14,-1.4202188402860576,1.4927534217696616,-0.2529156838865582,1.0790573233577463,0.826141639471188
B Kumar,2023,-25.67593865020939,42.89540289734965,47.0,306.0,14,-1.8339956178720993,3.063957349810689,-0.5161544553292734,2.2008707723992273,1.684716317069954
B Kumar,2024,-23.636856890322527,-7.308910566901375,29.0,342.0,16,-1.477303555645158,-0.4568069104313359,-0.2875288799577824,-0.3381557648647551,-0.6256846448225375
B Kumar,2025,-29.71280375035238,46.683647094771544,25.0,312.0,14,-2.12234312502517,3.3345462210551102,-0.36592122845261554,2.4082833818731353,2.0423621534205196
B Kumar,2026,-5.250495714935662,240.55308683470753,26.0,378.0,16,-0.32815598218347886,15.03456792716922,-0.05843873655322226,11.411780474839288,11.353341738286066
B Laughlin,2013,-6.890549743999808,-16.61605361848825,9.0,42.0,2,-3.445274871999904,-8.308026809244126,-0.24036801432557467,-2.1539328764706993,-2.394300890796274
B Laughlin,2018,-6.615176365315557,-6.012340067584276,4.0,126.0,7,-0.9450251950450796,-0.8589057239406108,-0.0304846837111316,-0.43992732201836166,-0.47041200572949327
B Lee,2008,-2.858957696383985,32.39247895900155,13.0,96.0,4,-0.7147394240959962,8.098119739750388,-0.06986174821990941,3.5991643287779502,3.5293025805580407
B Lee,2009,-17.756398350755106,32.63728646809858,34.0,120.0,5,-3.551279670151021,6.527457293619716,-0.7840487583450305,3.263728646809858,2.4796798884648275
B Lee,2010,-3.013110622778444,-55.332029317961634,9.0,87.0,4,-0.753277655694611,-13.833007329490409,-0.052554255048461236,-5.813872645727853,-5.866426900776315
B Lee,2011,-11.931716572183277,-50.32034588919994,9.0,272.0,12,-0.9943097143486064,-4.193362157433328,-0.06937044518711208,-2.909679864341493,-2.9790503095286054
B Lee,2012,9.53890376870899,-28.192855368767205,20.0,228.0,10,0.953890376870899,-2.8192855368767207,0.13627005383869983,-1.8471181103675067,-1.710848056528807
B Lee,2013,4.2482391077000194,10.284026599162818,12.0,72.0,3,1.4160797025666731,3.428008866387606,0.1287345184151521,1.2855033248953522,1.4142378433105043
B Muzarabani,2026,0.0,-4.748588597782167,0.0,42.0,2,0.0,-2.3742942988910833,0.0,-0.6155577811939846,-0.6155577811939846
B Sai Sudharsan,2022,3.130193325664326,0.0,114.0,0.0,5,0.6260386651328652,0.0,0.30499319583395995,0.0,0.30499319583395995
B Sai Sudharsan,2023,49.8510101734287,0.0,256.0,0.0,8,6.231376271678587,0.0,4.242639163696059,0.0,4.242639163696059
B Sai Sudharsan,2024,55.46234604851469,0.0,373.0,0.0,12,4.621862170709558,0.0,3.496865293457738,0.0,3.496865293457738
B Sai Sudharsan,2025,120.66455789610531,0.0,486.0,0.0,15,8.044303859740355,0.0,6.451372402366027,0.0,6.451372402366027
B Sai Sudharsan,2026,67.69239049912139,0.0,457.0,0.0,17,3.981905323477729,0.0,3.153779432979761,0.0,3.153779432979761
B Stanlake,2017,0.0,-7.964594955590688,0.0,48.0,2,0.0,-3.982297477795344,0.0,-1.1377992793700984,-1.1377992793700984
B Stanlake,2018,2.10243142199306,1.7976002302152647,2.0,96.0,4,0.525607855498265,0.4494000575538162,0.008616522221283033,0.1997333589128072,0.20834988113409023
B Sumanth,2010,-12.317529044636156,0.0,37.0,0.0,5,-2.4635058089272315,0.0,-0.5805714326771183,0.0,-0.5805714326771183
BA Bhatt,2011,-8.193149733900702,1.016253929240344,5.0,167.0,10,-0.8193149733900702,0.10162539292403441,-0.03277259893560281,0.05913393943663326,0.02636134050103045
BA Bhatt,2012,3.306643148012723,-19.88086198127297,2.0,99.0,5,0.6613286296025447,-3.9761723962545945,0.010841452944304011,-1.7974477955671455,-1.7866063426228416
BA Bhatt,2013,0.0,0.508172221084755,0.0,30.0,2,0.0,0.2540861105423775,0.0,0.0508172221084755,0.0508172221084755
BA Stokes,2017,47.40446461813294,48.741417843946486,221.0,264.0,12,3.9503720515110783,4.061784820328874,2.5602117987799073,2.7924770639761007,5.352688862756008
BA Stokes,2018,-42.326706320676955,5.294773177738913,161.0,222.0,13,-3.2559004862059195,0.40729024444145484,-1.8654803497478756,0.26438138674269873,-1.6010989630051768
BA Stokes,2019,-16.712502849583018,-42.59652080432855,99.0,101.0,9,-1.8569447610647798,-4.7329467560365055,-0.839440782399147,-2.1630209156546925,-3.0024616980538394
BA Stokes,2020,35.66543433136526,-39.71095694393486,200.0,90.0,8,4.458179291420658,-4.9638696179918576,2.7863620571379113,-2.1273726934250816,0.6589893637128297
BA Stokes,2021,-15.03944499821659,-6.038572553826725,3.0,6.0,1,-15.03944499821659,-6.038572553826725,-0.36681573166381926,-0.28755107399174884,-0.654366805655568
BA Stokes,2023,-9.362031154576547,-12.403562917283567,14.0,6.0,2,-4.6810155772882736,-6.201781458641784,-0.48906132897041665,-0.2953229266019897,-0.7843842555724063
BAW Mendis,2008,0.0,6.172686661855988,0.0,24.0,1,0.0,6.172686661855988,0.0,1.0287811103093314,1.0287811103093314
BAW Mendis,2009,-3.0846115756586956,-6.861578358101471,1.0,96.0,4,-0.7711528939146739,-1.7153945895253677,-0.006373164412517966,-0.7623975953446078,-0.7687707597571258
BAW Mendis,2010,-0.35478571260852954,-5.992224902240547,1.0,48.0,2,-0.17739285630426477,-2.9961124511202737,-0.0014660566636716097,-0.8560321288915068,-0.8574981855551784
BAW Mendis,2013,-5.245338870838079,9.631246036620151,4.0,72.0,3,-1.7484462902793598,3.2104153455400506,-0.05640149323481806,1.203905754577519,1.147504261342701
BB McCullum,2008,63.795310994442126,0.0,92.0,0.0,4,15.948827748610531,0.0,6.921189400340419,0.0,6.921189400340419
BB McCullum,2009,-0.42233941521795515,0.0,239.0,0.0,13,-0.03248764732445809,0.0,-0.021628266603190758,0.0,-0.021628266603190758
BB McCullum,2010,-16.53146482247427,0.0,110.0,0.0,5,-3.3062929644948538,0.0,-1.5812705482366691,0.0,-1.5812705482366691
BB McCullum,2011,35.90231531484456,0.0,275.0,0.0,13,2.7617165626803506,0.0,1.9227140626255605,0.0,1.9227140626255605
BB McCullum,2012,-38.041919478398185,0.0,283.0,0.0,12,-3.170159956533182,0.0,-2.2261917312627557,0.0,-2.2261917312627557
BB McCullum,2013,-10.681535864482436,0.0,7.0,0.0,1,-10.681535864482436,0.0,-0.5887460712706855,0.0,-0.5887460712706855
BB McCullum,2014,5.355287968596166,0.0,333.0,0.0,14,0.3825205691854404,0.0,0.281190617083337,0.0,0.281190617083337
BB McCullum,2015,64.1077984257534,0.0,280.0,0.0,14,4.579128458982386,0.0,3.20538992128767,0.0,3.20538992128767
BB McCullum,2016,-11.695967117286749,0.0,262.0,0.0,16,-0.7309979448304218,0.0,-0.5013650825800275,0.0,-0.5013650825800275
BB McCullum,2017,32.35768863823503,0.0,217.0,0.0,11,2.9416080580213664,0.0,1.8941511827615327,0.0,1.8941511827615327
BB McCullum,2018,-9.382915868794669,0.0,88.0,0.0,6,-1.5638193114657781,0.0,-0.6616158625432138,0.0,-0.6616158625432138
BB Samantray,2012,-0.6933568519872767,0.0,2.0,0.0,1,-0.6933568519872767,0.0,-0.011366505770283225,0.0,-0.011366505770283225
BB Samantray,2013,-0.4283588905585902,0.0,111.0,0.0,8,-0.05354486131982378,0.0,-0.02572934894588935,0.0,-0.02572934894588935
BB Sran,2015,0.0,-19.77803847381493,0.0,18.0,1,0.0,-19.77803847381493,0.0,-2.5797441487584694,-2.5797441487584694
BB Sran,2016,-1.791975561658992,2.7954958801552845,4.0,297.0,14,-0.12799825440421372,0.1996782771539489,-0.004128975948523023,0.14221690243338805,0.13808792648486504
BB Sran,2017,0.0,-17.48390293421963,0.0,12.0,1,0.0,-17.48390293421963,0.0,-1.5894457212926936,-1.5894457212926936
BB Sran,2018,-8.961529232325965,-73.8402867165992,7.0,132.0,6,-1.4935882053876608,-12.306714452766533,-0.08232375935207578,-6.446374237163422,-6.528697996515498
BB Sran,2019,-1.3023834943170298,-28.279313370215867,3.0,24.0,2,-0.6511917471585149,-14.139656685107933,-0.015882725540451583,-2.3566094475179886,-2.3724921730584403
BCJ Cutting,2014,-2.410030442873201,-3.0773546238585237,6.0,24.0,1,-2.410030442873201,-3.0773546238585237,-0.11476335442253338,-0.512892437309754,-0.6276557917322874
BCJ Cutting,2016,11.147459098956105,16.105817812142718,34.0,67.0,4,2.7868647747390263,4.026454453035679,0.6152818333839409,1.4426334136544947,2.0579152470384354
BCJ Cutting,2017,13.519846352917115,-26.044506276808484,26.0,76.0,4,3.379961588229279,-6.511126569202121,0.6019109677668579,-2.524722547241639,-1.9228115794747809
BCJ Cutting,2018,6.409608409396528,-34.81636190893126,58.0,102.0,9,0.7121787121551697,-3.8684846565479183,0.23205823205056092,-1.7774118692247194,-1.5453536371741585
BCJ Cutting,2019,-12.266895655792055,-8.529555043959087,17.0,12.0,3,-4.088965218597352,-2.843185014653029,-0.507389844643467,-0.2584713649684572,-0.7658612096119242
BE Hendricks,2014,-3.2517044148969316,-37.09379786959175,1.0,72.0,3,-1.0839014716323105,-12.364599289863916,-0.008957863401919923,-4.636724733698968,-4.645682597100889
BE Hendricks,2015,-1.9421801489982597,3.3984578980192452,2.0,78.0,4,-0.48554503724956494,0.8496144745048113,-0.00795975470900926,0.33469661116856203,0.32673685645955275
BJ Dwarshuis,2026,0.0,-16.437899224055933,0.0,24.0,1,0.0,-16.437899224055933,0.0,-2.7396498706759886,-2.7396498706759886
BJ Haddin,2011,-1.2623732668117933,0.0,11.0,0.0,1,-1.2623732668117933,0.0,-0.1060008086635857,0.0,-0.1060008086635857
BJ Hodge,2008,-36.86058878931546,0.0,17.0,0.0,3,-12.28686292977182,0.0,-1.5246472248621965,0.0,-1.5246472248621965
BJ Hodge,2009,53.404744296915744,-25.817002148377558,310.0,120.0,12,4.450395358076312,-2.15141684569813,3.2084245604736203,-1.075708422849065,2.1327161376245556
BJ Hodge,2010,-12.198606370519524,0.7892910593864357,90.0,30.0,4,-3.049651592629881,0.19732276484660893,-1.3069935396985204,0.03946455296932179,-1.2675289867291986
BJ Hodge,2011,11.338292496773342,27.836429811792936,236.0,66.0,14,0.8098780354838101,1.9883164151280668,0.5368854392533123,0.7055316311744754,1.2424170704277877
BJ Hodge,2012,18.37190768039433,-3.309184487745573,175.0,12.0,12,1.5309923066995275,-0.27576537397879775,0.9082157751607366,-0.025069579452617976,0.8831461957081186
BJ Hodge,2013,24.112203971072784,0.9021331283604384,218.0,6.0,17,1.4183649394748696,0.05306665460943755,0.9148034225015432,0.002526983552830359,0.9173304060543735
BJ Hodge,2014,2.6666278204289577,0.0,72.0,0.0,4,0.6666569551072394,0.0,0.2499963581652148,0.0,0.2499963581652148
BJ Rohrer,2013,19.58836833596026,-6.286105719686201,140.0,6.0,8,2.4485460419950327,-0.7857632149607752,1.3184478687665562,-0.0374172959505131,1.2810305728160432
BKG Mendis,2025,3.7608095123418517,0.0,10.0,0.0,1,3.7608095123418517,0.0,0.28929303941091167,0.0,0.28929303941091167
BMAJ Mendis,2013,-18.11781596829409,-1.6800666269618896,27.0,30.0,3,-6.039271989431363,-0.5600222089872965,-1.1092540388751482,-0.11200444179745929,-1.2212584806726074
BR Dunk,2014,-22.337195064195463,0.0,35.0,0.0,3,-7.4457316880651545,0.0,-1.6812942521437446,0.0,-1.6812942521437446
BR Sharath,2024,-9.433905701384678,0.0,5.0,0.0,1,-9.433905701384678,0.0,-0.3773562280553871,0.0,-0.3773562280553871
BW Hilfenhaus,2012,0.0,69.44579072295772,0.0,204.0,9,0.0,7.716198969217525,0.0,4.85834749913696,4.85834749913696
BW Hilfenhaus,2014,0.0,-4.114590532995159,0.0,168.0,8,0.0,-0.5143238166243949,0.0,-0.3000222263642303,-0.3000222263642303
Basil Thampi,2017,-10.372153125627488,-70.18161120045495,28.0,268.0,12,-0.8643460938022907,-5.848467600037913,-0.16352493666529824,-4.039663187655053,-4.203188124320351
Basil Thampi,2018,-5.363677432316891,-21.454811879348124,6.0,61.0,4,-1.3409193580792227,-5.363702969837031,-0.06385330276567727,-1.8076568019892756,-1.871510104754953
Basil Thampi,2019,-0.4341278314390099,-28.2101042710561,1.0,72.0,3,-0.14470927714633663,-9.403368090352034,-0.0011959444392259226,-3.5262630338820125,-3.5274589783212384
Basil Thampi,2020,0.0,-15.998440431157801,0.0,24.0,1,0.0,-15.998440431157801,0.0,-2.6664067385263,-2.6664067385263
Basil Thampi,2022,0.0,-31.54733488574479,0.0,96.0,5,0.0,-6.309466977148958,0.0,-2.804207545399537,-2.804207545399537
Bipul Sharma,2010,-0.48349998825970686,-12.337773319441737,7.0,60.0,5,-0.09669999765194137,-2.4675546638883477,-0.005329921130421965,-0.8225182212961158,-0.8278481424265378
Bipul Sharma,2011,-1.763237097858166,25.60353232315921,18.0,72.0,4,-0.4408092744645415,6.400883080789803,-0.057496861886679324,2.400331155296176,2.3428342934094966
Bipul Sharma,2012,8.149132676840098,-32.957155834163785,47.0,46.0,5,1.6298265353680197,-6.591431166832757,0.4586936955826163,-1.8265411667126918,-1.3678474711300757
Bipul Sharma,2013,0.0,12.666105444304847,0.0,24.0,1,0.0,12.666105444304847,0.0,2.1110175740508077,2.1110175740508077
Bipul Sharma,2015,-6.716046168717563,16.1146550791866,2.0,42.0,4,-1.6790115421793907,4.02866376979665,-0.02752477937999001,1.0444683847620946,1.0169436053821046
Bipul Sharma,2016,11.160074321027945,-14.220971972224152,25.0,84.0,7,1.5942963315754208,-2.0315674246034505,0.27487867785783116,-0.836527763072009,-0.5616490852141779
Bipul Sharma,2017,-3.7104561741252398,-3.919572494525087,24.0,98.0,7,-0.5300651677321772,-0.5599389277892982,-0.08834419462202953,-0.2517156647860148,-0.34005985940804434
Brijesh Sharma,2026,-4.19435281265095,-23.375723419955527,4.0,273.0,13,-0.3226425240500731,-1.7981325707658098,-0.01040782335645397,-1.2490844575548754,-1.2594922809113294
C Bosch,2025,-4.9951768274097805,3.326944944740492,32.0,42.0,3,-1.665058942469927,1.1089816482468307,-0.35053872473051095,0.28751376065658574,-0.06302496407392522
C Bosch,2026,0.1737264926534543,37.79030601788278,31.0,121.0,6,0.028954415442242382,6.298384336313796,0.005944283964963668,3.162259355576636,3.1682036395415993
C Connolly,2026,51.9442800803122,0.0,301.0,0.0,14,3.7103057200223,0.0,2.652736393650148,0.0,2.652736393650148
C Ganapathy,2010,0.0,-6.942326576710362,0.0,6.0,1,0.0,-6.942326576710362,0.0,-0.33058697984335056,-0.33058697984335056
C Green,2023,83.22624450185927,-59.79897030067322,282.0,228.0,16,5.201640281366204,-3.737435643792076,3.6489118391673374,-2.4486647321396364,1.200247107027701
C Green,2024,-17.750163006189734,29.31237510513997,178.0,211.0,13,-1.3653971543222871,2.254798085010767,-0.8155727968770708,1.4373486282092804,0.6217758313322096
C Green,2026,-25.142587202883668,-20.854532846479458,221.0,132.0,14,-1.795899085920262,-1.489609489034247,-1.1639111377958296,-0.7802716371131769,-1.9441827749090064
C Madan,2010,-10.918250782140259,0.0,19.0,0.0,1,-10.918250782140259,0.0,-1.4924227687817622,0.0,-1.4924227687817622
C Munro,2016,-17.348144133257044,-2.010824699889192,30.0,12.0,4,-4.337036033314261,-0.502706174972298,-0.8674072066628522,-0.045700561361118,-0.9131077680239702
C Munro,2018,-27.41310848869462,0.0,41.0,0.0,5,-5.4826216977389235,0.0,-1.3961955876229557,0.0,-1.3961955876229557
C Munro,2019,-5.056645571944607,0.0,70.0,0.0,4,-1.2641613929861517,0.0,-0.4657436711001611,0.0,-0.4657436711001611
C Nanda,2009,-3.0846115756586956,-0.5727377800495793,1.0,48.0,3,-1.0282038585528985,-0.19091259334985977,-0.008497552550023955,-0.05454645524281708,-0.06304400779284103
C Sakariya,2021,-24.268190129268326,-20.176143543682414,25.0,312.0,14,-1.7334421520905947,-1.4411531102630295,-0.29886933656734394,-1.0408328018566324,-1.3397021384239762
C Sakariya,2022,0.0,14.014038856125818,0.0,66.0,3,0.0,4.6713462853752725,0.0,1.6575744883589678,1.6575744883589678
C Sakariya,2023,-6.603865758496993,-10.176412042215636,6.0,48.0,2,-3.3019328792484965,-5.088206021107818,-0.15723489901183316,-1.453773148887948,-1.611008047899781
C Sakariya,2025,0.0,-18.30432709363274,0.0,18.0,1,0.0,-18.30432709363274,0.0,-2.387520925256444,-2.387520925256444
C de Grandhomme,2017,-18.48574086009927,-11.89558383386407,92.0,96.0,12,-1.5404784050082725,-0.9912986528220058,-0.6685094965130239,-0.44057717903200255,-1.1090866755450266
C de Grandhomme,2018,1.3671616990888005,-15.832356656925372,84.0,90.0,9,0.15190685545431115,-1.7591507396583745,0.06254988165765754,-0.7539217455678747,-0.6913718639102172
C de Grandhomme,2019,-21.455408849630096,-23.20004253857052,49.0,30.0,4,-5.363852212407524,-5.80001063464263,-1.5551997538933058,-1.1600021269285261,-2.715201880821832
CA Ingram,2011,-17.915745062097756,0.0,26.0,0.0,3,-5.971915020699252,0.0,-1.0634917160149353,0.0,-1.0634917160149353
CA Ingram,2019,-26.620191292488773,0.0,154.0,0.0,12,-2.2183492743740643,0.0,-1.2468094461810435,0.0,-1.2468094461810435
CA Lynn,2012,-5.079982186150845,0.0,9.0,0.0,1,-5.079982186150845,0.0,-0.3544173618244776,0.0,-0.3544173618244776
CA Lynn,2014,2.7162922602935,0.0,49.0,0.0,2,1.35814613014675,0.0,0.39378201406621743,0.0,0.39378201406621743
CA Lynn,2016,-11.285273117382317,0.0,22.0,0.0,2,-5.642636558691159,0.0,-0.8742112978253908,0.0,-0.8742112978253908
CA Lynn,2017,105.28338624727172,0.0,163.0,0.0,7,15.040483749610246,0.0,8.66289346709,0.0,8.66289346709
CA Lynn,2018,12.203580408104262,0.0,377.0,0.0,16,0.7627237755065164,0.0,0.5785651174365325,0.0,0.5785651174365325
CA Lynn,2019,26.116875724369418,0.0,290.0,0.0,13,2.008990440336109,0.0,1.4209932382865162,0.0,1.4209932382865162
CA Lynn,2021,12.214595874754544,0.0,35.0,0.0,1,12.214595874754544,0.0,2.758134552363929,0.0,2.758134552363929
CA Pujara,2010,-14.87894273229109,0.0,115.0,0.0,10,-1.487894273229109,0.0,-0.7281184741333937,0.0,-0.7281184741333937
CA Pujara,2011,-8.085660203385501,0.0,31.0,0.0,7,-1.1550943147693573,0.0,-0.23713856793278196,0.0,-0.23713856793278196
CA Pujara,2012,-25.50500344107593,0.0,22.0,0.0,3,-8.501667813691977,0.0,-1.3171598021212922,0.0,-1.3171598021212922
CA Pujara,2013,-15.06713926020876,0.0,99.0,0.0,4,-3.76678481505219,0.0,-1.702793135571538,0.0,-1.702793135571538
CA Pujara,2014,-33.01168568353999,0.0,124.0,0.0,6,-5.501947613923331,0.0,-2.796071738223332,0.0,-2.796071738223332
CH Gayle,2009,25.39365593305794,-26.837770778099483,143.0,113.0,7,3.6276651332939913,-3.833967254014212,1.9724567074564288,-1.8593918442214847,0.11306486323494402
CH Gayle,2010,55.63715082572429,-25.301812797654854,184.0,96.0,9,6.181905647302699,-2.8113125330727615,3.7416797338937386,-1.2494722369212272,2.4922074969725116
CH Gayle,2011,257.1507144147758,15.677089465855074,332.0,216.0,12,21.429226201231316,1.3064241221545896,15.740051103559285,0.8398440785279504,16.579895182087235
CH Gayle,2012,250.84512259796327,-33.90122553146114,456.0,28.0,14,17.917508756997375,-2.421516109390081,14.184694432622923,-0.4581246693440694,13.726569763278853
CH Gayle,2013,230.3541425179231,-3.048080802993738,453.0,24.0,16,14.397133907370193,-0.19050505018710862,11.382027329910468,-0.03175084169785144,11.350276488212616
CH Gayle,2014,-32.62231206487193,0.0,184.0,0.0,9,-3.6247013405413253,0.0,-2.1938981798013284,0.0,-2.1938981798013284
CH Gayle,2015,103.82230979634386,-2.4980142188535237,333.0,12.0,14,7.415879271167419,-0.17842958706096598,5.451407941056845,-0.016220871550996906,5.435187069505847
CH Gayle,2016,-2.019920495684662,14.741673509598424,150.0,60.0,10,-0.20199204956846623,1.4741673509598425,-0.11221780531581456,0.4913891169866142,0.37917131167079965
CH Gayle,2017,-18.98679490983656,0.0,163.0,0.0,9,-2.1096438788707292,0.0,-1.215095237653459,0.0,-1.215095237653459
CH Gayle,2018,41.774477492896175,0.0,252.0,0.0,11,3.7976797720814703,0.0,2.572621781087448,0.0,2.572621781087448
CH Gayle,2019,72.98603996459953,0.0,319.0,0.0,13,5.614310766507656,0.0,4.079647231243604,0.0,4.079647231243604
CH Gayle,2020,32.936505787968045,2.712296860572982,210.0,5.0,7,4.705215112566863,0.3874709800818546,2.9942277989061856,0.015498839203274184,3.0097266381094596
CH Gayle,2021,-10.612965882557997,0.0,154.0,0.0,10,-1.0612965882557996,0.0,-0.5964951627423107,0.0,-0.5964951627423107
CH Morris,2013,-16.961827086399012,-13.814081594671404,16.0,300.0,16,-1.0601141928999382,-0.8633800996669627,-0.12471931681175744,-0.6167000711906877,-0.7414193880024451
CH Morris,2015,5.1780761303115765,39.470231627193755,46.0,252.0,11,0.47073419366468877,3.5882028751994324,0.1304444151119017,2.4307180767480023,2.561162491859904
CH Morris,2016,41.68410187991073,60.42845709809069,109.0,264.0,12,3.4736751566592274,5.035704758174224,1.6534086990212045,3.462047021244779,5.115455720265984
CH Morris,2017,21.114869330835624,39.25562243515619,94.0,186.0,9,2.346096592315069,4.3617358261284656,1.0305284097084884,2.651251188431028,3.6817795981395163
CH Morris,2018,8.28007615465661,-26.045372553080483,26.0,84.0,4,2.0700190386641526,-6.511343138270121,0.3686335274333422,-2.6811412922288733,-2.312507764795531
CH Morris,2019,-31.703941132616098,-15.870554989709479,37.0,198.0,9,-3.522660125846233,-1.7633949988566089,-0.8301810487663097,-1.097962923816379,-1.9281439725826888
CH Morris,2020,-4.236359069266854,45.02800004646873,21.0,190.0,9,-0.47070656325187266,5.003111116274304,-0.070105232824747,3.0664229422326374,2.9963177094078906
CH Morris,2021,-12.084918750533735,-45.476384290820846,49.0,246.0,11,-1.0986289773212485,-4.134216753710986,-0.3185373957913679,-2.7787358508549254,-3.097273246646293
CJ Anderson,2014,43.140606486816075,-54.11724657214413,181.0,108.0,12,3.5950505405680064,-4.509770547678678,2.161807800142223,-2.136207101532005,0.025600698610217965
CJ Anderson,2015,-8.589998367925617,1.095243891761322,97.0,24.0,4,-2.147499591981404,0.2738109729403305,-0.9599422139271715,0.045635162156721754,-0.9143070517704497
CJ Anderson,2017,-40.04640159368982,-40.093765221234655,123.0,113.0,11,-3.640581963062711,-3.644887747384969,-1.8427637096984093,-1.767692341006444,-3.6104560507048533
CJ Anderson,2018,-20.457574470696073,-34.32495650891418,22.0,52.0,3,-6.819191490232025,-11.44165216963806,-1.0564944562331307,-3.459104144309181,-4.515598600542312
CJ Dala,2018,0.0,-15.918865322104054,0.0,18.0,1,0.0,-15.918865322104054,0.0,-2.0763737376657465,-2.0763737376657465
CJ Ferguson,2011,-15.231150938981596,0.0,54.0,0.0,5,-3.0462301877963194,0.0,-0.9453817824195474,0.0,-0.9453817824195474
CJ Ferguson,2012,-24.997451438666843,0.0,63.0,0.0,4,-6.249362859666711,0.0,-2.151420000868868,0.0,-2.151420000868868
CJ Green,2020,0.0,-6.615695245261656,0.0,17.0,1,0.0,-6.615695245261656,0.0,-0.8209256873682347,-0.8209256873682347
CJ Jordan,2016,-4.61201477096067,-8.17793995635557,4.0,168.0,9,-0.5124460856622967,-0.9086599951506188,-0.01653051889233215,-0.530051663837861,-0.5465821827301931
CJ Jordan,2017,-3.1904732495026593,8.779904341597122,1.0,6.0,1,-3.1904732495026593,8.779904341597122,-0.026367547516550904,0.4180906829331963,0.3917231354166454
CJ Jordan,2018,0.0,-4.87116161588507,0.0,24.0,1,0.0,-4.87116161588507,0.0,-0.8118602693141783,-0.8118602693141783
CJ Jordan,2020,-20.311612908924538,-31.266634864333877,31.0,189.0,9,-2.256845878769393,-3.474070540481542,-0.46332597511159723,-2.124916932527545,-2.5882429076391427
CJ Jordan,2021,1.3190612297462132,3.5461369364016537,21.0,72.0,4,0.3297653074365533,0.8865342341004134,0.049113981958635596,0.33245033778765504,0.3815643197462906
CJ Jordan,2022,-2.6424841742554537,-38.130169859879764,8.0,77.0,4,-0.6606210435638634,-9.532542464969941,-0.041288815222741464,-3.7259176132116014,-3.767206428434343
CJ Jordan,2023,-14.820036206421893,-52.19025812044735,12.0,132.0,6,-2.470006034403649,-8.698376353407893,-0.22454600312760445,-4.5562923755946105,-4.780838378722215
CJ McKay,2012,-11.82171795331603,-10.220142967447973,15.0,42.0,2,-5.910858976658015,-5.110071483723987,-0.6567621085175572,-1.3248333476321448,-1.981595456149702
CK Kapugedera,2008,-24.140579673243316,-28.305017553861806,23.0,17.0,5,-4.828115934648663,-5.661003510772361,-0.7765501153630716,-0.7024602896578842,-1.4790104050209558
CK Langeveldt,2009,0.0,36.650980262046176,0.0,24.0,1,0.0,36.650980262046176,0.0,6.108496710341029,6.108496710341029
CK Langeveldt,2010,-3.174824921910207,16.41943472583524,1.0,66.0,3,-1.058274973970069,5.473144908611747,-0.008746074165041893,1.9420836772493295,1.9333376030842877
CK Langeveldt,2011,-2.718317869764702,11.769147534288164,8.0,66.0,3,-0.906105956588234,3.9230491780960546,-0.056631622286764625,1.3920497083566645,1.3354180860698999
CL White,2008,-30.068663629432226,-17.5604400455943,102.0,6.0,8,-3.7585829536790283,-2.1950550056992877,-1.7269164922309048,-0.10452642884282322,-1.831442921073728
CL White,2010,-3.94527617108759,-12.942326576710363,33.0,6.0,7,-0.5636108815839415,-1.848903796672909,-0.12156313132202659,-0.0880430379368052,-0.2096061692588318
CL White,2011,-27.282706563934862,0.0,109.0,0.0,6,-4.54711776065581,0.0,-2.1643486284344253,0.0,-2.1643486284344253
CL White,2012,102.38472112220165,-9.08946968882204,320.0,18.0,13,7.875747778630896,-0.6991899760632339,5.727816566277016,-0.09119869252998702,5.63661787374703
CL White,2013,-52.1041189656526,1.178250532096719,191.0,12.0,13,-4.008009151204046,0.09063465631513222,-2.461510443343964,0.008239514210466564,-2.453270929133497
CM Gautam,2013,-6.611073376145965,0.0,34.0,0.0,3,-2.2036911253819884,0.0,-0.4865292094999195,0.0,-0.4865292094999195
CM Gautam,2014,-39.884535466204994,0.0,111.0,0.0,9,-4.431615051800555,0.0,-2.1294773625535135,0.0,-2.1294773625535135
CM Gautam,2015,-11.985324209658984,0.0,5.0,0.0,1,-11.985324209658984,0.0,-0.47941296838635933,0.0,-0.47941296838635933
CR Brathwaite,2016,12.144903937922958,2.2749976803639154,38.0,139.0,8,1.5181129922403698,0.2843747100454894,0.3651157829438864,0.15261808763059084,0.5177338705744773
CR Brathwaite,2017,-14.683805095714979,-22.41754104479932,15.0,36.0,2,-7.341902547857489,-11.20877052239966,-0.8157669497619433,-2.5866393513229986,-3.402406301084942
CR Brathwaite,2018,4.29637152193963,-4.245277528334093,48.0,61.0,4,1.0740928804849075,-1.0613193820835232,0.306883680138545,-0.3576822226911321,-0.05079854255258709
CR Brathwaite,2019,-6.981356732993454,-10.826451969595462,10.0,18.0,2,-3.490678366496727,-5.413225984797731,-0.26851372049974825,-0.7060729545388346,-0.9745866750385828
CR Woakes,2017,-19.958685313065658,-15.170206450270896,47.0,264.0,13,-1.5352834856204352,-1.166938957713146,-0.43208577140215837,-0.8022705334277878,-1.2343563048299462
CR Woakes,2018,-12.017912398663674,-22.320696567707152,19.0,110.0,5,-2.4035824797327345,-4.4641393135414305,-0.3285472454310932,-2.135023149954597,-2.4635703953856902
CR Woakes,2021,0.644916600639666,29.27455271579698,11.0,66.0,3,0.21497220021322203,9.758184238598993,0.01805110078126292,3.4625815040189973,3.48063260480026
CRD Fernando,2008,0.6123908856090532,63.33859580675481,1.0,120.0,5,0.12247817712181064,12.667719161350963,0.0010122163398496747,6.333859580675481,6.334871797015331
CRD Fernando,2010,-0.7095714252170591,25.36852348806863,2.0,114.0,5,-0.1419142850434118,5.073704697613726,-0.002326463689236259,2.47180485268361,2.4694783889943737
CV Varun,2019,0.0,-11.07598999812634,0.0,18.0,1,0.0,-11.07598999812634,0.0,-1.4446943475816967,-1.4446943475816967
CV Varun,2020,-15.751651441503455,80.38880653528834,15.0,312.0,13,-1.2116654955002657,6.183754348868334,-0.1346294995000295,4.4660448075160195,4.33141530801599
CV Varun,2021,-5.040069536341799,95.03582830381265,4.0,408.0,17,-0.29647467860834115,5.590342841400744,-0.009563699309946489,4.3198103774460295,4.310246678136083
CV Varun,2022,-13.22003248679859,-40.544557451985064,18.0,234.0,11,-1.2018211351635082,-3.6858688592713693,-0.156759278499588,-2.436421788331922,-2.59318106683151
CV Varun,2023,-13.99577903309465,75.92066754668879,9.0,316.0,14,-0.9996985023639036,5.422904824763485,-0.06974640714166769,3.93036221244326,3.860615805301592
CV Varun,2024,0.0,102.69391866604283,0.0,300.0,14,0.0,7.335279904717345,0.0,5.239485646226675,5.239485646226675
CV Varun,2025,-0.5704637887047559,90.40131478972718,1.0,300.0,13,-0.043881829900365835,6.953947291517475,-0.0003626597512426928,4.9671052082267675,4.9667425484755245
CV Varun,2026,-7.931607637579781,15.165754209896285,6.0,246.0,11,-0.7210552397799801,1.3787049281723895,-0.03433596379904667,0.9266705254929175,0.8923345616938708
D Brevis,2022,6.814163878283177,-1.4330636738944953,113.0,3.0,7,0.9734519826118824,-0.2047233819849279,0.47210332203923905,-0.004993253219144583,0.4671100688200945
D Brevis,2024,-14.556282919862785,0.0,59.0,0.0,3,-4.852094306620928,0.0,-1.5992936541376244,0.0,-1.5992936541376244
D Brevis,2025,42.95416974753238,0.0,125.0,0.0,6,7.159028291255397,0.0,3.6525654547221413,0.0,3.6525654547221413
D Brevis,2026,-32.15696937347812,0.0,118.0,0.0,11,-2.9233608521343744,0.0,-1.4493973972767067,0.0,-1.4493973972767067
D Ferreira,2024,-11.793772681709697,0.0,11.0,0.0,2,-5.896886340854849,0.0,-0.49515839503361325,0.0,-0.49515839503361325
D Ferreira,2025,-5.5314305754159445,0.0,3.0,0.0,1,-5.5314305754159445,0.0,-0.1349129408638035,0.0,-0.1349129408638035
D Ferreira,2026,48.372456006341785,-10.132895209027723,177.0,18.0,15,3.224830400422786,-0.6755263472685148,1.9218686224741854,-0.08811213225241497,1.8337564902217705
D Jansen,2023,0.0,-19.940634017019306,0.0,24.0,1,0.0,-19.940634017019306,0.0,-3.323439002836551,-3.323439002836551
D Kalyankrishna,2008,-9.920912124429252,-21.533033846494114,8.0,48.0,3,-3.306970708143084,-7.177677948831371,-0.20668566925894274,-2.0507651282375345,-2.2574507974964773
D Madushanka,2026,0.0,5.291767566580411,0.0,24.0,1,0.0,5.291767566580411,0.0,0.8819612610967352,0.8819612610967352
D Padikkal,2020,38.83217324365373,0.0,379.0,0.0,15,2.5888115495769153,0.0,1.966251657895092,0.0,1.966251657895092
D Padikkal,2021,-5.178453421741889,0.0,328.0,0.0,14,-0.3698895301244206,0.0,-0.2708119774125222,0.0,-0.2708119774125222
D Padikkal,2022,-32.53992163545466,0.0,306.0,0.0,17,-1.914113037379686,0.0,-1.3749262662868167,0.0,-1.3749262662868167
D Padikkal,2023,-8.628775571008383,0.0,200.0,0.0,11,-0.7844341428189439,0.0,-0.49027133926183997,0.0,-0.49027133926183997
D Padikkal,2024,-90.62076209594404,0.0,53.0,0.0,7,-12.945823156563435,0.0,-3.966061429467411,0.0,-3.966061429467411
D Padikkal,2025,-11.21302078143589,0.0,164.0,0.0,10,-1.121302078143589,0.0,-0.6475124676603824,0.0,-0.6475124676603824
D Padikkal,2026,53.98982422057519,0.0,275.0,0.0,16,3.374364013785949,0.0,2.349240769091484,0.0,2.349240769091484
D Pretorius,2022,-4.658714214544929,-17.381123722603917,28.0,126.0,6,-0.7764523690908215,-2.8968539537673195,-0.14689639415231756,-1.4837544641247244,-1.630650858277042
D Pretorius,2023,0.0,4.397192725797339,0.0,24.0,1,0.0,4.397192725797339,0.0,0.7328654542995565,0.7328654542995565
D Salunkhe,2008,-1.2244330190705646,-19.356755810364184,24.0,47.0,6,-0.2040721698450941,-3.226125968394031,-0.03401202830751568,-0.9079516198474218,-0.9419636481549375
D Wiese,2015,-0.07475182313406048,28.161880347802395,86.0,254.0,14,-0.005339415938147177,2.0115628819858853,-0.0022290765567022195,1.3661416364289167,1.3639125598722146
D Wiese,2016,-0.791975561658992,-20.27933538561453,4.0,24.0,1,-0.791975561658992,-20.27933538561453,-0.025547598763193288,-3.379889230935755,-3.405436829698948
D Wiese,2023,3.0762787838402437,-20.052822799732375,11.0,18.0,3,1.0254262612800813,-6.684274266577458,0.08610449522199157,-0.8718618608579294,-0.7857573656359378
D du Preez,2009,-6.50119892396919,22.428759684097187,13.0,42.0,2,-3.250599461984595,11.214379842048594,-0.31772776696090027,2.907431810901487,2.589704043940587
DA Miller,2012,-2.021030816294907,0.0,75.0,0.0,6,-0.33683846938248446,0.0,-0.1295532574548017,0.0,-0.1295532574548017
DA Miller,2013,131.24132728168283,0.0,254.0,0.0,12,10.936777273473568,0.0,7.42765087556761,0.0,7.42765087556761
DA Miller,2014,79.7458147117268,0.0,299.0,0.0,16,4.984113419482925,0.0,3.5566823685570275,0.0,3.5566823685570275
DA Miller,2015,15.400648019954723,0.0,266.0,0.0,13,1.1846652323042095,0.0,0.8163755227795848,0.0,0.8163755227795848
DA Miller,2016,-43.48664236197806,0.0,131.0,0.0,14,-3.1061887401412904,0.0,-1.6211582667669682,0.0,-1.6211582667669682
DA Miller,2017,-19.55121223482466,0.0,80.0,0.0,5,-3.910242446964932,0.0,-1.5640969787859729,0.0,-1.5640969787859729
DA Miller,2018,-4.0311529678195885,0.0,64.0,0.0,3,-1.343717655939863,0.0,-0.4673800542399523,0.0,-0.4673800542399523
DA Miller,2019,-0.8247661562461386,0.0,164.0,0.0,10,-0.08247661562461386,0.0,-0.047627341417030546,0.0,-0.047627341417030546
DA Miller,2020,-5.750461971469122,0.0,0.0,0.0,1,-5.750461971469122,0.0,-0.0,0.0,0.0
DA Miller,2021,-26.945188649700867,0.0,113.0,0.0,9,-2.993909849966763,0.0,-1.4519820302413917,0.0,-1.4519820302413917
DA Miller,2022,58.963413457563824,0.0,337.0,0.0,16,3.685213341097739,0.0,2.7175424419035843,0.0,2.7175424419035843
DA Miller,2023,4.968536490137522,0.0,178.0,0.0,16,0.3105335306335951,0.0,0.18548647131805346,0.0,0.18548647131805346
DA Miller,2024,-4.280952558653766,0.0,139.0,0.0,9,-0.475661395405974,0.0,-0.25527773730282005,0.0,-0.25527773730282005
DA Miller,2025,-29.108896589839713,0.0,120.0,0.0,11,-2.646263326349065,0.0,-1.3231316631745325,0.0,-1.3231316631745325
DA Miller,2026,3.1784439857729856,0.0,137.0,0.0,11,0.2889494532520896,0.0,0.1540314206051995,0.0,0.1540314206051995
DA Payne,2026,-1.7429410158136878,-22.20417921834512,5.0,30.0,2,-0.8714705079068439,-11.10208960917256,-0.034858820316273756,-2.220417921834512,-2.255276742150786
DA Warner,2009,24.33753437778194,0.0,132.0,0.0,7,3.47679062539742,0.0,1.8211760418748388,0.0,1.8211760418748388
DA Warner,2010,14.001130223576848,0.0,191.0,0.0,11,1.272830020325168,0.0,0.7817058967270324,0.0,0.7817058967270324
DA Warner,2011,-2.645024754853142,0.0,276.0,0.0,13,-0.20346344268101094,0.0,-0.14180785398979548,0.0,-0.14180785398979548
DA Warner,2012,52.293339252404124,0.0,156.0,0.0,8,6.5366674065505155,0.0,3.6946380993546395,0.0,3.6946380993546395
DA Warner,2013,28.33149518535685,0.0,323.0,0.0,16,1.7707184490848031,0.0,1.2910655960595743,0.0,1.2910655960595743
DA Warner,2014,80.64456810743538,0.0,375.0,0.0,14,5.760326293388241,0.0,4.363883555597152,0.0,4.363883555597152
DA Warner,2015,162.38599372631597,0.0,359.0,0.0,14,11.598999551879713,0.0,8.693195906314857,0.0,8.693195906314857
DA Warner,2016,236.84293394949094,0.0,560.0,0.0,17,13.931937291146525,0.0,11.473360122120667,0.0,11.473360122120667
DA Warner,2017,138.55312911853466,0.0,452.0,0.0,14,9.896652079895333,0.0,7.820431363833375,0.0,7.820431363833375
DA Warner,2019,161.95603308652284,0.0,481.0,0.0,12,13.49633609054357,0.0,10.801560165643023,0.0,10.801560165643023
DA Warner,2020,71.73810705314551,-0.9384670436387285,407.0,1.0,16,4.4836316908215945,-0.05865419022742053,3.4626908883574745,-0.00048474537378033494,3.4622061429836943
DA Warner,2021,-35.22983397423384,0.0,181.0,0.0,8,-4.40372924677923,0.0,-2.6480896799569456,0.0,-2.6480896799569456
DA Warner,2022,93.6991625872348,0.0,287.0,0.0,12,7.808263548936233,0.0,5.506072821977146,0.0,5.506072821977146
DA Warner,2023,27.360660539502977,0.0,392.0,0.0,14,1.954332895678784,0.0,1.496286123254069,0.0,1.496286123254069
DA Warner,2024,-36.36419953588026,0.0,125.0,0.0,8,-4.5455249419850325,0.0,-2.319145378563792,0.0,-2.319145378563792
DAJ Bracewell,2012,-0.12010583394274521,2.390326305810255,9.0,24.0,1,-0.12010583394274521,2.390326305810255,-0.008379476786703154,0.39838771763504244,0.3900082408483393
DB Das,2008,-30.74322813788352,0.0,94.0,0.0,6,-5.12387135631392,0.0,-2.250672464922937,0.0,-2.250672464922937
DB Das,2012,0.06438683722628546,0.0,93.0,0.0,15,0.004292455815085697,0.0,0.001874170848840234,0.0,0.001874170848840234
DB Das,2013,-17.23777567919652,0.0,74.0,0.0,10,-1.723777567919652,0.0,-0.6575234021961559,0.0,-0.6575234021961559
DB Ravi Teja,2008,-7.3403509593426435,-0.37041811971948,82.0,12.0,7,-1.0486215656203777,-0.052916874245640004,-0.4256780612914404,-0.0048106249314218185,-0.43048868622286224
DB Ravi Teja,2009,-12.987259821816725,0.0,70.0,0.0,9,-1.4430288690907471,0.0,-0.53164221492817,0.0,-0.53164221492817
DB Ravi Teja,2011,18.050209437637783,-2.96070450588819,144.0,6.0,12,1.5041841198031485,-0.2467253754906825,0.820464065347172,-0.011748827404318214,0.8087152379428537
DB Ravi Teja,2012,-8.14002549700433,0.0,4.0,0.0,2,-4.070012748502165,0.0,-0.1312907338226505,0.0,-0.1312907338226505
DB Ravi Teja,2013,-5.500853564387773,0.0,17.0,0.0,2,-2.7504267821938866,0.0,-0.34129383428683263,0.0,-0.34129383428683263
DE Bollinger,2010,-5.031357114345001,75.69110508357598,17.0,186.0,8,-0.6289196392931251,9.461388135446997,-0.07804112312396443,5.75103984703641,5.672998723912446
DE Bollinger,2011,-1.2746221049198048,38.40191699830226,1.0,282.0,13,-0.09804785422460037,2.9539936152540203,-0.0008103128448314081,2.072204476372223,2.071394163527392
DE Bollinger,2012,-5.55343133926987,-24.614273488811257,5.0,108.0,6,-0.9255718898783116,-4.102378914801876,-0.03702287559513246,-1.9432321175377307,-1.9802549931328632
DG Nalkande,2022,0.0,-13.626319001381834,0.0,31.0,2,0.0,-6.813159500690917,0.0,-1.398728109413367,-1.398728109413367
DG Nalkande,2023,-3.28401030083423,-13.5480577934285,1.0,24.0,1,-3.28401030083423,-13.5480577934285,-0.02714058099863,-2.2580096322380836,-2.2851502132367134
DG Nalkande,2024,-6.254038177283346,11.697340023870948,11.0,29.0,3,-2.0846793924277818,3.8991133412903163,-0.17504941463134044,0.7588878315263031,0.5838384168949626
DH Yagnik,2011,-13.861725517537383,0.0,22.0,0.0,7,-1.9802465025053404,0.0,-0.30679875390927813,0.0,-0.30679875390927813
DH Yagnik,2012,5.673141252781024,0.0,13.0,0.0,5,1.1346282505562049,0.0,0.11090351321226062,0.0,0.11090351321226062
DH Yagnik,2013,-11.639955128832293,0.0,96.0,0.0,12,-0.9699962607360244,0.0,-0.43110944921601085,0.0,-0.43110944921601085
DH Yagnik,2014,-4.589991233571523,0.0,6.0,0.0,1,-4.589991233571523,0.0,-0.21857101112245347,0.0,-0.21857101112245347
DJ Bravo,2008,12.5506077675567,24.802197439830373,134.0,171.0,9,1.3945119741729668,2.755799715536708,0.7356874194455809,1.6193874617071378,2.355074881152719
DJ Bravo,2009,-1.5275946868353953,15.033429104204021,203.0,199.0,11,-0.1388722442577632,1.3666753731094565,-0.08727884081834653,0.8525655148864635,0.765286674068117
DJ Bravo,2010,-21.77297827260678,-46.69640316792312,53.0,157.0,10,-2.177297827260678,-4.669640316792313,-0.6670334384093407,-2.6466914430916715,-3.3137248815010123
DJ Bravo,2011,2.8309263400749076,-3.402725583616638,6.0,120.0,6,0.47182105667915125,-0.567120930602773,0.02246766936567387,-0.2835604653013865,-0.26109279593571266
DJ Bravo,2012,40.18332542552388,-10.696334376902108,264.0,346.0,18,2.23240696808466,-0.5942407987167838,1.534779790558204,-0.44121741707297685,1.0935623734852271
DJ Bravo,2013,-37.083547062076796,59.937159781646244,106.0,375.0,18,-2.0601970590042664,3.329842210091458,-0.9662871161701426,2.5226077349177713,1.5563206187476286
DJ Bravo,2014,3.7050043832142383,0.0,3.0,0.0,1,3.7050043832142383,0.0,0.09036596056620094,0.0,0.09036596056620094
DJ Bravo,2015,-10.05403504677814,64.96254390413648,148.0,314.0,17,-0.591413826281067,3.821326112008028,-0.3266016652596937,2.764738246936684,2.43813658167699
DJ Bravo,2016,-35.82801795431446,-4.530580058154664,82.0,336.0,15,-2.3885345302876306,-0.30203867054364425,-0.9696031261563649,-0.22255480987426418,-1.1921579360306291
DJ Bravo,2018,11.70408217174597,-61.91281621821365,91.0,321.0,16,0.7315051357341231,-3.869551013638353,0.31548325759149387,-2.816611962308189,-2.5011287047166952
DJ Bravo,2019,-10.282403645947742,4.549890929213287,66.0,247.0,12,-0.8568669704956452,0.3791575774344406,-0.3040495701758741,0.25518234775560444,-0.04886722242026964
DJ Bravo,2020,-5.484707627763395,-8.311721524342664,6.0,126.0,6,-0.9141179379605658,-1.3852869207237772,-0.043529425617169805,-0.7095372032975444,-0.7530666289147142
DJ Bravo,2021,21.689824319017777,30.665987061045172,18.0,202.0,11,1.971802210819798,2.7878170055495612,0.2571915927156258,1.7488789910590414,2.006070583774667
DJ Bravo,2022,-16.605759187946745,17.405017903219953,24.0,206.0,10,-1.6605759187946745,1.7405017903219953,-0.27676265313244575,1.099826284681997,0.8230636315495513
DJ Harris,2012,-3.4068504467177636,-5.546699964798154,101.0,18.0,4,-0.8517126116794409,-1.3866749911995384,-0.3892442252471653,-0.18087065102602673,-0.570114876273192
DJ Hooda,2015,9.883132515148915,-32.82704384464979,95.0,91.0,14,0.7059380367963511,-2.3447888460464137,0.3119261092821086,-1.0112596445034296,-0.699333535221321
DJ Hooda,2016,-43.108604568373615,5.966512919032769,121.0,78.0,17,-2.5358002687278596,0.35097134817839815,-1.273161130772079,0.13826144019149017,-1.1348996905805888
DJ Hooda,2017,-0.8516618291037741,-6.266014592908864,52.0,24.0,10,-0.0851661829103774,-0.6266014592908864,-0.02574791576360247,-0.10443357654848107,-0.13018149231208354
DJ Hooda,2018,-32.419480819146244,-4.778908208922582,81.0,18.0,9,-3.6021645354606937,-0.530989800991398,-1.4516185441408767,-0.06925953925974757,-1.5208780834006241
DJ Hooda,2019,-20.853446706909036,-2.529555043959087,63.0,12.0,11,-1.895767882446276,-0.22995954945082608,-0.652641402153636,-0.020905413586438736,-0.6735468157400747
DJ Hooda,2020,2.1240650928914597,-2.630802261832371,71.0,6.0,7,0.3034378704130657,-0.3758288945474816,0.11279627643627049,-0.01789661402607055,0.09489966241019994
DJ Hooda,2021,-4.919564465094252,-14.888719787587068,123.0,96.0,12,-0.40996370542452104,-1.240726648965589,-0.207512492869202,-0.5514340662069285,-0.7589465590761305
DJ Hooda,2022,68.51621388613285,-8.381468984876037,330.0,24.0,15,4.567747592408856,-0.5587645989917358,3.349681567766494,-0.0931274331652893,3.256554134601205
DJ Hooda,2023,-94.83047374660444,-1.2456969651652432,90.0,6.0,12,-7.902539478883703,-0.10380808043043693,-3.3868026338073016,-0.004943241925258902,-3.3917458757325605
DJ Hooda,2024,-30.60114489090237,-0.5438151961435889,105.0,18.0,11,-2.781922262809306,-0.04943774510396262,-1.2982303893110096,-0.006448401535299472,-1.304678790846309
DJ Hooda,2025,-50.99706644524208,-7.54954550136081,41.0,6.0,7,-7.285295206463155,-1.0785065001944014,-1.855261512204903,-0.05135745239020959,-1.9066189645951126
DJ Hussey,2008,-6.470486469084641,-29.885671499143566,259.0,78.0,13,-0.4977297283911262,-2.298897807626428,-0.34013720225145566,-0.9056264090649565,-1.2457636113164121
DJ Hussey,2009,30.564529161697997,-14.58637216989829,59.0,24.0,4,7.641132290424499,-3.6465930424745725,2.51858550354774,-0.6077655070790954,1.9108199964686445
DJ Hussey,2010,-19.316731855503136,-20.623732100046713,86.0,60.0,6,-3.2194553092505225,-3.437288683341119,-1.3440444494929364,-1.1457628944470397,-2.489807343939976
DJ Hussey,2011,-25.701039818582103,-16.055372755588795,63.0,18.0,8,-3.212629977322763,-2.0069215944485994,-1.1059873692422626,-0.2617723818845999,-1.3677597511268624
DJ Hussey,2012,25.820909377449176,11.644825406132291,305.0,54.0,16,1.6138068360905735,0.7278015878832682,1.1581437294297057,0.22586945830860047,1.3840131877383062
DJ Hussey,2013,8.411131268961611,-26.013202255224247,209.0,66.0,12,0.7009276057468009,-2.1677668546020206,0.44527012036802854,-0.7692075935684589,-0.32393747320043037
DJ Hussey,2014,1.653372501407699,-8.717562816728336,94.0,17.0,5,0.3306745002815398,-1.7435125633456672,0.14524954685263897,-0.21634827428376893,-0.07109872743112997
DJ Jacobs,2011,-32.40670473481141,0.0,88.0,0.0,6,-5.401117455801902,0.0,-2.285088154377728,0.0,-2.285088154377728
DJ Jacobs,2012,-19.333578453943293,0.0,10.0,0.0,1,-19.333578453943293,0.0,-1.4871983426110225,0.0,-1.4871983426110225
DJ Malan,2021,-3.9389081817406235,0.0,26.0,0.0,1,-3.9389081817406235,0.0,-0.7014494022277822,0.0,-0.7014494022277822
DJ Mitchell,2022,-21.66821090455381,-14.083816793301875,44.0,12.0,2,-10.834105452276905,-7.041908396650937,-2.9067112189035598,-0.6401734906046306,-3.5468847095081903
DJ Mitchell,2024,-6.783001248086814,-21.337168420818056,223.0,36.0,13,-0.5217693267759087,-1.6413206477552351,-0.3392261220729669,-0.37876630332813116,-0.7179924254010981
DJ Muthuswami,2015,-5.233309432799067,8.064655566092977,3.0,84.0,6,-0.8722182387998445,1.344109261015496,-0.02127361558048401,0.5534567545357925,0.5321831389553084
DJ Thornely,2008,-18.4111395556991,22.328305595247258,53.0,42.0,6,-3.0685232592831837,3.721384265874543,-0.9400678193179695,0.9648033281896964,0.02473550887172693
DJ Willey,2018,0.0,-19.577130634573074,0.0,60.0,3,0.0,-6.525710211524358,0.0,-2.175236737174786,-2.175236737174786
DJ Willey,2022,-20.48997583926402,-6.732092549752002,30.0,66.0,4,-5.122493959816005,-1.6830231374380005,-1.024498791963201,-0.5972017584457421,-1.621700550408943
DJ Willey,2023,-7.970121823320733,24.95876375461905,32.0,90.0,4,-1.9925304558301833,6.239690938654762,-0.4194800959642491,2.67415325942347,2.2546731634592208
DJG Sammy,2013,19.047335006019463,10.53460272402014,132.0,134.0,10,1.9047335006019463,1.053460272402014,0.9977175479343529,0.5557625059128735,1.5534800538472262
DJG Sammy,2014,-23.642270559658886,-36.39235696206664,91.0,84.0,10,-2.3642270559658884,-3.639235696206664,-1.0196429483075633,-1.4985088160850968,-2.51815176439266
DJG Sammy,2015,-12.749056931881679,-6.247021328280285,18.0,18.0,2,-6.374528465940839,-3.1235106641401424,-0.8314602346879356,-0.407414434453062,-1.2388746691409978
DJM Short,2018,-41.61184069466848,5.97155376254654,99.0,18.0,7,-5.944548670666926,0.85307910893522,-2.687261727835734,0.11127118812198522,-2.5759905397137484
DL Chahar,2016,0.0,-14.113401699351726,0.0,30.0,2,0.0,-7.056700849675863,0.0,-1.4113401699351726,-1.4113401699351726
DL Chahar,2017,2.1763855674201835,-25.27440645883822,6.0,42.0,3,0.7254618558067278,-8.424802152946073,0.03454580265746323,-2.1842079655786115,-2.1496621629211483
DL Chahar,2018,4.550003017285242,56.08927539584434,29.0,229.0,12,0.3791669181071035,4.674106282987029,0.07379758808795975,3.0669637215015175,3.140761309589477
DL Chahar,2019,-9.547228901554446,110.95523517212726,9.0,387.0,17,-0.561601700091438,6.526778539536898,-0.03918151395986776,4.981978885208638,4.94279737124877
DL Chahar,2020,-14.132525848571657,0.055666709910200396,12.0,312.0,14,-1.0094661320408327,0.003976193565014314,-0.09176964836734842,0.002871695352510338,-0.08889795301483809
DL Chahar,2021,-0.30500758176003034,-3.2657935688826187,1.0,324.0,15,-0.020333838784002023,-0.21771957125884125,-0.00016804825441323987,-0.15887644389158684,-0.15904449214600008
DL Chahar,2023,-1.9279421830651051,55.61816431454109,2.0,204.0,10,-0.1927942183065105,5.561816431454109,-0.0031605609558444346,3.5018844198044388,3.4987238588485945
DL Chahar,2024,0.0,7.226841547376029,0.0,141.0,8,0.0,0.9033551934220037,0.0,0.48801947230843873,0.48801947230843873
DL Chahar,2025,-4.081633926920572,20.29095021633276,25.0,246.0,14,-0.2915452804943266,1.4493535868809115,-0.05026642767143562,0.9741556895429079,0.9238892618714722
DL Chahar,2026,-6.375258333202843,5.5704458758158,19.0,153.0,8,-0.7969072916503553,0.696305734476975,-0.10892977367882554,0.39023727976182115,0.2813075060829956
DL Vettori,2008,0.0,12.43566854198254,0.0,48.0,2,0.0,6.21783427099127,0.0,1.7765240774260773,1.7765240774260773
DL Vettori,2009,-0.8754186401658923,-8.080612739463135,32.0,139.0,7,-0.12505980573798461,-1.1543732484947336,-0.02632838015536518,-0.6195285001574053,-0.6458568803127706
DL Vettori,2010,-6.804449922164265,-9.07941819830211,27.0,70.0,3,-2.268149974054755,-3.02647273276737,-0.41659897482638353,-1.1150162699669257,-1.5316152447933091
DL Vettori,2011,-15.517810006708975,74.63695349869562,28.0,310.0,13,-1.1936776928237673,5.7413041152842785,-0.22583091485855059,4.139079711018899,3.913248796160348
DL Vettori,2012,-15.730359709874438,5.916237953780736,26.0,210.0,9,-1.7478177455416042,0.6573597726423039,-0.31125521495946373,0.4183198553178298,0.10706464035836605
DM Bravo,2017,-0.8521702010049076,0.0,5.0,0.0,1,-0.8521702010049076,0.0,-0.0340868080401963,0.0,-0.0340868080401963
DNT Zoysa,2008,-2.9201977895465534,-24.60238470247429,9.0,66.0,3,-0.9733992631821845,-8.200794900824762,-0.06791157650108265,-2.9099594809378186,-2.977871057438901
DP Conway,2022,42.31763198765315,0.0,173.0,0.0,7,6.045375998236165,0.0,3.5694540876957563,0.0,3.5694540876957563
DP Conway,2023,101.29994490526059,0.0,481.0,0.0,16,6.331246556578787,0.0,5.0671041492752025,0.0,5.0671041492752025
DP Conway,2025,-36.633024983148744,0.0,119.0,0.0,6,-6.105504163858124,0.0,-3.0399790606657606,0.0,-3.0399790606657606
DP Nannes,2009,0.0,7.114780228963545,0.0,297.0,13,0.0,0.5472907868433496,0.0,0.3897970352337526,0.3897970352337526
DP Nannes,2010,-13.748769280055793,40.64006112741767,13.0,206.0,9,-1.5276410311173103,4.515562347490852,-0.1493182962746243,2.853392158230416,2.7040738619557914
DP Nannes,2011,0.0,5.833436580411846,0.0,24.0,2,0.0,2.916718290205923,0.0,0.48611971503432055,0.48611971503432055
DP Nannes,2013,0.0,-12.8147391302651,0.0,119.0,5,0.0,-2.56294782605302,0.0,-1.2761120974908344,-1.2761120974908344
DP Vijaykumar,2008,-0.3876091143909468,-17.74021283275882,1.0,152.0,9,-0.04306767937677187,-1.9711347591954247,-0.0003559312345187758,-1.1015164830797963,-1.101872414314315
DPMD Jayawardene,2008,6.796125594570373,0.0,131.0,0.0,13,0.5227788918900287,0.0,0.27284476030913846,0.0,0.27284476030913846
DPMD Jayawardene,2009,30.466475037231884,0.0,165.0,0.0,10,3.0466475037231886,0.0,1.7638485547871092,0.0,1.7638485547871092
DPMD Jayawardene,2010,94.99777308419468,0.0,298.0,0.0,13,7.307521006476514,0.0,5.20966808595694,0.0,5.20966808595694
DPMD Jayawardene,2011,-15.925274502080372,0.0,257.0,0.0,13,-1.225021115544644,0.0,-0.8350939700131923,0.0,-0.8350939700131923
DPMD Jayawardene,2012,-30.63705433400273,0.0,298.0,0.0,16,-1.9148158958751706,0.0,-1.3651079831837343,0.0,-1.3651079831837343
DPMD Jayawardene,2013,-46.629222171330596,0.0,313.0,0.0,15,-3.1086148114220395,0.0,-2.2471049329678947,0.0,-2.2471049329678947
DR Martyn,2010,-5.7942226165285815,0.0,24.0,0.0,1,-5.7942226165285815,0.0,-0.9657037694214302,0.0,-0.9657037694214302
DR Sams,2020,-4.768248945688358,-36.57892061385334,2.0,72.0,3,-1.5894163152294525,-12.192973537951113,-0.02605600516769594,-4.572365076731668,-4.598421081899364
DR Sams,2021,-3.2857858345516537,1.7873732042028783,6.0,36.0,2,-1.6428929172758269,0.8936866021014391,-0.07823299606075367,0.20623536971571674,0.1280023736549631
DR Sams,2022,-35.93026069299782,9.663850358324169,36.0,252.0,11,-3.2663873357270745,0.8785318507567426,-0.7537816928600941,0.5951344795448901,-0.15864721331520404
DR Shorey,2018,-6.921199052690259,0.0,9.0,0.0,1,-6.921199052690259,0.0,-0.4828743525132739,0.0,-0.4828743525132739
DR Shorey,2019,-8.855927304097374,0.0,8.0,0.0,1,-8.855927304097374,0.0,-0.5534954565060859,0.0,-0.5534954565060859
DR Smith,2008,-6.779499118773824,19.037031931130347,40.0,66.0,4,-1.694874779693456,4.759257982782587,-0.42371869492336406,1.688768961632531,1.265050266709167
DR Smith,2009,68.85875625033012,-49.31925481123398,132.0,84.0,8,8.607344531291265,-6.164906851404248,4.508609040200187,-2.5384910564605723,1.9701179837396148
DR Smith,2010,-13.547949319935341,-11.202998307468128,25.0,23.0,3,-4.5159831066451135,-3.7343327691560426,-0.7786177770077782,-0.6006269488852377,-1.3792447258930158
DR Smith,2012,52.416766497091956,-4.731661356076929,98.0,78.0,7,7.488109499584565,-0.6759516222967041,3.366214362198566,-0.26628397241991375,3.0999303897786525
DR Smith,2013,71.34362039159967,-16.05086317287742,341.0,30.0,13,5.487970799353821,-1.2346817825290324,4.059431762645668,-0.24693635650580645,3.812495406139862
DR Smith,2014,101.01242518111049,-10.943483584308513,416.0,60.0,16,6.313276573819405,-0.6839677240192821,4.899856445352374,-0.22798924133976067,4.671867204012614
DR Smith,2015,4.719269602355396,1.252447752615598,335.0,12.0,16,0.2949543501472123,0.07827798453847487,0.21716419186662883,0.0071161804125886245,0.22428037227921746
DR Smith,2016,27.793579325885855,41.421385054954825,221.0,108.0,12,2.316131610490488,3.451782087912902,1.5010706331917825,1.635054673221901,3.1361253064136836
DR Smith,2017,11.660065336781331,-54.35857101161852,156.0,78.0,12,0.9716721113984442,-4.529880917634877,0.5492059760078163,-1.7844985433107092,-1.235292567302893
DS Kulkarni,2008,-20.20174583025515,18.885401468643522,16.0,177.0,10,-2.020174583025515,1.8885401468643521,-0.23766759800300175,1.1254936228787553,0.8878260248757536
DS Kulkarni,2009,-16.13780864667266,-36.46695138199397,17.0,156.0,8,-2.0172260808340825,-4.5583689227492465,-0.25031272535897375,-2.576469391119139,-2.826782116478113
DS Kulkarni,2010,0.0,-4.160239398860396,0.0,24.0,1,0.0,-4.160239398860396,0.0,-0.6933732331433994,-0.6933732331433994
DS Kulkarni,2011,-7.550252212252927,0.4204177074278759,4.0,120.0,6,-1.258375368708821,0.07006961790464598,-0.040592753829316805,0.03503480895232299,-0.005557944876993813
DS Kulkarni,2012,3.2666078700318084,38.400505204544686,5.0,48.0,2,1.6333039350159042,19.200252602272343,0.06533215740063616,5.485786457792098,5.551118615192734
DS Kulkarni,2013,0.0,12.057788807139504,0.0,112.0,6,0.0,2.009631467856584,0.0,0.9701669155169715,0.9701669155169715
DS Kulkarni,2014,0.4841998915176853,3.183962612026008,25.0,162.0,8,0.06052498643971066,0.397995326503251,0.010435342489605285,0.22863561309761224,0.23907095558721753
DS Kulkarni,2015,-15.822069238093786,22.870083426375636,11.0,210.0,11,-1.4383699307357987,2.079098493306876,-0.12077915448926554,1.323062677558921,1.2022835230696554
DS Kulkarni,2016,-2.474223761480335,124.88984764673965,16.0,294.0,14,-0.1767302686771668,8.920703403338546,-0.0207917963149608,6.334992271936069,6.314200475621108
DS Kulkarni,2017,-3.560907289703641,-48.949428358335645,2.0,113.0,6,-0.5934845482839401,-8.158238059722608,-0.009729254889900658,-3.956570389479205,-3.966299644369106
DS Kulkarni,2018,-5.961529232325965,-40.103845558301934,7.0,119.0,8,-0.7451911540407457,-5.012980694787742,-0.04107352817547417,-2.496002940082599,-2.5370764682580735
DS Kulkarni,2019,0.6976165056829702,-73.22212911600484,3.0,210.0,10,0.06976165056829702,-7.3222129116004835,0.001701503672397488,-4.659590034654853,-4.657888530982455
DS Kulkarni,2020,0.0517902636133199,-5.958794367667009,2.0,18.0,1,0.0517902636133199,-5.958794367667009,0.0008490207149724574,-0.7772340479565664,-0.7763850272415939
DS Kulkarni,2021,0.0,-20.871918609583933,0.0,24.0,1,0.0,-20.871918609583933,0.0,-3.478653101597322,-3.478653101597322
DS Lehmann,2008,-10.430277219281253,0.0,18.0,0.0,2,-5.2151386096406265,0.0,-0.6802354708226904,0.0,-0.6802354708226904
DS Rathi,2025,-5.5314305754159445,50.442233765274494,3.0,312.0,13,-0.42549465964738037,3.880171828098038,-0.010377918527984888,2.8023463202930277,2.791968401765043
DS Rathi,2026,-5.742941015813688,-59.41036803490029,5.0,234.0,10,-0.5742941015813688,-5.941036803490029,-0.022971764063254754,-3.9271260226459512,-3.950097786709206
DT Christian,2011,-21.10004705095231,-11.492722577430335,159.0,274.0,14,-1.507146217925165,-0.8209087555307383,-0.8589112854842337,-0.5708857843031022,-1.429797069787336
DT Christian,2012,-0.7910532363699072,10.768470073193676,118.0,162.0,7,-0.11300760519570104,1.5383528675990965,-0.056028980727280346,0.8837346260675661,0.8277056453402858
DT Christian,2013,-16.090606604551727,-23.273176291361942,15.0,36.0,2,-8.045303302275864,-11.636588145680971,-0.8939225891417626,-2.6853664951571474,-3.5792890842989102
DT Christian,2017,2.748535983643516,31.773687284227,49.0,240.0,13,0.21142584489565508,2.444129791094385,0.061300984614716565,1.62941986072959,1.6907208453443066
DT Christian,2018,-24.652434193672967,-8.384189025399888,33.0,71.0,4,-6.163108548418242,-2.096047256349972,-1.329297922207856,-0.7791589277531309,-2.108456849960987
DT Christian,2021,-43.449161250757506,-26.946288510734213,24.0,100.0,9,-4.827684583417501,-2.994032056748246,-0.8046140972362501,-1.3609236621582934,-2.1655377593945433
DT Patil,2008,-7.949538276569366,0.0,13.0,0.0,2,-3.974769138284683,0.0,-0.3885112691556457,0.0,-0.3885112691556457
DV Malewar,2026,-28.431403401643433,0.0,5.0,0.0,2,-14.215701700821716,0.0,-0.5686280680328687,0.0,-0.5686280680328687
DW Steyn,2008,-6.758084781256411,15.38275754924311,5.0,228.0,10,-0.675808478125641,1.538275754924311,-0.027032339125025645,1.0078358394331692,0.9808035003081436
DW Steyn,2009,-8.225468284559884,-12.166517208844699,3.0,54.0,3,-2.7418227615199613,-4.0555057362815665,-0.06687372589073076,-1.258605228501176,-1.3254789543919068
DW Steyn,2010,-17.31151395155171,61.71814548197043,17.0,354.0,15,-1.1541009301034473,4.114543032131362,-0.14320960446539127,3.0728865683006377,2.9296769638352465
DW Steyn,2011,-15.891930509399879,55.94667136011516,35.0,273.0,12,-1.3243275424499898,4.66222261334293,-0.2990417031338687,3.238643189421425,2.939601486287556
DW Steyn,2012,-17.15465891076326,130.24636978434663,21.0,280.0,12,-1.4295549092302717,10.853864148695552,-0.21291243328961493,7.597704904086886,7.3847924707972705
DW Steyn,2013,0.5322246275690263,78.64179857059212,36.0,407.0,17,0.031307331033472136,4.625988151211301,0.007224768700032032,3.5726322154516117,3.5798569841516437
DW Steyn,2014,-19.407582941982604,-0.6855263338181068,26.0,336.0,14,-1.386255924427329,-0.04896616670129334,-0.24686749339116817,-0.03608033335884773,-0.2829478267500159
DW Steyn,2015,-0.9442101777903651,-38.25913737591605,13.0,114.0,6,-0.15736836296506085,-6.376522895986008,-0.015381870064254066,-3.1065111544547217,-3.1218930245189758
DW Steyn,2016,-3.7160269901311738,-6.803994674703565,2.0,12.0,1,-3.7160269901311738,-6.803994674703565,-0.06091847524805203,-0.6185449704275968,-0.6794634456756489
DW Steyn,2019,0.0,32.40052898109347,0.0,48.0,2,0.0,16.200264490546736,0.0,4.628646997299067,4.628646997299067
DW Steyn,2020,-1.9482097363866802,-55.49143544534585,2.0,70.0,3,-0.6494032454622267,-18.497145148448617,-0.01064595484364306,-6.814737686270543,-6.825383641114186
Dhruv Jurel,2023,10.192362083489861,0.0,88.0,0.0,13,0.7840278525761432,0.0,0.3317040914745221,0.0,0.3317040914745221
Dhruv Jurel,2024,-26.757081445971096,0.0,141.0,0.0,14,-1.9112201032836498,0.0,-1.0324982167164545,0.0,-1.0324982167164545
Dhruv Jurel,2025,13.805812574414873,0.0,213.0,0.0,14,0.9861294696010623,0.0,0.6307674985736524,0.0,0.6307674985736524
Dhruv Jurel,2026,8.617696670257143,0.0,333.0,0.0,16,0.5386060418910714,0.0,0.3959289447013836,0.0,0.3959289447013836
E Lewis,2018,13.535390762106193,0.0,276.0,0.0,13,1.0411839047773994,0.0,0.7256736306024298,0.0,0.7256736306024298
E Lewis,2019,-17.539985696361505,0.0,52.0,0.0,3,-5.846661898787168,0.0,-1.767595457772865,0.0,-1.767595457772865
E Lewis,2021,17.66871556950651,0.0,93.0,0.0,5,3.533743113901302,0.0,1.542901922970991,0.0,1.542901922970991
E Lewis,2022,-18.30006111573753,0.0,56.0,0.0,6,-3.050010185956255,0.0,-0.9704577864406267,0.0,-0.9704577864406267
E Malinga,2025,0.0,29.654704520612533,0.0,160.0,7,0.0,4.236386360087505,0.0,2.4207922057642883,2.4207922057642883
E Malinga,2026,-19.795641906674195,43.510425249877734,17.0,326.0,15,-1.3197094604449464,2.9006950166585157,-0.16375956808440942,2.1202389583647445,1.956479390280335
EJG Morgan,2010,-10.547113564711957,0.0,30.0,0.0,6,-1.7578522607853262,0.0,-0.3515704521570652,0.0,-0.3515704521570652
EJG Morgan,2011,-30.317927201022123,0.0,117.0,0.0,12,-2.5264939334185104,0.0,-1.2472564987762267,0.0,-1.2472564987762267
EJG Morgan,2013,18.85501599912719,0.0,240.0,0.0,14,1.3467868570805135,0.0,0.8978579047203423,0.0,0.8978579047203423
EJG Morgan,2015,-5.898056244501241,0.0,151.0,0.0,9,-0.6553395827223601,0.0,-0.36515231362020806,0.0,-0.36515231362020806
EJG Morgan,2016,-20.921278908831653,0.0,105.0,0.0,7,-2.9887541298330933,0.0,-1.3947519272554436,0.0,-1.3947519272554436
EJG Morgan,2017,-22.48769905944352,0.0,62.0,0.0,4,-5.62192476486088,0.0,-1.9151611836339262,0.0,-1.9151611836339262
EJG Morgan,2020,41.54646624507984,0.0,302.0,0.0,14,2.9676047317914174,0.0,2.123736087680114,0.0,2.123736087680114
EJG Morgan,2021,-68.78776398914374,0.0,139.0,0.0,17,-4.046339058184926,0.0,-2.171587370994999,0.0,-2.171587370994999
ER Dwivedi,2016,-7.300542338967349,0.0,14.0,0.0,4,-1.8251355847418373,0.0,-0.1906858073610875,0.0,-0.1906858073610875
F Behardien,2016,-11.973028534187046,0.0,13.0,0.0,3,-3.991009511395682,0.0,-0.39009867404619447,0.0,-0.39009867404619447
F du Plessis,2012,58.77548997669969,-7.48705350558346,304.0,6.0,12,4.897957498058307,-0.6239211254652883,3.5117431118153903,-0.02971052978406135,3.482032582031329
F du Plessis,2014,13.001204244167948,0.0,235.0,0.0,15,0.8667469496111965,0.0,0.5737620652355807,0.0,0.5737620652355807
F du Plessis,2015,18.528737966210308,0.0,304.0,0.0,17,1.0899257627182535,0.0,0.7814562072319553,0.0,0.7814562072319553
F du Plessis,2016,11.438544171110518,0.0,162.0,0.0,6,1.9064240285184197,0.0,1.095179761063773,0.0,1.095179761063773
F du Plessis,2017,-3.9009183103811678,0.0,7.0,0.0,2,-1.9504591551905839,0.0,-0.10750562272704005,0.0,-0.10750562272704005
F du Plessis,2018,-8.334345106296881,0.0,129.0,0.0,6,-1.3890575177161468,0.0,-0.7196322079734254,0.0,-0.7196322079734254
F du Plessis,2019,-10.411467150438675,0.0,321.0,0.0,12,-0.8676222625365563,0.0,-0.6315345720504185,0.0,-0.6315345720504185
F du Plessis,2020,43.456335080621415,0.0,319.0,0.0,13,3.3427950062016474,0.0,2.4290469407251147,0.0,2.4290469407251147
F du Plessis,2021,108.83679780670298,0.0,458.0,0.0,16,6.802299862918936,0.0,5.3900576768458,0.0,5.3900576768458
F du Plessis,2022,11.41414150191455,0.0,367.0,0.0,16,0.7133838438696594,0.0,0.537601377207731,0.0,0.537601377207731
F du Plessis,2023,167.7611437938751,0.0,475.0,0.0,14,11.982938842419651,0.0,9.566211680923251,0.0,9.566211680923251
F du Plessis,2024,10.54254397012685,0.0,271.0,0.0,15,0.7028362646751234,0.0,0.4871320402224001,0.0,0.4871320402224001
F du Plessis,2025,-50.81307807509954,0.0,163.0,0.0,10,-5.081307807509954,0.0,-2.9266896559156272,0.0,-2.9266896559156272
FA Allen,2021,-9.294336998560805,-20.255728952069767,12.0,66.0,4,-2.3235842496402013,-5.063932238017442,-0.21123493178547284,-1.7968791812319953,-2.0081141130174682
FA Allen,2022,-4.164678553636232,-9.384683077760208,7.0,24.0,1,-4.164678553636232,-9.384683077760208,-0.22954921161774508,-1.564113846293368,-1.793663057911113
FH Allen,2026,51.87724944328678,0.0,163.0,0.0,11,4.716113585753344,0.0,2.716348107695389,0.0,2.716348107695389
FH Edwards,2009,-4.142901041086767,12.994449425582022,5.0,140.0,6,-0.6904835068477945,2.165741570930337,-0.027619340273911778,1.1661685381932583,1.1385491979193465
FY Fazal,2010,-26.96505348955367,-2.708300289806083,154.0,12.0,10,-2.696505348955367,-0.2708300289806083,-1.5155541012376879,-0.02462091172550985,-1.5401750129631977
FY Fazal,2011,-11.188290665991545,0.0,19.0,0.0,2,-5.594145332995772,0.0,-0.7646673476756812,0.0,-0.7646673476756812
Fazalhaq Farooqi,2022,-9.822444964953776,-14.219736253360686,8.0,72.0,3,-3.274148321651259,-4.739912084453562,-0.20463427010320367,-1.7774670316700858,-1.9821013017732896
Fazalhaq Farooqi,2023,-6.319855457662763,4.044036281280007,5.0,80.0,4,-1.5799638644156908,1.0110090703200016,-0.06319855457662762,0.4044036281280007,0.3412050735513731
Fazalhaq Farooqi,2025,-1.1409275774095118,-83.84837216127585,2.0,102.0,5,-0.22818551548190236,-16.76967443225517,-0.003740746155441022,-7.704985549955078,-7.708726296110519
G Coetzee,2024,-26.500074877742424,-9.956211346301817,22.0,201.0,10,-2.6500074877742423,-0.9956211346301818,-0.41056454035938966,-0.6234263179460017,-1.0339908583053914
G Coetzee,2025,-5.945860026777347,-17.13969822404237,11.0,72.0,4,-1.4864650066943368,-4.284924556010592,-0.12481767231784507,-1.6068467085039722,-1.7316643808218173
G Gambhir,2008,121.02264146369099,0.0,379.0,0.0,14,8.644474390263643,0.0,6.565642873566975,0.0,6.565642873566975
G Gambhir,2009,-18.0211624470752,0.0,278.0,0.0,15,-1.2014108298050132,0.0,-0.8391764087582756,0.0,-0.8391764087582756
G Gambhir,2010,12.24695669672656,0.0,217.0,0.0,11,1.1133596997024144,0.0,0.7169111419448781,0.0,0.7169111419448781
G Gambhir,2011,20.84693128199263,0.0,317.0,0.0,15,1.3897954187995087,0.0,1.00815823285914,0.0,1.00815823285914
G Gambhir,2012,126.08763075997238,0.0,411.0,0.0,17,7.416919456468964,0.0,5.740779466306486,0.0,5.740779466306486
G Gambhir,2013,17.265935835219455,0.0,343.0,0.0,16,1.079120989701216,0.0,0.7994352040335142,0.0,0.7994352040335142
G Gambhir,2014,-61.005777472257364,0.0,293.0,0.0,16,-3.8128610920160853,0.0,-2.705007990219644,0.0,-2.705007990219644
G Gambhir,2015,-10.642359434953928,0.0,278.0,0.0,13,-0.8186430334579945,0.0,-0.5718159881942776,0.0,-0.5718159881942776
G Gambhir,2016,17.563882216284448,0.0,411.0,0.0,15,1.1709254810856298,0.0,0.9063095531566739,0.0,0.9063095531566739
G Gambhir,2017,36.408106255294726,0.0,389.0,0.0,16,2.2755066409559204,0.0,1.7390414210841907,0.0,1.7390414210841907
G Gambhir,2018,-47.30132996181327,0.0,88.0,0.0,6,-7.883554993635546,0.0,-3.335350189615039,0.0,-3.335350189615039
GB Hogg,2012,-10.186933234501568,21.436604764897847,16.0,216.0,9,-1.1318814705001743,2.3818449738775387,-0.13316252594119699,1.5311860546355605,1.3980235286943634
GB Hogg,2013,0.0,-10.994105238082224,0.0,20.0,1,0.0,-10.994105238082224,0.0,-1.570586462583175,-1.570586462583175
GB Hogg,2015,-3.6465796562964563,65.95871790361278,6.0,126.0,6,-0.6077632760494094,10.99311965060213,-0.028941108383305207,5.630622260064506,5.6016811516812
GB Hogg,2016,0.0,-14.76950915573091,0.0,96.0,5,0.0,-2.953901831146182,0.0,-1.312845258287192,-1.312845258287192
GC Smith,2008,68.69912715114633,0.0,362.0,0.0,11,6.245375195558757,0.0,4.690510001643713,0.0,4.690510001643713
GC Smith,2009,-40.09094716464288,0.0,216.0,0.0,12,-3.3409122637202397,0.0,-2.147729312391583,0.0,-2.147729312391583
GC Smith,2010,4.036729870061576,0.0,39.0,0.0,2,2.018364935030788,0.0,0.49507064444151405,0.0,0.49507064444151405
GC Smith,2011,-33.44208416859524,0.0,51.0,0.0,4,-8.36052104214881,0.0,-2.493488731868943,0.0,-2.493488731868943
GC Viljoen,2019,-10.678973238676424,-15.877718697830508,7.0,138.0,6,-1.7798288731127372,-2.646286449638418,-0.0981008040298359,-1.4154555428298514,-1.5135563468596873
GD McGrath,2008,-4.758084781256411,64.7362589191701,5.0,324.0,14,-0.3398631986611722,4.624018494226435,-0.013594527946446888,3.374283766057128,3.360689238110681
GD Phillips,2021,-18.51377104728034,-2.3266831361843283,33.0,12.0,3,-6.171257015760113,-0.7755610453947761,-1.3310554347717891,-0.07050554958134328,-1.4015609843531325
GD Phillips,2023,-7.454538410554768,11.727332627388959,22.0,18.0,5,-1.4909076821109537,2.345466525477792,-0.23098569722845763,0.3059304163666685,0.07494471913821088
GD Phillips,2026,-24.36149261375944,0.0,54.0,0.0,6,-4.060248768959907,0.0,-1.2600772041599713,0.0,-1.2600772041599713
GF Linde,2026,-6.980469894322522,-1.8527246581580252,21.0,37.0,3,-2.326823298107507,-0.6175748860526751,-0.34654815078196916,-0.14554312601241387,-0.492091276794383
GH Vihari,2013,-93.97171323018623,1.658610549072363,278.0,36.0,17,-5.527747837069778,0.09756532641602135,-3.8610901977522567,0.02251507532677416,-3.8385751224254827
GH Vihari,2015,-22.253541741502637,0.0,35.0,0.0,5,-4.450708348300528,0.0,-1.0049986592936675,0.0,-1.0049986592936675
GH Vihari,2019,-11.113101070115436,-2.6400085077141044,8.0,6.0,2,-5.556550535057718,-1.3200042538570522,-0.34728440844110736,-0.0628573454217644,-0.41014175386287177
GHS Garton,2021,-5.040069536341799,-25.99886515309983,4.0,90.0,5,-1.0080139072683598,-5.199773030619966,-0.03251657765381806,-2.228474155979985,-2.260990733633803
GJ Bailey,2009,3.7644293085819367,0.0,39.0,0.0,3,1.2548097695273122,0.0,0.3077835283746237,0.0,0.3077835283746237
GJ Bailey,2010,-9.688376728668999,0.0,27.0,0.0,1,-9.688376728668999,0.0,-1.779497766490224,0.0,-1.779497766490224
GJ Bailey,2014,-19.67599765999638,0.0,190.0,0.0,17,-1.1574116270586106,0.0,-0.7093813198101162,0.0,-0.7093813198101162
GJ Bailey,2015,-1.7778643954674216,0.0,190.0,0.0,13,-0.13675879965134013,0.0,-0.0838199094637246,0.0,-0.0838199094637246
GJ Bailey,2016,-25.021811703563976,0.0,98.0,0.0,6,-4.170301950593996,0.0,-1.874722895221154,0.0,-1.874722895221154
GJ Maxwell,2012,-10.069383024823521,0.23730139279035978,11.0,18.0,2,-5.034691512411761,0.11865069639517989,-0.422760356004041,0.015476177790675638,-0.4072841782133654
GJ Maxwell,2013,-10.336700184778792,-8.693469956757058,27.0,12.0,3,-3.4455667282595974,-2.8978233189190195,-0.6328591949864566,-0.2634384835380927,-0.8962976785245493
GJ Maxwell,2014,173.65318756362558,-57.99654262251268,294.0,66.0,16,10.853324222726599,-3.6247839139070424,7.707433143675411,-1.2862136468702408,6.42121949680517
GJ Maxwell,2015,-40.918132888776654,-22.98914715132938,112.0,60.0,11,-3.7198302626160595,-2.089922468302671,-1.7957801267801665,-0.696640822767557,-2.4924209495477236
GJ Maxwell,2016,5.683278197586629,-24.341881124315734,124.0,54.0,11,0.5166616543260573,-2.2128982840287033,0.2625657587558652,-0.686761536422701,-0.4241957776668358
GJ Maxwell,2017,53.809309354569905,37.85039531623537,179.0,114.0,14,3.843522096754993,2.7035996654453838,2.3009714224720526,1.317138298550315,3.6181097210223676
GJ Maxwell,2018,-37.56631328017868,5.018919197944654,120.0,96.0,12,-3.130526106681557,0.41824326649538784,-1.5652630533407785,0.18588589622017238,-1.3793771571206062
GJ Maxwell,2020,-45.933379607791395,-15.90404454144331,106.0,126.0,13,-3.5333368929070303,-1.2233880416494853,-1.6572288081776336,-0.6266133871863218,-2.283842195363955
GJ Maxwell,2021,105.13471328649504,-23.09742839112613,356.0,96.0,15,7.008980885766336,-1.5398285594084087,5.242010914564739,-0.6843682486259595,4.557642665938779
GJ Maxwell,2022,46.19938942315558,29.754765788457796,178.0,144.0,13,3.553799186396583,2.2888281375736765,2.1227391113375567,1.2484517114038236,3.3711908227413803
GJ Maxwell,2023,99.14836782327646,-3.899688782983123,218.0,62.0,14,7.082026273091175,-0.2785491987845088,4.567697418739279,-0.09489038639911838,4.47280703234016
GJ Maxwell,2024,-60.10271857529238,31.261217802265424,43.0,96.0,10,-6.010271857529238,3.1261217802265424,-1.585531839716302,1.3893874578784633,-0.19614438183783878
GJ Maxwell,2025,-40.39670931304674,19.462184901377974,49.0,78.0,7,-5.770958473292391,2.780312128768282,-1.6732364804220543,1.0952744749693233,-0.577962005452731
GR Napier,2009,-1.7783539270928013,-1.835910198429168,16.0,24.0,1,-1.7783539270928013,-1.835910198429168,-0.20921810906974134,-0.30598503307152797,-0.5152031421412693
GS Sandhu,2015,0.0,-19.737724891020584,0.0,48.0,3,0.0,-6.579241630340195,0.0,-1.8797833229543413,-1.8797833229543413
Gagandeep Singh,2008,0.0,-29.619736036071096,0.0,84.0,4,0.0,-7.404934009017774,0.0,-3.0490904743014364,-3.0490904743014364
Gulbadin Naib,2024,-4.433017970663496,-4.847938398714529,15.0,6.0,2,-2.216508985331748,-2.4239691993572645,-0.24627877614797197,-0.11542710473129832,-0.3617058808792703
Gurjapneet Singh,2026,0.0,-11.728718922821475,0.0,151.0,8,0.0,-1.4660898653526844,0.0,-0.8168987810636728,-0.8168987810636728
Gurkeerat Singh,2012,16.388454111150597,0.0,52.0,0.0,5,3.2776908222301193,0.0,0.9909297834649198,0.0,0.9909297834649198
Gurkeerat Singh,2013,-14.097383378200341,0.0,95.0,0.0,11,-1.2815803071091219,0.0,-0.5662796705831004,0.0,-0.5662796705831004
Gurkeerat Singh,2015,-29.81578723483194,3.979304784031868,39.0,54.0,5,-5.963157446966388,0.7958609568063736,-1.4626612605766611,0.24699133142266766,-1.2156699291539934
Gurkeerat Singh,2016,-4.106454895125033,6.4792745431598595,86.0,24.0,7,-0.5866364135892904,0.9256106490228371,-0.2449064639256261,0.15426844150380617,-0.09063802242181992
Gurkeerat Singh,2019,2.7034134684373825,0.0,70.0,0.0,3,0.9011378228124608,0.0,0.3319981452466961,0.0,0.3319981452466961
Gurkeerat Singh,2020,-28.470833125726845,0.0,80.0,0.0,8,-3.5588541407158556,0.0,-1.4235416562863423,0.0,-1.4235416562863423
Gurnoor Brar,2023,0.0,-24.05282279973238,0.0,18.0,1,0.0,-24.05282279973238,0.0,-3.1373247130085713,-3.1373247130085713
H Das,2008,-6.758084781256411,0.0,5.0,0.0,1,-6.758084781256411,0.0,-0.27032339125025645,0.0,-0.27032339125025645
H Klaasen,2018,-19.077418823346775,0.0,47.0,0.0,4,-4.769354705836694,0.0,-1.342273480085776,0.0,-1.342273480085776
H Klaasen,2019,-18.405351892225074,0.0,10.0,0.0,3,-6.135117297408358,0.0,-0.4719320998006429,0.0,-0.4719320998006429
H Klaasen,2023,121.5980722142024,0.0,253.0,0.0,12,10.133172684516866,0.0,6.873170748479268,0.0,6.873170748479268
H Klaasen,2024,64.6447642751353,0.0,280.0,0.0,16,4.040297767195956,0.0,2.8282084370371696,0.0,2.8282084370371696
H Klaasen,2025,84.6950891757608,0.0,282.0,0.0,14,6.0496492268400575,0.0,4.243783785992279,0.0,4.243783785992279
H Klaasen,2026,76.9374519154177,0.0,390.0,0.0,15,5.129163461027846,0.0,3.9223014701977648,0.0,3.9223014701977648
H Sharma,2023,0.0,-7.737090895495726,0.0,18.0,1,0.0,-7.737090895495726,0.0,-1.0091857689777033,-1.0091857689777033
H Sharma,2024,0.0,-14.695876797429058,0.0,12.0,1,0.0,-14.695876797429058,0.0,-1.335988799766278,-1.335988799766278
HC Brook,2023,-42.70606697730776,0.0,154.0,0.0,11,-3.882369725209797,0.0,-2.1820618163587913,0.0,-2.1820618163587913
HE van der Dussen,2022,-18.52607164417835,0.0,24.0,0.0,3,-6.175357214726117,0.0,-1.0292262024543528,0.0,-1.0292262024543528
HF Gurney,2019,-6.170639157195049,-13.3607326637744,5.0,162.0,8,-0.7713298946493812,-1.6700915829718,-0.030853195785975247,-0.9594143136220978,-0.9902675094080731
HH Gibbs,2008,-30.577743791869775,0.0,153.0,0.0,9,-3.3975270879855306,0.0,-1.9041085877721105,0.0,-1.9041085877721105
HH Gibbs,2009,34.95160916373827,0.0,331.0,0.0,14,2.4965435116955907,0.0,1.8322747280958769,0.0,1.8322747280958769
HH Gibbs,2010,-2.728475205425408,0.0,235.0,0.0,10,-0.2728475205425408,0.0,-0.18061737275351292,0.0,-0.18061737275351292
HH Gibbs,2012,-18.492981851473804,0.0,88.0,0.0,3,-6.164327283824601,0.0,-2.607984620079639,0.0,-2.607984620079639
HH Pandya,2015,12.64911182401172,-55.71328030309412,62.0,102.0,9,1.4054568693346357,-6.19036447812157,0.4787820104326781,-2.844221516974775,-2.365439506542097
HH Pandya,2016,-64.77565356570076,-20.466653290181288,63.0,100.0,11,-5.888695778700069,-1.8606048445619352,-2.027255923814778,-0.8457294748008796,-2.8729853986156573
HH Pandya,2017,28.051770580530036,-14.83195301407056,160.0,156.0,17,1.6501041517958845,-0.8724678243570918,0.9429166581690769,-0.49313398768009536,0.4497826704889815
HH Pandya,2018,-4.140496803458262,-1.0816792274671911,195.0,256.0,13,-0.318499754112174,-0.08320609442055317,-0.19716651445039343,-0.05665095790335535,-0.2538174723537488
HH Pandya,2019,105.35811497869356,-32.62567316252732,210.0,255.0,16,6.584882186168348,-2.0391045726579575,4.190379573016221,-1.386591109407411,2.80378846360881
HH Pandya,2020,48.37056627409872,0.0,157.0,0.0,14,3.4550404481499086,0.0,1.9582720229586126,0.0,1.9582720229586126
HH Pandya,2021,-22.59634048166595,0.0,112.0,0.0,12,-1.8830283734721627,0.0,-0.9090481802969061,0.0,-0.9090481802969061
HH Pandya,2022,44.07540962213497,20.28623236504177,371.0,183.0,15,2.9383606414756644,1.3524154910027846,2.2202276944755024,0.8168053955561372,3.0370330900316396
HH Pandya,2023,-9.179951402515336,-40.95927689013356,253.0,150.0,16,-0.5737469626572085,-2.5599548056333474,-0.38916348941628354,-1.4221971142407486,-1.811360603657032
HH Pandya,2024,-21.369132722061945,-67.40565060347123,151.0,216.0,14,-1.5263666230044246,-4.814689328819374,-0.8504847235190706,-3.0951574256695977,-3.9456421491886684
HH Pandya,2025,5.502433666601885,-1.7324526712866284,137.0,210.0,15,0.36682891110679233,-0.11549684475244189,0.19554692926704495,-0.0734979921151903,0.12204893715185465
HH Pandya,2026,-27.83654681250297,-61.568345817291366,149.0,136.0,10,-2.783654681250297,-6.156834581729137,-1.5418756412873393,-3.270818371543604,-4.812694012830944
HM Amla,2016,-4.0172760346399725,0.0,119.0,0.0,6,-0.6695460057733288,0.0,-0.33337227902521394,0.0,-0.33337227902521394
HM Amla,2017,88.102655907486,0.0,288.0,0.0,10,8.8102655907486,0.0,6.2190110052343055,0.0,6.2190110052343055
HR Shokeen,2022,-15.73880847456749,-20.00795049983866,48.0,90.0,5,-3.147761694913498,-4.001590099967732,-0.8993604842609993,-1.7149671857004567,-2.614327669961456
HR Shokeen,2023,-3.70754776535507,-40.33435868078998,17.0,114.0,8,-0.46344347066938374,-5.041794835098748,-0.05750758395167536,-2.456259022227595,-2.5137666061792703
HV Patel,2012,-7.614470726896397,-46.03865807986773,15.0,246.0,11,-0.6922246115360361,-4.1853325527152485,-0.07691384572622624,-2.813092371497134,-2.8900062172233603
HV Patel,2014,-0.6617348577701341,-9.921876931812188,7.0,66.0,3,-0.22057828592337803,-3.3072923106040624,-0.012157858279241308,-1.1735553360207964,-1.1857131943000376
HV Patel,2015,-7.753276940497946,54.10987273388126,12.0,263.0,15,-0.5168851293665297,3.6073248489254173,-0.04698955721513907,2.477092520280378,2.4301029630652393
HV Patel,2016,0.0,-46.130503568732166,0.0,84.0,5,0.0,-9.226100713746433,0.0,-3.7989826468367665,-3.7989826468367665
HV Patel,2017,0.0,-3.1402121082164705,0.0,24.0,1,0.0,-3.1402121082164705,0.0,-0.5233686847027451,-0.5233686847027451
HV Patel,2018,14.176299531036557,-12.730121099954417,33.0,105.0,5,2.8352599062073116,-2.5460242199908834,0.6115266464368712,-1.1881446359957457,-0.5766179895588746
HV Patel,2019,-4.688294872179698,-3.1837452401806914,2.0,48.0,2,-2.344147436089849,-1.5918726200903457,-0.038428646493276215,-0.45482074859724164,-0.49324939509051785
HV Patel,2020,-15.488873302001839,-21.083976664940636,24.0,90.0,5,-3.0977746604003675,-4.216795332988127,-0.5162957767333946,-1.8071979998520544,-2.323493776585449
HV Patel,2021,-7.86934197661308,45.26622839688881,46.0,338.0,15,-0.524622798440872,3.0177485597925875,-0.14537740197759105,2.2270720812443114,2.0816946792667204
HV Patel,2022,-23.523631959783273,74.96212346033114,39.0,321.0,15,-1.5682421306522183,4.997474897355409,-0.3846631641222422,3.637617782428767,3.252954618306525
HV Patel,2023,-11.95857862870099,-42.78614398822832,6.0,282.0,14,-0.8541841877643563,-3.0561531420163086,-0.040675437512588404,-2.1438686220114405,-2.184544059524029
HV Patel,2024,-20.72521510672068,12.992879273193147,19.0,294.0,14,-1.4803725076229057,0.9280628052280819,-0.20235307658154825,0.6590590935677684,0.45670601698622015
HV Patel,2025,-23.092188358977854,7.909268619103376,26.0,263.0,13,-1.776322181459835,0.6084052783925673,-0.3163313473832583,0.4177822146664366,0.10145086728317831
HV Patel,2026,-9.397411456369673,-38.72767802935903,9.0,82.0,5,-1.8794822912739346,-7.745535605871806,-0.131126671484228,-3.1442273251558817,-3.2753539966401095
Harbhajan Singh,2008,-0.7715326761432495,2.7749060786989723,17.0,60.0,3,-0.2571775587144165,0.9249686928996574,-0.03191254378208088,0.30832289763321913,0.27641035385113827
Harbhajan Singh,2009,-3.4739806107979385,38.48745711497729,53.0,264.0,13,-0.2672292777536876,2.9605736242290224,-0.08186792902280603,2.035394366657453,1.953526437634647
Harbhajan Singh,2010,10.96314679602364,53.542434033197274,63.0,321.0,15,0.7308764530682427,3.5694956022131517,0.2516132051546409,2.598204281883042,2.849817487037683
Harbhajan Singh,2011,12.382426350428656,21.69828737698347,71.0,318.0,15,0.825495090028577,1.4465524917988979,0.30685943137187943,1.0502367406211177,1.357096171992997
Harbhajan Singh,2012,-11.873155847963389,-25.420763903086915,80.0,324.0,17,-0.6984209322331405,-1.4953390531227597,-0.2793683728932562,-1.0911933630895814,-1.3705617359828377
Harbhajan Singh,2013,-1.0716762274148053,77.65562757808868,79.0,420.0,19,-0.05640401196920028,4.087138293583615,-0.022391542440034284,3.178885339453923,3.1564937970138884
Harbhajan Singh,2014,-16.89182618638974,80.29309048753676,25.0,330.0,14,-1.2065590133135529,5.735220749109769,-0.20802741608854358,4.205828549347164,3.99780113325862
Harbhajan Singh,2015,-0.11173213823945183,22.071832750349213,73.0,342.0,15,-0.007448809215963455,1.4714555166899475,-0.002817425247488768,1.0892592785886623,1.0864418533411735
Harbhajan Singh,2016,-18.65726876570026,-16.63751680923743,84.0,294.0,14,-1.3326620546928756,-1.1883940578026735,-0.5487431989911841,-0.8439320120627681,-1.3926752110539522
Harbhajan Singh,2017,-9.56702306181906,35.56462011600205,16.0,246.0,11,-0.8697293692562783,3.2331472832729133,-0.10232110226544451,2.1730989936752367,2.0707778914097923
Harbhajan Singh,2018,-23.871665412502608,-20.975634573915087,36.0,191.0,13,-1.836281954807893,-1.613510351839622,-0.42375737418643683,-0.9909340102937871,-1.414691384480224
Harbhajan Singh,2019,-5.1224227036187076,99.3769547824965,3.0,264.0,11,-0.4656747912380643,9.034268616590591,-0.011357921737513764,6.211059673906031,6.199701752168517
Harbhajan Singh,2021,-1.2200303270401214,-22.792607736815427,4.0,42.0,3,-0.40667677568004046,-7.597535912271809,-0.01311860566709808,-1.9697315328112097,-1.9828501384783077
Harmeet Singh,2009,0.0,-47.25402084138617,0.0,137.0,7,0.0,-6.75057440591231,0.0,-3.598555228054422,-3.598555228054422
Harmeet Singh,2010,-4.994864131211885,26.182478916677937,1.0,144.0,8,-0.6243580164014856,3.272809864584742,-0.0051599836066238474,1.785169017046223,1.7800090334395993
Harmeet Singh,2011,0.0,18.50403529991773,0.0,42.0,2,0.0,9.252017649958866,0.0,2.398671242581928,2.398671242581928
Harmeet Singh,2012,3.753211808742854,-20.996761738012662,7.0,134.0,7,0.5361731155346934,-2.999537391144666,0.029552848887739003,-1.5824331118637214,-1.5528802629759824
Harmeet Singh,2013,-4.245338870838079,19.35388850924698,4.0,68.0,3,-1.4151129569460263,6.451296169748993,-0.04564880506277504,2.333447550760274,2.287798745697499
Harmeet Singh (2),2013,0.0,-9.017483211182405,0.0,24.0,1,0.0,-9.017483211182405,0.0,-1.5029138685304009,-1.5029138685304009
Harpreet Brar,2019,2.7904660227318807,-18.01289543147682,12.0,30.0,2,1.3952330113659404,-9.00644771573841,0.12683936466963094,-1.801289543147682,-1.6744501784780512
Harpreet Brar,2020,0.0,-17.05640283841443,0.0,24.0,1,0.0,-17.05640283841443,0.0,-2.8427338064024052,-2.8427338064024052
Harpreet Brar,2021,-10.597543146151137,26.074194703608477,58.0,138.0,7,-1.513934735164448,3.724884957658354,-0.4933045766266179,1.992380326189352,1.499075749562734
Harpreet Brar,2022,-19.062979105404434,-22.15100072875833,25.0,96.0,5,-3.812595821080887,-4.430200145751666,-0.6573441070829116,-1.968977842556296,-2.6263219496392076
Harpreet Brar,2023,-18.996519665091213,11.330576603406339,41.0,163.0,13,-1.4612707434685548,0.8715828156466414,-0.3721248477155947,0.5020070634289843,0.1298822157133896
Harpreet Brar,2024,-10.096920016798018,8.002462430307041,54.0,228.0,13,-0.7766861551383091,0.6155740331005416,-0.2410405309049925,0.40330712513483763,0.16226659422984513
Harpreet Brar,2025,-10.98705699919026,46.200616757685076,13.0,132.0,8,-1.3733821248987825,5.7750770947106345,-0.13424035807281334,3.025040382943666,2.8908000248708525
Harpreet Brar,2026,0.3542353905117872,16.62780607811669,3.0,48.0,2,0.1771176952558936,8.313903039058346,0.004319943786729112,2.3754008683023846,2.3797208120891136
Harpreet Singh,2011,-10.065735860459238,0.0,20.0,0.0,2,-5.032867930229619,0.0,-0.7189811328899456,0.0,-0.7189811328899456
Harpreet Singh,2012,-3.9001097652635077,0.0,6.0,0.0,1,-3.9001097652635077,0.0,-0.1857195126315956,0.0,-0.1857195126315956
Harpreet Singh,2023,-7.357704016999419,0.0,59.0,0.0,3,-2.452568005666473,0.0,-0.8083883370632509,0.0,-0.8083883370632509
Harpreet Singh,2024,-22.903309615508316,0.0,34.0,0.0,2,-11.451654807754158,0.0,-2.5282874250885805,0.0,-2.5282874250885805
Harsh Dubey,2025,0.0,3.6011642541872,0.0,60.0,3,0.0,1.2003880847290667,0.0,0.40012936157635554,0.40012936157635554
Harsh Dubey,2026,-4.577372247067995,-22.228134347488336,9.0,132.0,8,-0.5721715308834994,-2.778516793436042,-0.03991894401512787,-1.4554135584664982,-1.4953325024816262
Harshit Rana,2022,-6.245916984591764,-9.765930440570614,2.0,30.0,2,-3.122958492295882,-4.882965220285307,-0.05119604085730954,-0.9765930440570613,-1.0277890849143707
Harshit Rana,2023,-3.28401030083423,10.542638427244652,1.0,102.0,6,-0.5473350501390383,1.7571064045407754,-0.004523430166438333,0.8073191588430589,0.8027957286766206
Harshit Rana,2024,0.0,52.44629885257888,0.0,253.0,12,0.0,4.370524904381573,0.0,2.9644579110148466,2.9644579110148466
Harshit Rana,2025,-33.39666327796144,3.366755331733856,53.0,264.0,13,-2.568974098304726,0.2589811793641428,-0.7870267468794825,0.17804956081284817,-0.6089771860666343
Himmat Singh,2026,-14.115150735346202,0.0,69.0,0.0,6,-2.3525251225577004,0.0,-0.8588583780766208,0.0,-0.8588583780766208
I Malhotra,2011,1.9015115803207807,-16.96070450588819,4.0,6.0,1,1.9015115803207807,-16.96070450588819,0.06133908323615422,-0.8076525955184853,-0.7463135122823311
I Sharma,2008,-8.072544983401311,11.759692464314185,11.0,253.0,13,-0.6209649987231778,0.9045917280241681,-0.05214209912942714,0.6135702605633097,0.5614281614338825
I Sharma,2009,-2.7608083952642968,-19.092097222297696,13.0,258.0,11,-0.25098258138766333,-1.7356452020270632,-0.024532132015335512,-1.1846467251930748,-1.2091788572084103
I Sharma,2010,-18.009654227068296,-38.4536611036545,17.0,150.0,7,-2.572807746724042,-5.493380157664928,-0.319253516016852,-3.0518778653694048,-3.371131381386257
I Sharma,2011,-2.373110524599024,55.59995427801183,5.0,264.0,12,-0.19775921038325198,4.633329523167652,-0.007910368415330079,3.1854140471777606,3.1775036787624305
I Sharma,2013,0.0,-39.46586096028135,0.0,358.0,16,0.0,-2.466616310017584,0.0,-1.8473820899294877,-1.8473820899294877
I Sharma,2014,0.0,-18.345340037416776,0.0,66.0,3,0.0,-6.115113345805592,0.0,-2.169878929156823,-2.169878929156823
I Sharma,2015,0.0,-59.022568718483754,0.0,84.0,4,0.0,-14.755642179620938,0.0,-6.075852662196858,-6.075852662196858
I Sharma,2016,0.0,-26.721637146681314,0.0,90.0,4,0.0,-6.680409286670328,0.0,-2.8630325514301407,-2.8630325514301407
I Sharma,2017,-10.652319047618338,-77.85283246295455,12.0,108.0,6,-1.7753865079363897,-12.975472077159091,-0.1613987734487627,-6.14627624707536,-6.3076750205241225
I Sharma,2019,5.69761650568297,45.895036449740104,3.0,276.0,13,0.43827819274484386,3.5303874192107774,0.010689712018166923,2.4605730497529663,2.471262761771133
I Sharma,2020,0.0,-9.958794367667009,0.0,18.0,1,0.0,-9.958794367667009,0.0,-1.298973178391349,-1.298973178391349
I Sharma,2021,0.0,-14.303888059529474,0.0,72.0,3,0.0,-4.767962686509825,0.0,-1.7879860074411844,-1.7879860074411844
I Sharma,2023,-0.4639710915325525,44.808555069333714,1.0,150.0,8,-0.05799638644156906,5.601069383666714,-0.00047930897885594266,3.1117052131481744,3.1112259041693187
I Sharma,2024,-10.150674522012382,18.390222719266248,7.0,162.0,9,-1.1278527246680425,2.043358079918472,-0.06216511080847478,1.17384400335742,1.1116788925489451
I Sharma,2025,0.0,-48.66336018550526,0.0,110.0,7,0.0,-6.951908597929323,0.0,-3.324825851183589,-3.324825851183589
I Udana,2020,-6.675271178031772,-34.280342275385365,11.0,174.0,10,-0.6675271178031772,-3.4280342275385367,-0.05605189538805305,-2.028836583645256,-2.0848884790333093
IC Pandey,2013,-4.5326890400698785,-18.145655707648512,2.0,24.0,2,-2.2663445200349392,-9.072827853824256,-0.03715318885303179,-1.5121379756373758,-1.5492911644904077
IC Pandey,2014,0.0,-34.935599883664985,0.0,252.0,13,0.0,-2.687353837204999,0.0,-1.8204655026227412,-1.8204655026227412
IC Pandey,2015,0.0,59.400804924152176,0.0,186.0,10,0.0,5.940080492415218,0.0,3.6106371620563085,3.6106371620563085
IC Porel,2021,0.0,-10.985721075282697,0.0,24.0,1,0.0,-10.985721075282697,0.0,-1.8309535125471161,-1.8309535125471161
IK Pathan,2008,-35.56565506020249,87.73231838489383,116.0,318.0,14,-2.540403932871606,6.266594170349559,-1.2486731195470606,4.549719055185296,3.3010459356382356
IK Pathan,2009,-7.673869285457963,-9.396245276673058,158.0,302.0,14,-0.5481335203898545,-0.6711603769052185,-0.31152912309926983,-0.4803090848942559,-0.7918382079935258
IK Pathan,2010,47.797249943807856,-54.409966539351935,186.0,278.0,14,3.4140892817005613,-3.886426181382281,2.075230739857204,-2.7146393930258146,-0.6394086531686107
IK Pathan,2011,-31.829264347727243,6.831089727232708,138.0,275.0,14,-2.273518881980517,0.48793498051662204,-1.2160682391988813,0.33970156871410395,-0.8763666704847773
IK Pathan,2012,9.162820062511745,-60.50586939636088,126.0,360.0,17,0.5389894154418674,-3.5591687880212284,0.27606774937266376,-2.6693765910159213,-2.3933088416432575
IK Pathan,2013,-57.897276943814084,-42.62606055369835,152.0,308.0,15,-3.859818462920939,-2.8417373702465567,-2.156957376338172,-2.0449885748503256,-4.201945951188497
IK Pathan,2014,-21.800165417387298,-27.241549336857496,54.0,142.0,10,-2.1800165417387296,-2.7241549336857496,-0.6765568577809851,-1.476450383906017,-2.153007241687002
IK Pathan,2016,-16.5095582859014,-7.697569772800102,13.0,48.0,4,-4.12738957147535,-1.9243924432000254,-0.4034290558584928,-0.5498264123428644,-0.9532554682013572
IK Pathan,2017,-3.2148574032062243,-12.178139658828913,3.0,12.0,1,-3.2148574032062243,-12.178139658828913,-0.07841115617576157,-1.1071036053480832,-1.1855147615238448
IR Jaggi,2011,-17.209525274784113,0.0,37.0,0.0,2,-8.604762637392056,0.0,-2.0278739973471724,0.0,-2.0278739973471724
IR Jaggi,2012,-17.72363043531453,0.0,21.0,0.0,3,-5.9078768117715095,0.0,-0.8798965464340546,0.0,-0.8798965464340546
IR Jaggi,2017,-9.421288371537342,0.0,39.0,0.0,2,-4.710644185768671,0.0,-1.155441026697976,0.0,-1.155441026697976
IS Sodhi,2018,-9.082931441121376,43.894643811313806,6.0,138.0,6,-1.5138219068535628,7.315773968552301,-0.07208675746921728,3.9130884017837886,3.8410016443145714
IS Sodhi,2019,-9.069777365967918,13.968422179879656,11.0,43.0,2,-4.534888682983959,6.984211089939828,-0.3807921794872027,1.842460594278605,1.4616684147914023
Imran Tahir,2014,-11.33549317392527,8.005371350009675,10.0,125.0,6,-1.8892488623208783,1.3342285583349458,-0.1453268355631445,0.6807288562933397,0.5354020207301952
Imran Tahir,2015,-5.646579656296456,-11.419597070603084,6.0,213.0,10,-0.5646579656296457,-1.1419597070603085,-0.026888474553792653,-0.7304426955070441,-0.7573311700608367
Imran Tahir,2016,-6.955996442204913,-3.4139859574510183,7.0,96.0,4,-1.7389991105512284,-0.8534964893627546,-0.09585034467605195,-0.3793317730501131,-0.4751821177261651
Imran Tahir,2017,-2.740868080401963,64.36577925800378,2.0,282.0,12,-0.22840567336683026,5.363814938166982,-0.003744355301095578,3.76267615065445,3.7589317953533548
Imran Tahir,2018,-0.8975685780069396,-14.810205686167691,2.0,124.0,6,-0.1495947630011566,-2.468367614361282,-0.0024523731639533868,-1.2544163286098318,-1.2568687017737852
Imran Tahir,2019,0.0,155.37084410122276,0.0,386.0,17,0.0,9.139461417718985,0.0,6.972000211935827,6.972000211935827
Imran Tahir,2020,-1.7410486819334006,1.1640017947480454,10.0,66.0,3,-0.5803495606444669,0.38800059824934846,-0.04464227389572822,0.13767763163686558,0.09303535774113736
Imran Tahir,2021,0.0,19.346633727631342,0.0,24.0,1,0.0,19.346633727631342,0.0,3.224438954605224,3.224438954605224
Iqbal Abdulla,2008,-1.7752182287818936,-2.681320136782902,2.0,18.0,1,-1.7752182287818936,-2.681320136782902,-0.029101938176752353,-0.34973740914559587,-0.3788393473223482
Iqbal Abdulla,2010,-1.3547857126085296,-2.5133838291217607,1.0,51.0,3,-0.45159523753617653,-0.8377946097072536,-0.003732192045753525,-0.24986856780742653,-0.25360075985318004
Iqbal Abdulla,2011,-0.29546525903765875,114.18779648706612,12.0,300.0,15,-0.019697683935843917,7.612519765804408,-0.0017906985396221743,5.43751411843172,5.435723419892097
Iqbal Abdulla,2012,-1.631440584110404,12.39525266703932,3.0,132.0,9,-0.1812711760122671,1.3772502963377022,-0.004421248195421149,0.7214168218911773,0.7169955736957562
Iqbal Abdulla,2013,-9.644371513766504,6.83696226454152,14.0,113.0,5,-1.9288743027533009,1.367392452908304,-0.20152418088467322,0.6631559964748427,0.46163181559016947
Iqbal Abdulla,2014,0.0,-5.913908297663823,0.0,12.0,1,0.0,-5.913908297663823,0.0,-0.5376280270603475,-0.5376280270603475
Iqbal Abdulla,2015,-8.166507856088055,-9.186857088009686,18.0,114.0,5,-1.6333015712176109,-1.8373714176019373,-0.21303933537621011,-0.8951296649855592,-1.1081690003617695
Iqbal Abdulla,2016,5.0678497323849125,4.538853948253518,27.0,150.0,8,0.6334812165481141,0.5673567435316897,0.1163536928353679,0.31519819085093875,0.43155188368630665
Iqbal Abdulla,2017,-4.593038281406872,-14.108399726314754,7.0,30.0,2,-2.296519140703436,-7.054199863157377,-0.1265797951568823,-1.4108399726314753,-1.5374197677883576
Ishan Kishan,2016,-19.02075132234262,0.0,41.0,0.0,5,-3.804150264468524,0.0,-0.968758763001301,0.0,-0.968758763001301
Ishan Kishan,2017,25.784802123433032,0.0,206.0,0.0,11,2.344072920312094,0.0,1.4812239925898507,0.0,1.4812239925898507
Ishan Kishan,2018,-1.437212663498265,0.0,184.0,0.0,14,-0.10265804739273321,0.0,-0.06213513394823326,0.0,-0.06213513394823326
Ishan Kishan,2019,-29.798004247583936,0.0,100.0,0.0,7,-4.256857749654848,0.0,-1.9349353407522034,0.0,-1.9349353407522034
Ishan Kishan,2020,121.81113617632593,0.0,354.0,0.0,14,8.700795441166138,0.0,6.4980624180861035,0.0,6.4980624180861035
Ishan Kishan,2021,33.781292221344586,0.0,180.0,0.0,10,3.3781292221344588,0.0,2.026877533280675,0.0,2.026877533280675
Ishan Kishan,2022,18.16349222900394,0.0,348.0,0.0,14,1.29739230207171,0.0,0.96472760923281,0.0,0.96472760923281
Ishan Kishan,2023,36.817167077618535,0.0,318.0,0.0,16,2.3010729423511584,0.0,1.670641999241252,0.0,1.670641999241252
Ishan Kishan,2024,-27.911510851046188,0.0,215.0,0.0,14,-1.9936793465032991,0.0,-1.2795255507409233,0.0,-1.2795255507409233
Ishan Kishan,2025,-10.101992379381581,-2.326460121915165,232.0,1.0,14,-0.7215708842415415,-0.16617572299394037,-0.47558081006828873,-0.0013733530825945485,-0.4769541631508833
Ishan Kishan,2026,111.60481163877071,0.0,330.0,0.0,15,7.440320775918048,0.0,5.456235235673235,0.0,5.456235235673235
J Arunkumar,2008,-29.740725388482424,0.0,23.0,0.0,3,-9.913575129494141,0.0,-1.5944911047438128,0.0,-1.5944911047438128
J Botha,2009,1.5341984769792028,13.863558599214361,40.0,72.0,3,0.5113994923264009,4.62118619973812,0.12784987308160023,1.732944824901795,1.8607946979833951
J Botha,2011,12.633098816505239,14.814272991921248,198.0,216.0,10,1.263309881650524,1.481427299192125,0.7865891715937224,0.9523461209092232,1.7389352925029455
J Botha,2012,-19.393699501102446,-12.663844401462072,54.0,246.0,11,-1.7630635910093133,-1.1512585819510974,-0.5471576661753041,-0.7737967518031967,-1.3209544179785009
J Botha,2013,-27.799749791563045,18.33958623199295,52.0,100.0,6,-4.633291631927174,3.0565977053321585,-1.4007625863965876,1.3893625933327993,-0.01139999306378825
J Botha,2015,3.4735312546080186,-21.163182647640294,15.0,60.0,4,0.8683828136520046,-5.2907956619100736,0.09648697929466718,-1.7635985539700247,-1.6671115746753575
J Fraser-McGurk,2024,98.77602913415927,0.0,141.0,0.0,9,10.97511434823992,0.0,5.929084762842256,0.0,5.929084762842256
J Fraser-McGurk,2025,-69.7882452595593,0.0,52.0,0.0,6,-11.63137420992655,0.0,-3.5164619704429105,0.0,-3.5164619704429105
J Little,2023,0.0,1.1165791574942014,0.0,204.0,10,0.0,0.11165791574942015,0.0,0.0703031321385238,0.0703031321385238
J Little,2024,0.0,11.271150408348824,0.0,24.0,1,0.0,11.271150408348824,0.0,1.8785250680581373,1.8785250680581373
J Overton,2025,4.006753479066708,-41.60865418726548,7.0,36.0,3,1.335584493022236,-13.86955139575516,0.07361489331618624,-3.2006657067127295,-3.127050813396543
J Overton,2026,3.849194154451343,49.09423262007925,86.0,168.0,10,0.3849194154451343,4.909423262007925,0.1606945132440852,2.8638302361712897,3.024524749415375
J Suchith,2015,3.9880581654752576,-36.377931149057744,32.0,234.0,13,0.30677370503655826,-2.798302396081365,0.06458393790243332,-1.8497253126639532,-1.78514137476152
J Suchith,2016,0.0,-18.01082469988919,0.0,12.0,1,0.0,-18.01082469988919,0.0,-1.6373476999899266,-1.6373476999899266
J Suchith,2019,-11.85967603770061,13.999864522709418,15.0,24.0,1,-11.85967603770061,13.999864522709418,-1.3177417819667343,2.333310753784903,1.0155689718181686
J Suchith,2021,6.169954509439818,-25.06095429250953,6.0,42.0,2,3.084977254719909,-12.530477146254764,0.14690367879618613,-3.2486422231030865,-3.1017385443069005
J Suchith,2022,-14.171852548913964,16.957973133713608,8.0,108.0,5,-2.8343705097827927,3.3915946267427217,-0.17714815686142454,1.6065448231939208,1.4293966663324962
J Syed Mohammad,2011,-0.29546525903765875,-4.243911602450998,12.0,90.0,5,-0.05909305180753175,-0.8487823204901996,-0.005372095618866523,-0.363763851638657,-0.3691359472575235
J Syed Mohammad,2012,2.6533215740063616,-23.208762607251426,1.0,42.0,2,1.3266607870031808,-11.604381303625713,0.010964138735563478,-3.0085433009399996,-2.997579162204436
J Syed Mohammad,2013,-10.27407497485746,-16.609671282454656,13.0,60.0,4,-2.568518743714365,-4.152417820613664,-0.25105822306982517,-1.384139273537888,-1.635197496607713
J Theron,2010,-8.414006981646004,2.362808453485684,5.0,144.0,7,-1.2020009973780006,0.3375440647836691,-0.048080039895120025,0.18411494442745588,0.13603490453233585
J Theron,2012,-1.08007055596183,2.1037490739713007,6.0,48.0,2,-0.540035277980915,1.0518745369856504,-0.025715965618138808,0.3005355819959001,0.27481961637776126
J Theron,2015,-0.4710900744991299,-8.841597127243114,1.0,24.0,1,-0.4710900744991299,-8.841597127243114,-0.003893306400819255,-1.4735995212071857,-1.477492827608005
J Yadav,2015,0.0,22.726857031416266,0.0,42.0,3,0.0,7.575619010472089,0.0,1.9640493730853563,1.9640493730853563
J Yadav,2016,-12.120017322750837,-15.451874653380978,10.0,102.0,5,-2.424003464550167,-3.0903749306761954,-0.1864618049653975,-1.4199019951755492,-1.6063638001409466
J Yadav,2017,0.0,-8.652576135251039,0.0,36.0,2,0.0,-4.326288067625519,0.0,-0.9983741694520429,-0.9983741694520429
J Yadav,2019,0.0,4.422950581644834,0.0,42.0,2,0.0,2.211475290822417,0.0,0.5733454457687748,0.5733454457687748
J Yadav,2020,0.0,12.492650763441524,0.0,42.0,2,0.0,6.246325381720762,0.0,1.6194176915572345,1.6194176915572345
J Yadav,2021,-0.29158575657229047,-14.237714047194476,26.0,102.0,5,-0.058317151314458096,-2.8475428094388953,-0.010385246124492537,-1.3083304800124653,-1.3187157261369578
J Yadav,2023,0.0,1.391470528331534,0.0,24.0,1,0.0,1.391470528331534,0.0,0.23191175472192235,0.23191175472192235
JA Duffy,2026,0.0,5.566666021570962,0.0,144.0,6,0.0,0.9277776702618269,0.0,0.506060547415542,0.506060547415542
JA Morkel,2008,27.614411002362516,-7.604291635842596,163.0,288.0,13,2.1241854617201934,-0.5849455104494304,1.2234707783052703,-0.4129027132584215,0.8105680650468488
JA Morkel,2009,4.716339613749471,3.439983556861641,70.0,240.0,12,0.3930283011457893,0.28666529640513677,0.1447999004221329,0.19111019760342451,0.3359100980255574
JA Morkel,2010,21.249820105439916,-32.64320179345809,131.0,286.0,14,1.5178442932457084,-2.331657270961292,0.7921816829290351,-1.6424974864407131,-0.850315803511678
JA Morkel,2011,1.2890791237799415,-47.544681448013826,102.0,270.0,15,0.0859386082519961,-3.1696454298675882,0.03948530649416038,-2.1943699129852536,-2.1548846064910934
JA Morkel,2012,1.770856838784649,-30.220389742999657,68.0,297.0,15,0.11805712258564327,-2.0146926495333104,0.04270151242459438,-1.4349249806028614,-1.392223468178267
JA Morkel,2013,-5.061439349081809,14.41290183458079,37.0,144.0,8,-0.6326799186352261,1.8016127293225987,-0.14910291076116794,0.9826978523577812,0.8335949415966133
JA Morkel,2014,-15.143266627843776,-1.7822593661315667,41.0,96.0,7,-2.1633238039776823,-0.25460848087593807,-0.550908546354565,-0.11315932483375024,-0.6640678711883152
JA Morkel,2015,12.835883251988136,-18.579305441056142,65.0,72.0,4,3.208970812997034,-4.644826360264036,1.1274762315935525,-1.7418098850990134,-0.6143336535054609
JA Morkel,2016,1.5694089989410673,-21.928759000883186,9.0,30.0,2,0.7847044994705337,-10.964379500441593,0.05474682554445584,-2.1928759000883185,-2.138129074543863
JA Richardson,2021,-15.876108106186996,-36.402856165576004,24.0,66.0,3,-5.2920360353956655,-12.134285388525335,-0.8820060058992776,-4.305714170121893,-5.18772017602117
JA Richardson,2024,-3.00594621559093,-9.388405476635864,2.0,24.0,1,-3.00594621559093,-9.388405476635864,-0.04927780681296606,-1.5647342461059772,-1.6140120529189432
JC Archer,2018,-36.30781756489887,39.745553814420276,21.0,233.0,10,-3.630781756489887,3.974555381442028,-0.5407547296899832,2.623431739025474,2.082677009335491
JC Archer,2019,5.994808323836247,76.29939519100805,40.0,258.0,11,0.5449825748942042,6.9363086537280045,0.13624564372355105,4.734305906512765,4.870551550236316
JC Archer,2020,5.964701606109712,169.46882230158502,63.0,334.0,14,0.42605011472212223,12.104915878684645,0.14667299031417322,8.90537864202791,9.052051632342083
JC Archer,2023,-1.85588436613021,-44.3142802254532,4.0,120.0,5,-0.371176873226042,-8.862856045090641,-0.01197344752342071,-4.431428022545321,-4.443401470068741
JC Archer,2025,-16.18481341042072,13.63028214051063,50.0,273.0,12,-1.3487344508683934,1.1358568450425526,-0.3966866031965863,0.7890303274723076,0.39234372427572134
JC Archer,2026,-22.50073849231604,117.91852440818496,47.0,360.0,16,-1.4062961557697524,7.36990777551156,-0.39578394803100814,5.52743083163367,5.131646883602662
JC Buttler,2016,-17.531818648303716,0.0,184.0,0.0,14,-1.2522727605931225,0.0,-0.757954565622153,0.0,-0.757954565622153
JC Buttler,2017,31.128389584250247,0.0,177.0,0.0,10,3.1128389584250247,0.0,1.855126247950267,0.0,1.855126247950267
JC Buttler,2018,143.7179697396895,0.0,353.0,0.0,13,11.055228441514576,0.0,8.250519323159926,0.0,8.250519323159926
JC Buttler,2019,48.650408837496045,0.0,205.0,0.0,8,6.081301104687006,0.0,3.835897619879496,0.0,3.835897619879496
JC Buttler,2020,31.36006193341717,0.0,227.0,0.0,13,2.4123124564167053,0.0,1.5780833648604962,0.0,1.5780833648604962
JC Buttler,2021,48.08798439905704,0.0,166.0,0.0,7,6.869712057008149,0.0,3.9873153897320024,0.0,3.9873153897320024
JC Buttler,2022,213.30124093950602,0.0,579.0,0.0,17,12.547131819970943,0.0,10.393117773624,0.0,10.393117773624
JC Buttler,2023,-15.379503695972158,0.0,282.0,0.0,14,-1.0985359782837256,0.0,-0.7706147907363449,0.0,-0.7706147907363449
JC Buttler,2024,-1.9654986169709243,0.0,255.0,0.0,11,-0.1786816924519022,0.0,-0.1215035508672935,0.0,-0.1215035508672935
JC Buttler,2025,73.73252817454629,0.0,330.0,0.0,14,5.266609155324735,0.0,3.862180047238139,0.0,3.862180047238139
JC Buttler,2026,25.83745150989145,0.0,345.0,0.0,17,1.5198500888171442,0.0,1.1276307110578814,0.0,1.1276307110578814
JD Ryder,2009,-27.17799751426843,-4.256723350627714,49.0,102.0,5,-5.435599502853686,-0.8513446701255427,-1.5760022227208912,-0.39115836194957365,-1.9671605846704647
JD Ryder,2011,24.705360877449415,-1.469517843534442,197.0,92.0,13,1.9004123751884165,-0.113039834118034,1.1810133688079434,-0.049055022353109094,1.1319583464548344
JD Ryder,2012,-16.818029670483394,-22.458300635782305,212.0,42.0,11,-1.528911788225763,-2.0416636941620276,-0.976293069589945,-0.5293202170049701,-1.5056132865949152
JD Unadkat,2010,0.0,-2.0954031598533263,0.0,62.0,3,0.0,-0.6984677199511088,0.0,-0.23793955295037772,-0.23793955295037772
JD Unadkat,2011,0.0,-7.971396115800135,0.0,108.0,7,0.0,-1.1387708736857336,0.0,-0.5394177822721896,-0.5394177822721896
JD Unadkat,2012,0.0,-11.546699964798155,0.0,18.0,1,0.0,-11.546699964798155,0.0,-1.506091299756281,-1.506091299756281
JD Unadkat,2013,-0.712649830768201,-6.51439749902406,2.0,294.0,13,-0.05481921775140008,-0.5011074999249276,-0.0008986757008426242,-0.35585894922205,-0.35675762492289265
JD Unadkat,2014,-7.708923734341156,-4.3714774991579315,6.0,187.0,9,-0.8565470815934618,-0.48571972212865905,-0.04078795626635533,-0.2958618502868379,-0.33664980655319326
JD Unadkat,2015,0.0,-14.778038473814929,0.0,18.0,1,0.0,-14.778038473814929,0.0,-1.9275702357149909,-1.9275702357149909
JD Unadkat,2016,0.0,-29.567093010484314,0.0,18.0,1,0.0,-29.567093010484314,0.0,-3.856577349193606,-3.856577349193606
JD Unadkat,2017,-4.852170201004908,102.79184930731796,5.0,275.0,12,-0.404347516750409,8.565987442276496,-0.01617390067001636,5.9636621433570545,5.947488242687038
JD Unadkat,2018,-9.895451801729592,-80.14815187916525,38.0,302.0,15,-0.6596967867819729,-5.343210125277683,-0.15866125251718333,-3.823813881122892,-3.982475133640075
JD Unadkat,2019,-5.1224227036187076,-80.94433999001978,3.0,224.0,11,-0.4656747912380643,-7.358576362729071,-0.011357921737513764,-4.791631119916604,-4.8029890416541186
JD Unadkat,2020,-11.521963587571591,-58.55907336844631,13.0,138.0,7,-1.645994798224513,-8.365581909778045,-0.16088670960089224,-4.4746135796487225,-4.635500289249615
JD Unadkat,2021,-1.8656289946402382,-4.304515607824207,29.0,132.0,6,-0.310938165773373,-0.7174192679707012,-0.06051816649280414,-0.37579104512751016,-0.43630921162031433
JD Unadkat,2022,0.24154309353115555,-27.912779775853025,37.0,120.0,5,0.04830861870623111,-5.582555955170605,0.011384833707837905,-2.7912779775853025,-2.7798931438774646
JD Unadkat,2023,-3.0678368500295456,-34.52706865010778,7.0,48.0,3,-1.0226122833431819,-11.50902288336926,-0.05636445656222262,-3.288292252391217,-3.3446567089534396
JD Unadkat,2024,-20.595584923857736,-37.88274225089973,26.0,187.0,11,-1.8723259021688852,-3.443885659172703,-0.3334279003862398,-2.097741427574252,-2.431169327960492
JD Unadkat,2025,0.0,62.854391255190514,0.0,143.0,7,0.0,8.979198750741501,0.0,4.882225936714961,4.882225936714961
JD Unadkat,2026,-0.6457646094882128,-11.080342633204602,3.0,77.0,4,-0.1614411523720532,-2.7700856583011504,-0.0039375890822452,-1.082723835985729,-1.0866614250679743
JDP Oram,2008,2.246915562922476,-29.924849632981783,12.0,96.0,4,0.561728890730619,-7.481212408245446,0.05106626279369264,-3.324983292553531,-3.2739170297598386
JDP Oram,2009,-27.28693827566297,-23.10806252643186,93.0,93.0,11,-2.4806307523329973,-2.1007329569483506,-1.0830923003144073,-0.9172214319070263,-2.0003137322214335
JDP Oram,2011,-8.600304652056975,-15.915413386123138,3.0,24.0,2,-4.3001523260284875,-7.957706693061569,-0.1048817640494753,-1.326284448843595,-1.4311662128930702
JDP Oram,2013,0.0,4.801298934532523,0.0,24.0,1,0.0,4.801298934532523,0.0,0.8002164890887539,0.8002164890887539
JDS Neesham,2014,-22.615222919128875,-29.70029900110868,46.0,54.0,4,-5.653805729782219,-7.42507475027717,-1.566717250421579,-2.3043335431894665,-3.8710507936110456
JDS Neesham,2020,-8.866771504865934,-34.45094065631332,18.0,90.0,5,-1.7733543009731867,-6.890188131262664,-0.23130708273563305,-2.952937770541142,-3.184244853276775
JDS Neesham,2021,-9.816217478980654,16.40515687290509,2.0,54.0,3,-3.2720724929935514,5.468385624301696,-0.05364053267202543,1.697085193748802,1.6434446610767766
JDS Neesham,2022,-5.638486753585322,-11.465064156112282,27.0,18.0,2,-2.819243376792661,-5.732532078056141,-0.5178202120639581,-0.747721575398627,-1.2655417874625852
JE Root,2023,-15.544313501892859,-0.4913939303304864,15.0,12.0,3,-5.181437833964286,-0.1637979767768288,-0.5757153148849207,-0.01489072516152989,-0.5906060400464506
JE Taylor,2011,-2.6439055240610925,-26.01164140736023,3.0,117.0,5,-0.5287811048122185,-5.202328281472046,-0.012897100117371184,-2.5682380123722757,-2.5811351124896467
JEC Franklin,2011,5.61348388116434,-25.896273166618393,78.0,61.0,8,0.7016854851455425,-3.237034145827299,0.27642155475430463,-1.0909341596434545,-0.8145126048891499
JEC Franklin,2012,-29.35266325946039,9.622638832548862,223.0,90.0,12,-2.4460552716216992,0.8018865693790719,-1.590292494377956,0.3436656725910308,-1.2466268217869252
JG Bethell,2025,6.76118682490858,0.0,39.0,0.0,2,3.38059341245429,0.0,0.8292021577718071,0.0,0.8292021577718071
JG Bethell,2026,-68.13928135649128,0.0,77.0,0.0,7,-9.734183050927326,0.0,-3.8047314463015436,0.0,-3.8047314463015436
JH Kallis,2008,-38.0631081102013,-64.07810913363821,183.0,206.0,11,-3.4602825554728454,-5.825282648512564,-2.0898736226123122,-3.6810068269741967,-5.7708804495865085
JH Kallis,2009,-4.560343994161906,-88.56984480969771,332.0,276.0,15,-0.3040229329441271,-5.904656320646514,-0.22330887995011103,-4.115366526511207,-4.338675406461318
JH Kallis,2010,49.59440298302626,-25.96351522677019,494.0,342.0,16,3.099650186439141,-1.622719701673137,2.4938553617279084,-1.2012340648749196,1.2926212968529889
JH Kallis,2011,20.203346472198497,15.227857198158388,378.0,144.0,15,1.3468897648132332,1.0151904798772258,1.0223380142558276,0.553740261751214,1.5760782760070415
JH Kallis,2012,-38.874130008184494,23.060126992543506,384.0,324.0,17,-2.2867135298932055,1.356478058384912,-1.7422579275376804,0.9898623669295304,-0.7523955606081499
JH Kallis,2013,-45.055662136256274,6.0889104193479735,322.0,318.0,16,-2.815978883516017,0.38055690120924834,-2.051459729620266,0.2762947364943858,-1.7751649931258802
JH Kallis,2014,-17.524138882278898,-15.8412663136432,129.0,132.0,8,-2.190517360284862,-1.9801582892054,-1.1348463432801092,-1.037225770536162,-2.172072113816271
JJ Bumrah,2013,0.0,-8.436068593106889,0.0,42.0,2,0.0,-4.218034296553444,0.0,-1.0935644472545967,-1.0935644472545967
JJ Bumrah,2014,-3.2949956167857617,-19.468423962906016,3.0,238.0,11,-0.2995450560714329,-1.769856723900547,-0.007305976977352022,-1.1766086600232688,-1.1839146370006208
JJ Bumrah,2015,0.0,-68.72642609540685,0.0,90.0,4,0.0,-17.181606523851713,0.0,-7.3635456530793055,-7.3635456530793055
JJ Bumrah,2016,-7.64100589398652,43.53746058665983,11.0,312.0,14,-0.5457861352847514,3.109818613332845,-0.04582937013841424,2.245980109629277,2.200150739490863
JJ Bumrah,2017,-2.2652476917134585,96.8153721872425,12.0,356.0,16,-0.14157798073209116,6.050960761702656,-0.012870725521099196,4.525508468836441,4.5126377433153415
JJ Bumrah,2018,-7.756666388339845,72.25967148586076,11.0,324.0,14,-0.5540475991671318,5.161405106132912,-0.04652308084609503,3.7664307531240167,3.7199076722779214
JJ Bumrah,2019,-1.43412783143901,119.02261045093658,1.0,370.0,16,-0.08963298946493813,7.438913153183536,-0.0007407685079746952,5.617138503424303,5.616397734916328
JJ Bumrah,2020,0.5776853954199799,178.3369962777116,3.0,360.0,15,0.03851235969466533,11.889133085180772,0.0009393258462113496,8.91684981388558,8.917789139731791
JJ Bumrah,2021,-9.825207308523872,54.640865236539454,17.0,330.0,14,-0.7018005220374194,3.902918945467104,-0.08708473631121263,2.86214056000921,2.775055823697997
JJ Bumrah,2022,-15.462523383557132,74.59879249546808,8.0,320.0,14,-1.1044659559683665,5.328485178247719,-0.0690291222480229,3.875261947816523,3.8062328255685003
JJ Bumrah,2024,-7.115442037735513,176.83800000219156,12.0,311.0,13,-0.5473416952104241,13.602923077091658,-0.04975833592822037,9.815566303887485,9.765807967959264
JJ Bumrah,2025,-1.570463788704756,158.24471596740676,1.0,284.0,12,-0.130871982392063,13.187059663950564,-0.0010815866313393636,9.270111248915743,9.269029662284403
JJ Bumrah,2026,-4.98495825324383,3.599261491955687,7.0,294.0,13,-0.3834583271726023,0.27686626861197594,-0.02113549834809619,0.19661517626067854,0.17547967791258234
JJ Roy,2017,-1.5271281253556586,0.0,40.0,0.0,3,-0.5090427084518862,0.0,-0.12726067711297154,0.0,-0.12726067711297154
JJ Roy,2018,-21.342730398353694,0.0,94.0,0.0,5,-4.268546079670739,0.0,-1.874968838733876,0.0,-1.874968838733876
JJ Roy,2021,-2.799300987554683,0.0,121.0,0.0,5,-0.5598601975109366,0.0,-0.28109163443495155,0.0,-0.28109163443495155
JJ Roy,2023,42.03268390971661,0.0,188.0,0.0,8,5.254085488714576,0.0,3.207039194410196,0.0,3.207039194410196
JJ van der Wath,2011,-8.34108213586841,-48.4310463737661,16.0,72.0,3,-2.7803607119561367,-16.1436821245887,-0.32710126023013375,-6.053880796720763,-6.380982056950897
JL Denly,2019,-13.478439610148348,0.0,1.0,0.0,1,-13.478439610148348,0.0,-0.111392062893788,0.0,-0.111392062893788
JL Pattinson,2020,-5.9834024958151,-26.180943877487472,13.0,213.0,10,-0.59834024958151,-2.618094387748747,-0.05848438529744082,-1.6746369507221717,-1.7331213360196125
JM Bairstow,2019,111.78525577579911,0.0,283.0,0.0,10,11.178525577579911,0.0,7.849932353486637,0.0,7.849932353486637
JM Bairstow,2020,18.887499949969275,0.0,272.0,0.0,11,1.7170454499972068,0.0,1.1914192918347966,0.0,1.1914192918347966
JM Bairstow,2021,43.42382295141628,0.0,175.0,0.0,7,6.203403278773754,0.0,3.6799849958827355,0.0,3.6799849958827355
JM Bairstow,2022,23.8458987363018,0.0,175.0,0.0,11,2.167808976027436,0.0,1.285988375609496,0.0,1.285988375609496
JM Bairstow,2024,-0.8066389850251063,0.0,195.0,0.0,11,-0.07333081682046422,0.0,-0.04539526755552547,0.0,-0.04539526755552547
JM Bairstow,2025,24.71583148052025,0.0,46.0,0.0,2,12.357915740260125,0.0,3.424482675011842,0.0,3.424482675011842
JM Kemp,2010,-6.649039829443666,8.105687090499263,24.0,44.0,5,-1.3298079658887332,1.6211374180998526,-0.22163466098145554,0.4349393072950824,0.21330464631362686
JM Sharma,2022,31.788738533551918,0.0,143.0,0.0,12,2.64906154446266,0.0,1.4403642618181003,0.0,1.4403642618181003
JM Sharma,2023,14.483392811454351,0.0,198.0,0.0,14,1.034528057961025,0.0,0.6441401115606382,0.0,0.6441401115606382
JM Sharma,2024,-31.42040781489504,0.0,142.0,0.0,14,-2.244314843921074,0.0,-1.21638438105646,0.0,-1.21638438105646
JM Sharma,2025,23.726205821760225,0.0,148.0,0.0,15,1.581747054784015,0.0,0.8735021048807247,0.0,0.8735021048807247
JM Sharma,2026,-53.18601173495904,0.0,95.0,0.0,16,-3.32412573343494,0.0,-1.4687997426805548,0.0,-1.4687997426805548
JO Holder,2013,0.0,-52.03043041911168,0.0,120.0,6,0.0,-8.67173840318528,0.0,-4.33586920159264,-4.33586920159264
JO Holder,2014,-3.0000216764447245,-4.939740633362806,12.0,18.0,1,-3.0000216764447245,-4.939740633362806,-0.2727292433131568,-0.6443139956560181,-0.917043238969175
JO Holder,2016,-12.792040755086923,-6.754196048835373,19.0,78.0,4,-3.1980101887717307,-1.6885490122088433,-0.43713808335728693,-0.665185974506514,-1.102324057863801
JO Holder,2020,-3.796723157961639,10.252361583397331,53.0,168.0,7,-0.5423890225659485,1.4646230833424758,-0.16616542309823853,0.8543634652831109,0.6881980421848723
JO Holder,2021,-12.959102701638344,31.30630971207749,72.0,191.0,8,-1.619887837704793,3.913288714009686,-0.6074579391392974,2.403338084809807,1.7958801456705096
JO Holder,2022,-20.347698049058195,-41.49972979827865,44.0,249.0,12,-1.695641504088183,-3.458310816523221,-0.45492820841390275,-2.333656892450629,-2.7885851008645317
JO Holder,2023,-8.184925392480022,-44.595389478727554,11.0,171.0,8,-1.0231156740600027,-5.574423684840944,-0.08591047644778649,-3.275692268411689,-3.361602744859476
JO Holder,2026,-34.4497938093487,94.46041262611881,52.0,230.0,11,-3.131799437213518,8.587310238738073,-0.946823085669203,5.643089585456448,4.696266499787244
JP Behrendorff,2019,0.0,-3.8409141717550668,0.0,114.0,5,0.0,-0.7681828343510133,0.0,-0.3742429192992116,-0.3742429192992116
JP Behrendorff,2023,-7.175739823792972,5.457233212929047,9.0,252.0,12,-0.5979783186494143,0.45476943441075396,-0.041719417580191695,0.30806961685889783,0.2663501992787061
JP Duminy,2009,29.407945904883896,27.553425168659494,325.0,105.0,13,2.2621496849910687,2.119494243743038,1.6521317924092076,0.9890973137467511,2.6412291061559587
JP Duminy,2010,-2.8768038642873126,3.3617540154657934,131.0,33.0,7,-0.41097198061247325,0.48025057363797047,-0.21449135243121115,0.1035834570591701,-0.11090789537204104
JP Duminy,2011,-10.737032171217397,-10.85557954974332,174.0,108.0,10,-1.0737032171217398,-1.085557954974332,-0.6354570060516419,-0.5142116628825782,-1.1496686689342202
JP Duminy,2012,19.567378288079897,-32.30218034324592,190.0,72.0,9,2.1741531431199888,-3.589131149249547,1.332545474815477,-1.34592418096858,-0.013378706153102993
JP Duminy,2014,35.024459794217606,-19.0635544114075,305.0,198.0,14,2.5017471281584003,-1.3616824579576787,1.7953714684430873,-0.8478400209925169,0.9475314474505704
JP Duminy,2015,45.47175295620254,21.673442275587334,315.0,102.0,14,3.2479823540144674,1.5481030196848096,2.3519872218725455,0.7112905766119395,3.063277798484485
JP Duminy,2016,-1.3192549436718517,1.9630374933260741,156.0,42.0,10,-0.13192549436718518,0.1963037493326074,-0.07456658377275684,0.050893564641787105,-0.02367301913096973
JP Duminy,2018,-12.035425697593144,-19.058822435285528,40.0,18.0,6,-2.0059042829321907,-3.1764704058809214,-0.5014760707330477,-0.4143222268540332,-0.9157982975870809
JP Faulkner,2011,0.0,11.853438044439937,0.0,12.0,1,0.0,11.853438044439937,0.0,1.077585276767267,1.077585276767267
JP Faulkner,2012,-5.326858747218976,-12.878461982428357,13.0,48.0,2,-2.663429373609488,-6.4392309912141785,-0.26033520193175447,-1.839780283204051,-2.1001154851358055
JP Faulkner,2013,-47.06524811393808,107.31091741800066,57.0,379.0,16,-2.94157800712113,6.706932338625041,-0.9472878328017199,5.09404279827433,4.14675496547261
JP Faulkner,2014,40.74148787740111,-50.948511319379236,94.0,258.0,13,3.1339606059539316,-3.9191162553368644,1.3765995185031288,-2.6749523647537328,-1.298352846250604
JP Faulkner,2015,-18.74976030828218,-68.06089197855704,109.0,270.0,13,-1.4422892544832446,-5.235453229119772,-0.6865044923086187,-3.6245445432367647,-4.311049035545383
JP Faulkner,2016,-7.992252054718482,-36.70652368487528,59.0,102.0,7,-1.1417502935312116,-5.243789097839326,-0.37633110233710326,-2.409308504412663,-2.785639606749766
JP Faulkner,2017,-24.946541788377075,-49.602789208854844,57.0,158.0,8,-3.1183177235471344,-6.2003486511068555,-1.0042040126677212,-3.523939161420443,-4.528143174088164
JP Inglis,2025,4.3900694793235235,0.0,171.0,0.0,12,0.3658391232769603,0.0,0.2149776291421313,0.0,0.2149776291421313
JP Inglis,2026,73.3271412851753,0.0,143.0,0.0,5,14.66542825703506,0.0,7.973978101733892,0.0,7.973978101733892
JPR Scantlebury-Searles,2018,-2.5127449433224966,-34.93961153085538,6.0,42.0,4,-0.6281862358306242,-8.734902882713845,-0.02991363027764877,-2.26460445107396,-2.2945180813516086
JR Hazlewood,2020,0.0,7.353027308124569,0.0,60.0,3,0.0,2.45100910270819,0.0,0.8170030342360632,0.8170030342360632
JR Hazlewood,2021,0.0,-8.914287932393293,0.0,210.0,9,0.0,-0.9904764369325881,0.0,-0.6303031871389198,-0.6303031871389198
JR Hazlewood,2022,-15.821383854941754,54.250385763715244,26.0,279.0,12,-1.3184486545784795,4.520865480309603,-0.2347922261578114,3.1612066892390462,2.926414463081235
JR Hazlewood,2023,-1.9279421830651051,7.596140053339726,2.0,54.0,3,-0.642647394355035,2.532046684446575,-0.010535203186148116,0.7858075917247992,0.7752723885386511
JR Hazlewood,2025,-1.1905152227556026,127.16206984409098,1.0,264.0,12,-0.09920960189630022,10.596839153674248,-0.0008199140652586796,7.285326918151045,7.284507004085786
JR Hazlewood,2026,-3.3686274124644155,19.843332907026994,1.0,309.0,13,-0.2591251855741858,1.526410223617461,-0.0021415304592907916,1.09944232889929,1.0973007984399992
JR Hopes,2008,-1.934740760209138,-41.541269059941484,148.0,168.0,11,-0.17588552365537619,-3.7764790054492257,-0.09713081157087938,-2.202946086512048,-2.3000768980829274
JR Hopes,2011,28.656419541463222,-33.62963196706767,158.0,192.0,10,2.865641954146322,-3.3629631967067666,1.6286742041551039,-2.0695158133580103,-0.4408416092029064
JR Philippe,2020,-22.033408743189636,0.0,77.0,0.0,5,-4.4066817486379275,0.0,-1.7224086022594944,0.0,-1.7224086022594944
JW Hastings,2014,0.0,-7.429232813156528,0.0,18.0,1,0.0,-7.429232813156528,0.0,-0.9690303669334602,-0.9690303669334602
JW Hastings,2016,0.0,19.723763091985056,0.0,40.0,2,0.0,9.861881545992528,0.0,2.465470386498132,2.465470386498132
Jalaj S Saxena,2021,0.0,-9.906664077202635,0.0,18.0,1,0.0,-9.906664077202635,0.0,-1.2921735752873003,-1.2921735752873003
Jaskaran Singh,2009,0.0,-13.364351138256389,0.0,18.0,2,0.0,-6.682175569128194,0.0,-0.8715881177123731,-0.8715881177123731
Jaskaran Singh,2010,-11.811362713584561,-15.787972127937262,11.0,84.0,6,-1.9685604522640936,-2.631328687989544,-0.1652989692740842,-1.0834882832898123,-1.2487872525638966
Joginder Sharma,2008,-6.057554540523922,-24.20339352158227,11.0,148.0,8,-0.7571943175654903,-3.025424190197784,-0.06358120223832361,-1.67075664234803,-1.7343378445863535
Joginder Sharma,2009,-4.582341803728002,-8.692110875685762,18.0,42.0,4,-1.1455854509320005,-2.1730277189214404,-0.14942418925200004,-0.5633775567574105,-0.7128017460094106
Joginder Sharma,2010,0.0,-31.39315756812674,0.0,48.0,3,0.0,-10.464385856042247,0.0,-2.989824530297785,-2.989824530297785
Joginder Sharma,2011,-3.094661314221483,-15.724466388611306,1.0,18.0,1,-3.094661314221483,-15.724466388611306,-0.025575713340673413,-2.051017355036257,-2.0765930683769307
K Goel,2008,-41.3682048790402,-12.120880091188601,78.0,12.0,7,-5.9097435541486,-1.7315542987412287,-2.3280807940585393,-0.15741402715829353,-2.485494821216833
K Goel,2009,-39.33590220186227,-18.934896935570286,133.0,48.0,9,-4.370655800206919,-2.1038774372855875,-2.2976174759981034,-0.6011078392244535,-2.898725315222557
K Goel,2010,-10.074011364893884,-0.9423265767103619,20.0,6.0,6,-1.6790018941489808,-0.15705442945172698,-0.23985741344985442,-0.007478782354844142,-0.24733619580469857
K Gowtham,2018,11.432112687363286,36.79262798830155,64.0,240.0,15,0.762140845824219,2.4528418658867697,0.2650924681127718,1.6352279105911798,1.9003203787039515
K Gowtham,2019,-15.271411868529839,-41.20754620089132,19.0,120.0,7,-2.1816302669328342,-5.886792314413046,-0.29820845375340904,-2.943396157206523,-3.2416046109599317
K Gowtham,2020,6.377835156643757,-25.943591419754846,27.0,48.0,2,3.1889175783218784,-12.971795709877423,0.5857195552019777,-3.706227345679263,-3.1205077904772853
K Gowtham,2022,-13.318081605799449,6.6064337954740076,1.0,72.0,4,-3.3295204014498623,1.6516084488685019,-0.02751669753264349,0.6193531683256882,0.5918364707930447
K Gowtham,2023,-2.104807779092526,16.80668405935048,37.0,96.0,7,-0.3006868255846466,2.400954865621497,-0.07086250029701863,1.0670910513873322,0.9962285510903135
K Gowtham,2024,0.0,-16.906648183632495,0.0,12.0,1,0.0,-16.906648183632495,0.0,-1.536968016693863,-1.536968016693863
K Kartikeya,2022,-6.209067312397789,15.739989238257843,5.0,78.0,4,-1.5522668280994472,3.934997309564461,-0.06209067312397789,1.5501504552829692,1.4880597821589914
K Kartikeya,2023,-6.067836850029545,-11.87585006403408,7.0,156.0,8,-0.7584796062536932,-1.48448125800426,-0.04180596254941616,-0.8390546240893643,-0.8808605866387804
K Kartikeya,2025,-10.903025860497966,-6.895440067948237,5.0,48.0,4,-2.7257564651244914,-1.7238600169870593,-0.10903025860497965,-0.4925314334248741,-0.6015616920298538
K Khejroliya,2018,0.0,-23.27167007462494,0.0,65.0,3,0.0,-7.757223358208313,0.0,-2.7255109096407586,-2.7255109096407586
K Khejroliya,2019,0.0,-10.551430864965415,0.0,30.0,2,0.0,-5.275715432482707,0.0,-1.0551430864965414,-1.0551430864965414
K Khejroliya,2023,0.0,-27.13036298381465,0.0,26.0,2,0.0,-13.565181491907325,0.0,-2.415717251983496,-2.415717251983496
K Khejroliya,2025,0.0,-0.8981745326133064,0.0,18.0,1,0.0,-0.8981745326133064,0.0,-0.11715319990608346,-0.11715319990608346
K Khejroliya,2026,0.0,-15.749162505721532,0.0,12.0,1,0.0,-15.749162505721532,0.0,-1.4317420459746848,-1.4317420459746848
K Rabada,2017,-22.768570719489116,-2.5964482405188196,64.0,128.0,6,-3.7947617865815193,-0.4327413734198033,-1.3199171431587893,-0.2233503862811888,-1.543267529439978
K Rabada,2019,-12.972035099490181,68.11432481128314,15.0,282.0,12,-1.081002924957515,5.676193734273595,-0.12011143610639055,3.981807544938194,3.8616961088318034
K Rabada,2020,-21.20410083746282,10.92113755615187,49.0,394.0,17,-1.2473000492625188,0.6424198562442276,-0.3616432095494877,0.4924385668486881,0.1307953572992004
K Rabada,2021,5.169954509439818,-4.098201352483649,6.0,336.0,15,0.34466363396265454,-0.2732134234989099,0.016412553998221644,-0.2013151541570915,-0.18490260015886986
K Rabada,2022,-24.895010670375964,55.46505182526529,43.0,288.0,13,-1.915000820798151,4.26654244809733,-0.5051842656093282,3.011677022186351,2.506492756577023
K Rabada,2023,-4.747981392366783,-10.59535881259357,2.0,138.0,6,-0.7913302320611305,-1.7658931354322618,-0.0129726267551005,-0.9445474910451633,-0.9575201178002638
K Rabada,2024,-4.121388253326443,6.169444534173315,14.0,252.0,11,-0.374671659393313,0.5608585940157559,-0.03914480023512225,0.37993646691389915,0.3407916666787769
K Rabada,2025,-5.383749518939725,-38.68308631869344,8.0,84.0,4,-1.3459373797349312,-9.67077157967336,-0.0841210862334332,-3.9820824151596192,-4.066203501393052
K Rabada,2026,-13.340067497181723,133.3880317402673,38.0,388.0,17,-0.7847098527753955,7.846354808251018,-0.18872768611053814,5.992885168506683,5.804157482396144
K Santokie,2014,0.0,-13.051713536281934,0.0,48.0,2,0.0,-6.525856768140967,0.0,-1.8645305051831333,-1.8645305051831333
K Upadhyay,2012,0.2265725920508932,-11.966674698142828,8.0,24.0,1,0.2265725920508932,-11.966674698142828,0.014160787003180825,-1.994445783023805,-1.9802849960206241
K Upadhyay,2013,-0.3563249153841005,-26.67757320624445,1.0,30.0,2,-0.17816245769205025,-13.338786603122225,-0.0014724170057194236,-2.6677573206244447,-2.669229737630164
K Yadav,2021,-5.220030327040122,-4.8680915233759094,4.0,12.0,1,-5.220030327040122,-4.8680915233759094,-0.16838807506581038,-0.4425537748523554,-0.6109418499181658
K Yadav,2023,0.0,-14.01555165533168,0.0,42.0,2,0.0,-7.00777582766584,0.0,-1.8168307701355884,-1.8168307701355884
KA Jamieson,2021,-7.133895393114468,-29.552705029903677,55.0,168.0,9,-0.7926550436793853,-3.28363389221152,-0.24912015658494965,-1.9154531037900533,-2.1645732603750028
KA Jamieson,2025,-6.712473245676319,4.471951533242023,5.0,90.0,4,-1.6781183114190799,1.1179878833105057,-0.0671247324567632,0.479137664275931,0.4120129318191678
KA Jamieson,2026,-9.493319154304135,-14.633693932872504,13.0,42.0,2,-4.746659577152068,-7.316846966436252,-0.4639592067892998,-1.896960324631621,-2.3609195314209206
KA Maharaj,2024,-4.00594621559093,14.307907857549347,2.0,36.0,2,-2.002973107795465,7.153953928774674,-0.03283562471795844,1.6509124451018478,1.6180768203838893
KA Pollard,2010,64.43853842800927,37.727703872208835,147.0,222.0,14,4.6027527448578045,2.69483599087206,2.534099825820589,1.7492795028467756,4.2833793286673645
KA Pollard,2011,-33.06190401625038,-39.98194244896241,133.0,255.0,16,-2.066369001015649,-2.4988714030601504,-1.0862730321544716,-1.6992325540809021,-2.7855055862353737
KA Pollard,2012,17.593264919566494,-8.824775215954578,159.0,263.0,14,1.2566617799690352,-0.6303410868538984,0.7161620896597727,-0.43284518496755947,0.2833169046922132
KA Pollard,2013,68.02483966842843,-49.28103785981692,281.0,186.0,18,3.779157759357135,-2.7378354366564954,2.648237731619339,-1.6641744811049286,0.9840632505144102
KA Pollard,2014,-12.623429934629401,-75.66328011835952,203.0,150.0,15,-0.8415619956419601,-5.044218674557301,-0.5289073842579501,-2.8023437080873896,-3.33125109234534
KA Pollard,2015,73.06734329622219,-17.197114756830825,256.0,76.0,16,4.566708956013887,-1.0748196723019265,3.109248650903072,-0.4167668117089103,2.6924818391941616
KA Pollard,2016,2.6214654954659693,-36.547846071339876,144.0,36.0,13,0.20165119195892073,-2.811372774718452,0.1099915592503204,-0.6487783326273351,-0.5387867733770146
KA Pollard,2017,34.05894034442228,-16.421313238666258,276.0,11.0,17,2.0034670790836637,-0.9659596022744857,1.396355842997705,-0.08111111164136903,1.315244731356336
KA Pollard,2018,-7.162987101469137,0.0,100.0,0.0,9,-0.795887455718793,0.0,-0.3617670253267241,0.0,-0.3617670253267241
KA Pollard,2019,36.39952701996082,0.0,178.0,0.0,16,2.2749704387475513,0.0,1.3588749600572623,0.0,1.3588749600572623
KA Pollard,2020,60.81463867061194,-29.563611158858375,140.0,126.0,16,3.8009149169132463,-1.8477256974286485,2.0466464937225175,-0.9463960889268688,1.1002504047956487
KA Pollard,2021,24.528365992916008,15.081925486975003,165.0,79.0,14,1.7520261423511434,1.077280391926786,1.014330924519083,0.4276640751870155,1.4419949997060986
KA Pollard,2022,-55.23875446207411,-6.408184538628304,134.0,84.0,11,-5.021704951097647,-0.5825622307843913,-2.64924591908301,-0.23987856561710227,-2.8891244847001123
KAJ Roach,2010,-3.171368526200059,-27.375482317090217,9.0,48.0,2,-1.5856842631000294,-13.687741158545109,-0.11062913463488577,-3.910783188155745,-4.021412322790631
KB Arun Karthik,2010,-3.773928563042648,0.0,5.0,0.0,1,-3.773928563042648,0.0,-0.15095714252170592,0.0,-0.15095714252170592
KB Arun Karthik,2011,-12.100504424505854,0.0,8.0,0.0,3,-4.033501474835284,0.0,-0.25209384217720526,0.0,-0.25209384217720526
KB Arun Karthik,2013,-13.658059767150743,0.0,38.0,0.0,12,-1.1381716472625618,0.0,-0.2737374847846668,0.0,-0.2737374847846668
KC Cariappa,2015,0.0,-11.513060820151725,0.0,12.0,1,0.0,-11.513060820151725,0.0,-1.0466418927410661,-1.0466418927410661
KC Cariappa,2016,-1.3768262280600885,-36.71848774487591,11.0,102.0,5,-0.2753652456120177,-7.3436975489751815,-0.02312227253230683,-3.374131306285894,-3.397253578818201
KC Cariappa,2017,-11.233116700010227,-9.14068267030776,7.0,90.0,4,-2.8082791750025566,-2.28517066757694,-0.1547870411418732,-0.9793588575329741,-1.1341458986748474
KC Cariappa,2019,4.69761650568297,-22.186443461881357,3.0,12.0,1,4.69761650568297,-22.186443461881357,0.11457601233373099,-2.016949405625578,-1.902373393291847
KC Sangakkara,2008,82.5604425124931,0.0,198.0,0.0,10,8.25604425124931,0.0,5.140555854551458,0.0,5.140555854551458
KC Sangakkara,2009,2.6714459232758756,0.0,324.0,0.0,14,0.19081756594827684,0.0,0.13924525082712094,0.0,0.13924525082712094
KC Sangakkara,2010,46.19429590623636,0.0,257.0,0.0,13,3.553407377402797,0.0,2.422349326240103,0.0,2.422349326240103
KC Sangakkara,2011,35.40112474969213,0.0,293.0,0.0,13,2.72316344228401,0.0,1.9319295123225542,0.0,1.9319295123225542
KC Sangakkara,2012,-43.22573793812734,0.0,184.0,0.0,12,-3.6021448281772783,0.0,-2.1802455538967735,0.0,-2.1802455538967735
KC Sangakkara,2013,-49.97630210691001,0.0,136.0,0.0,9,-5.552922456323334,0.0,-2.9499900549217712,0.0,-2.9499900549217712
KD Karthik,2008,4.103550261200616,0.0,107.0,0.0,13,0.31565771240004736,0.0,0.14879019923702672,0.0,0.14879019923702672
KD Karthik,2009,50.069052408898465,0.0,217.0,0.0,15,3.3379368272598975,0.0,2.1493539807578568,0.0,2.1493539807578568
KD Karthik,2010,-24.902543718768683,0.0,237.0,0.0,14,-1.7787531227691917,0.0,-1.1808529134350096,0.0,-1.1808529134350096
KD Karthik,2011,9.614407663530013,0.0,220.0,0.0,14,0.6867434045378581,0.0,0.44436337940684933,0.0,0.44436337940684933
KD Karthik,2012,-16.076455814323204,0.0,213.0,0.0,17,-0.9456738714307766,0.0,-0.6048904943386049,0.0,-0.6048904943386049
KD Karthik,2013,61.740953507483994,0.0,411.0,0.0,19,3.249523868814947,0.0,2.5151681922465974,0.0,2.5151681922465974
KD Karthik,2014,-8.69420524646269,0.0,258.0,0.0,14,-0.6210146604616208,0.0,-0.4238671492039634,0.0,-0.4238671492039634
KD Karthik,2015,-30.219062418547814,0.0,117.0,0.0,16,-1.8886914011592384,0.0,-0.9323919575343076,0.0,-0.9323919575343076
KD Karthik,2016,-19.0424722076633,0.0,266.0,0.0,16,-1.1901545129789564,0.0,-0.8201582913274673,0.0,-0.8201582913274673
KD Karthik,2017,29.055179178487094,0.0,259.0,0.0,14,2.0753699413205067,0.0,1.4182607250712698,0.0,1.4182607250712698
KD Karthik,2018,68.47022266058794,0.0,337.0,0.0,16,4.279388916286746,0.0,3.1556981724040116,0.0,3.1556981724040116
KD Karthik,2019,24.85018910156647,0.0,173.0,0.0,14,1.775013507254748,0.0,1.0480455179353971,0.0,1.0480455179353971
KD Karthik,2020,-53.564981127231405,0.0,134.0,0.0,14,-3.826070080516529,0.0,-2.018477916492972,0.0,-2.018477916492972
KD Karthik,2021,-5.450957142626276,0.0,170.0,0.0,17,-0.32064453780154567,0.0,-0.18796403940090609,0.0,-0.18796403940090609
KD Karthik,2022,68.43270220505995,0.0,180.0,0.0,16,4.277043887816247,0.0,2.566226332689748,0.0,2.566226332689748
KD Karthik,2023,-34.25387300034508,0.0,104.0,0.0,13,-2.6349133077188522,0.0,-1.2233526071551815,0.0,-1.2233526071551815
KD Karthik,2024,58.90909348448783,0.0,174.0,0.0,15,3.9272728989658554,0.0,2.32430436877571,0.0,2.32430436877571
KH Pandya,2016,54.4334911986078,-8.193146081211232,124.0,187.0,12,4.53612426655065,-0.6827621734342694,2.3052434797224617,-0.41588445091924553,1.889359028803216
KH Pandya,2017,12.68682099167189,51.54803560125312,179.0,240.0,13,0.9759093070516839,3.9652335077887013,0.5842400199406401,2.6434890051924675,3.2277290251331077
KH Pandya,2018,2.263717699033402,41.063674053988684,157.0,241.0,14,0.1616941213595287,2.933119575284906,0.0916461265467365,1.9581213785143001,2.0497675050610367
KH Pandya,2019,-30.539142672680292,43.0240929318457,150.0,276.0,16,-1.9086964170425182,2.6890058082403563,-1.0603868983569547,1.8741555633190363,0.8137686649620817
KH Pandya,2020,-21.597905674392543,-23.890105864163456,92.0,301.0,16,-1.349869104649534,-1.493131616510216,-0.5857922529611185,-1.0675359063410332,-1.6533281593021516
KH Pandya,2021,-23.09956896021904,-20.40847975832049,123.0,199.0,13,-1.7768899200168493,-1.5698830583323453,-0.899413416304825,-0.9793314376430619,-1.8787448539478868
KH Pandya,2022,-20.353442400691897,28.279776152396025,145.0,228.0,14,-1.4538173143351354,2.0199840108854303,-0.7954849455796024,1.3234378002352818,0.5279528546556794
KH Pandya,2023,-61.94138195900189,19.559067709559823,165.0,252.0,15,-4.129425463933459,1.3039378473039882,-2.3907200054351607,0.8833127352704436,-1.507407270164717
KH Pandya,2024,-34.03298700737887,19.320077639698578,105.0,198.0,14,-2.430927643384205,1.3800055456927556,-1.1344329002459623,0.8592487359973762,-0.27518416424858616
KH Pandya,2025,-22.14742320423437,68.82721448377166,86.0,276.0,15,-1.4764948802822915,4.588480965584777,-0.6164007752634809,3.1980321881348446,2.5816314128713636
KH Pandya,2026,-1.5841140744171756,36.49803835499821,155.0,303.0,16,-0.09900712965107347,2.281127397187388,-0.05580401853060504,1.6339990575597603,1.5781950390291553
KJ Abbott,2016,-3.913019872811628,-60.39251251137021,8.0,96.0,5,-0.7826039745623257,-12.078502502274041,-0.048912748410145354,-5.368223334344019,-5.417136082754164
KK Ahmed,2018,0.0,-18.278192212910877,0.0,18.0,1,0.0,-18.278192212910877,0.0,-2.384112027770984,-2.384112027770984
KK Ahmed,2019,-3.254167040740688,71.32536885784376,1.0,209.0,9,-0.36157411563785424,7.925040984204862,-0.002988215831717804,5.034448527959928,5.0314603121282095
KK Ahmed,2020,-4.768248945688358,-17.699478962599258,2.0,154.0,7,-0.6811784208126225,-2.528496994657037,-0.011166859357583976,-1.4211260480919112,-1.4322929074494952
KK Ahmed,2021,-3.4300543728217385,-25.093128506081413,2.0,162.0,7,-0.49000776754596265,-3.5847326437259164,-0.008032914222064962,-2.059314497459569,-2.067347411681634
KK Ahmed,2022,-6.595689659841799,37.68036672641754,2.0,235.0,10,-0.6595689659841799,3.768036672641754,-0.010812605999740654,2.4943341354107385,2.483521529410998
KK Ahmed,2023,0.0,-27.44441758577694,0.0,198.0,9,0.0,-3.0493797317529934,0.0,-1.898670399016015,-1.898670399016015
KK Ahmed,2024,0.0,3.751709710758048,0.0,300.0,14,0.0,0.26797926505414627,0.0,0.19141376075296163,0.19141376075296163
KK Ahmed,2025,-2.140927577409512,27.8341594985585,2.0,280.0,14,-0.1529233983863937,1.9881542498970357,-0.0025069409571539954,1.391707974927925,1.389201033970771
KK Ahmed,2026,0.0,-0.1961099103605477,0.0,101.0,5,0.0,-0.03922198207210954,0.0,-0.01792497823205006,-0.01792497823205006
KK Cooper,2012,7.426353061523877,36.37830226330045,20.0,144.0,6,1.2377255102539795,6.063050377216741,0.1768179300362828,3.3071183875727677,3.4839363176090505
KK Cooper,2013,1.8806950243430758,-4.706686238583849,22.0,324.0,14,0.13433535888164827,-0.33619187418456065,0.02081252039011452,-0.24532920548603074,-0.2245166850959162
KK Cooper,2014,-0.7231455689818489,23.949126720936246,26.0,108.0,5,-0.14462911379636978,4.789825344187249,-0.02575586958017544,2.268864636720276,2.2431087671401
KK Nair,2013,-11.758246353639189,0.0,12.0,0.0,2,-5.879123176819594,0.0,-0.5344657433472358,0.0,-0.5344657433472358
KK Nair,2014,39.414940129217214,0.0,232.0,0.0,11,3.583176375383383,0.0,2.3616389746845026,0.0,2.3616389746845026
KK Nair,2015,-28.703949970126615,0.0,145.0,0.0,14,-2.0502821407233296,0.0,-1.1218524920938973,0.0,-1.1218524920938973
KK Nair,2016,-12.178770491779874,0.0,297.0,0.0,14,-0.8699121779842767,0.0,-0.6195777382765711,0.0,-0.6195777382765711
KK Nair,2017,-22.632852171017305,0.0,226.0,0.0,14,-1.6166322979298076,0.0,-1.0559505761044408,0.0,-1.0559505761044408
KK Nair,2018,3.3321784009579787,0.0,221.0,0.0,13,0.25632141545830606,0.0,0.16612033083954733,0.0,0.16612033083954733
KK Nair,2019,-5.424806197935737,0.0,6.0,0.0,1,-5.424806197935737,0.0,-0.25832410466360656,0.0,-0.25832410466360656
KK Nair,2020,-25.41047719535588,0.0,14.0,0.0,4,-6.35261929883897,0.0,-0.6637064939085491,0.0,-0.6637064939085491
KK Nair,2022,-12.188971386411374,0.0,18.0,0.0,3,-4.062990462137125,0.0,-0.5299552776700598,0.0,-0.5299552776700598
KK Nair,2025,-9.199737514373624,0.0,115.0,0.0,8,-1.149967189296703,0.0,-0.562749901145195,0.0,-0.562749901145195
KK Nair,2026,-20.607936585997557,0.0,18.0,0.0,2,-10.303968292998778,0.0,-1.3439958643041885,0.0,-1.3439958643041885
KL Nagarkoti,2020,-27.089085496900402,-32.28395440420351,31.0,156.0,10,-2.7089085496900402,-3.228395440420351,-0.5561335433138493,-1.8247452489332419,-2.380878792247091
KL Nagarkoti,2021,-4.430054372821738,-13.07714510765345,2.0,12.0,1,-4.430054372821738,-13.07714510765345,-0.07262384217740554,-1.188831373423041,-1.2614552156004464
KL Nagarkoti,2022,0.0,-17.923155759461345,0.0,12.0,1,0.0,-17.923155759461345,0.0,-1.6293777963146676,-1.6293777963146676
KL Rahul,2013,-6.826336442091533,0.0,16.0,0.0,5,-1.3652672884183066,0.0,-0.160619680990389,0.0,-0.160619680990389
KL Rahul,2014,-37.77370102408807,0.0,164.0,0.0,11,-3.433972820371643,0.0,-1.982998389228695,0.0,-1.982998389228695
KL Rahul,2015,-31.216030612485717,0.0,126.0,0.0,9,-3.4684478458317463,0.0,-1.776522067377236,0.0,-1.776522067377236
KL Rahul,2016,68.44784299339354,0.0,271.0,0.0,14,4.889131642385252,0.0,3.3886308825739215,0.0,3.3886308825739215
KL Rahul,2018,169.0005230801301,0.0,416.0,0.0,14,12.071465934295007,0.0,9.368898934079708,0.0,9.368898934079708
KL Rahul,2019,60.71948029733211,0.0,438.0,0.0,14,4.337105735523722,0.0,3.4043948246584055,0.0,3.4043948246584055
KL Rahul,2020,119.97794000444742,0.0,518.0,0.0,14,8.56985285746053,0.0,6.9579683074679535,0.0,6.9579683074679535
KL Rahul,2021,141.42615886410712,0.0,451.0,0.0,13,10.878935297239009,0.0,8.592644166470741,0.0,8.592644166470741
KL Rahul,2022,83.556748432613,0.0,455.0,0.0,15,5.570449895507534,0.0,4.407921221662483,0.0,4.407921221662483
KL Rahul,2023,-25.660934937021064,0.0,242.0,0.0,9,-2.8512149930023405,0.0,-1.906060851675598,0.0,-1.906060851675598
KL Rahul,2024,27.872960120236954,0.0,382.0,0.0,14,1.9909257228740682,0.0,1.5150072233822591,0.0,1.5150072233822591
KL Rahul,2025,45.83546707514525,0.0,360.0,0.0,14,3.2739619339389465,0.0,2.45547145045421,0.0,2.45547145045421
KL Rahul,2026,83.91766671358513,0.0,340.0,0.0,14,5.994119050970367,0.0,4.430435820282445,0.0,4.430435820282445
KM Asif,2018,0.0,-0.47014622318736343,0.0,36.0,2,0.0,-0.23507311159368172,0.0,-0.05424764113700347,-0.05424764113700347
KM Asif,2021,0.0,1.0722434746085412,0.0,13.0,1,0.0,1.0722434746085412,0.0,0.10480575315722583,0.10480575315722583
KM Asif,2023,-7.903013533390037,-21.591998574573545,2.0,84.0,4,-1.9757533833475092,-5.397999643643386,-0.03238939972700835,-2.2227057356178648,-2.255095135344873
KM Jadhav,2010,1.1680359894289543,0.0,56.0,0.0,5,0.23360719788579085,0.0,0.07432956296366072,0.0,0.07432956296366072
KM Jadhav,2011,-26.595722829274376,0.0,23.0,0.0,6,-4.43262047154573,0.0,-0.7129389569619006,0.0,-0.7129389569619006
KM Jadhav,2013,-12.847165806545675,0.0,124.0,0.0,12,-1.070597150545473,0.0,-0.5440739617526174,0.0,-0.5440739617526174
KM Jadhav,2014,-12.673512681683862,0.0,101.0,0.0,10,-1.2673512681683863,0.0,-0.5791967334163214,0.0,-0.5791967334163214
KM Jadhav,2015,-4.000248620947064,0.0,140.0,0.0,14,-0.2857320443533617,0.0,-0.1538557161902717,0.0,-0.1538557161902717
KM Jadhav,2016,-3.9144112712964607,0.0,32.0,0.0,4,-0.9786028178241152,0.0,-0.20602164585770846,0.0,-0.20602164585770846
KM Jadhav,2017,1.635094420570514,0.0,186.0,0.0,13,0.12577649389003953,0.0,0.07645237863904364,0.0,0.07645237863904364
KM Jadhav,2018,-0.5664248206572755,0.0,22.0,0.0,1,-0.5664248206572755,0.0,-0.08775595813000044,0.0,-0.08775595813000044
KM Jadhav,2019,-79.88512361876909,0.0,169.0,0.0,14,-5.706080258483506,0.0,-3.3367735767602507,0.0,-3.3367735767602507
KM Jadhav,2020,-27.279488095410517,0.0,66.0,0.0,8,-3.4099360119263147,0.0,-1.2099772945544989,0.0,-1.2099772945544989
KM Jadhav,2021,-16.266968166891765,0.0,52.0,0.0,6,-2.7111613611486276,0.0,-0.819653434765864,0.0,-0.819653434765864
KM Jadhav,2023,-1.4766249836092404,0.0,10.0,0.0,2,-0.7383124918046202,0.0,-0.0567932686003554,0.0,-0.0567932686003554
KMA Paul,2019,-25.519264001044625,-6.758366440288607,24.0,163.0,8,-3.189908000130578,-0.8447958050360759,-0.5316513333550963,-0.48657850254728047,-1.0182298359023767
KMDN Kulasekara,2011,0.0,-1.0309876708415988,0.0,18.0,1,0.0,-1.0309876708415988,0.0,-0.1344766527184694,-0.1344766527184694
KMDN Kulasekara,2012,0.959964722019085,19.791453655372194,3.0,84.0,4,0.23999118050477125,4.947863413843049,0.005853443426945641,2.037355523347138,2.0432089667740834
KP Appanna,2009,-1.2645723663570179,-9.540186247834729,1.0,72.0,5,-0.2529144732714036,-1.9080372495669458,-0.002090202258441352,-0.7155139685876047,-0.7176041708460461
KP Appanna,2010,-3.8843963471272662,-0.2576476336960898,3.0,42.0,2,-1.9421981735636331,-0.1288238168480449,-0.04737068716008861,-0.033398767330974605,-0.08076945449106321
KP Appanna,2012,0.0,-16.275295744080324,0.0,102.0,6,0.0,-2.712549290680054,0.0,-1.2463064308529979,-1.2463064308529979
KP Pietersen,2009,-1.6406579828294845,14.644903340462324,85.0,78.0,6,-0.27344299713824743,2.4408172234103875,-0.11337880369146845,0.9615340577071224,0.848155254015654
KP Pietersen,2010,67.08988050963399,-0.5141261830563798,157.0,60.0,7,9.584268644233427,-0.07344659757948283,5.4322389066593795,-0.024482199193160938,5.407756707466219
KP Pietersen,2012,82.04644724847901,-18.6026302675008,207.0,36.0,8,10.255805906059877,-2.3253287834376,6.492207408423225,-0.5366143346394461,5.955593073783779
KP Pietersen,2014,22.068358726712574,0.0,233.0,0.0,11,2.006214429701143,0.0,1.3242151901426809,0.0,1.3242151901426809
KP Pietersen,2016,3.5806802068253702,0.0,61.0,0.0,4,0.8951700517063426,0.0,0.30168714449771766,0.0,0.30168714449771766
KR Mayers,2023,10.244384012762538,-18.667074468866645,263.0,42.0,13,0.7880295394432721,-1.4359288052974342,0.5411273338735785,-0.3722778384104459,0.16884949546313255
KR Sen,2022,-4.4334168618576655,-12.116765837848137,3.0,151.0,7,-0.6333452659796664,-1.7309665482640195,-0.01544744551169918,-0.964486895896188,-0.9799343414078872
KR Sen,2023,0.0,-8.894956847614054,0.0,18.0,2,0.0,-4.447478423807027,0.0,-0.580105881366134,-0.580105881366134
KR Sen,2024,0.0,1.5125183298414147,0.0,72.0,3,0.0,0.5041727766138049,0.0,0.18906479123017683,0.18906479123017683
KS Bharat,2021,19.52536555077753,0.0,156.0,0.0,8,2.440670693847191,0.0,1.379509522609282,0.0,1.379509522609282
KS Bharat,2022,-22.115123865581076,0.0,7.0,0.0,2,-11.057561932790538,0.0,-0.609471917555384,0.0,-0.609471917555384
KS Rathore,2025,-17.787963526910474,0.0,5.0,0.0,1,-17.787963526910474,0.0,-0.711518541076419,0.0,-0.711518541076419
KS Sharma,2022,-11.405457998188755,0.0,4.0,0.0,1,-11.405457998188755,0.0,-0.36791799994157276,0.0,-0.36791799994157276
KS Sharma,2023,-26.611660209129262,0.0,21.0,0.0,2,-13.305830104564631,0.0,-1.9817193772755834,0.0,-1.9817193772755834
KS Williamson,2015,-9.586914224196535,0.0,27.0,0.0,2,-4.793457112098268,0.0,-0.880430898140498,0.0,-0.880430898140498
KS Williamson,2016,-30.840601253133578,-1.9019973373517827,122.0,6.0,6,-5.140100208855596,-0.31699955622529713,-2.5912901879354657,-0.015095216963109385,-2.606385404898575
KS Williamson,2017,44.60584781729168,0.0,169.0,0.0,7,6.372263973898812,0.0,3.726341216570585,0.0,3.726341216570585
KS Williamson,2018,144.65855812801044,0.0,516.0,0.0,17,8.509326948706496,0.0,6.903793562158101,0.0,6.903793562158101
KS Williamson,2019,-23.466784390688225,0.0,130.0,0.0,9,-2.607420487854247,0.0,-1.3558586536842085,0.0,-1.3558586536842085
KS Williamson,2020,24.217312205759526,-11.261604523664742,237.0,12.0,12,2.0181093504799605,-0.9384670436387285,1.3397532662850158,-0.08531518578533895,1.2544380804996769
KS Williamson,2021,-2.0630767746501775,0.0,235.0,0.0,10,-0.20630767746501774,0.0,-0.1365698709979695,0.0,-0.1365698709979695
KS Williamson,2022,-93.01087390025374,0.0,231.0,0.0,13,-7.154682607711826,0.0,-4.708637271741971,0.0,-4.708637271741971
KS Williamson,2024,-12.489204555532773,0.0,27.0,0.0,2,-6.244602277766386,0.0,-1.1469677653040302,0.0,-1.1469677653040302
KT Maphaka,2024,0.0,-34.77814987836706,0.0,36.0,2,0.0,-17.38907493918353,0.0,-4.012863447503891,-4.012863447503891
KT Maphaka,2025,4.859072422590488,-4.018189146256678,2.0,30.0,2,2.429536211295244,-2.009094573128339,0.039828462480249904,-0.4018189146256678,-0.3619904521454179
KV Sharma,2009,-4.613756308372731,0.0,3.0,0.0,1,-4.613756308372731,0.0,-0.11253064166762759,0.0,-0.11253064166762759
KV Sharma,2013,-29.540524458769013,31.07979376647359,86.0,209.0,13,-2.272348035289924,2.3907533666518144,-0.9486501506550168,1.5187460596663502,0.5700959090113334
KV Sharma,2014,-5.522617768070039,33.99835426465594,29.0,304.0,14,-0.3944726977192885,2.4284538760468526,-0.07677656532791521,1.7411556092411395,1.6643790439132244
KV Sharma,2015,-19.29118317065663,-27.74407219214531,85.0,239.0,14,-1.3779416550469021,-1.9817194422960935,-0.5713416618487155,-1.319306258241689,-1.8906479200904045
KV Sharma,2016,-7.439816712442436,-61.26531636354326,30.0,98.0,5,-1.4879633424884873,-12.253063272708653,-0.29759266849769744,-5.5082578014928805,-5.8058504699905775
KV Sharma,2017,-19.520521088099613,72.42896375828346,41.0,184.0,9,-2.1689467875666235,8.047662639809273,-0.5523404862747302,4.870953703042455,4.318613216767725
KV Sharma,2018,0.0,-8.821261633151261,0.0,57.0,6,0.0,-1.4702102721918768,0.0,-0.4734575452821298,-0.4734575452821298
KV Sharma,2019,0.0,-10.880819136924469,0.0,17.0,1,0.0,-10.880819136924469,0.0,-1.3501746374285837,-1.3501746374285837
KV Sharma,2020,0.0,-10.50668039607703,0.0,114.0,5,0.0,-2.101336079215406,0.0,-1.0237278334639157,-1.0237278334639157
KV Sharma,2023,-10.727270706717277,-22.758729974238054,5.0,129.0,7,-1.532467243816754,-3.251247139176865,-0.06129868975267016,-1.6843810480072916,-1.7456797377599618
KV Sharma,2024,1.6455798249255746,-38.988553957540915,15.0,144.0,9,0.1828422027695083,-4.33206155083788,0.020315800307723144,-2.3629426640933886,-2.3426268637856653
KV Sharma,2025,-0.5704637887047559,23.921560065146284,1.0,90.0,6,-0.09507729811745931,3.9869266775243806,-0.0007857627943591678,1.7086828617961631,1.7078970990018039
KW Richardson,2013,-10.402711562765553,-18.778646893676697,36.0,71.0,3,-3.4675705209218513,-6.259548964558899,-0.8002085817511964,-2.3268480444171824,-3.127056626168379
KW Richardson,2014,-3.6833696204921855,34.97450783420548,2.0,162.0,7,-0.5261956600703123,4.9963582620293545,-0.008626158361808398,2.870248363293459,2.8616222049316504
KW Richardson,2016,-0.447993890414748,10.67007878609064,1.0,84.0,4,-0.111998472603687,2.66751969652266,-0.0009256072116007191,1.0983904632740364,1.0974648560624358
KW Richardson,2021,0.0,-7.654492649317015,0.0,18.0,1,0.0,-7.654492649317015,0.0,-0.9984120846935236,-0.9984120846935236
Kamran Akmal,2008,8.542872624086286,0.0,78.0,0.0,6,1.423812104014381,0.0,0.5608956773389986,0.0,0.5608956773389986
Kamran Khan,2009,-3.3846199931130463,4.977224305083675,5.0,106.0,5,-0.6769239986226092,0.995444861016735,-0.027076959944904368,0.46689006755652174,0.43981310761161735
Kamran Khan,2010,0.0,15.210577300031396,0.0,36.0,3,0.0,5.070192433343799,0.0,1.1700444076947227,1.1700444076947227
Kamran Khan,2011,0.0,-32.72955593645126,0.0,18.0,1,0.0,-32.72955593645126,0.0,-4.269072513450165,-4.269072513450165
Karanveer Singh,2014,-0.431665205595254,18.66605266520539,1.0,120.0,5,-0.0863330411190508,3.7332105330410785,-0.0007134962075954611,1.8666052665205393,1.8658917703129438
Karanveer Singh,2015,-14.869817332330834,-64.21670436907539,16.0,84.0,4,-3.7174543330827086,-16.054176092268847,-0.4373475685979657,-6.610543096816584,-7.04789066541455
Karim Janat,2025,0.0,-22.549545501360807,0.0,6.0,1,0.0,-22.549545501360807,0.0,-1.0737878810171813,-1.0737878810171813
Kartik Sharma,2026,-13.467103206815388,0.0,216.0,0.0,11,-1.22428210971049,0.0,-0.7870384990996007,0.0,-0.7870384990996007
Kartik Tyagi,2020,-6.664668418461718,-47.66614243662153,6.0,229.0,10,-0.6664668418461719,-4.766614243662152,-0.03173651627838914,-3.127663787388633,-3.159400303667022
Kartik Tyagi,2021,-5.040069536341799,-16.767414142804043,4.0,84.0,4,-1.2600173840854498,-4.191853535701011,-0.04064572206727258,-1.726057338229828,-1.7667030602971008
Kartik Tyagi,2022,-5.506912142318687,-23.12250063570758,6.0,48.0,2,-2.7534560711593437,-11.56125031785379,-0.13111695576949256,-3.3032143765296547,-3.434331332299147
Kartik Tyagi,2023,0.0,-38.06145099110361,0.0,37.0,3,0.0,-12.68715033036787,0.0,-2.9899653644816,-2.9899653644816
Kartik Tyagi,2024,0.0,-20.388405476635864,0.0,24.0,1,0.0,-20.388405476635864,0.0,-3.3980675794393105,-3.3980675794393105
Kartik Tyagi,2026,-9.270801281335398,21.24882537349527,10.0,306.0,14,-0.662200091523957,1.5177732409639477,-0.05093846857876592,1.0902314829459343,1.0392930143671684
Krish Bhagat,2026,-21.63959796293112,-13.274623128377549,21.0,36.0,3,-7.21319932097704,-4.4248743761258496,-1.074306281847644,-1.0211248560290422,-2.0954311378766866
Kuldeep Yadav,2016,0.0,10.061606133472397,0.0,72.0,3,0.0,3.3538687111574657,0.0,1.2577007666840496,1.2577007666840496
Kuldeep Yadav,2017,-12.714901412977353,-20.75634941995953,22.0,246.0,12,-1.0595751177481127,-1.7296957849966275,-0.1641595252849189,-1.1625824128665858,-1.3267419381515047
Kuldeep Yadav,2018,-22.44179463437935,12.434153043364496,24.0,308.0,16,-1.4026121646487093,0.777134565210281,-0.2337686941081182,0.5592463693569312,0.325477675248813
Kuldeep Yadav,2019,-3.113101070115435,-52.43013045281926,8.0,198.0,9,-0.345900118901715,-5.825570050313251,-0.02161875743135719,-3.627241729440326,-3.6488604868716834
Kuldeep Yadav,2020,-16.546169083657258,-5.092912449126922,21.0,72.0,5,-3.3092338167314517,-1.0185824898253846,-0.49286461100255663,-0.3819684336845192,-0.8748330446870758
Kuldeep Yadav,2022,-23.763588059764196,16.131362698982354,52.0,298.0,14,-1.697399147126014,1.1522401927844539,-0.5131671840148414,0.8214535345688212,0.3082863505539798
Kuldeep Yadav,2023,-42.91069081216588,45.05496800526016,48.0,294.0,14,-3.0650493437261344,3.2182120003757255,-0.8757283839217527,2.2853969278030517,1.409668543881299
Kuldeep Yadav,2024,-21.03362271386562,35.58883414760144,41.0,258.0,11,-1.912147519442329,3.235348558872858,-0.48694439936109,2.2082537782783,1.72130937891721
Kuldeep Yadav,2025,-12.587538247181127,101.31717464994233,16.0,318.0,15,-0.8391692164787419,6.754478309996156,-0.09872579017396964,4.903936307257482,4.805210517083513
Kuldeep Yadav,2026,-26.27967638153448,-31.84298993481185,21.0,222.0,12,-2.18997303179454,-2.653582494567654,-0.3261661962247187,-1.7225009175263717,-2.0486671137510903
Kumar Kushagra,2024,-24.98226535890569,0.0,7.0,0.0,4,-6.245566339726422,0.0,-0.34424381400066895,0.0,-0.34424381400066895
Kumar Kushagra,2026,-2.6208186835273635,0.0,14.0,0.0,1,-2.6208186835273635,0.0,-0.2738168773834559,0.0,-0.2738168773834559
L Ablish,2010,0.0,-3.533768481207961,0.0,24.0,2,0.0,-1.7668842406039804,0.0,-0.29448070676733007,-0.29448070676733007
L Ablish,2011,-2.5492442098396095,-18.80074517921796,2.0,18.0,1,-2.5492442098396095,-18.80074517921796,-0.04179088868589524,-2.4522711103327772,-2.4940619990186725
L Balaji,2008,-7.370475666865465,-4.93938328596042,4.0,198.0,9,-0.8189417407628294,-0.5488203651067134,-0.02641747550847837,-0.3417183405381423,-0.3681358160466207
L Balaji,2009,-14.105841291475212,-26.799582734840094,10.0,224.0,13,-1.0850647147288623,-2.061506364218469,-0.08346651651760478,-1.3423762371655146,-1.4258427536831193
L Balaji,2010,-11.052308477617176,-5.8583625987895225,20.0,140.0,7,-1.578901211088168,-0.8369089426842174,-0.22555731586973826,-0.45064327682996325,-0.6762005926997015
L Balaji,2011,1.4507557901603905,-45.20896202310165,2.0,266.0,14,0.10362541358288503,-3.2292115730786892,0.0016987772718505742,-2.2253116021733974,-2.2236128249015468
L Balaji,2012,0.0,90.20430846761539,0.0,180.0,8,0.0,11.275538558451924,0.0,6.765323135071155,6.765323135071155
L Balaji,2013,-6.383288363142683,-45.33380983399321,10.0,300.0,13,-0.4910221817802064,-3.4872161410764004,-0.03777093706001588,-2.4908686721974287,-2.5286396092574446
L Balaji,2014,-5.11503482608744,8.776287819898268,3.0,204.0,9,-0.5683372028986045,0.9751430910998076,-0.013861882997526939,0.6139789832850641,0.6001171002875372
L Ngidi,2018,0.0,103.18226920385538,0.0,156.0,7,0.0,14.74032417197934,0.0,8.331487575466584,8.331487575466584
L Ngidi,2020,0.0,-13.097694723746798,0.0,96.0,4,0.0,-3.2744236809366996,0.0,-1.4552994137496442,-1.4552994137496442
L Ngidi,2021,0.0,-22.274311944375143,0.0,72.0,3,0.0,-7.4247706481250475,0.0,-2.784288993046893,-2.784288993046893
L Ngidi,2025,-3.140927577409512,10.186327013137081,2.0,48.0,2,-1.570463788704756,5.0931635065685406,-0.025745308011553374,1.4551895733052973,1.429444265293744
L Ngidi,2026,-10.48019584074252,74.09012336746193,7.0,248.0,12,-0.87334965339521,6.174176947288494,-0.048137382470602126,4.160858377520507,4.112720995049904
L Ronchi,2008,-37.18321976223589,0.0,32.0,0.0,4,-9.295804940558973,0.0,-1.957011566433468,0.0,-1.957011566433468
L Ronchi,2009,-13.630068661300257,0.0,2.0,0.0,1,-13.630068661300257,0.0,-0.22344374854590585,0.0,-0.22344374854590585
L Wood,2024,4.221139490566122,-40.33047218437355,3.0,36.0,2,2.110569745283061,-20.165236092186774,0.05147731086056246,-4.653516021273871,-4.602038710413309
LA Carseldine,2009,4.481128762642291,10.26150365594358,68.0,6.0,5,0.8962257525284582,2.052300731188716,0.32416676155284657,0.09772860624708173,0.4218953677999283
LA Pomersbach,2008,49.33543803189691,0.0,99.0,0.0,5,9.867087606379382,0.0,4.460464260418076,0.0,4.460464260418076
LA Pomersbach,2009,-27.82168071517097,0.0,49.0,0.0,4,-6.9554201787927425,0.0,-2.0166602885257063,0.0,-2.0166602885257063
LA Pomersbach,2011,-6.459280052242164,0.0,39.0,0.0,5,-1.291856010448433,0.0,-0.31687034218546467,0.0,-0.31687034218546467
LA Pomersbach,2013,-21.31405253767571,0.0,59.0,0.0,3,-7.104684179225237,0.0,-2.341767411029547,0.0,-2.341767411029547
LB Williams,2024,-2.185907006289252,-24.649977381900953,2.0,36.0,2,-1.092953503144626,-12.324988690950477,-0.017917270543354524,-2.84422815945011,-2.8621454299934648
LE Plunkett,2018,-5.166392076312087,-28.546063222552476,3.0,150.0,7,-0.7380560109017268,-4.0780090317932105,-0.018001366119554312,-2.2655605732184503,-2.2835619393380044
LG Pretorius,2026,-18.13338930573907,0.0,8.0,0.0,2,-9.066694652869534,0.0,-0.5666684158043459,0.0,-0.5666684158043459
LH Ferguson,2017,-0.3704340402009816,12.390671895183324,1.0,78.0,4,-0.0926085100502454,3.097667973795831,-0.0007653595871921108,1.2202934442226,1.219528084635408
LH Ferguson,2019,0.0,-47.63780869671108,0.0,102.0,5,0.0,-9.527561739342216,0.0,-4.3775283667248015,-4.3775283667248015
LH Ferguson,2020,0.2509588223931365,20.263578871752586,29.0,119.0,5,0.0501917644786273,4.052715774350517,0.009768866911947595,2.01787940229168,2.027648269203628
LH Ferguson,2021,3.6449166006396663,51.98231652182515,11.0,180.0,8,0.4556145750799583,6.497789565228143,0.038257712411294206,3.898673739136886,3.93693145154818
LH Ferguson,2022,-4.551300901080244,10.28623066391848,4.0,286.0,13,-0.3501000693138649,0.7912485126091139,-0.0112935506230279,0.5573819571581442,0.5460884065351163
LH Ferguson,2023,0.0,-37.53939531259075,0.0,46.0,3,0.0,-12.513131770863582,0.0,-3.4674943461429204,-3.4674943461429204
LH Ferguson,2024,-2.4129927124463038,-12.304383198500247,1.0,144.0,7,-0.34471324463518627,-1.757769028357178,-0.0028488697903734403,-0.9587831063766425,-0.961631976167016
LH Ferguson,2025,2.429536211295244,17.145068910315164,1.0,68.0,4,0.607384052823811,4.286267227578791,0.0050197029158992644,1.5503519759327542,1.5553716788486536
LH Ferguson,2026,0.0,-40.117050236572446,0.0,66.0,3,0.0,-13.372350078857481,0.0,-4.7450274473365255,-4.7450274473365255
LI Meriwala,2021,0.0,-9.947148521455972,0.0,18.0,1,0.0,-9.947148521455972,0.0,-1.297454154972518,-1.297454154972518
LJ Wright,2012,0.0,-13.483337349071414,0.0,12.0,1,0.0,-13.483337349071414,0.0,-1.2257579408246742,-1.2257579408246742
LJ Wright,2013,13.7199831028705,-25.20769604611803,60.0,59.0,6,2.286663850478417,-4.201282674353005,0.7622212834928056,-1.3847803228314375,-0.6225590393386319
LMP Simmons,2014,91.70998786749135,-7.727594061634455,291.0,18.0,8,11.463748483436419,-0.9659492577043068,8.116668634257902,-0.1259933814396922,7.9906752528182095
LMP Simmons,2015,75.47080664150795,0.0,441.0,0.0,13,5.805446664731381,0.0,4.563639891526807,0.0,4.563639891526807
LMP Simmons,2016,-10.744319300490895,0.0,8.0,0.0,1,-10.744319300490895,0.0,-0.671519956280681,0.0,-0.671519956280681
LMP Simmons,2017,-32.04639789458171,0.0,112.0,0.0,7,-4.578056842083101,0.0,-2.2100964065228763,0.0,-2.2100964065228763
LPC Silva,2008,1.1025878947351098,-12.110877470272253,26.0,6.0,3,0.3675292982450366,-4.036959156757418,0.0654504229751435,-0.1922361503217818,-0.1267857273466383
LR Shukla,2008,-20.379374513418274,-23.5572324147113,122.0,72.0,13,-1.5676441933398673,-1.8120948011316385,-0.7902999652374537,-0.6795355504243644,-1.4698355156618181
LR Shukla,2009,-19.80084326808025,-6.100324549373832,85.0,84.0,9,-2.200093696453361,-0.6778138388193147,-0.9122339717001741,-0.2790998159844237,-1.1913337876845977
LR Shukla,2010,-0.06099293596548638,-12.035182706941328,26.0,72.0,4,-0.015248233991371596,-3.008795676735332,-0.002715438929970284,-1.1282983787757495,-1.1310138177057198
LR Shukla,2011,-0.5662602584997254,0.0,10.0,0.0,1,-0.5662602584997254,0.0,-0.0435584814230558,0.0,-0.0435584814230558
LR Shukla,2012,-9.91828902114905,4.303162474110871,57.0,12.0,11,-0.9016626382862772,0.39119658855553374,-0.29036593436337743,0.03556332623232125,-0.25480260813105615
LR Shukla,2013,-16.813868260547295,0.8921448124105167,12.0,18.0,4,-4.203467065136824,0.22303620310262917,-0.38213336955789307,0.02909167866556033,-0.3530416908923327
LR Shukla,2014,-20.460794565834796,-20.12222783009596,38.0,56.0,5,-4.092158913166959,-4.024445566019192,-0.9841901183566105,-1.2805054073697428,-2.2646955257263532
LRPL Taylor,2008,57.240519253585475,0.0,81.0,0.0,4,14.310129813396369,0.0,5.766768730771671,0.0,5.766768730771671
LRPL Taylor,2009,52.430832681047214,-7.741862116946286,208.0,6.0,11,4.766439334640656,-0.7038056469951169,3.0226200658696842,-0.03351455461881509,2.989105511250869
LRPL Taylor,2010,-13.883739723899803,0.0,75.0,0.0,7,-1.9833913891285433,0.0,-0.7628428419725167,0.0,-0.7628428419725167
LRPL Taylor,2011,-9.608107971255901,-4.96070450588819,152.0,6.0,12,-0.8006756642713251,-0.41339204215734915,-0.44743640062221113,-0.01968533534082615,-0.4671217359630373
LRPL Taylor,2012,-16.000340662462175,0.0,171.0,0.0,12,-1.3333617218718479,0.0,-0.7835218365638693,0.0,-0.7835218365638693
LRPL Taylor,2013,-35.5254113553089,0.0,76.0,0.0,5,-7.10508227106178,0.0,-2.7550319010239552,0.0,-2.7550319010239552
LRPL Taylor,2014,-21.974845217638247,0.0,59.0,0.0,4,-5.493711304409562,0.0,-1.8107763517327604,0.0,-1.8107763517327604
LS Livingstone,2019,6.1427501817639865,-6.6400085077141044,48.0,6.0,4,1.5356875454409966,-1.6600021269285261,0.43876787012599905,-0.07904772032992982,0.35972014979606926
LS Livingstone,2021,-35.37688305952188,0.0,41.0,0.0,5,-7.075376611904376,0.0,-1.801803981913537,0.0,-1.801803981913537
LS Livingstone,2022,125.9929915918566,-9.696566462424713,240.0,138.0,14,8.999499399418328,-0.6926118901731938,5.999666266278885,-0.37046682497635947,5.629199441302525
LS Livingstone,2023,30.248034076485325,-35.21895481321845,171.0,42.0,9,3.360892675165036,-3.9132172014687168,1.9749575513856397,-1.014537792973371,0.9604197584122687
LS Livingstone,2024,-26.2777567069247,17.970739436731282,78.0,72.0,7,-3.7539652438463853,2.5672484909616116,-1.4788347930303942,0.9627181841106043,-0.5161166089197899
LS Livingstone,2025,-30.502084621875436,3.8061612082631537,84.0,54.0,10,-3.050208462187544,0.38061612082631535,-1.2559681903125182,0.11812224439437374,-1.1378459459181445
LS Livingstone,2026,-21.755236498081118,0.0,25.0,0.0,2,-10.877618249040559,0.0,-1.8754514222483722,0.0,-1.8754514222483722
Lalit Yadav,2021,-22.37302847246119,11.542713220113768,73.0,84.0,7,-3.1961469246373126,1.648959031444824,-1.208905313463854,0.6789831305949275,-0.5299221828689266
Lalit Yadav,2022,-22.986872826606458,-14.615066015073046,146.0,108.0,12,-1.915572735550538,-1.2179221679227539,-1.0514045841743556,-0.5769105005949887,-1.6283150847693442
Lalit Yadav,2023,-25.274861629098762,-19.102485778343222,59.0,78.0,6,-4.212476938183127,-3.1837476297238703,-1.3884700522503044,-1.2542036117094035,-2.642673663959708
Lalit Yadav,2024,-13.035825161214195,-37.85997227544874,12.0,18.0,2,-6.517912580607097,-18.92998613772437,-0.592537507327918,-2.4691286266597006,-3.0616661339876186
Liton Das,2023,-12.068162548840304,0.0,4.0,0.0,1,-12.068162548840304,0.0,-0.3892955660916227,0.0,-0.3892955660916227
M Ashwin,2016,-3.2680330997164257,-6.925787314061125,1.0,171.0,10,-0.3268033099716426,-0.6925787314061125,-0.0027008538014185336,-0.40697925453761247,-0.409680108339031
M Ashwin,2018,-6.78840354507382,14.661860538337306,2.0,42.0,2,-3.39420177253691,7.330930269168653,-0.0556426520088018,1.9006115512659472,1.8449688992571454
M Ashwin,2019,-5.990678366496727,-9.374830792041369,5.0,204.0,10,-0.5990678366496727,-0.9374830792041369,-0.02396271346598691,-0.5902671239433455,-0.6142298374093323
M Ashwin,2020,-3.716458682075038,19.728512032554132,4.0,189.0,9,-0.4129398535638931,2.192056892506015,-0.01332064043754494,1.3407726624065917,1.3274520219690467
M Ashwin,2021,-16.68157059305223,-20.809571683456966,24.0,66.0,3,-5.5605235310174095,-6.9365238944856555,-0.926753921836235,-2.4613471883658775,-3.3881011102021126
M Ashwin,2022,-17.15950662250998,11.264121182236037,14.0,174.0,8,-2.1449383278137475,1.4080151477795046,-0.2240980342491975,0.8333150874613395,0.609217053212142
M Ashwin,2023,0.0,-23.292797567431812,0.0,24.0,2,0.0,-11.646398783715906,0.0,-1.9410664639526507,-1.9410664639526507
M Jansen,2021,-7.555101163883446,2.328781591394458,3.0,36.0,2,-3.777550581941723,1.164390795697229,-0.09213538004735909,0.2687055682378221,0.176570188190463
M Jansen,2022,-3.1646785536362323,-26.17813053561723,7.0,192.0,8,-0.39558481920452904,-3.2722663169521535,-0.021803887672690578,-2.013702348893633,-2.0355062365663237
M Jansen,2023,-29.07664890967919,1.6641313829478825,43.0,162.0,8,-3.6345811137098987,0.20801642286848532,-0.9588158766228567,0.11949879611593837,-0.8393170805069183
M Jansen,2024,0.034212821433330376,-46.16990347322518,13.0,60.0,3,0.011404273811110125,-15.389967824408394,0.0011147034552212904,-5.129989274802798,-5.128874571347577
M Jansen,2025,-31.350312628282236,12.656377807754062,63.0,283.0,15,-2.090020841885482,0.8437585205169374,-0.7195153717966414,0.592515288601224,-0.12700008319541733
M Jansen,2026,-23.60343165584036,-58.90534196546597,45.0,284.0,13,-1.815648588910797,-4.53118015118969,-0.4951768878847628,-3.1852850567769107,-3.6804619446616735
M Kaif,2008,-64.8198678611873,0.0,171.0,0.0,16,-4.051241741324207,0.0,-2.380626590262678,0.0,-2.380626590262678
M Kaif,2010,-15.442758323265991,0.0,30.0,0.0,4,-3.860689580816498,0.0,-0.7721379161632995,0.0,-0.7721379161632995
M Kaif,2011,-6.591303541220999,0.0,33.0,0.0,8,-0.8239129426526248,0.0,-0.17770671312115438,0.0,-0.17770671312115438
M Kaif,2012,-3.646568311012736,0.0,16.0,0.0,1,-3.646568311012736,0.0,-0.42900803658973363,0.0,-0.42900803658973363
M Kartik,2008,-8.265682325176853,-15.149553224273081,27.0,88.0,6,-1.3776137208628088,-2.524925537378847,-0.2530310915870465,-1.068237727352589,-1.3212688189396355
M Kartik,2009,-4.291447327140359,12.61960945511394,20.0,204.0,10,-0.4291447327140359,1.261960945511394,-0.061306390387719414,0.7945680027293963,0.7332616123416769
M Kartik,2010,-8.499266757966659,61.11889169716773,22.0,234.0,10,-0.8499266757966659,6.111889169716774,-0.13167878075722994,4.040062332524647,3.908383551767417
M Kartik,2011,-8.649024463856097,-32.5366564371223,15.0,125.0,6,-1.4415040773093495,-5.4227760728537175,-0.16016711970103883,-2.766722486149856,-2.926889605850895
M Kartik,2012,-2.280246945866405,-34.31779094085416,21.0,216.0,11,-0.20729517689694593,-3.1197991764412873,-0.030873749750608966,-2.0055851848551134,-2.0364589346057222
M Kartik,2013,-3.8890139554539784,1.4441820944912243,3.0,234.0,11,-0.35354672322308894,0.13128928131738402,-0.008623090810319242,0.08678444019284706,0.07816134938252782
M Kartik,2014,0.0,-33.35381110982176,0.0,48.0,2,0.0,-16.67690555491088,0.0,-4.7648301585459665,-4.7648301585459665
M Klinger,2011,-13.050762147499762,0.0,77.0,0.0,4,-3.2626905368749406,0.0,-1.27526482913386,0.0,-1.27526482913386
M Manhas,2009,-8.034373035475793,0.0,62.0,0.0,10,-0.8034373035475794,0.0,-0.27369842208763695,0.0,-0.27369842208763695
M Manhas,2010,-22.499599946383142,0.0,149.0,0.0,9,-2.499955549598127,0.0,-1.3847337430859512,0.0,-1.3847337430859512
M Manhas,2011,-53.90299333157144,2.3564367972292812,123.0,42.0,10,-5.390299333157143,0.23564367972292813,-2.728423119252381,0.06109280585409248,-2.667330313398289
M Manhas,2012,-0.8791631889789022,0.0,96.0,0.0,10,-0.08791631889789023,0.0,-0.03907391951017344,0.0,-0.03907391951017344
M Manhas,2013,-7.817228058844867,0.0,17.0,0.0,3,-2.6057426862816224,0.0,-0.3233403333342159,0.0,-0.3233403333342159
M Manhas,2014,-1.2460341381315256,0.0,23.0,0.0,12,-0.10383617817762714,0.0,-0.016700923762835135,0.0,-0.016700923762835135
M Markande,2018,-16.981087852485512,15.700264635627386,24.0,264.0,14,-1.212934846606108,1.1214474739733846,-0.2021558077676847,0.7709951383567019,0.5688393305890171
M Markande,2019,-2.990678366496727,-15.089589074815505,5.0,36.0,3,-0.9968927888322424,-5.029863024938502,-0.0398757115532897,-1.1607376211396543,-1.200613332692944
M Markande,2021,0.0,-8.115717661480172,0.0,18.0,1,0.0,-8.115717661480172,0.0,-1.0585718688887182,-1.0585718688887182
M Markande,2022,0.0,-6.042896805087439,0.0,42.0,2,0.0,-3.0214484025437196,0.0,-0.783338474733557,-0.783338474733557
M Markande,2023,1.968375810076817,33.94815521639027,13.0,228.0,10,0.1968375810076817,3.394815521639027,0.01923976355714182,2.2241894796945347,2.2434292432516765
M Markande,2024,0.0,-46.324747565994784,0.0,132.0,7,0.0,-6.617821080856397,0.0,-3.4664777090200176,-3.4664777090200176
M Markande,2026,0.0,-37.872906264303836,0.0,30.0,3,0.0,-12.62430208810128,0.0,-2.524860417620256,-2.524860417620256
M Morkel,2009,-0.8596263062038085,-8.426418116607271,8.0,42.0,2,-0.42981315310190427,-4.213209058303636,-0.026863322068869017,-1.0923134595602018,-1.1191767816290707
M Morkel,2010,-14.49661061103815,-24.609508603994495,16.0,42.0,2,-7.248305305519075,-12.304754301997248,-0.8527418006493029,-3.1901214857029903,-4.0428632863522935
M Morkel,2011,4.494368958401527,-12.088120667317662,25.0,258.0,11,0.4085789962183206,-1.098920060665242,0.07044465452040011,-0.7500565493429431,-0.6796118948225429
M Morkel,2012,-7.3734705485715475,109.35238922563015,5.0,378.0,16,-0.4608419092857217,6.834524326601884,-0.01843367637142887,5.1876509948905865,5.1692173185191574
M Morkel,2013,9.462499608426631,-50.75838012338241,29.0,240.0,10,0.9462499608426631,-5.075838012338241,0.18416945546602168,-3.383892008225494,-3.1997225527594724
M Morkel,2014,-0.2949956167857617,-3.170102440337774,3.0,288.0,12,-0.024582968065480142,-0.2641752033614812,-0.0005995845869629303,-0.18647661413751615,-0.1870761987244791
M Morkel,2015,-0.4132702234973892,43.373137522622486,3.0,168.0,7,-0.05903860335676988,6.1961625032317835,-0.0014399659355309727,3.6144281268852065,3.6129881609496755
M Morkel,2016,-0.447993890414748,5.043083640380447,1.0,213.0,10,-0.044799389041474805,0.5043083640380447,-0.00037024288464028763,0.3225756202405511,0.3222053773559108
M Muralitharan,2008,-5.982866552474518,40.59940728343929,3.0,348.0,15,-0.3988577701649679,2.706627152229286,-0.009728238296706535,2.012620190119213,2.0028919518225066
M Muralitharan,2009,-5.756657349459499,87.11644988774219,8.0,300.0,13,-0.4428197961122692,6.701265375980169,-0.027676237257016824,4.78661812570012,4.758941888443103
M Muralitharan,2010,-3.529610634518737,46.76854640468281,2.0,288.0,12,-0.2941342195432281,3.8973788670569007,-0.00482187245152833,2.7510909649813415,2.746269092529813
M Muralitharan,2011,-5.196976839358438,-18.399190637966186,8.0,114.0,5,-1.0393953678716876,-3.679838127593237,-0.06496221049198048,-1.7927416519043975,-1.857703862396378
M Muralitharan,2012,-9.7601842525461,66.83708535155085,9.0,240.0,10,-0.97601842525461,6.683708535155086,-0.06809430873869372,4.45580569010339,4.387711381364697
M Muralitharan,2013,0.0,-29.058527408556756,0.0,138.0,6,0.0,-4.843087901426126,0.0,-2.590488877506998,-2.590488877506998
M Muralitharan,2014,0.0,-7.9527236108496675,0.0,96.0,5,0.0,-1.5905447221699336,0.0,-0.7069087654088593,-0.7069087654088593
M Ntini,2008,-15.79700326833872,15.620989516496488,18.0,210.0,9,-1.7552225853709689,1.7356655018329432,-0.22894207635273509,1.1045144102573274,0.8755723339045923
M Pathirana,2022,0.0,12.232374018222847,0.0,41.0,2,0.0,6.116187009111424,0.0,1.5575383066681265,1.5575383066681265
M Pathirana,2023,0.0,59.36692362096496,0.0,278.0,12,0.0,4.947243635080413,0.0,3.4556123883224994,3.4556123883224994
M Pathirana,2024,0.0,77.64531897110541,0.0,132.0,6,0.0,12.940886495184236,0.0,6.778559592715553,6.778559592715553
M Pathirana,2025,0.0,-15.123838450939012,0.0,251.0,12,0.0,-1.2603198709115844,0.0,-0.8526692388108024,-0.8526692388108024
M Pathirana,2026,0.0,-0.05423960180071408,0.0,8.0,1,0.0,-0.05423960180071408,0.0,-0.00338997511254463,-0.00338997511254463
M Prasidh Krishna,2018,-6.2439214450173495,-36.01345632201173,5.0,168.0,7,-0.8919887778596214,-5.144779474573104,-0.03567955111438486,-3.001121360167644,-3.036800911282029
M Prasidh Krishna,2019,-4.688294872179698,-72.06213871009058,2.0,242.0,11,-0.42620862474360893,-6.551103519099144,-0.00698702663514113,-4.379466993430919,-4.38645402006606
M Prasidh Krishna,2020,-3.8964194727733603,-45.60649343889948,4.0,105.0,6,-0.6494032454622267,-7.60108223981658,-0.020948491789104087,-3.547171711914404,-3.5681202037035082
M Prasidh Krishna,2021,-3.125046791061708,-29.533214912642826,1.0,231.0,10,-0.3125046791061708,-2.9533214912642825,-0.002582683298398106,-1.9436389301482884,-1.9462216134466865
M Prasidh Krishna,2022,-13.553706656732341,31.014291179870177,12.0,399.0,17,-0.797276862160726,1.824370069404128,-0.07247971474188418,1.40255040017774,1.330070685435856
M Prasidh Krishna,2025,0.0,92.86964281011007,0.0,354.0,15,0.0,6.191309520674005,0.0,4.6238893888578,4.6238893888578
M Prasidh Krishna,2026,-4.840117422139164,-8.82087672069129,7.0,234.0,12,-0.403343118511597,-0.7350730600576075,-0.02223151046914314,-0.4858957515635033,-0.5081272620326465
M Rawat,2008,-36.76451147119306,0.0,39.0,0.0,11,-3.3422283155630055,0.0,-0.8197918509871522,0.0,-0.8197918509871522
M Rawat,2009,-4.949883126829328,0.0,19.0,0.0,5,-0.9899766253658656,0.0,-0.13532054591331977,0.0,-0.13532054591331977
M Rawat,2013,-9.499317775841941,0.0,11.0,0.0,2,-4.749658887920971,0.0,-0.3988263188330586,0.0,-0.3988263188330586
M Shahrukh Khan,2021,4.339404325531074,0.0,114.0,0.0,11,0.39449130232100676,0.0,0.1921880703615161,0.0,0.1921880703615161
M Shahrukh Khan,2022,-30.369831837856033,0.0,108.0,0.0,8,-3.796228979732004,0.0,-1.7982137272414755,0.0,-1.7982137272414755
M Shahrukh Khan,2023,3.213331754502752,0.0,94.0,0.0,14,0.22952369675019657,0.0,0.10081882006784336,0.0,0.10081882006784336
M Shahrukh Khan,2024,7.481759306581443,2.412857013894913,75.0,12.0,7,1.0688227580830634,0.3446938591278447,0.4110856761857936,0.03133580537525861,0.4424214815610522
M Shahrukh Khan,2025,28.629655888246788,0.2009164701083117,100.0,6.0,15,1.9086437258831193,0.013394431340554114,0.8675653299468724,0.0006378300638359102,0.8682031600107083
M Shahrukh Khan,2026,-18.734856100616742,0.0,33.0,0.0,9,-2.0816506778463046,0.0,-0.4489834795354774,0.0,-0.4489834795354774
M Siddharth,2024,0.0,-2.8522416582414984,0.0,54.0,3,0.0,-0.9507472194138328,0.0,-0.29505948188705156,-0.29505948188705156
M Siddharth,2025,0.0,1.8702423473961582,0.0,42.0,2,0.0,0.9351211736980791,0.0,0.24243882281061313,0.24243882281061313
M Siddharth,2026,0.0,-0.7778658352368129,0.0,90.0,4,0.0,-0.1944664588092032,0.0,-0.08334276806108709,-0.08334276806108709
M Theekshana,2022,-7.714632631456271,53.20785766679832,7.0,210.0,9,-0.8571814034951413,5.911984185199813,-0.04724621909028338,3.762171754218063,3.7149255351277795
M Theekshana,2023,0.0,17.799501457630367,0.0,294.0,13,0.0,1.3691924198177206,0.0,0.9723250517546131,0.9723250517546131
M Theekshana,2024,0.0,4.807804235157871,0.0,120.0,5,0.0,0.9615608470315742,0.0,0.4807804235157871,0.4807804235157871
M Theekshana,2025,-36.55348638225682,-34.367094178798325,27.0,252.0,11,-3.323044216568802,-3.124281288981666,-0.6103550601861064,-2.1164486151166124,-2.726803675302719
M Tiwari,2025,-4.341997232222395,-6.54954550136081,4.0,6.0,2,-2.1709986161111976,-3.274772750680405,-0.07003221342294186,-0.15594155955620975,-0.2259737729791516
M Tiwari,2026,5.611294374698098,8.875962989104842,8.0,60.0,3,1.8704314582326995,2.958654329701614,0.11690196613954372,0.986218109900538,1.1031200760400817
M Vijay,2009,-23.15795833930524,0.0,67.0,0.0,4,-5.78948958482631,0.0,-2.0743091025848277,0.0,-2.0743091025848277
M Vijay,2010,109.53141044946665,0.0,292.0,0.0,15,7.302094029964443,0.0,5.175270526091304,0.0,5.175270526091304
M Vijay,2011,39.04254354188146,0.0,339.0,0.0,16,2.440158971367591,0.0,1.8022089134937112,0.0,1.8022089134937112
M Vijay,2012,6.281589121270109,0.0,267.0,0.0,14,0.4486849372335792,0.0,0.30955782491308953,0.0,0.30955782491308953
M Vijay,2013,-7.3629738817428745,0.0,286.0,0.0,15,-0.490864925449525,0.0,-0.34578169625262106,0.0,-0.34578169625262106
M Vijay,2014,-52.00086548694282,-6.648121810701997,192.0,6.0,11,-4.7273514079038925,-0.6043747100638179,-2.909139327940857,-0.028779748098277044,-2.937919076039134
M Vijay,2015,-14.547305233714273,-2.9960284377070474,228.0,24.0,11,-1.3224822939740248,-0.27236622160973156,-0.8664539167416024,-0.045394370268288596,-0.9118482870098911
M Vijay,2016,11.313281540642576,-2.9019973373517827,364.0,6.0,14,0.8080915386173269,-0.2072855240965559,0.607738264579973,-0.009870739242693138,0.5978675253372799
M Vijay,2018,-8.81086217416259,0.0,10.0,0.0,1,-8.81086217416259,0.0,-0.6777586287817378,0.0,-0.6777586287817378
M Vijay,2019,-5.065205255532373,0.0,61.0,0.0,2,-2.5326026277661864,0.0,-0.853529062396339,0.0,-0.853529062396339
M Vijay,2020,-31.470590209994846,0.0,43.0,0.0,3,-10.490196736664949,0.0,-2.76735251335333,0.0,-2.76735251335333
M Vohra,2013,10.645366469060068,0.0,117.0,0.0,12,0.8871138724216724,0.0,0.4379422914486737,0.0,0.4379422914486737
M Vohra,2014,79.98805036567283,0.0,233.0,0.0,8,9.998506295709104,0.0,6.599580642776831,0.0,6.599580642776831
M Vohra,2015,-53.60742220493357,0.0,81.0,0.0,7,-7.658203172133367,0.0,-3.0861415768298643,0.0,-3.0861415768298643
M Vohra,2016,-17.18131287666163,0.0,131.0,0.0,7,-2.4544732680945183,0.0,-1.2810199128302069,0.0,-1.2810199128302069
M Vohra,2017,-7.3894340105792615,0.0,159.0,0.0,11,-0.6717667282344784,0.0,-0.3828348021121221,0.0,-0.3828348021121221
M Vohra,2018,-15.761329278097083,0.0,47.0,0.0,4,-3.9403323195242708,0.0,-1.1089558025008426,0.0,-1.1089558025008426
M Vohra,2021,-39.912179701788546,0.0,39.0,0.0,4,-9.978044925447136,0.0,-2.4474449817134487,0.0,-2.4474449817134487
M Vohra,2022,-1.2760029137638043,0.0,11.0,0.0,2,-0.6380014568819021,0.0,-0.0535726414175643,0.0,-0.0535726414175643
M Vohra,2023,-12.098440428055564,0.0,11.0,0.0,1,-12.098440428055564,0.0,-1.01589957792833,0.0,-1.01589957792833
M de Lange,2012,0.0,-25.11391091771504,0.0,60.0,3,0.0,-8.371303639238347,0.0,-2.7904345464127824,-2.7904345464127824
M de Lange,2014,-3.6833696204921855,2.058715342287911,2.0,24.0,1,-3.6833696204921855,2.058715342287911,-0.060383108532658776,0.34311922371465187,0.2827361151819931
M de Lange,2015,0.0,-2.4271449093121147,0.0,24.0,1,0.0,-2.4271449093121147,0.0,-0.4045241515520191,-0.4045241515520191
MA Agarwal,2011,-12.68366112901708,0.0,120.0,0.0,8,-1.585457641127135,0.0,-0.7927288205635675,0.0,-0.7927288205635675
MA Agarwal,2012,-3.7140926880412515,0.0,158.0,0.0,15,-0.2476061792027501,0.0,-0.14072581407926085,0.0,-0.14072581407926085
MA Agarwal,2013,-14.684764871285324,0.0,62.0,0.0,5,-2.936952974257065,0.0,-1.0005004637579011,0.0,-1.0005004637579011
MA Agarwal,2014,-32.66501259637215,0.0,91.0,0.0,8,-4.083126574546519,0.0,-1.7609692809655602,0.0,-1.7609692809655602
MA Agarwal,2015,-29.814638096646277,0.0,177.0,0.0,10,-2.9814638096646275,0.0,-1.7768319673758892,0.0,-1.7768319673758892
MA Agarwal,2016,-29.99821162965867,0.0,25.0,0.0,3,-9.99940387655289,0.0,-1.7240351511298087,0.0,-1.7240351511298087
MA Agarwal,2017,-32.88555915641676,0.0,27.0,0.0,3,-10.96185305213892,0.0,-2.013401581005108,0.0,-2.013401581005108
MA Agarwal,2018,-53.249709384237065,0.0,94.0,0.0,11,-4.8408826712942785,0.0,-2.126369023839543,0.0,-2.126369023839543
MA Agarwal,2019,22.893431408270338,0.0,234.0,0.0,13,1.7610331852515644,0.0,1.164072783471373,0.0,1.164072783471373
MA Agarwal,2020,90.31874147062683,0.0,271.0,0.0,11,8.210794679147893,0.0,5.690857693220152,0.0,5.690857693220152
MA Agarwal,2021,72.29503400583036,0.0,314.0,0.0,12,6.02458616715253,0.0,4.358801973469803,0.0,4.358801973469803
MA Agarwal,2022,-41.33425542990474,0.0,160.0,0.0,13,-3.1795581099926724,0.0,-1.8168903485672414,0.0,-1.8168903485672414
MA Agarwal,2023,-14.702728894157529,0.0,210.0,0.0,10,-1.4702728894157528,0.0,-0.935628202355479,0.0,-0.935628202355479
MA Agarwal,2024,-33.599326801717616,0.0,57.0,0.0,4,-8.399831700429404,0.0,-2.7050305475959098,0.0,-2.7050305475959098
MA Agarwal,2025,3.275646484092859,0.0,64.0,0.0,4,0.8189116210232148,0.0,0.2848388247037269,0.0,0.2848388247037269
MA Khote,2008,-7.449214790288668,-6.3325738965566085,22.0,30.0,4,-1.862303697572167,-1.5831434741391521,-0.2885259249759695,-0.3166286948278304,-0.6051546198037999
MA Starc,2014,-35.22585158832346,43.58022417573842,84.0,322.0,14,-2.5161322563088184,3.112873155409887,-1.0360544584801017,2.2677492218144426,1.231694763334341
MA Starc,2015,-11.415300252289494,76.6868629653874,14.0,258.0,13,-0.8781000194068842,5.898989458875954,-0.09174179307236104,4.026294392566127,3.9345525994937662
MA Starc,2024,-12.162566953194244,6.581760990678589,11.0,251.0,13,-0.9355820733226341,0.5062893069752761,-0.07856032676754943,0.3425299624010628,0.2639696356335134
MA Starc,2025,-13.344716305650914,-14.253462119645882,10.0,228.0,12,-1.1120596921375763,-1.1877885099704901,-0.08554305324135202,-0.7782062651530797,-0.8637493183944317
MA Starc,2026,-4.917215615627153,-10.261601173289478,2.0,132.0,6,-0.8195359359378589,-1.7102668622149129,-0.013435015343243588,-0.895854070684002,-0.9092890860272456
MA Wood,2018,-5.166392076312087,-17.810617167147473,3.0,24.0,1,-5.166392076312087,-17.810617167147473,-0.12600956283688017,-2.968436194524579,-3.094445757361459
MA Wood,2023,1.860105333035559,41.75309415954292,5.0,96.0,4,0.46502633325888976,10.43827353988573,0.01860105333035559,4.639232684393658,4.6578337377240135
MB Parmar,2010,0.0,-16.02744606307418,0.0,18.0,1,0.0,-16.02744606307418,0.0,-2.090536443009676,-2.090536443009676
MC Henriques,2009,-9.164139285215757,-28.86731816475191,40.0,73.0,4,-2.2910348213039393,-7.216829541187978,-0.5727587053259848,-2.7296816399312043,-3.302440345257189
MC Henriques,2010,2.8269032759448667,0.15750852824231565,5.0,24.0,1,2.8269032759448667,0.15750852824231565,0.11307613103779467,0.026251421373719275,0.13932755241151396
MC Henriques,2013,17.494181636753755,-18.321484983234328,125.0,127.0,10,1.7494181636753754,-1.8321484983234329,0.8925602875894773,-0.942035867559012,-0.04947557996953478
MC Henriques,2014,-10.005347848473788,-20.72690037525544,14.0,60.0,4,-2.501336962118447,-5.18172509381386,-0.26133371246013626,-1.7272416979379532,-1.9885754103980895
MC Henriques,2015,38.268807415908555,86.2895717747198,211.0,150.0,9,4.252089712878728,9.587730197191089,2.7105466145541137,5.326516776217272,8.037063390771385
MC Henriques,2016,-55.311865456738886,-5.375964246572582,158.0,312.0,17,-3.253639144514052,-0.31623319097485775,-1.8491905929252526,-0.22839063792628614,-2.0775812308515387
MC Henriques,2017,29.895085793496616,-90.35836553578254,203.0,144.0,12,2.4912571494580513,-7.529863794648545,1.5657126976470106,-4.107198433444661,-2.54148573579765
MC Henriques,2021,-13.882292657124479,42.96534999111478,32.0,60.0,5,-2.776458531424896,8.593069998222955,-0.584517585563136,2.8643566660743187,2.2798390805111826
MC Juneja,2013,-31.780463165634604,0.0,128.0,0.0,7,-4.540066166519229,0.0,-2.3432599569131503,0.0,-2.3432599569131503
MD Choudhary,2026,-16.164477266270286,0.0,120.0,0.0,10,-1.6164477266270285,0.0,-0.8082238633135143,0.0,-0.8082238633135143
MD Mishra,2010,-42.91933538275718,0.0,144.0,0.0,11,-3.9017577620688346,0.0,-2.1282315065830004,0.0,-2.1282315065830004
MD Mishra,2011,-21.70837493071618,0.0,60.0,0.0,6,-3.6180624884526966,0.0,-1.2060208294842323,0.0,-1.2060208294842323
MD Mishra,2012,-11.306805066579123,0.0,4.0,0.0,1,-11.306805066579123,0.0,-0.364735647309004,0.0,-0.364735647309004
MD Shanaka,2023,-12.828121768390416,0.0,26.0,0.0,3,-4.276040589463472,0.0,-0.7614866803154128,0.0,-0.7614866803154128
MD Shanaka,2026,-15.405722432472544,-6.256638967610023,46.0,36.0,7,-2.2008174903532205,-0.8938055668014319,-0.6098650876882419,-0.20626282310802274,-0.8161279107962647
MDKJ Perera,2013,-18.783179387610666,0.0,13.0,0.0,2,-9.391589693805333,0.0,-0.917974932477213,0.0,-0.917974932477213
MEK Hussey,2008,51.99500468899773,0.0,100.0,0.0,4,12.998751172249433,0.0,5.908523260113379,0.0,5.908523260113379
MEK Hussey,2010,-20.127983892342225,0.0,44.0,0.0,3,-6.709327964114075,0.0,-1.8000636001281665,0.0,-1.8000636001281665
MEK Hussey,2011,53.072173544223006,0.0,414.0,0.0,14,3.7908695388730718,0.0,2.9389887436206963,0.0,2.9389887436206963
MEK Hussey,2012,20.744068415438328,0.0,236.0,0.0,8,2.593008551929791,0.0,1.718960725436603,0.0,1.718960725436603
MEK Hussey,2013,190.28035725878854,0.0,566.0,0.0,17,11.192962191693443,0.0,9.235009621717913,0.0,9.235009621717913
MEK Hussey,2014,-20.5298916889672,0.0,182.0,0.0,9,-2.2810990765519112,0.0,-1.3747020924915492,0.0,-1.3747020924915492
MEK Hussey,2015,-23.423589756488532,0.0,70.0,0.0,4,-5.855897439122133,0.0,-2.1574358986239437,0.0,-2.1574358986239437
MF Maharoof,2008,2.810974371348575,57.15658381633849,79.0,216.0,10,0.28109743713485746,5.715658381633849,0.11159144489273236,3.674351816764618,3.78594326165735
MF Maharoof,2009,-7.3760589027990555,19.643234578026316,21.0,60.0,3,-2.4586863009330187,6.547744859342106,-0.366187321415556,2.1825816197807018,1.8163942983651458
MF Maharoof,2010,-1.974932910863191,7.502289161826327,23.0,144.0,7,-0.2821332729804559,1.0717555945466182,-0.04537807887098241,0.5845939606617917,0.5392158817908093
MG Bracewell,2023,-8.696309660514716,32.09985581836209,47.0,66.0,5,-1.7392619321029432,6.419971163672417,-0.4894928790948403,2.278054283883761,1.7885614047889207
MG Johnson,2013,-14.867558288349493,101.76240184886551,36.0,384.0,17,-0.8745622522558525,5.986023638168559,-0.20182205821288904,4.560779914795092,4.358957856582204
MG Johnson,2014,-21.043377907667733,-8.11121792151907,50.0,321.0,14,-1.5030984219762666,-0.5793727086799336,-0.4420877711694902,-0.42172027094389725,-0.8638080421133875
MG Johnson,2015,-34.17045718826081,-62.57474195678732,36.0,215.0,9,-3.7967174653623124,-6.952749106309702,-0.8761655689297644,-4.4622121130047345,-5.338377681934499
MG Johnson,2016,-16.80502677453244,-33.81433932690262,14.0,66.0,3,-5.601675591510813,-11.271446442300872,-0.5852496886653088,-3.9995455117841807,-4.58479520044949
MG Johnson,2017,-1.86441083001989,10.856971252347089,17.0,120.0,5,-0.372882166003978,2.171394250469418,-0.04627004979611406,1.085697125234709,1.0394270754385948
MG Johnson,2018,0.06337282096183294,-66.32756727950246,11.0,126.0,6,0.010562136826972157,-11.054594546583743,0.0008868969854709445,-5.662109401908746,-5.661222504923275
MG Neser,2013,0.0,-35.198701065467475,0.0,24.0,1,0.0,-35.198701065467475,0.0,-5.866450177577913,-5.866450177577913
MJ Clarke,2012,-21.341188264794116,12.715638141281318,94.0,66.0,6,-3.5568647107990192,2.1192730235468864,-1.5623611346500363,0.7520001051295403,-0.810361029520496
MJ Guptill,2016,-22.87901641828977,0.0,55.0,0.0,3,-7.62633880609659,0.0,-2.3968493390589285,0.0,-2.3968493390589285
MJ Guptill,2017,-14.342597681728918,0.0,88.0,0.0,7,-2.048942525961274,0.0,-0.8668602994451544,0.0,-0.8668602994451544
MJ Guptill,2019,10.71566426219,0.0,53.0,0.0,3,3.5718880873966667,0.0,1.0942778533642967,0.0,1.0942778533642967
MJ Henry,2017,0.0,-36.37862524176204,0.0,30.0,2,0.0,-18.18931262088102,0.0,-3.6378625241762035,-3.6378625241762035
MJ Henry,2024,0.0,-19.49809442926454,0.0,72.0,4,0.0,-4.874523607316135,0.0,-1.8279463527435507,-1.8279463527435507
MJ Henry,2026,-10.437964504738204,-42.559687957156136,10.0,60.0,3,-3.4793215015794012,-14.186562652385378,-0.2676401155061078,-4.728854217461793,-4.996494332967901
MJ Lumb,2010,29.789676262764864,0.0,192.0,0.0,11,2.7081523875240787,0.0,1.666555315399433,0.0,1.666555315399433
MJ Lumb,2011,-13.829577437150064,0.0,2.0,0.0,1,-13.829577437150064,0.0,-0.22671438421557483,0.0,-0.22671438421557483
MJ McClenaghan,2015,2.3534203437035437,8.851904399872843,6.0,282.0,12,0.1961183619752953,0.7376586999894036,0.009338969617871205,0.5174620731268951,0.5268010427447662
MJ McClenaghan,2016,-5.461137858196016,14.413004653511493,23.0,320.0,14,-0.39008127558542977,1.029500332393678,-0.06274034502422995,0.7487275144681294,0.6859871694438994
MJ McClenaghan,2017,-21.688711729461765,0.18615867757344517,15.0,324.0,14,-1.5491936949615546,0.013297048398103226,-0.17213263277350604,0.009703251533751003,-0.16242938123975503
MJ McClenaghan,2018,-6.6981078064369335,41.87793169182093,10.0,240.0,11,-0.6089188914942667,3.8070846992564484,-0.04683991473032821,2.5380564661709655,2.4912165514406373
MJ McClenaghan,2019,-17.40616293092919,-0.40837626535478844,16.0,108.0,5,-3.4812325861858384,-0.08167525307095769,-0.40955677484539277,-0.03868827777045364,-0.4482450526158464
MJ Owen,2025,-14.688559095765996,0.0,2.0,0.0,1,-14.688559095765996,0.0,-0.24079605075026222,0.0,-0.24079605075026222
MJ Santner,2019,2.2463566459268325,29.699253058479925,23.0,84.0,4,0.5615891614817081,7.424813264619981,0.09032552946908592,3.0572760501376393,3.147601579606725
MJ Santner,2020,0.0,0.01892052794174859,0.0,42.0,2,0.0,0.009460263970874294,0.0,0.002452661029485928,0.002452661029485928
MJ Santner,2022,-24.37700695097815,2.830215586392388,27.0,114.0,6,-4.062834491829691,0.47170259773206463,-0.7462349066625964,0.22980382966433918,-0.5164310769982572
MJ Santner,2023,-3.8558843661302102,17.677280721416967,4.0,72.0,3,-1.28529478871007,5.892426907138989,-0.04146112221645387,2.209660090177121,2.168198967960667
MJ Santner,2024,-16.99557285759294,7.4479355821006035,17.0,54.0,3,-5.66519095253098,2.4826451940335343,-0.7029798992191727,0.7704760947000624,0.0674961954808897
MJ Santner,2025,-13.185692050165382,35.35345440975048,33.0,237.0,13,-1.0142840038588756,2.7194964930577297,-0.21876713808720846,1.8053800248030307,1.5866128867158222
MJ Santner,2026,-3.4231758600920132,12.941668291277471,19.0,84.0,4,-0.8557939650230033,3.235417072819368,-0.11697903119019469,1.3322305593962103,1.2152515282060157
MJ Suthar,2024,-4.00594621559093,-13.906648183632495,2.0,12.0,1,-4.00594621559093,-13.906648183632495,-0.06567124943591689,-1.2642407439665904,-1.3299119934025072
MJ Suthar,2026,0.0,-7.955826602137437,0.0,36.0,4,0.0,-1.9889566505343592,0.0,-0.4589899962771598,-0.4589899962771598
MK Lomror,2018,-10.52525526957006,-7.778908208922582,21.0,18.0,2,-5.26262763478503,-3.889454104461291,-0.7837956051807492,-0.5073201005819076,-1.2911157057626568
MK Lomror,2019,-7.190739880439018,0.0,3.0,0.0,2,-3.595369940219509,0.0,-0.08769194976145145,0.0,-0.08769194976145145
MK Lomror,2020,-7.800040032568202,0.0,54.0,0.0,3,-2.6000133441894007,0.0,-0.8069006930242968,0.0,-0.8069006930242968
MK Lomror,2021,6.165543775724708,5.77038876677102,73.0,42.0,4,1.541385943931177,1.442597191692755,0.5830112637667146,0.3740066793277513,0.9570179430944659
MK Lomror,2022,-6.377218364846216,-5.0838167933018745,57.0,12.0,7,-0.9110311949780309,-0.7262595419002678,-0.29338292719631504,-0.06602359471820617,-0.3594065219145212
MK Lomror,2023,-20.741180555244604,-3.4913939303304864,97.0,12.0,12,-1.7284317129370503,-0.2909494941942072,-0.7726169408059625,-0.026449954017655198,-0.7990668948236177
MK Lomror,2024,5.664621516454984,-10.847938398714529,68.0,6.0,10,0.5664621516454984,-1.084793839871453,0.2048905654887973,-0.05165684951768824,0.15323371597110907
MK Pandey,2008,-21.708051670233857,0.0,9.0,0.0,3,-7.236017223411285,0.0,-0.5048384109356711,0.0,-0.5048384109356711
MK Pandey,2009,63.320380701666885,0.0,118.0,0.0,5,12.664076140333377,0.0,6.278827666215708,0.0,6.278827666215708
MK Pandey,2010,-35.309120932952176,0.0,226.0,0.0,13,-2.716086225611706,0.0,-1.774091002856201,0.0,-1.774091002856201
MK Pandey,2011,0.8707334706455292,0.0,227.0,0.0,10,0.08707334706455291,0.0,0.0569615267540447,0.0,0.0569615267540447
MK Pandey,2012,-19.11424709567661,0.0,112.0,0.0,10,-1.911424709567661,0.0,-0.9227567563430088,0.0,-0.9227567563430088
MK Pandey,2013,-21.804945417925804,0.0,137.0,0.0,7,-3.114992202560829,0.0,-1.660521135217251,0.0,-1.660521135217251
MK Pandey,2014,-9.443768060406644,0.0,340.0,0.0,16,-0.5902355037754152,0.0,-0.43626102452965476,0.0,-0.43626102452965476
MK Pandey,2015,-14.285080283791896,0.0,184.0,0.0,13,-1.0988523295224535,0.0,-0.6650948310267482,0.0,-0.6650948310267482
MK Pandey,2016,10.06898427468724,0.0,183.0,0.0,12,0.8390820228906034,0.0,0.5067723108547209,0.0,0.5067723108547209
MK Pandey,2017,34.12166762566672,0.0,308.0,0.0,14,2.4372619732619083,0.0,1.7539174947772613,0.0,1.7539174947772613
MK Pandey,2018,-53.973424534041406,0.0,246.0,0.0,15,-3.598228302269427,0.0,-2.418481317918795,0.0,-2.418481317918795
MK Pandey,2019,32.286265530088826,0.0,263.0,0.0,12,2.690522127507402,0.0,1.8475386933014277,0.0,1.8475386933014277
MK Pandey,2020,23.4714418369568,0.0,333.0,0.0,16,1.4669651148098,0.0,1.078365084396608,0.0,1.078365084396608
MK Pandey,2021,40.45464156347788,0.0,236.0,0.0,8,5.056830195434735,0.0,3.3522806913556105,0.0,3.3522806913556105
MK Pandey,2022,-37.58705884165255,0.0,80.0,0.0,6,-6.264509806942091,0.0,-2.5058039227768365,0.0,-2.5058039227768365
MK Pandey,2023,-52.295007346079345,0.0,146.0,0.0,10,-5.229500734607934,0.0,-2.8703274708750315,0.0,-2.8703274708750315
MK Pandey,2024,2.6612858794143013,0.0,31.0,0.0,1,2.6612858794143013,0.0,0.5463567037208168,0.0,0.5463567037208168
MK Pandey,2025,0.20693515303027965,0.0,65.0,0.0,3,0.06897838434342655,0.0,0.024235648553095818,0.0,0.024235648553095818
MK Pandey,2026,2.633096842649402,0.0,49.0,0.0,6,0.4388494737749003,0.0,0.12724037997023735,0.0,0.12724037997023735
MK Tiwary,2008,-10.029524915339152,0.0,85.0,0.0,9,-1.1143916572599057,0.0,-0.4620648334980097,0.0,-0.4620648334980097
MK Tiwary,2009,-7.94076918596262,-5.741862116946286,13.0,6.0,2,-3.97038459298131,-2.870931058473143,-0.3880827045771206,-0.13671100278443538,-0.524793707361556
MK Tiwary,2010,-15.372191932558827,-0.534110935601364,186.0,6.0,13,-1.1824763025045253,-0.041085456584720306,-0.7187601054439271,-0.00195645031355811,-0.7207165557574852
MK Tiwary,2011,15.213710279946056,-10.92140901177638,325.0,12.0,15,1.0142473519964037,-0.7280939341184253,0.7407424480872611,-0.06619035764712958,0.6745520904401315
MK Tiwary,2012,-29.50226883433527,0.0,246.0,0.0,16,-1.8438918021459543,0.0,-1.2393371129177726,0.0,-1.2393371129177726
MK Tiwary,2013,-22.83485568068879,0.0,140.0,0.0,10,-2.283485568068879,0.0,-1.2295691520370886,0.0,-1.2295691520370886
MK Tiwary,2014,-22.39244789281674,-12.597877540819065,118.0,12.0,8,-2.7990559866020925,-1.574734692602383,-1.3877672538615418,-0.14315769932748937,-1.5309249531890312
MK Tiwary,2015,-2.0928378252619506,0.0,56.0,0.0,5,-0.4185675650523901,0.0,-0.13318058888030596,0.0,-0.13318058888030596
MK Tiwary,2017,14.591494062140445,0.0,236.0,0.0,15,0.972766270809363,0.0,0.6448675278399147,0.0,0.6448675278399147
MK Tiwary,2018,-10.243869592396328,-3.5929694029741936,44.0,6.0,5,-2.0487739184792657,-0.7185938805948388,-0.5496710512993151,-0.03421875621880185,-0.583889807518117
ML Hayden,2008,52.31215362217275,0.0,131.0,0.0,4,13.078038405543188,0.0,6.825589765442859,0.0,6.825589765442859
ML Hayden,2009,225.8923421629535,0.0,395.0,0.0,12,18.82436184691279,0.0,14.43810277578748,0.0,14.43810277578748
ML Hayden,2010,-27.29177636811452,0.0,279.0,0.0,16,-1.7057360230071574,0.0,-1.1927327078170349,0.0,-1.1927327078170349
MM Ali,2018,1.6544630358863213,2.794146252613312,46.0,79.0,5,0.33089260717726426,0.5588292505226624,0.09169313210936239,0.22184678789593132,0.31353992000529374
MM Ali,2019,22.801695486699813,29.988276528872397,133.0,150.0,11,2.0728814078818014,2.726206957170218,1.0896965503884568,1.5145594206501212,2.6042559710385778
MM Ali,2020,-18.446496327924237,-4.403549337692735,16.0,30.0,3,-6.148832109308079,-1.4678497792309118,-0.723392012859774,-0.2935699558461824,-1.0169619687059563
MM Ali,2021,22.809386268662372,30.200575641900222,260.0,152.0,15,1.520625751244158,2.013371709460015,1.0404281455881081,1.1251194846982437,2.165547630286352
MM Ali,2022,5.767129507113772,41.278570349511945,177.0,143.0,10,0.5767129507113772,4.1278570349511945,0.34369761709061875,2.2444241672928547,2.5881217843834734
MM Ali,2023,-18.85827158809549,42.55352728281865,91.0,156.0,15,-1.2572181058730327,2.8369018188545767,-0.5422125480305496,1.6034662454395434,1.061253697408994
MM Ali,2024,-10.461546721778745,0.004461613702505307,98.0,48.0,8,-1.3076933402223432,0.0005577017128131634,-0.5878621437696772,0.00015934334651804667,-0.5877028004231591
MM Ali,2025,-18.266426895132323,32.53060925421738,14.0,96.0,6,-3.044404482522054,5.42176820903623,-0.31807211011424447,2.409674759571658,2.0916026494574136
MM Patel,2008,-1.3876091143909468,0.8272288478357268,1.0,330.0,15,-0.09250727429272979,0.05514858985571512,-0.0007645229280390892,0.040442299227524424,0.03967777629948534
MM Patel,2009,-8.390281391368081,62.36461718608894,26.0,209.0,11,-0.7627528537607347,5.669510653280813,-0.13583269998478836,3.6016040320233738,3.4657713320385852
MM Patel,2010,-4.5939677723443255,-30.35666014492489,5.0,78.0,4,-1.1484919430860814,-7.589165036231223,-0.045939677723443255,-2.9896710748789666,-3.03561075260241
MM Patel,2011,-6.7004095316650725,107.64984834428287,1.0,326.0,15,-0.4466939687776715,7.176656556285525,-0.00369168569237745,5.2457175725315714,5.242025886839194
MM Patel,2012,-7.426748981955468,32.346599056369634,7.0,280.0,12,-0.618895748496289,2.6955499213641363,-0.03411236409034664,1.8868849449548954,1.8527725808645488
MM Patel,2013,0.0,-33.31783855228345,0.0,90.0,4,0.0,-8.329459638070862,0.0,-3.5697684163160837,-3.5697684163160837
MM Patel,2017,-3.1904732495026593,-7.941029966819203,1.0,42.0,2,-1.5952366247513297,-3.9705149834096014,-0.013183773758275452,-1.0293927734765633,-1.0425765472348387
MM Sharma,2013,-11.18790924677872,116.18302581060834,5.0,304.0,15,-0.7458606164519146,7.745535054040556,-0.029834424658076585,5.553402491576248,5.5235680669181715
MM Sharma,2014,-3.2949956167857617,25.399286535313664,3.0,323.0,16,-0.2059372260491101,1.587455408457104,-0.005022859171929514,1.1574449140669179,1.1524220548949884
MM Sharma,2015,-3.9397389688893725,-49.18201370500491,18.0,342.0,16,-0.24623368555558578,-3.073875856562807,-0.032117437246380755,-2.27546654316987,-2.307583980416251
MM Sharma,2016,-11.80170208645188,-8.954373978178078,26.0,291.0,14,-0.8429787204608485,-0.6395981412984341,-0.15011949816426068,-0.4528541584375774,-0.6029736566018381
MM Sharma,2017,-23.78479174231956,-22.388664697869483,50.0,274.0,14,-1.6989136958799684,-1.599190335562106,-0.499680498788226,-1.1121272891980127,-1.6118077879862387
MM Sharma,2018,-12.435590217508624,-58.344404544027576,13.0,178.0,9,-1.3817322463898472,-6.482711616003064,-0.13505653536141363,-3.872223716941427,-4.007280252302841
MM Sharma,2019,-2.86825566287802,-4.271413849537206,2.0,18.0,1,-2.86825566287802,-4.271413849537206,-0.04702058463734459,-0.5571409368961573,-0.6041615215335019
MM Sharma,2020,0.0,-7.081748659976416,0.0,24.0,1,0.0,-7.081748659976416,0.0,-1.1802914433294027,-1.1802914433294027
MM Sharma,2023,-1.4639710915325526,85.63615469506101,1.0,265.0,14,-0.10456936368089662,6.1168681925043575,-0.0008642096171974927,4.210311872762739,4.209447663145542
MM Sharma,2024,-23.077097127678982,-41.240746871825124,15.0,234.0,12,-1.9230914273065818,-3.436728905985427,-0.21367682525628687,-2.271736056498842,-2.4854128817551286
MM Sharma,2025,-5.5314305754159445,-35.813401776709256,3.0,150.0,8,-0.6914288219269931,-4.476675222088657,-0.01686411760797544,-2.487041790049254,-2.5039059076572294
MN Samuels,2012,-32.522482776073296,-0.9257275183345346,123.0,172.0,8,-4.065310347009162,-0.11571593979181682,-2.0577496818194523,-0.0681614439869606,-2.1259111258064127
MN Samuels,2013,-18.536214716214914,-6.1387417285670605,18.0,24.0,2,-9.268107358107457,-3.0693708642835302,-1.2088835684487989,-0.5115618107139217,-1.7204453791627206
MN Samuels,2017,-24.912358168756526,-14.924553402441216,31.0,18.0,5,-4.982471633751305,-2.9849106804882433,-1.0228915274588772,-0.3893361757158578,-1.412227703174735
MN van Wyk,2009,27.033223082889247,0.0,132.0,0.0,5,5.406644616577849,0.0,2.8320519420169683,0.0,2.8320519420169683
MP Breetzke,2025,-11.019907199580913,0.0,12.0,0.0,1,-11.019907199580913,0.0,-1.0018097454164467,0.0,-1.0018097454164467
MP Stoinis,2016,6.9534010968429305,-5.089381929299925,108.0,138.0,7,0.9933430138347044,-0.7270545613285607,0.47053090129012315,-0.3888896490827185,0.08164125220740465
MP Stoinis,2017,-19.455201582543406,-20.299644606187485,24.0,63.0,5,-3.8910403165086813,-4.059928921237497,-0.6485067194181136,-1.3976804482948761,-2.04618716771299
MP Stoinis,2018,-15.30315725389089,-30.63060440911559,76.0,66.0,7,-2.186165321984413,-4.375800629873656,-0.8476967575041602,-1.552703449310007,-2.400400206814167
MP Stoinis,2019,-5.534556662754861,-20.20588742361262,156.0,100.0,10,-0.5534556662754861,-2.020588742361262,-0.31282276789484,-0.918449428346028,-1.2312721962408681
MP Stoinis,2020,29.440199441743207,-7.005706072544903,237.0,178.0,17,1.7317764377496003,-0.4121003572085237,1.1496667107749448,-0.24615390464133294,0.9035128061336118
MP Stoinis,2021,-6.464281953889959,-32.78962884889886,72.0,67.0,10,-0.6464281953889959,-3.2789628848898857,-0.24241057327087345,-1.1748155790781942,-1.4172261523490677
MP Stoinis,2022,-12.024805509606615,-12.58095115449778,106.0,42.0,11,-1.093164137236965,-1.143722832227071,-0.5127230024208773,-0.2965207342810925,-0.8092437367019698
MP Stoinis,2023,44.32180063484783,3.034268436044208,272.0,65.0,15,2.9547867089898556,0.20228456240294718,2.0502601654215327,0.07107295435779226,2.121333119779325
MP Stoinis,2024,4.332711707952383,2.689728846324056,263.0,84.0,14,0.3094794077108845,0.19212348902314685,0.2125145802296674,0.07910967195070753,0.2916242521803749
MP Stoinis,2025,5.782291860510831,-54.32317013076232,86.0,85.0,14,0.4130208471793451,-3.8802264379115945,0.17242617891953244,-1.6088743766950515,-1.436448197775519
MP Stoinis,2026,34.730924179998404,-22.659253811314425,120.0,47.0,13,2.6716095523075696,-1.7430195239472634,1.3358047761537848,-0.49055040494324187,0.8452543712105429
MP Yadav,2024,0.0,42.697049988797275,0.0,73.0,4,0.0,10.674262497199319,0.0,4.037415348681607,4.037415348681607
MP Yadav,2025,0.0,-24.08384696594277,0.0,48.0,2,0.0,-12.041923482971384,0.0,-3.4405495665632526,-3.4405495665632526
MP Yadav,2026,-4.562980225115366,-56.020435656985214,5.0,96.0,4,-1.1407450562788415,-14.005108914246303,-0.045629802251153664,-6.224492850776135,-6.270122653027288
MR Marsh,2010,-8.707970927653776,-10.018273119149342,30.0,60.0,3,-2.9026569758845917,-3.3394243730497806,-0.5805313951769183,-1.1131414576832601,-1.6936728528601783
MR Marsh,2011,-9.603070665196721,11.63583709103036,49.0,85.0,5,-1.9206141330393443,2.327167418206072,-0.5568644527747212,0.9649230758415421,0.40805862306682095
MR Marsh,2013,7.338525975298152,-28.368803862147598,106.0,116.0,9,0.815391775033128,-3.1520893180163996,0.3824403900597857,-1.5493320376690778,-1.166891647609292
MR Marsh,2016,-10.747972003863905,54.2245933115119,11.0,54.0,3,-3.582657334621302,18.074864437170636,-0.3008338219911017,5.609440687397783,5.308606865406682
MR Marsh,2020,-3.2941440774950177,-2.775997368611546,1.0,4.0,1,-3.2941440774950177,-2.775997368611546,-0.02722433121896709,-0.08954830221327567,-0.11677263343224276
MR Marsh,2022,18.060674741611475,-1.1994093417444942,189.0,72.0,8,2.2575843427014344,-0.14992616771806178,1.3808525591280618,-0.05622231289427317,1.3246302462337887
MR Marsh,2023,-52.20128541400149,43.37227893835154,97.0,121.0,9,-5.800142823777943,4.8191421042612825,-2.5926905709975134,2.4195692722639635,-0.17312129873354998
MR Marsh,2024,-20.406871685937443,-36.026348981802606,38.0,48.0,4,-5.101717921484361,-9.006587245450651,-1.226995449470922,-2.573310641557329,-3.8003060910282507
MR Marsh,2025,110.5156539954026,0.0,383.0,0.0,13,8.501204153492507,0.0,6.473083878305427,0.0,6.473083878305427
MR Marsh,2026,73.0990683899163,0.0,345.0,0.0,13,5.623005260762792,0.0,4.171907128953039,0.0,4.171907128953039
MS Bhandage,2025,-9.512522862491533,0.0,4.0,0.0,1,-9.512522862491533,0.0,-0.3068555762094043,0.0,-0.3068555762094043
MS Bisla,2010,-12.565098582752235,0.0,178.0,0.0,10,-1.2565098582752234,0.0,-0.7505327341375495,0.0,-0.7505327341375495
MS Bisla,2011,-31.14635076240567,0.0,89.0,0.0,5,-6.229270152481134,0.0,-2.652655710865172,0.0,-2.652655710865172
MS Bisla,2012,29.129283267936884,0.0,160.0,0.0,7,4.16132618113384,0.0,2.377900674933623,0.0,2.377900674933623
MS Bisla,2013,-50.5647988301709,0.0,236.0,0.0,14,-3.6117713450122073,0.0,-2.394320329839553,0.0,-2.394320329839553
MS Bisla,2014,-15.914659182222378,0.0,9.0,0.0,1,-15.914659182222378,0.0,-1.110325059224817,0.0,-1.110325059224817
MS Bisla,2015,-8.422787357941843,0.0,30.0,0.0,2,-4.211393678970921,0.0,-0.8422787357941843,0.0,-0.8422787357941843
MS Dhoni,2008,29.877994730140017,0.0,310.0,0.0,16,1.867374670633751,0.0,1.3462468555731695,0.0,1.3462468555731695
MS Dhoni,2009,50.110769053002215,0.0,261.0,0.0,14,3.5793406466430153,0.0,2.4519892618735617,0.0,2.4519892618735617
MS Dhoni,2010,30.48657589036288,0.0,210.0,0.0,13,2.345121222335606,0.0,1.4923498687590222,0.0,1.4923498687590222
MS Dhoni,2011,95.1691607163404,0.0,247.0,0.0,16,5.948072544771275,0.0,4.003198688170313,0.0,4.003198688170313
MS Dhoni,2012,6.4867166193105605,0.0,278.0,0.0,18,0.36037314551725336,0.0,0.2517179257633076,0.0,0.2517179257633076
MS Dhoni,2013,102.09701652987209,0.0,283.0,0.0,18,5.672056473881783,0.0,3.98310665535619,0.0,3.98310665535619
MS Dhoni,2014,34.50049064028458,0.0,250.0,0.0,16,2.1562806650177864,0.0,1.456946395282288,0.0,1.456946395282288
MS Dhoni,2015,-41.22612863580632,0.0,305.0,0.0,17,-2.425066390341548,0.0,-1.7403417624804052,0.0,-1.7403417624804052
MS Dhoni,2016,7.26189160028443,0.0,210.0,0.0,14,0.5187065428774592,0.0,0.3300859818311104,0.0,0.3300859818311104
MS Dhoni,2017,-33.19160888013069,0.0,250.0,0.0,16,-2.074475555008168,0.0,-1.4016726723028163,0.0,-1.4016726723028163
MS Dhoni,2018,63.14816920336266,0.0,302.0,0.0,16,3.9467605752101664,0.0,2.8244589898423462,0.0,2.8244589898423462
MS Dhoni,2019,20.976278793327726,0.0,309.0,0.0,15,1.3984185862218483,0.0,1.007252548117835,0.0,1.007252548117835
MS Dhoni,2020,-34.72333313224336,0.0,172.0,0.0,14,-2.4802380808745257,0.0,-1.4609621572274603,0.0,-1.4609621572274603
MS Dhoni,2021,-35.311761028164256,0.0,107.0,0.0,16,-2.206985064260266,0.0,-1.040296924563209,0.0,-1.040296924563209
MS Dhoni,2022,-18.765477899379018,0.0,188.0,0.0,14,-1.3403912785270726,0.0,-0.8181609102697716,0.0,-0.8181609102697716
MS Dhoni,2023,9.730763493842446,0.0,57.0,0.0,16,0.6081727183651529,0.0,0.1958522313379306,0.0,0.1958522313379306
MS Dhoni,2024,39.25427664253726,0.0,73.0,0.0,14,2.803876903038376,0.0,1.0605337508901629,0.0,1.0605337508901629
MS Dhoni,2025,-35.259054624077585,0.0,145.0,0.0,14,-2.5185039017198276,0.0,-1.3780493047146227,0.0,-1.3780493047146227
MS Gony,2008,1.6532746089801926,45.74625460781103,23.0,360.0,16,0.10332966306126204,2.8591409129881895,0.01661945629656662,2.144355684741142,2.1609751410377087
MS Gony,2009,-1.224656435302774,-48.56740132244557,7.0,102.0,7,-0.17495091932896772,-6.938200188920796,-0.009642964057502158,-3.1878217084230682,-3.1974646724805704
MS Gony,2010,-7.948753484952855,-39.319587469281544,6.0,48.0,3,-2.649584494984285,-13.10652915642718,-0.1261706902373469,-3.744722616122052,-3.870893306359399
MS Gony,2011,-4.369283419141287,-6.469162006090861,2.0,54.0,3,-1.456427806380429,-2.1563873353636205,-0.023875865678367688,-0.6692236558025029,-0.6930995214808705
MS Gony,2012,-9.25513182845414,-53.0729713226645,8.0,144.0,6,-1.5425219714090233,-8.845495220444084,-0.09640762321306395,-4.8248155747876815,-4.921223198000746
MS Gony,2013,1.2254748176342343,-47.07560474975409,25.0,168.0,8,0.15318435220427928,-5.8844505937192615,0.02641109520763436,-3.432596179669569,-3.406185084461935
MS Gony,2017,0.0,-20.48390293421963,0.0,12.0,1,0.0,-20.48390293421963,0.0,-1.8621729940199663,-1.8621729940199663
MS Wade,2011,-24.175530347016778,0.0,33.0,0.0,3,-8.05851011567226,0.0,-1.7381100249489188,0.0,-1.7381100249489188
MS Wade,2022,-52.88219008603096,0.0,138.0,0.0,10,-5.288219008603096,0.0,-2.8285822604156095,0.0,-2.8285822604156095
MS Wade,2024,-8.570594447367789,0.0,6.0,0.0,2,-4.285297223683894,0.0,-0.20406177255637592,0.0,-0.20406177255637592
MV Boucher,2008,-3.986070379717379,0.0,177.0,0.0,10,-0.3986070379717379,0.0,-0.23755368929628826,0.0,-0.23755368929628826
MV Boucher,2009,7.008366245433876,0.0,116.0,0.0,12,0.584030520452823,0.0,0.28706584903613336,0.0,0.28706584903613336
MV Boucher,2010,-1.947025287097781,0.0,10.0,0.0,5,-0.3894050574195562,0.0,-0.02995423518611971,0.0,-0.02995423518611971
MV Boucher,2011,-2.8184227493727994,0.0,6.0,0.0,4,-0.7046056873431998,0.0,-0.03355265177824761,0.0,-0.03355265177824761
MW Short,2023,-27.2524677162239,-0.2985197648976219,92.0,24.0,6,-4.542077952703983,-0.049753294149603645,-1.971090432305502,-0.008292215691600609,-1.9793826479971026
MW Short,2026,-24.822053972263273,-17.601135979528404,51.0,19.0,3,-8.274017990754425,-5.867045326509468,-2.4676895761899162,-0.8019702244869058,-3.269659800676822
Mandeep Singh,2010,-28.942240759401272,0.0,11.0,0.0,3,-9.64741358646709,0.0,-0.8100881637491449,0.0,-0.8100881637491449
Mandeep Singh,2011,-9.942266781127882,0.0,41.0,0.0,6,-1.6570444635213137,0.0,-0.42198026710791214,0.0,-0.42198026710791214
Mandeep Singh,2012,44.596456161401704,0.0,342.0,0.0,16,2.7872785100876065,0.0,2.0633100659090076,0.0,2.0633100659090076
Mandeep Singh,2013,-41.72086986495448,0.0,223.0,0.0,16,-2.607554366559655,0.0,-1.6952904482297464,0.0,-1.6952904482297464
Mandeep Singh,2014,-32.0448253569761,0.0,26.0,0.0,3,-10.681608452325365,0.0,-1.902204244934654,0.0,-1.902204244934654
Mandeep Singh,2015,5.332173308610223,0.0,100.0,0.0,14,0.3808695220435873,0.0,0.1731225100198124,0.0,0.1731225100198124
Mandeep Singh,2017,-53.49824632148679,0.0,177.0,0.0,11,-4.863476938316981,0.0,-2.898435751118201,0.0,-2.898435751118201
Mandeep Singh,2018,-8.411682370719145,0.0,186.0,0.0,14,-0.6008344550513675,0.0,-0.36521310012926256,0.0,-0.36521310012926256
Mandeep Singh,2019,4.567013308833618,-13.280017015428209,120.0,12.0,13,0.35130871606412445,-1.0215397704175546,0.17565435803206222,-0.09286725185614134,0.08278710617592089
Mandeep Singh,2020,-17.75395855367271,0.0,109.0,0.0,7,-2.5362797933818158,0.0,-1.2072248798192922,0.0,-1.2072248798192922
Mandeep Singh,2021,-8.902348583333037,0.0,14.0,0.0,1,-8.902348583333037,0.0,-0.9300961206467352,0.0,-0.9300961206467352
Mandeep Singh,2022,-35.87008743332706,0.0,23.0,0.0,3,-11.95669581110902,0.0,-1.9231049206678843,0.0,-1.9231049206678843
Mandeep Singh,2023,-32.49699331683339,0.0,16.0,0.0,3,-10.83233110561113,0.0,-1.2743918947777801,0.0,-1.2743918947777801
Mashrafe Mortaza,2009,-0.5291447327140358,-34.482825446846505,2.0,24.0,1,-0.5291447327140358,-34.482825446846505,-0.008674503814984195,-5.747137574474418,-5.755812078289402
Mayank Dagar,2023,0.0,1.2699099889914351,0.0,66.0,3,0.0,0.42330332966381173,0.0,0.15020440730006224,0.15020440730006224
Mayank Dagar,2024,-3.4129927124463038,-28.131583263651223,1.0,71.0,5,-0.6825985424892608,-5.626316652730244,-0.005641310268506288,-2.091458022742656,-2.0970993330111622
Misbah-ul-Haq,2008,-21.94757300215909,0.0,81.0,0.0,8,-2.743446625269886,0.0,-1.1055680430192079,0.0,-1.1055680430192079
Mohammad Ashraful,2009,-15.661185406489238,0.0,10.0,0.0,1,-15.661185406489238,0.0,-1.2047065697299415,0.0,-1.2047065697299415
Mohammad Asif,2008,-7.8007627571281,-42.9328012412971,6.0,192.0,8,-0.9750953446410126,-5.366600155162137,-0.04643311164957203,-3.3025231724074686,-3.348956284057041
Mohammad Hafeez,2008,-66.68045044769589,7.896523486995235,83.0,60.0,8,-8.335056305961986,0.9870654358744044,-3.4079294255903685,0.3290218119581348,-3.0789076136322335
Mohammad Nabi,2017,-3.931341329904623,23.110851641968093,3.0,66.0,3,-1.3104471099682076,7.703617213989364,-0.03196212463337091,2.733541592060742,2.701579467427371
Mohammad Nabi,2018,-2.6577776268012254,-6.902385992593848,12.0,30.0,2,-1.3288888134006127,-3.451192996296924,-0.12080807394551024,-0.6902385992593848,-0.8110466732048951
Mohammad Nabi,2019,-0.004535245272221822,66.91129876362916,76.0,175.0,8,-0.0005669056590277277,8.363912345453645,-0.00021982056166381278,4.961642916794536,4.961423096232872
Mohammad Nabi,2020,-0.7928389455467204,2.476790952670517,8.0,24.0,1,-0.7928389455467204,2.476790952670517,-0.049552434096670026,0.41279849211175285,0.3632460580150828
Mohammad Nabi,2021,0.04336819221255972,-34.60920904059388,20.0,48.0,3,0.01445606407085324,-11.536403013531293,0.0020651520101218914,-3.296115146723227,-3.294049994713105
Mohammad Nabi,2024,-15.13332179616234,-11.57022878340479,31.0,74.0,7,-2.1619031137374773,-1.6528898262006844,-0.44383441407855495,-0.6304837481384054,-1.0743181622169602
Mohammed Shami,2013,-10.383288363142684,-29.123215393072233,10.0,54.0,3,-3.4610961210475613,-9.70773846435741,-0.26623816315750476,-3.0127464199729896,-3.2789845831304945
Mohammed Shami,2014,-13.316327588538542,-50.35305297966097,7.0,264.0,12,-1.1096939657115452,-4.196087748305081,-0.06116423433055761,-2.884810326959743,-2.9459745612903006
Mohammed Shami,2016,-3.791975561658992,-64.41955183957157,4.0,151.0,8,-0.473996945207374,-8.052443979946446,-0.015290224038947548,-4.48678612904765,-4.502076353086598
Mohammed Shami,2017,-6.668028710800915,-55.52731802834013,24.0,156.0,8,-0.8335035888501143,-6.940914753542517,-0.1389172648083524,-3.9231257302631612,-4.062042995071514
Mohammed Shami,2018,-4.864286692283213,-37.599701391663984,6.0,83.0,4,-1.2160716730708032,-9.399925347915996,-0.05790817490813349,-3.8433192309213187,-3.9012274058294523
Mohammed Shami,2019,-3.6882948721796978,-13.202803243074856,2.0,324.0,14,-0.26344963372712127,-0.9430573745053469,-0.004318846454542971,-0.6881770030174152,-0.6924958494719582
Mohammed Shami,2020,-7.711337667805632,-0.6309309242136063,3.0,322.0,14,-0.5508098334146879,-0.045066494586686164,-0.013434386180846046,-0.03283124718758585,-0.0462656333684319
Mohammed Shami,2021,-11.005168099222194,26.147617411613084,17.0,316.0,14,-0.7860834356587282,1.8676869579723632,-0.09754320004524364,1.353644675961621,1.2561014759163773
Mohammed Shami,2022,0.0,34.02582585244999,0.0,366.0,16,0.0,2.1266141157781244,0.0,1.6015242106477234,1.6015242106477234
Mohammed Shami,2023,-7.423904967798671,148.89364767119483,6.0,390.0,17,-0.43670029222345125,8.75844986301146,-0.020795252010640534,6.697638130538176,6.676842878527536
Mohammed Shami,2025,-7.524677096349237,-57.655482639653854,10.0,180.0,9,-0.8360752329276929,-6.406164737739317,-0.06431347945597637,-3.8436988426435907,-3.9080123220995673
Mohammed Shami,2026,-11.831537326990109,45.56802751727654,22.0,306.0,13,-0.9101182559223161,3.5052328859443493,-0.1410042368330349,2.517843340607913,2.376839103774878
Mohammed Siraj,2017,0.0,6.3302536086647905,0.0,138.0,6,0.0,1.0550422681107985,0.0,0.564324934105776,0.564324934105776
Mohammed Siraj,2018,-10.51333277667969,-18.325419824773157,22.0,246.0,11,-0.9557575251526991,-1.6659472567975597,-0.14807510953069986,-1.1197350414540976,-1.2678101509847974
Mohammed Siraj,2019,-17.897828849447816,-42.32828468880098,14.0,169.0,9,-1.9886476499386463,-4.703142743200108,-0.2077691574562765,-2.750280704501101,-2.9580498619573774
Mohammed Siraj,2020,-5.457507364008439,44.16077566125854,14.0,163.0,9,-0.6063897071120488,4.906752851250949,-0.0633541485042439,2.826150935526165,2.762796787021921
Mohammed Siraj,2021,-15.750236335062468,35.32578030394198,26.0,312.0,15,-1.0500157556708312,2.3550520202627987,-0.18698910717425762,1.7008709035231324,1.5138817963488749
Mohammed Siraj,2022,-22.40766389903768,-126.08123474857277,33.0,306.0,15,-1.4938442599358452,-8.405415649904851,-0.3222017031234176,-6.037692931621795,-6.3598946347452125
Mohammed Siraj,2023,-3.747981392366783,109.48271738607981,2.0,300.0,14,-0.26771295659762734,7.820194099005701,-0.004388736993403727,5.5858529278612155,5.581464190867812
Mohammed Siraj,2024,-4.383706443760365,9.964221322619892,8.0,324.0,14,-0.31312188884002606,0.7117300944728494,-0.01957011805250163,0.5193706094801874,0.4998004914276858
Mohammed Siraj,2025,-3.2818551548190236,28.513599142041677,4.0,342.0,15,-0.21879034365460157,1.9009066094694451,-0.00705775302111618,1.407164632983875,1.4001068799627587
Mohammed Siraj,2026,-20.0414977782221,91.21847314289069,16.0,372.0,17,-1.1789116340130648,5.365792537817099,-0.1386954863544782,4.057062650544636,3.918367164190158
Mohit Rathee,2023,-1.9279421830651051,-15.491393930330487,2.0,12.0,1,-1.9279421830651051,-15.491393930330487,-0.031605609558444346,-1.4083085391209533,-1.4399141486793976
Mohsin Khan,2022,-5.014883217029269,113.0585393049701,16.0,198.0,9,-0.5572092463365855,12.562059922774456,-0.06555402898077477,7.82165995191617,7.7561059229353955
Mohsin Khan,2023,-12.067836850029545,-27.868354659304067,7.0,60.0,5,-2.413567370005909,-5.573670931860813,-0.13303127236253043,-1.857890310620271,-1.9909215829828015
Mohsin Khan,2024,-1.4129927124463038,-19.955426449662703,1.0,228.0,10,-0.14129927124463038,-1.9955426449662703,-0.0011677625722696725,-1.3074244915296254,-1.308592254101895
Mohsin Khan,2026,-9.834431231254307,70.70024846959751,4.0,168.0,7,-1.404918747322044,10.100035495656787,-0.04531995959103367,5.89168737246646,5.846367412875426
Monu Kumar,2020,0.0,-5.90923982022974,0.0,12.0,1,0.0,-5.90923982022974,0.0,-0.5372036200208854,-0.5372036200208854
Mujeeb Ur Rahman,2018,-1.9615292323259657,85.28239126370889,7.0,248.0,11,-0.1783208393023605,7.752944660337172,-0.009828707678082863,5.224810531966355,5.214981824288272
Mujeeb Ur Rahman,2019,-7.556550535057718,-52.94420859231707,4.0,114.0,5,-1.5113101070115436,-10.588841718463414,-0.04875193893585624,-5.158666478225766,-5.207418417161622
Mujeeb Ur Rahman,2020,-7.788459851318615,-35.11280567682886,3.0,48.0,2,-3.8942299256593076,-17.55640283841443,-0.09498121769900751,-5.016115096689838,-5.1110963143888455
Mujeeb Ur Rahman,2021,-0.30500758176003034,4.057396768325383,1.0,24.0,1,-0.30500758176003034,4.057396768325383,-0.0025207238161985977,0.6762327947208971,0.6737120709046985
Mujeeb Ur Rahman,2025,0.0,-8.176474326027652,0.0,12.0,1,0.0,-8.176474326027652,0.0,-0.7433158478206956,-0.7433158478206956
Mukesh Choudhary,2022,-2.846248020553803,-9.546963309995986,6.0,273.0,13,-0.21894215542721562,-0.7343817930766143,-0.010425816925105505,-0.5101430776333733,-0.5205688945584788
Mukesh Choudhary,2024,0.0,-20.95332409181625,0.0,6.0,1,0.0,-20.95332409181625,0.0,-0.9977773377055357,-0.9977773377055357
Mukesh Choudhary,2025,0.0,-11.804795172522825,0.0,36.0,2,0.0,-5.902397586261412,0.0,-1.3620917506757106,-1.3620917506757106
Mukesh Choudhary,2026,-0.42197802812846386,31.725873502597498,2.0,168.0,8,-0.05274725351605798,3.9657341878246872,-0.0008647090740337374,2.313344942897734,2.3124802338237003
Mukesh Kumar,2023,-6.175739823792972,-68.06817604058287,9.0,186.0,10,-0.6175739823792972,-6.806817604058287,-0.043086556910183524,-4.137477367172684,-4.180563924082867
Mukesh Kumar,2024,-13.156620737603312,11.795676966640503,9.0,213.0,10,-1.3156620737603313,1.1795676966640503,-0.09179037723909288,0.7544982564247529,0.66270787918566
Mukesh Kumar,2025,0.0,-27.398438520965918,0.0,237.0,12,0.0,-2.2832032100804933,0.0,-1.5157399461878904,-1.5157399461878904
Mukesh Kumar,2026,0.0,-62.773348590116306,0.0,188.0,10,0.0,-6.2773348590116305,0.0,-3.831619978877229,-3.831619978877229
Musheer Khan,2025,-9.32200763973593,-6.348629031252498,3.0,12.0,1,-9.32200763973593,-6.348629031252498,-0.22736603999355925,-0.577148093750227,-0.8045141337437862
Mustafizur Rahman,2016,0.0,109.8664964033583,0.0,366.0,16,0.0,6.866656025209894,0.0,5.171185401701278,5.171185401701278
Mustafizur Rahman,2017,0.0,-16.707739284501645,0.0,16.0,1,0.0,-16.707739284501645,0.0,-1.9656163864119582,-1.9656163864119582
Mustafizur Rahman,2018,-5.166392076312087,-2.326327897160307,3.0,165.0,7,-0.7380560109017268,-0.3323325567371867,-0.018001366119554312,-0.1924030591636344,-0.2104044252831887
Mustafizur Rahman,2021,-10.270106144640426,-13.838255503887309,14.0,311.0,14,-0.733579010331459,-0.9884468217062363,-0.0766425831689584,-0.7132412100942912,-0.7898837932632496
Mustafizur Rahman,2022,-4.38902810309611,21.644242070890975,5.0,192.0,8,-0.5486285128870138,2.705530258861372,-0.02194514051548055,1.664941697760844,1.6429965572453635
Mustafizur Rahman,2023,-0.4639710915325525,-24.145600571404202,1.0,42.0,2,-0.23198554576627625,-12.072800285702101,-0.0019172359154237706,-3.1299852592561,-3.131902495171524
Mustafizur Rahman,2024,0.0,32.45699539855475,0.0,206.0,9,0.0,3.6063328220616393,0.0,2.2788483476831214,2.2788483476831214
Mustafizur Rahman,2025,-3.3905029980064336,29.235724164468827,1.0,66.0,3,-1.1301676660021445,9.745241388156275,-0.009340228644645822,3.4579888796683558,3.44864865102371
N Burger,2024,0.0,38.66751277705972,0.0,102.0,5,0.0,7.733502555411944,0.0,3.55323090383792,3.55323090383792
N Burger,2026,-1.7573330377663172,-6.352798510068724,9.0,261.0,13,-0.13517946444356285,-0.48867680846682493,-0.009431125426295083,-0.33476285304420295,-0.34419397847049804
N Jagadeesan,2020,-13.88859605506931,0.0,29.0,0.0,5,-2.777719211013862,0.0,-0.5406299135530336,0.0,-0.5406299135530336
N Jagadeesan,2022,-9.385520459601095,0.0,37.0,0.0,2,-4.692760229800547,0.0,-1.1059371242205112,0.0,-1.1059371242205112
N Jagadeesan,2023,-47.70958437568155,0.0,81.0,0.0,6,-7.9515973959469255,0.0,-3.2043750700084623,0.0,-3.2043750700084623
N Pooran,2019,27.06760974387371,0.0,107.0,0.0,7,3.8668013919819586,0.0,1.822677308114844,0.0,1.822677308114844
N Pooran,2020,66.99036312701247,0.0,208.0,0.0,14,4.785025937643748,0.0,3.034406692164328,0.0,3.034406692164328
N Pooran,2021,-52.93839683808935,0.0,76.0,0.0,12,-4.41153306984078,0.0,-1.7105944556525474,0.0,-1.7105944556525474
N Pooran,2022,20.109026124988137,0.0,212.0,0.0,14,1.436359008927724,0.0,0.917193102086378,0.0,0.917193102086378
N Pooran,2023,63.45406602335672,0.0,207.0,0.0,15,4.230271068223781,0.0,2.6778780156645956,0.0,2.6778780156645956
N Pooran,2024,99.17278443980408,0.0,280.0,0.0,14,7.083770317128862,0.0,4.958639221990204,0.0,4.958639221990204
N Pooran,2025,116.11543905584249,0.0,267.0,0.0,14,8.293959932560178,0.0,5.722189410836092,0.0,5.722189410836092
N Pooran,2026,-63.94829520243728,0.0,183.0,0.0,14,-4.567735371602663,0.0,-2.758731264037252,0.0,-2.758731264037252
N Rana,2016,14.131744384279141,3.4945876500554043,75.0,6.0,4,3.5329360960697853,0.8736469125138511,1.358821575411456,0.041602233929231,1.400423809340687
N Rana,2017,17.685445359562543,0.0,264.0,0.0,13,1.3604188738125034,0.0,0.9352879757460961,0.0,0.9352879757460961
N Rana,2018,-12.17586292009306,16.0419628223091,232.0,37.0,15,-0.8117241946728707,1.06946418815394,-0.5350000373980284,0.2520393309662151,-0.28296070643181326
N Rana,2019,49.32525370533374,-5.064105998716335,235.0,48.0,14,3.523232407523839,-0.3617218570511668,2.332280607797471,-0.10334910201461908,2.228931505782852
N Rana,2020,-2.141232720795035,-10.261604523664742,254.0,12.0,14,-0.15294519434250248,-0.7329717516903387,-0.10387186995453376,-0.06663379560821261,-0.17050566556274638
N Rana,2021,2.5767925058510883,-0.8680915233759088,314.0,12.0,17,0.15157602975594636,-0.0510642072574064,0.10966560678195197,-0.004642200659764218,0.10502340612218776
N Rana,2022,31.680105946693644,-10.083816793301875,251.0,12.0,14,2.262864710478117,-0.7202726280929911,1.5309408149056805,-0.06547932982663555,1.4654614850790448
N Rana,2023,31.822800713445616,4.447746505311226,293.0,53.0,14,2.273057193817544,0.3176961789508019,1.6126047404080879,0.09732888719302023,1.7099336276011081
N Rana,2024,-5.238155352110753,0.0,34.0,0.0,2,-2.6190776760553764,0.0,-0.5782379284797584,0.0,-0.5782379284797584
N Rana,2025,-12.204048046012097,-3.0990910027216203,134.0,12.0,11,-1.109458913273827,-0.28173554570196546,-0.5853050959791056,-0.025612322336542315,-0.6109174183156479
N Rana,2026,-14.94455780965265,-26.330521908422604,149.0,24.0,9,-1.6605064232947389,-2.925613545380289,-0.9197600634606546,-0.48760225756338155,-1.4073623210240362
N Saini,2012,-43.37361440603869,0.0,141.0,0.0,10,-4.337361440603869,0.0,-2.3431722725101367,0.0,-2.3431722725101367
N Sindhu,2026,-36.05206072167972,0.0,50.0,0.0,8,-4.506507590209965,0.0,-1.325443408885284,0.0,-1.325443408885284
N Thushara,2024,0.0,25.04474100496106,0.0,156.0,7,0.0,3.577820143565866,0.0,2.0222461681024457,2.0222461681024457
N Thushara,2025,0.0,16.53135635510413,0.0,24.0,1,0.0,16.53135635510413,0.0,2.7552260591840216,2.7552260591840216
N Wadhera,2023,14.878103867805129,0.0,166.0,0.0,14,1.0627217048432234,0.0,0.6168244860278849,0.0,0.6168244860278849
N Wadhera,2024,-18.43161153424947,1.304123202570941,84.0,12.0,6,-3.071935255708245,0.21735386709515683,-1.264914517056336,0.019759442463196077,-1.24515507459314
N Wadhera,2025,14.401809220460892,-0.6323006095758239,253.0,5.0,17,0.8471652482624055,-0.03719415350446023,0.5746187876954117,-0.0014877661401784092,0.5731310215552333
N Wadhera,2026,-30.769769496405694,0.0,57.0,0.0,8,-3.8462211870507117,0.0,-1.2386136026095513,0.0,-1.2386136026095513
NA Saini,2019,-7.646161606350052,-19.11605087792829,4.0,288.0,13,-0.5881662774115425,-1.47046545214833,-0.018973105722952983,-1.0379756132811742,-1.0569487190041271
NA Saini,2020,-13.697992834034842,-31.929641784206446,27.0,274.0,13,-1.0536917564642185,-2.4561262910928034,-0.19353522057506053,-1.708067522232051,-1.9016027428071114
NA Saini,2021,-7.5132968372684195,-15.86809152337591,4.0,12.0,1,-7.5132968372684195,-15.86809152337591,-0.24236441410543288,-1.4425537748523554,-1.6849181889577882
NA Saini,2023,0.0,-17.80140363710133,0.0,12.0,1,0.0,-17.80140363710133,0.0,-1.6183094215546665,-1.6183094215546665
NB Singh,2017,0.0,18.25274894137945,0.0,24.0,2,0.0,9.126374470689726,0.0,1.521062411781621,1.521062411781621
ND Doshi,2010,0.0,11.638909334267552,0.0,24.0,1,0.0,11.638909334267552,0.0,1.9398182223779254,1.9398182223779254
ND Doshi,2011,-18.390126573259142,-20.8579298461341,13.0,32.0,3,-6.130042191086381,-6.9526432820447,-0.5991770562716012,-1.4637143751673052,-2.0628914314389064
NJ Maddinson,2014,-19.03270960568059,0.0,14.0,0.0,2,-9.516354802840295,0.0,-0.9942460241773443,0.0,-0.9942460241773443
NJ Maddinson,2015,-13.330538103521372,0.0,7.0,0.0,1,-13.330538103521372,0.0,-0.7347540686980283,0.0,-0.7347540686980283
NJ Rimmington,2011,-0.2746221049198048,-4.729555936451265,1.0,18.0,1,-0.2746221049198048,-4.729555936451265,-0.002269604172890949,-0.6168986004066868,-0.6191682045795777
NL McCullum,2011,-2.2383527939181143,-7.650964948227646,22.0,30.0,2,-1.1191763969590571,-3.825482474113823,-0.1733935262894314,-0.7650964948227645,-0.9384900211121959
NLTC Perera,2010,0.0,-10.354150144903041,0.0,6.0,1,0.0,-10.354150144903041,0.0,-0.49305476880490673,-0.49305476880490673
NLTC Perera,2011,-8.05474769373264,-16.482699305110717,27.0,84.0,4,-2.01368692343316,-4.120674826277679,-0.3698608634877233,-1.6967484578790444,-2.0666093213667676
NLTC Perera,2012,-9.531550349373912,-10.803173212006424,9.0,15.0,2,-4.765775174686956,-5.401586606003212,-0.33249594242002023,-0.6001762895559125,-0.9326722319759327
NLTC Perera,2013,5.044827237676277,3.4907088695491417,163.0,358.0,16,0.3153017023547673,0.21816930434682136,0.1816048674340179,0.16339876769071557,0.3450036351247335
NLTC Perera,2015,-14.242805422301547,-8.693630348126664,15.0,36.0,2,-7.121402711150774,-4.346815174063332,-0.7912669679056414,-1.0031111940146151,-1.7943781619202566
NLTC Perera,2016,6.5344584172951645,-64.27393469221182,93.0,199.0,12,0.5445382014412637,-5.356161224350985,0.2377561161222419,-3.341304337447793,-3.1035482213255507
NM Coulter-Nile,2013,-0.9579887016062796,1.0425831403981283,6.0,24.0,1,-0.9579887016062796,1.0425831403981283,-0.04561850960029903,0.1737638567330214,0.12814534713272235
NM Coulter-Nile,2014,0.0,15.011244250146902,0.0,24.0,2,0.0,7.505622125073451,0.0,1.2509370208455752,1.2509370208455752
NM Coulter-Nile,2015,-13.783817133359218,34.934344920062976,18.0,255.0,11,-1.253074284850838,3.1758495381875433,-0.16344447193706582,2.1595776859675295,1.9961332140304637
NM Coulter-Nile,2016,-7.900768690002655,-8.531321489051628,14.0,90.0,4,-1.9751921725006638,-2.132830372262907,-0.2063633613060395,-0.9140701595412458,-1.1204335208472853
NM Coulter-Nile,2017,-7.905326110316814,44.817221351871225,12.0,170.0,8,-0.9881657637896017,5.602152668983903,-0.08983325125360016,3.284020530094012,3.194187278840412
NM Coulter-Nile,2020,1.0683877677982232,2.600102941987882,15.0,156.0,7,0.15262682397117475,0.3714432774268403,0.016958535996797197,0.20994620028473585,0.22690473628153304
NM Coulter-Nile,2021,-6.165116327403507,46.0060723522066,5.0,120.0,5,-1.2330232654807014,9.20121447044132,-0.04932093061922806,4.60060723522066,4.551286304601432
NM Coulter-Nile,2022,-1.955611241238444,-25.59002255969422,2.0,18.0,1,-1.955611241238444,-25.59002255969422,-0.03205920067604007,-3.3378290295253326,-3.3698882302013726
NS Naik,2016,-20.47117035775482,0.0,31.0,0.0,2,-10.23558517887741,0.0,-2.101345301623839,0.0,-2.101345301623839
NS Naik,2019,-19.320691637328373,0.0,16.0,0.0,1,-19.320691637328373,0.0,-2.2730225455680437,0.0,-2.2730225455680437
NS Naik,2020,-5.242353813881698,0.0,3.0,0.0,1,-5.242353813881698,0.0,-0.12786228814345604,0.0,-0.12786228814345604
NT Ellis,2021,-4.700160517462163,-15.248569255623906,16.0,66.0,3,-1.5667201724873878,-5.082856418541302,-0.18432002029263386,-1.8035942130307845,-1.9879142333234183
NT Ellis,2022,-7.785760756475962,-4.468182661634906,2.0,36.0,2,-3.892880378237981,-2.234091330817453,-0.06381771111865542,-0.5155595378809507,-0.5793772489996061
NT Ellis,2023,-14.879822268638192,20.955941153684318,7.0,228.0,10,-1.4879822268638192,2.095594115368432,-0.08201476840981681,1.3729754548965587,1.2909606864867418
NT Ellis,2024,0.0,15.47079030615723,0.0,24.0,1,0.0,15.47079030615723,0.0,2.578465051026205,2.578465051026205
NT Ellis,2025,0.0,0.566366218692747,0.0,24.0,1,0.0,0.566366218692747,0.0,0.0943943697821245,0.0943943697821245
NV Ojha,2009,18.043152475127556,0.0,144.0,0.0,8,2.2553940593909445,0.0,1.2302149414859698,0.0,1.2302149414859698
NV Ojha,2010,18.941179415701875,0.0,285.0,0.0,14,1.3529413868358482,0.0,0.9520698648104118,0.0,0.9520698648104118
NV Ojha,2011,-76.53656351719329,0.0,161.0,0.0,14,-5.466897394085235,0.0,-3.1322792898495475,0.0,-3.1322792898495475
NV Ojha,2012,-27.09160649672893,0.0,224.0,0.0,18,-1.5050892498182737,0.0,-0.9800581161607363,0.0,-0.9800581161607363
NV Ojha,2013,-6.281179220477416,0.0,10.0,0.0,2,-3.140589610238708,0.0,-0.2415838161722083,0.0,-0.2415838161722083
NV Ojha,2014,34.66988266625721,0.0,161.0,0.0,11,3.151807515114292,0.0,1.805839893001427,0.0,1.805839893001427
NV Ojha,2015,-40.84885913796167,0.0,121.0,0.0,14,-2.9177756527115477,0.0,-1.4649413028136817,0.0,-1.4649413028136817
NV Ojha,2016,-56.930613109819674,0.0,138.0,0.0,17,-3.348859594695275,0.0,-1.791250480883519,0.0,-1.791250480883519
NV Ojha,2017,-9.835288219937333,0.0,65.0,0.0,14,-0.702520587138381,0.0,-0.24683155764321493,0.0,-0.24683155764321493
NV Ojha,2018,-6.615176365315557,0.0,4.0,0.0,1,-6.615176365315557,0.0,-0.2133927859779212,0.0,-0.2133927859779212
Naman Dhir,2024,-11.989224056853317,-22.729098220436196,79.0,28.0,7,-1.7127462938361881,-3.247014031490885,-0.6799344583570798,-0.6142999519036809,-1.2942344102607608
Naman Dhir,2025,34.72385811168977,13.9833875342964,138.0,24.0,16,2.1702411319806107,0.873961720893525,1.160826651989629,0.14566028681558751,1.3064869388052167
Naman Dhir,2026,-20.409767615031054,0.0,216.0,0.0,14,-1.4578405439307895,0.0,-0.9371832068126503,0.0,-0.9371832068126503
Navdeep Saini,2021,0.0,-14.659037939098368,0.0,12.0,1,0.0,-14.659037939098368,0.0,-1.3326398126453063,-1.3326398126453063
Navdeep Saini,2022,-2.775650450540122,-11.862296060032692,2.0,36.0,2,-1.387825225270061,-5.931148030016346,-0.022751233201148538,-1.3687264684653107,-1.3914777016664592
Navdeep Saini,2023,0.0,12.672549898391118,0.0,24.0,1,0.0,12.672549898391118,0.0,2.112091649731853,2.112091649731853
Navdeep Saini,2026,0.0,-15.039842207072066,0.0,18.0,2,0.0,-7.519921103536033,0.0,-0.9808592743742652,-0.9808592743742652
Naveen-ul-Haq,2023,-14.624955578624805,45.770033434274104,21.0,168.0,8,-1.8281194473281006,5.721254179284263,-0.27227310917652564,3.3373982712491537,3.065125162072628
Naveen-ul-Haq,2024,-4.371814012578504,-5.812445572364304,4.0,219.0,10,-0.43718140125785043,-0.5812445572364304,-0.014102625847027433,-0.3754942714890214,-0.38959689733604885
Niraj Patel,2008,7.130265680381663,0.0,81.0,0.0,5,1.4260531360763324,0.0,0.5746781294635966,0.0,0.5746781294635966
Niraj Patel,2009,-18.107641173240303,0.0,38.0,0.0,4,-4.526910293310076,0.0,-1.0887505768720436,0.0,-1.0887505768720436
Nithish Kumar Reddy,2023,0.0,-22.54421673006286,0.0,30.0,2,0.0,-11.27210836503143,0.0,-2.254421673006286,-2.254421673006286
Nithish Kumar Reddy,2024,5.8837204264660805,-37.59297667225399,212.0,79.0,13,0.4525938789589293,-2.89176743632723,0.2890057299376295,-1.1479880777379456,-0.8589823478003161
Nithish Kumar Reddy,2025,-56.94301159600043,0.41355844383656937,153.0,30.0,13,-4.380231661230803,0.031812187987428416,-2.454855106843637,0.006362437597485684,-2.4484926692461513
Nithish Kumar Reddy,2026,28.539515203636398,-29.519573095713092,176.0,186.0,14,2.0385368002597426,-2.108540935408078,1.2121029623166037,-1.2816621372088317,-0.06955917489222796
Noor Ahmad,2023,-11.583155072847488,39.352594312092876,9.0,283.0,13,-0.891011928680576,3.02712263939176,-0.062163622931202984,2.1257461710865213,2.0635825481553183
Noor Ahmad,2024,-12.97665994690499,10.078594409452204,9.0,209.0,10,-1.297665994690499,1.0078594409452204,-0.09053483683887202,0.6402511342174805,0.5497162973786085
Noor Ahmad,2025,-26.97804124518756,109.15892377739502,17.0,300.0,14,-1.9270029460848257,7.797065984099644,-0.23911715389373747,5.5693328457854605,5.330215691891723
Noor Ahmad,2026,-33.21210317760381,43.697809597051545,23.0,306.0,14,-2.3722930841145575,3.1212721140751105,-0.38155762891353023,2.242040532645502,1.860482903731972
O Thomas,2019,0.0,19.266473405731716,0.0,60.0,4,0.0,4.816618351432929,0.0,1.6055394504776428,1.6055394504776428
OA Shah,2010,-0.32356847348111684,0.0,95.0,0.0,5,-0.06471369469622337,0.0,-0.02859442323786614,0.0,-0.02859442323786614
OA Shah,2011,3.240590007599571,0.0,15.0,0.0,3,1.080196669199857,0.0,0.12002185213331744,0.0,0.12002185213331744
OA Shah,2012,37.15004972128278,0.0,256.0,0.0,13,2.8576961324063674,0.0,1.9456654518511438,0.0,1.9456654518511438
OA Shah,2013,-6.251078668141924,0.0,23.0,0.0,2,-3.125539334070962,0.0,-0.5027091236617631,0.0,-0.5027091236617631
OC McCoy,2022,-1.2090673123977882,-12.181869392771205,5.0,155.0,7,-0.1727239017711126,-1.740267056110172,-0.006908956070844505,-0.980877795262097,-0.9877867513329415
OC McCoy,2023,0.0,-3.555706671936087,0.0,6.0,1,0.0,-3.555706671936087,0.0,-0.16931936533028988,-0.16931936533028988
OF Smith,2022,-19.27258164427603,-47.956203911620406,44.0,90.0,6,-3.2120969407126716,-7.992700651936734,-0.861782106044863,-3.425443136544315,-4.287225242589178
P Amarnath,2008,0.0,-52.55097109027106,0.0,132.0,6,0.0,-8.758495181711844,0.0,-4.58778319042049,-4.58778319042049
P Awana,2012,-2.7333921299681916,41.153369849765355,5.0,282.0,12,-0.2277826774973493,3.4294474874804464,-0.009111307099893972,2.4057318195758355,2.3966205124759417
P Awana,2013,-14.84700265706026,-10.610027972372135,9.0,324.0,14,-1.0605001897900186,-0.757859140883724,-0.07398838533418735,-0.5530323460502851,-0.6270207313844725
P Awana,2014,0.0,-58.48181269722578,0.0,141.0,7,0.0,-8.354544671032254,0.0,-4.513374707339264,-4.513374707339264
P Chopra,2018,-3.864286692283213,0.0,6.0,0.0,1,-3.864286692283213,0.0,-0.18401365201348635,0.0,-0.18401365201348635
P Dogra,2010,-23.390110023830843,0.0,106.0,0.0,9,-2.5989011137589824,0.0,-1.2189536197276645,0.0,-1.2189536197276645
P Dogra,2012,-16.874413703745564,0.0,24.0,0.0,3,-5.624804567915188,0.0,-0.9374674279858647,0.0,-0.9374674279858647
P Dogra,2013,-7.670638532374482,0.0,8.0,0.0,1,-7.670638532374482,0.0,-0.4794149082734051,0.0,-0.4794149082734051
P Dubey,2020,-12.163363286513423,-18.160859600139016,13.0,48.0,3,-4.054454428837808,-6.053619866713006,-0.39630005695407144,-1.7296056762037157,-2.1259057331577873
P Dubey,2023,-8.89633607079921,7.013371075973396,20.0,18.0,1,-8.89633607079921,7.013371075973396,-1.2709051529713156,0.9147875316487039,-0.3561176213226117
P Dubey,2025,0.0,0.6513709687475013,0.0,12.0,1,0.0,0.6513709687475013,0.0,0.059215542613409215,0.059215542613409215
P Kumar,2008,-39.23451575136486,-36.53238641219041,98.0,268.0,13,-3.0180396731819124,-2.810183570168493,-1.3567334310634285,-1.9410546309411243,-3.2977880620045528
P Kumar,2009,-10.790726845007363,-45.82152133618799,46.0,298.0,13,-0.8300559111544126,-3.524732410475999,-0.23001549345242756,-2.5128475079470043,-2.742863001399432
P Kumar,2010,-13.56704478506065,-43.373890073248326,8.0,270.0,12,-1.130587065421721,-3.6144908394373605,-0.07066169158885756,-2.502339811918173,-2.5730015035070304
P Kumar,2011,-17.97340288041898,-37.40380537272442,31.0,276.0,13,-1.3825694523399217,-2.8772157979018784,-0.2838387617386594,-2.005332222780097,-2.2891709845187567
P Kumar,2012,-10.860470407714184,-25.064558332127334,30.0,378.0,16,-0.6787794004821365,-1.5665348957579583,-0.13575588009642728,-1.1890566076235107,-1.324812487719938
P Kumar,2013,-16.816906955789985,35.23574189353677,39.0,338.0,15,-1.121127130385999,2.349049459569118,-0.2749934470758111,1.7335779854462048,1.4585845383703937
P Kumar,2014,-3.6833696204921855,5.322656240013805,2.0,72.0,3,-1.227789873497395,1.7742187466712682,-0.02012770284421959,0.6653320300017256,0.645204327157506
P Kumar,2015,-23.772475562758558,-43.40849322914009,25.0,216.0,12,-1.9810396302298798,-3.617374435761674,-0.3415585569361862,-2.325454994418219,-2.667013551354405
P Kumar,2016,-23.172847862255693,-33.79062267158872,26.0,309.0,16,-1.4483029913909808,-2.111913916974295,-0.25791697106962674,-1.5211687653730936,-1.7790857364427204
P Kumar,2017,-6.153945571110512,12.506206343651735,9.0,99.0,6,-1.0256575951850853,2.084367723941956,-0.0715575066408199,0.9422484231518431,0.8706909165110231
P Negi,2012,-6.129633902010689,24.68266219697,29.0,132.0,8,-0.7662042377513362,3.08533277462125,-0.1491269992938842,1.6161266914682737,1.4669996921743895
P Negi,2013,0.0,-2.265681396129462,0.0,24.0,1,0.0,-2.265681396129462,0.0,-0.377613566021577,-0.377613566021577
P Negi,2014,0.0,-27.838486594329055,0.0,42.0,2,0.0,-13.919243297164527,0.0,-3.608692706672285,-3.608692706672285
P Negi,2015,-2.5318032817255327,-21.407202847261942,73.0,180.0,10,-0.25318032817255326,-2.140720284726194,-0.09576250754713155,-1.2844321708357165,-1.380194678382848
P Negi,2016,-25.24254633145777,-22.591419152846616,59.0,54.0,8,-3.1553182914322213,-2.823927394105827,-1.0400211128184416,-0.8763912602397395,-1.916412373058181
P Negi,2017,-16.91590421911395,81.53698520649297,111.0,193.0,12,-1.4096586849261625,6.794748767207747,-0.6773684589904937,4.18973326540286,3.5123648064123665
P Negi,2018,-10.095168616983663,-11.889545250075233,5.0,24.0,2,-5.047584308491832,-5.944772625037617,-0.20190337233967326,-0.9907954375062695,-1.1926988098459428
P Negi,2019,-24.558007991295142,-10.537877025850795,12.0,67.0,7,-3.508286855899306,-1.5054110036929707,-0.3189351687181187,-0.5393718569381232,-0.858307025656242
P Nissanka,2026,-8.524908997726813,0.0,175.0,0.0,10,-0.8524908997726813,0.0,-0.505714940543116,0.0,-0.505714940543116
P Parameswaran,2011,-0.2746221049198048,-20.781636380183066,1.0,94.0,5,-0.05492442098396096,-4.156327276036613,-0.0004539208345781898,-1.8256764670441197,-1.8261303878786979
P Parameswaran,2012,-1.3466784259936384,1.3155641706619186,1.0,60.0,3,-0.4488928086645461,0.4385213902206395,-0.0037098579228474885,0.14617379674021316,0.1424639388173657
P Prasanth,2011,0.0,-11.96070450588819,0.0,6.0,1,0.0,-11.96070450588819,0.0,-0.5695573574232472,-0.5695573574232472
P Ray Barman,2019,-7.5573798720469165,-27.82503512009984,24.0,24.0,1,-7.5573798720469165,-27.82503512009984,-1.2595633120078196,-4.637505853349974,-5.897069165357793
P Sahu,2016,-1.6439597846934004,-8.262973154538699,13.0,105.0,5,-0.3287919569386801,-1.6525946309077397,-0.03213755970077324,-0.7712108277569452,-0.8033483874577184
P Simran Singh,2019,-7.674544354601976,0.0,17.0,0.0,1,-7.674544354601976,0.0,-0.9523157228338218,0.0,-0.9523157228338218
P Simran Singh,2020,-15.591808494728918,0.0,15.0,0.0,2,-7.795904247364459,0.0,-0.8662115830404954,0.0,-0.8662115830404954
P Simran Singh,2021,-24.77610462797678,0.0,23.0,0.0,2,-12.38805231398839,0.0,-1.9924839386135171,0.0,-1.9924839386135171
P Simran Singh,2022,-6.276002913763804,0.0,11.0,0.0,1,-6.276002913763804,0.0,-0.5269926110794034,0.0,-0.5269926110794034
P Simran Singh,2023,-2.827068779239079,0.0,238.0,0.0,14,-0.2019334842313628,0.0,-0.1342462828130289,0.0,-0.1342462828130289
P Simran Singh,2024,-5.959140074744429,0.0,213.0,0.0,14,-0.42565286248174494,0.0,-0.27226444356940444,0.0,-0.27226444356940444
P Simran Singh,2025,44.21645908796664,0.0,370.0,0.0,18,2.45646994933148,0.0,1.8548854719441787,0.0,1.8548854719441787
P Simran Singh,2026,76.61971767951253,0.0,302.0,0.0,14,5.472836977108038,0.0,3.9165800167929565,0.0,3.9165800167929565
P Suyal,2013,0.0,3.3286888600843296,0.0,18.0,1,0.0,3.3286888600843296,0.0,0.4341768078370865,0.4341768078370865
P Suyal,2014,0.0,-13.429232813156528,0.0,18.0,1,0.0,-13.429232813156528,0.0,-1.7516390625856342,-1.7516390625856342
P Suyal,2015,0.0,-29.117812610245082,0.0,60.0,3,0.0,-9.70593753674836,0.0,-3.235312512249453,-3.235312512249453
PA Patel,2008,-15.363584087495973,0.0,297.0,0.0,13,-1.1818141605766133,0.0,-0.8417237546552857,0.0,-0.8417237546552857
PA Patel,2009,-12.741184177057422,0.0,126.0,0.0,9,-1.4156871307841579,0.0,-0.7251080425967638,0.0,-0.7251080425967638
PA Patel,2010,-35.841533060163606,0.0,79.0,0.0,4,-8.960383265040901,0.0,-3.5571370750664886,0.0,-3.5571370750664886
PA Patel,2011,-31.104357865402626,0.0,183.0,0.0,14,-2.221739847528759,0.0,-1.3418428782104386,0.0,-1.3418428782104386
PA Patel,2012,-48.83783854569795,0.0,165.0,0.0,14,-3.488417038978425,0.0,-2.01960986467172,0.0,-2.01960986467172
PA Patel,2013,2.5746870153489496,0.0,255.0,0.0,13,0.1980528473345346,0.0,0.13467593618748352,0.0,0.13467593618748352
PA Patel,2014,-51.47972473683598,0.0,185.0,0.0,12,-4.289977061402999,0.0,-2.6021172339657532,0.0,-2.6021172339657532
PA Patel,2015,8.351449771976938,0.0,246.0,0.0,14,0.5965321265697813,0.0,0.4009478227764104,0.0,0.4009478227764104
PA Patel,2016,-65.19121793282372,0.0,152.0,0.0,10,-6.5191217932823715,0.0,-3.6430386491872078,0.0,-3.6430386491872078
PA Patel,2017,1.2285065100861416,0.0,293.0,0.0,16,0.07678165688038385,0.0,0.05447221662458225,0.0,0.05447221662458225
PA Patel,2018,8.173246187735199,0.0,109.0,0.0,6,1.3622076979558664,0.0,0.6483870702060675,0.0,0.6483870702060675
PA Patel,2019,6.072871936364569,0.0,268.0,0.0,14,0.4337765668831835,0.0,0.2996188657852917,0.0,0.2996188657852917
PA Reddy,2012,3.6928955407112074,0.0,59.0,0.0,5,0.7385791081422415,0.0,0.24344227586811312,0.0,0.24344227586811312
PA Reddy,2013,-44.50412754899597,0.0,101.0,0.0,7,-6.357732506999424,0.0,-2.905570059759918,0.0,-2.905570059759918
PBB Rajapaksa,2022,13.317090324326006,0.0,129.0,0.0,9,1.4796767027028896,0.0,0.7665794965810152,0.0,0.7665794965810152
PBB Rajapaksa,2023,-13.003632269516912,0.0,62.0,0.0,4,-3.250908067379228,0.0,-1.1074521987775392,0.0,-1.1074521987775392
PC Valthaty,2009,-18.740539075470572,0.0,12.0,0.0,2,-9.370269537735286,0.0,-0.8518426852486624,0.0,-0.8518426852486624
PC Valthaty,2011,81.69843339035083,-4.066970877934676,338.0,145.0,14,5.83560238502506,-0.2904979198524768,4.3066235941888,-0.15895169199475145,4.147671902194048
PC Valthaty,2012,-79.96131064261351,-10.029823229607347,51.0,6.0,6,-13.326885107102251,-1.6716372049345578,-3.9746850319427764,-0.07960177166355037,-4.054286803606327
PC Valthaty,2013,-13.220739982912802,0.0,17.0,0.0,1,-13.220739982912802,0.0,-1.6405297789015885,0.0,-1.6405297789015885
PD Collingwood,2010,11.12481790938786,15.737873671567634,156.0,89.0,8,1.3906022386734824,1.9672342089459542,0.7859925696850119,0.8377217444793776,1.6237143141643895
PD Salt,2023,14.342946526965088,0.0,133.0,0.0,9,1.593660725218343,0.0,0.8377742152333582,0.0,0.8377742152333582
PD Salt,2024,83.86398927626317,0.0,239.0,0.0,12,6.988665773021931,0.0,4.652621503488138,0.0,4.652621503488138
PD Salt,2025,35.0350853551546,0.0,229.0,0.0,13,2.695006565781123,0.0,1.768356743736038,0.0,1.768356743736038
PD Salt,2026,14.584873253132061,0.0,120.0,0.0,6,2.4308122088553437,0.0,1.2154061044276718,0.0,1.2154061044276718
PH Solanki,2022,0.0,14.390456061382359,0.0,36.0,2,0.0,7.1952280306911796,0.0,1.6604372378518109,1.6604372378518109
PHKD Mendis,2025,-7.618381197570883,3.654105433412579,69.0,42.0,5,-1.5236762395141765,0.7308210866825158,-0.5562627541083501,0.18947213358435594,-0.3667906205239942
PJ Cummins,2014,0.0,8.492838960260297,0.0,24.0,1,0.0,8.492838960260297,0.0,1.4154731600433827,1.4154731600433827
PJ Cummins,2015,-4.762219358299937,-23.310982044974168,2.0,60.0,3,-1.5874064527666458,-7.770327348324723,-0.0260230566027319,-2.590109116108241,-2.6161321727109725
PJ Cummins,2017,-3.056271439327262,26.140676133160564,53.0,277.0,12,-0.25468928661060514,2.17838967776338,-0.0780261976321507,1.5199343595477488,1.441908161915598
PJ Cummins,2020,-24.43043012996642,9.580980041341299,114.0,312.0,14,-1.74503072356903,0.6843557172386642,-0.8501431730208096,0.4942569068945908,-0.35588626612621876
PJ Cummins,2021,19.19534304256595,-26.12797412102627,56.0,161.0,7,2.742191863223707,-3.7325677315751813,0.8725155928439068,-2.1385886291231464,-1.2660730362792396
PJ Cummins,2022,24.85407054908998,-36.78170554377664,24.0,119.0,5,4.970814109817995,-7.356341108755328,0.8284690183029992,-3.662780719422109,-2.83431170111911
PJ Cummins,2024,-19.230886644840638,26.554711117912948,95.0,366.0,16,-1.2019304153025399,1.6596694448695593,-0.5310855323429827,1.249874520210409,0.7187889878674262
PJ Cummins,2025,2.681440540682228,53.95742306442224,58.0,298.0,14,0.19153146719158773,3.854101647458731,0.06240912975905668,2.7476609831165115,2.810070112875568
PJ Cummins,2026,-9.030547932248375,1.6433847478943235,19.0,192.0,8,-1.1288184915310469,0.20542309348679044,-0.15429893049704957,0.12641421137648642,-0.027884719120563145
PJ Sangwan,2008,-8.578123990558089,-20.849094163471484,5.0,144.0,7,-1.2254462843654412,-2.978442023353069,-0.04901785137461765,-1.6246047400107648,-1.6736225913853824
PJ Sangwan,2009,-8.465762872871856,-14.069110878778782,10.0,280.0,13,-0.6512125286824505,-1.0822392983675986,-0.05009327143711158,-0.757567508857319,-0.8076607802944307
PJ Sangwan,2010,-10.929622513385803,-24.18212649658525,14.0,186.0,8,-1.3662028141732254,-3.0227658120731564,-0.142737607450934,-1.837367454397409,-1.980105061848343
PJ Sangwan,2012,0.0,-13.792521836816986,0.0,24.0,1,0.0,-13.792521836816986,0.0,-2.2987536394694974,-2.2987536394694974
PJ Sangwan,2013,1.287350169231799,-31.767945182651527,2.0,24.0,2,0.6436750846158995,-15.883972591325763,0.010552050567473763,-2.6473287652209603,-2.6367767146534864
PJ Sangwan,2016,0.0,-27.211404361999943,0.0,24.0,2,0.0,-13.605702180999971,0.0,-2.267617030166662,-2.267617030166662
PJ Sangwan,2017,-7.121814579407282,-8.623227929175194,4.0,108.0,5,-1.4243629158814564,-1.7246455858350387,-0.04594719083488569,-0.8169373827639657,-0.8628845735988513
PJ Sangwan,2018,-7.615176365315557,-8.465853032311333,4.0,12.0,1,-7.615176365315557,-8.465853032311333,-0.24565085049405025,-0.7696230029373939,-1.0152738534314443
PJ Sangwan,2022,-7.209067312397789,9.888681983444938,5.0,54.0,3,-2.4030224374659297,3.296227327814979,-0.0961208974986372,1.0229671017356832,0.926846204237046
PK Garg,2020,-35.97758243773559,0.0,111.0,0.0,14,-2.569827316981114,0.0,-1.234852087380535,0.0,-1.234852087380535
PK Garg,2021,-22.123679934215538,0.0,74.0,0.0,5,-4.424735986843108,0.0,-1.6877858918886082,0.0,-1.6877858918886082
PK Garg,2022,0.4819638350546924,0.0,33.0,0.0,2,0.2409819175273462,0.0,0.051976492015702126,0.0,0.051976492015702126
PK Garg,2023,-14.96475709252352,0.0,23.0,0.0,2,-7.48237854626176,0.0,-1.2034594864616817,0.0,-1.2034594864616817
PM Sarvesh Kumar,2008,-1.7752182287818936,-5.94452710778137,2.0,30.0,2,-0.8876091143909468,-2.972263553890685,-0.014550969088376177,-0.5944527107781371,-0.6090036798665133
PN Mankad,2022,2.5221943793807777,0.0,1.0,0.0,1,2.5221943793807777,0.0,0.020844581647775022,0.0,0.020844581647775022
PN Mankad,2023,-11.201164781305929,0.0,72.0,0.0,5,-2.2402329562611856,0.0,-0.8400873585979446,0.0,-0.8400873585979446
PP Chawla,2008,2.745334390664665,15.779494622004806,59.0,281.0,15,0.18302229271097764,1.0519663081336537,0.06032578363099263,0.7371634229066251,0.7974892065376177
PP Chawla,2009,-24.917802425567892,-5.246481102922294,36.0,269.0,14,-1.7798430303977066,-0.37474865020873527,-0.4107330070148554,-0.2591449534862462,-0.6698779605011016
PP Chawla,2010,-23.757757271839036,14.286541576187151,60.0,294.0,14,-1.6969826622742168,1.0204672554419394,-0.565660887424739,0.7246796451689135,0.1590187577441745
PP Chawla,2011,-23.05321799784155,5.0986152810602885,55.0,248.0,12,-1.9211014998201292,0.42488460675502404,-0.6037747570863263,0.2863352784653423,-0.31743947862098404
PP Chawla,2012,-15.627363733479285,19.141035995228716,88.0,342.0,16,-0.9767102333424553,1.1963147497017947,-0.4132235602602696,0.8855836458831468,0.4723600856228772
PP Chawla,2013,-17.407759781984005,-21.51122036310519,57.0,350.0,16,-1.0879849863740003,-1.3444512726940743,-0.3503680464594238,-1.0011871179636722,-1.351555164423096
PP Chawla,2014,-4.741625942116278,26.141566513546223,19.0,237.0,11,-0.43105690382875256,2.3765060466860204,-0.05892144728594459,1.5776804847747532,1.5187590374888087
PP Chawla,2015,-17.074151559209977,23.65644005675163,47.0,210.0,13,-1.3133962737853828,1.819726158211664,-0.36963847226295204,1.1580075552256044,0.7883690829626524
PP Chawla,2016,-18.593863921779526,26.44448524533974,26.0,212.0,12,-1.5494886601482938,2.203707103778312,-0.27593633673873724,1.40718646385844,1.1312501271197026
PP Chawla,2017,-7.684401487158368,6.461152439105476,6.0,120.0,6,-1.2807335811930614,1.0768587398509126,-0.06098731339014578,0.5384293699254563,0.4774420565353105
PP Chawla,2018,-27.022042892475312,-12.387077133872864,34.0,294.0,15,-1.8014695261650209,-0.825805142258191,-0.3977270382442254,-0.5864413329079907,-0.9841683711522161
PP Chawla,2019,-11.89245607768314,-53.48654735475773,37.0,267.0,13,-0.9148043136679338,-4.114349796519826,-0.21559082551409903,-2.8385824177539885,-3.0541732432680875
PP Chawla,2020,0.0,-8.748766473656257,0.0,126.0,7,0.0,-1.249823781950894,0.0,-0.6401536444138725,-0.6401536444138725
PP Chawla,2021,-4.430054372821738,-9.194774659560235,2.0,24.0,1,-4.430054372821738,-9.194774659560235,-0.07262384217740554,-1.532462443260039,-1.6050862854374446
PP Chawla,2023,-8.908965879459036,53.7576148628129,22.0,366.0,16,-0.5568103674661897,3.3598509289258063,-0.08626639495955052,2.530258106968817,2.4439917120092662
PP Chawla,2024,-17.367293603574456,14.990454196631848,15.0,210.0,11,-1.5788448730522233,1.362768563330168,-0.1754272081169137,0.8672163584828342,0.6917891503659205
PP Hinge,2026,-13.986962287145714,5.432602505935538,9.0,156.0,7,-1.9981374695922447,0.7760860722765054,-0.13940493973899382,0.4386573451997639,0.2992524054607701
PP Ojha,2008,-7.190514876167143,16.12717166367444,4.0,222.0,13,-0.5531165289359341,1.2405516664364953,-0.01784246867535271,0.8052703799675496,0.7874279112921969
PP Ojha,2009,-16.363406430584742,46.659811998568394,7.0,321.0,15,-1.090893762038983,3.110654133237893,-0.06012800263206993,2.26421763439765,2.20408963176558
PP Ojha,2010,-13.298403328773269,59.63193478441916,8.0,353.0,16,-0.8311502080483293,3.7269959240261974,-0.05194688800302058,2.7814578460491495,2.729510958046129
PP Ojha,2011,0.0,8.863864930812031,0.0,221.0,10,0.0,0.8863864930812031,0.0,0.5744616274807797,0.5744616274807797
PP Ojha,2012,-18.49357638251429,14.042146115179811,14.0,180.0,9,-2.054841820279366,1.5602384572422012,-0.2146849662978442,0.9361430743453206,0.7214581080474765
PP Ojha,2013,-5.245338870838079,4.844639865868128,4.0,314.0,16,-0.32783367942737995,0.302789991616758,-0.010575279981528386,0.21906925660751617,0.2084939766259878
PP Ojha,2014,-9.273360854063709,-58.605910787800724,8.0,276.0,12,-0.7727800711719758,-4.883825898983393,-0.048298754448248486,-3.4038786568672132,-3.4521774113154615
PP Ojha,2015,0.0,-10.498014218853523,0.0,12.0,1,0.0,-10.498014218853523,0.0,-0.9543649289866839,-0.9543649289866839
PP Shaw,2018,12.592946339792903,0.0,160.0,0.0,9,1.3992162599769893,0.0,0.7995521485582796,0.0,0.7995521485582796
PP Shaw,2019,-55.04823872918229,0.0,264.0,0.0,16,-3.440514920573893,0.0,-2.365354007894551,0.0,-2.365354007894551
PP Shaw,2020,-49.11165306156237,0.0,167.0,0.0,13,-3.7778194662740288,0.0,-2.1982433828145043,0.0,-2.1982433828145043
PP Shaw,2021,85.62493477450683,0.0,301.0,0.0,15,5.708328984967122,0.0,4.081251839608322,0.0,4.081251839608322
PP Shaw,2022,49.21855084031237,0.0,185.0,0.0,10,4.921855084031237,0.0,2.98538750998616,0.0,2.98538750998616
PP Shaw,2023,-65.62744136555537,0.0,85.0,0.0,8,-8.203430170694421,0.0,-3.4014222658976867,0.0,-3.4014222658976867
PP Shaw,2024,-1.6095741266440147,0.0,121.0,0.0,8,-0.20119676583050183,0.0,-0.1010158035912478,0.0,-0.1010158035912478
PR Shah,2008,-16.492863037840646,0.0,35.0,0.0,5,-3.298572607568129,0.0,-0.7448389759024807,0.0,-0.7448389759024807
PR Shah,2009,3.2811725037251946,0.0,51.0,0.0,9,0.3645747226361327,0.0,0.1087328120142852,0.0,0.1087328120142852
PR Shah,2011,-5.5001997724488785,0.0,5.0,0.0,2,-2.7500998862244392,0.0,-0.11000399544897757,0.0,-0.11000399544897757
PR Veer,2026,-7.942710735748619,-10.6652609542113,67.0,12.0,6,-1.3237851226247699,-1.77754349236855,-0.4742973434003186,-0.16159486294259545,-0.635892206342914
PSP Handscomb,2016,-12.069669992740373,0.0,12.0,0.0,2,-6.034834996370186,0.0,-0.5486213633063806,0.0,-0.5486213633063806
PV Tambe,2013,-5.137949492304601,-21.20846209703246,6.0,66.0,3,-1.7126498307682005,-7.069487365677486,-0.08155475384610479,-2.5085277749178174,-2.590082528763922
PV Tambe,2014,-11.52506526896064,37.809565663347044,9.0,294.0,13,-0.8865434822277416,2.908428127949773,-0.061851870853098255,2.06540548216723,2.0035536113141315
PV Tambe,2015,-4.35545037249565,7.837892055393738,5.0,204.0,10,-0.43554503724956495,0.7837892055393738,-0.0174218014899826,0.4934969071914576,0.476075105701475
PV Tambe,2016,-16.71934492010092,-8.840323948459183,19.0,96.0,7,-2.3884778457287026,-1.2629034212084547,-0.32648258322910323,-0.5612904094259799,-0.887772992655083
PVD Chameera,2022,-5.658714214544929,-21.63497359425815,28.0,264.0,12,-0.4715595178787441,-1.802914466188179,-0.08921396284192457,-1.239503695504373,-1.3287176583462976
PVD Chameera,2024,0.0,-25.64585277102305,0.0,18.0,1,0.0,-25.64585277102305,0.0,-3.3451112310030067,-3.3451112310030067
PVD Chameera,2025,-11.606544475917426,-49.55405707319161,14.0,102.0,7,-1.6580777822739179,-7.079151010455944,-0.17323200710324516,-3.2525828966959747,-3.42581490379922
PVD Chameera,2026,-4.645764609488213,-4.58135940270107,3.0,12.0,1,-4.645764609488213,-4.58135940270107,-0.1133113319387369,-0.41648721842736997,-0.5297985503661069
PVSN Raju,2025,-0.5704637887047559,-17.024418551177078,1.0,24.0,2,-0.28523189435237795,-8.512209275588539,-0.0023572883830775037,-1.4187015459314232,-1.4210588343145008
PWA Mulder,2025,-9.335243753155686,-5.95876073149099,11.0,6.0,1,-9.335243753155686,-5.95876073149099,-0.7838754296542942,-0.2837505110233805,-1.0676259406776747
PWH de Silva,2021,-6.996178269678976,-23.381195935821324,2.0,36.0,2,-3.498089134839488,-11.690597967910662,-0.05734572352195882,-2.697830300287076,-2.755176023809035
PWH de Silva,2022,-27.70232290507485,91.02068797854629,43.0,342.0,16,-1.7313951815671782,5.688792998659143,-0.4567484221312188,4.211184427578846,3.7544360054476273
PWH de Silva,2023,-11.631268981514827,8.84606106909742,28.0,174.0,8,-1.4539086226893534,1.1057576336371775,-0.27506379348176957,0.654427987254656,0.37936419377288644
PWH de Silva,2025,-31.268986938141374,-1.1136283067860608,15.0,246.0,11,-2.8426351761946704,-0.10123893698055099,-0.31584835291051894,-0.06804584288856705,-0.383894195799086
Pankaj Singh,2008,-6.1008729151275745,-52.50452195032448,8.0,72.0,5,-1.2201745830255148,-10.500904390064896,-0.07626091143909468,-3.9378391462743365,-4.014100057713431
Pankaj Singh,2009,-3.3491839420157135,-9.80076286871439,2.0,42.0,3,-1.116394647338571,-3.26692095623813,-0.01830155159571428,-0.8469795071728485,-0.8652810587685628
Pankaj Singh,2010,-3.529610634518737,-15.179083734232721,2.0,48.0,2,-1.7648053172593685,-7.589541867116361,-0.028931234709169976,-2.1684405334618173,-2.1973717681709872
Pankaj Singh,2011,0.0,-10.763761882723117,0.0,12.0,1,0.0,-10.763761882723117,0.0,-0.9785238075202833,-0.9785238075202833
Pankaj Singh,2012,0.0,16.59967922782259,0.0,126.0,6,0.0,2.7666132046370984,0.0,1.4170457877409528,1.4170457877409528
Parvez Rasool,2013,-9.026963447758583,4.508172221084754,9.0,30.0,2,-4.513481723879291,2.254086110542377,-0.31489407375902034,0.45081722210847547,0.13592314834945513
Parvez Rasool,2014,0.0,-23.31796367736851,0.0,54.0,3,0.0,-7.772654559122837,0.0,-2.412203139038122,-2.412203139038122
Parvez Rasool,2015,-0.9421801489982597,4.2399178515679905,2.0,30.0,2,-0.4710900744991299,2.1199589257839953,-0.007722788106543112,0.4239917851567991,0.416268997050256
Parvez Rasool,2016,-4.8519842230344095,-35.22957833607164,9.0,84.0,4,-1.2129960557586024,-8.80739458401791,-0.08462763179711179,-3.6265742404779626,-3.7112018722750744
Prince Yadav,2025,-10.704637887047559,-29.758795817025238,10.0,137.0,6,-1.7841063145079266,-4.959799302837539,-0.13723894726984048,-2.643939706181879,-2.781178653451719
Prince Yadav,2026,-1.5485882031627376,79.6495644355942,1.0,312.0,14,-0.11061344308305268,5.689254602542443,-0.000914160686636799,4.108906101836208,4.107991941149571
Priyansh Arya,2025,30.502805261246216,0.0,299.0,0.0,18,1.6946002922914565,0.0,1.2092732396065526,0.0,1.2092732396065526
Priyansh Arya,2026,42.89394137198334,0.0,172.0,0.0,13,3.299533951691026,0.0,1.9435610948317001,0.0,1.9435610948317001
Q de Kock,2013,-40.565253545322086,0.0,15.0,0.0,3,-13.521751181774029,0.0,-1.5024167979748921,0.0,-1.5024167979748921
Q de Kock,2014,-14.84741863739076,0.0,130.0,0.0,7,-2.1210598053415373,0.0,-1.1029510987775992,0.0,-1.1029510987775992
Q de Kock,2015,37.711052572645094,0.0,77.0,0.0,3,12.570350857548364,0.0,4.913284345336163,0.0,4.913284345336163
Q de Kock,2016,49.114250164808375,0.0,327.0,0.0,13,3.7780192434467983,0.0,2.7637858895013494,0.0,2.7637858895013494
Q de Kock,2018,-16.152126941025188,0.0,162.0,0.0,8,-2.0190158676281484,0.0,-1.1598601792757448,0.0,-1.1598601792757448
Q de Kock,2019,27.88991733767317,0.0,398.0,0.0,16,1.7431198336045732,0.0,1.3393082891401935,0.0,1.3393082891401935
Q de Kock,2020,68.69349812973104,0.0,358.0,0.0,16,4.29334363310819,0.0,3.215516779608226,0.0,3.215516779608226
Q de Kock,2021,-10.926284994585906,0.0,256.0,0.0,11,-0.993298635871446,0.0,-0.6762884329337504,0.0,-0.6762884329337504
Q de Kock,2022,74.11427836196651,0.0,341.0,0.0,15,4.940951890797767,0.0,3.6548038931931424,0.0,3.6548038931931424
Q de Kock,2023,22.90842457609036,0.0,102.0,0.0,4,5.72710614402259,0.0,2.631373093199569,0.0,2.631373093199569
Q de Kock,2024,-57.754979530819064,0.0,186.0,0.0,11,-5.250452684619915,0.0,-3.1914516318277912,0.0,-3.1914516318277912
Q de Kock,2025,-60.835622356526855,0.0,117.0,0.0,8,-7.604452794565857,0.0,-3.754096949216056,0.0,-3.754096949216056
Q de Kock,2026,9.832493412086638,0.0,81.0,0.0,3,3.2774978040288794,0.0,1.3207826971459664,0.0,1.3207826971459664
R Ashwin,2009,-11.909484180670086,12.914941461287532,15.0,24.0,2,-5.954742090335043,6.457470730643766,-0.661638010037227,1.0762451217739608,0.4146071117367338
R Ashwin,2010,-29.930684475955836,116.16820470289613,40.0,288.0,12,-2.494223706329653,9.680683725241344,-0.6235559265824132,6.833423806052714,6.209867879470301
R Ashwin,2011,-9.287811048122185,157.3609029517371,6.0,378.0,16,-0.5804881905076366,9.835056434483569,-0.02764229478607793,7.46516331774054,7.437521022954463
R Ashwin,2012,-7.660294017809608,30.68286077818049,15.0,395.0,18,-0.42557188987831157,1.7046033765655828,-0.04728576554203462,1.3074142402784568,1.260128474736422
R Ashwin,2013,-34.12025517991465,28.385159158839315,49.0,348.0,18,-1.8955697322174805,1.5769532866021843,-0.549603058453589,1.1726062900375216,0.6230032315839326
R Ashwin,2014,-18.183557713533624,64.07173017247358,45.0,359.0,16,-1.1364723570958515,4.004483135779599,-0.30994700648068674,3.001272329321244,2.6913253228405574
R Ashwin,2015,-0.5350000118771899,62.91405356190299,32.0,234.0,14,-0.03821428656265642,4.493860968707357,-0.008045112960559247,2.970518267450626,2.9624731544900667
R Ashwin,2016,-9.491356825624582,35.79658650374415,38.0,264.0,14,-0.6779540589731844,2.556899035981725,-0.16305224203152538,1.7578680872374361,1.5948158452059107
R Ashwin,2018,-21.160174143733357,-25.997619892239232,71.0,304.0,14,-1.5114410102666684,-1.8569728494456594,-0.5618445640258297,-1.3314144958289633,-1.8932590598547931
R Ashwin,2019,-8.66053009980524,44.44815092188134,28.0,330.0,14,-0.6186092928432314,3.1748679229915244,-0.11703419053790864,2.328236476860451,2.2112022863225427
R Ashwin,2020,-18.11824423823509,42.16582233002062,34.0,306.0,15,-1.2078829492156726,2.8110548220013745,-0.2666754563203433,2.0192083932685927,1.7525329369482494
R Ashwin,2021,-15.82927244027128,-30.407537258181733,42.0,268.0,13,-1.2176363415593292,-2.339041327552441,-0.3156834959598261,-1.6156264839795211,-1.9313099799393472
R Ashwin,2022,2.450196926891657,8.79082992002044,135.0,402.0,17,0.14412923099362687,0.5171076423541435,0.07630371052603775,0.39823232227273125,0.474536032798769
R Ashwin,2023,-27.910799487862334,40.875992375277384,51.0,294.0,13,-2.14698457598941,3.144307105790568,-0.6403287331898241,2.232913741793302,1.5925850086034776
R Ashwin,2024,-31.424904812366613,-2.4673278860277925,74.0,330.0,14,-2.244636058026187,-0.17623770614484233,-0.8562013829584425,-0.1292409845062177,-0.9854423674646602
R Ashwin,2025,-26.992712514996725,-9.770672121473915,30.0,186.0,9,-2.999190279444081,-1.085630235719324,-0.5998380558888162,-0.6598928883784125,-1.2597309442672286
R Bhatia,2008,-4.609899128813415,-4.889504397306597,28.0,132.0,9,-0.5122110143126016,-0.5432782663673996,-0.09690478649157329,-0.2845743300019712,-0.3814791164935445
R Bhatia,2009,-22.98335811694785,26.64577578356507,18.0,130.0,8,-2.8729197646184814,3.330721972945634,-0.3747286649502367,1.7319754259317297,1.3572467609814929
R Bhatia,2010,-6.317542262971516,-17.638595547037298,17.0,96.0,5,-1.2635084525943032,-3.5277191094074594,-0.15678572039491354,-1.5678751597366485,-1.724660880131562
R Bhatia,2011,-8.501803936140739,35.50525659867075,22.0,192.0,14,-0.6072717097243385,2.5360897570479106,-0.0940843493939116,1.560670619721791,1.4665862703278794
R Bhatia,2012,-9.081849284263107,-0.30251121143544424,28.0,319.0,17,-0.5342264284860652,-0.017794777143261425,-0.10106986484871502,-0.01293060115877083,-0.11400046600748585
R Bhatia,2013,-7.778464528837739,-10.405753848715639,80.0,263.0,15,-0.518564301922516,-0.6937169232477093,-0.2074257207690064,-0.4763643624390275,-0.6837900832080339
R Bhatia,2014,-11.702234454032018,32.77364701212343,53.0,228.0,12,-0.9751862045026681,2.7311372510102863,-0.2987564672753839,1.7893657851446703,1.4906093178692863
R Bhatia,2015,-3.2911292838008075,-14.745035547133812,1.0,30.0,2,-1.6455646419004037,-7.372517773566906,-0.013599707784300858,-1.4745035547133811,-1.488103262497682
R Bhatia,2016,3.220082982403359,16.803379959026163,20.0,204.0,10,0.32200829824033594,1.6803379959026163,0.04600118546290513,1.0579905900127584,1.1039917754756636
R Bhatia,2017,-6.957727277949422,1.0102993372420719,17.0,42.0,3,-2.319242425983141,0.3367664457473573,-0.28778920614389336,0.08730981926783338,-0.20047938687605998
R Bishnoi,2009,-11.601391796932152,0.0,17.0,0.0,3,-3.867130598977384,0.0,-0.4798629210409893,0.0,-0.4798629210409893
R Dhawan,2013,-12.840831708305874,4.40915332540758,21.0,90.0,6,-2.140138618050979,0.7348588875679299,-0.31874404949695434,0.3149395232433985,-0.0038045262535558177
R Dhawan,2014,-20.084158618454165,10.319999512358756,75.0,284.0,13,-1.544935278342628,0.7938461163352889,-0.5942058762856262,0.5580502401960942,-0.036155636089531984
R Dhawan,2015,-13.744560997700093,-28.434248386024407,33.0,72.0,5,-2.7489121995400185,-5.686849677204881,-0.5929026312733373,-2.1325686289518306,-2.725471260225168
R Dhawan,2016,5.312036657511512,3.705351507489924,6.0,42.0,2,2.656018328755756,1.852675753744962,0.12647706327408362,0.4803233435635087,0.6068004068375923
R Dhawan,2022,-21.39991389945525,6.698091302967967,40.0,114.0,6,-3.566652316575875,1.116348550494661,-0.8916630791439687,0.5438621143435528,-0.3478009648004159
R Dhawan,2023,-0.43234089584979696,-7.044784993863635,12.0,42.0,6,-0.07205681597496616,-1.1741308323106059,-0.006550619634087832,-0.30440428985830525,-0.3109549094923931
R Dhawan,2024,0.0,-16.85997227544874,0.0,18.0,1,0.0,-16.85997227544874,0.0,-2.1991268185367923,-2.1991268185367923
R Dravid,2008,1.9924143424600977,0.0,298.0,0.0,14,0.14231531017572127,0.0,0.10145924026881566,0.0,0.10145924026881566
R Dravid,2009,16.623469614165273,0.0,234.0,0.0,13,1.2787284318588672,0.0,0.8452611668219632,0.0,0.8452611668219632
R Dravid,2010,36.61458727753077,0.0,199.0,0.0,16,2.288411704845673,0.0,1.4275671763770812,0.0,1.4275671763770812
R Dravid,2011,19.957724926452766,0.0,314.0,0.0,12,1.663143743871064,0.0,1.2032883308191566,0.0,1.2032883308191566
R Dravid,2012,12.450058000865411,0.0,412.0,0.0,16,0.7781286250540882,0.0,0.6026108900794819,0.0,0.6026108900794819
R Dravid,2013,43.249034579434145,0.0,425.0,0.0,18,2.402724143301897,0.0,1.8736839649601948,0.0,1.8736839649601948
R Goyal,2023,0.0,-5.982787860660973,0.0,24.0,1,0.0,-5.982787860660973,0.0,-0.9971313101101621,-0.9971313101101621
R McLaren,2010,-12.03378310606201,-32.31424978181374,69.0,204.0,10,-1.203378310606201,-3.231424978181374,-0.4393285895863908,-2.0346009121882727,-2.4739295017746636
R McLaren,2011,-18.018692472051228,-38.81743241478315,96.0,108.0,6,-3.003115412008538,-6.469572069130525,-1.3347179608926836,-3.0645341380091957,-4.399252098901879
R McLaren,2013,-11.364273371464499,-41.04169493873315,6.0,42.0,2,-5.6821366857322495,-20.520847469366576,-0.2705779374158214,-5.320219714280223,-5.590797651696045
R Minz,2025,-23.35865228427228,0.0,15.0,0.0,2,-11.67932614213614,0.0,-1.2977029046817934,0.0,-1.2977029046817934
R Minz,2026,-2.0143920219526286,0.0,4.0,0.0,2,-1.0071960109763143,0.0,-0.03249019390246175,0.0,-0.03249019390246175
R Ninan,2011,-6.467771838820507,-9.43147278247516,6.0,36.0,2,-3.2338859194102536,-4.71573639123758,-0.15399456759096447,-1.0882468595163646,-1.242241427107329
R Parag,2019,3.5195923986033106,-14.493794107978474,126.0,84.0,7,0.5027989140861873,-2.070542015425496,0.2575311511173154,-0.8525761239987337,-0.5950449728814183
R Parag,2020,-36.61937394010893,-14.261604523664742,77.0,12.0,12,-3.0516144950090776,-1.1884670436387286,-1.192763025968015,-0.1080424585126117,-1.3008054844806267
R Parag,2021,-28.83988620489625,-30.082046740698352,83.0,37.0,11,-2.62180783680875,-2.7347315218816686,-1.0719706918971736,-0.6444908682141511,-1.7164615601113247
R Parag,2022,-14.144680327539499,-24.381468984876037,132.0,24.0,17,-0.8320400192670293,-1.4342040579338846,-0.43583048628272963,-0.23903400965564744,-0.674864495938377
R Parag,2023,-29.368510612172418,0.0,66.0,0.0,7,-4.195501516024631,0.0,-1.4887263443958367,0.0,-1.4887263443958367
R Parag,2024,70.47767189720665,-5.543815196143589,384.0,18.0,15,4.698511459813776,-0.3695876797429059,3.5798182550962103,-0.04820708866211816,3.531611166434092
R Parag,2025,35.75523003467174,-1.976584637714149,236.0,120.0,14,2.553945002476553,-0.14118461697958207,1.693064664563108,-0.07059230848979103,1.622472356073317
R Parag,2026,-1.4932660477685218,4.002598931495178,196.0,24.0,14,-0.10666186055489442,0.285899923678227,-0.06615735654670667,0.0476499872797045,-0.018507369267002166
R Powell,2022,13.210203176779313,-10.541908396650937,167.0,6.0,14,0.9435859411985223,-0.7529934569036384,0.5490552340771889,-0.035856831281125635,0.5131984027960633
R Powell,2023,-16.395140491456136,3.949058334367792,9.0,12.0,3,-5.465046830485378,1.3163527781225974,-0.38128233701060776,0.11966843437478158,-0.2616139026358262
R Powell,2024,-12.871260117227848,0.0,68.0,0.0,9,-1.4301400130253166,0.0,-0.5172846855623485,0.0,-0.5172846855623485
R Powell,2025,-4.672358152825457,0.0,5.0,0.0,2,-2.3361790764127286,0.0,-0.09344716305650914,0.0,-0.09344716305650914
R Powell,2026,-13.225368460528397,0.0,141.0,0.0,11,-1.2023062236843998,0.0,-0.6495217530249056,0.0,-0.6495217530249056
R Rampaul,2013,-18.120001404807525,41.39073948509768,37.0,226.0,10,-1.8120001404807524,4.139073948509768,-0.4270318802406869,2.703556972147999,2.276525091907312
R Rampaul,2014,-5.833512841478278,5.645235229491892,13.0,36.0,2,-2.916756420739139,2.822617614745946,-0.2850964922526978,0.6513732957106029,0.3662768034579051
R Ravindra,2024,-17.604712401679194,7.304123202570941,138.0,12.0,10,-1.7604712401679194,0.7304123202570941,-0.9416474075316779,0.0664011200233722,-0.8752462875083057
R Ravindra,2025,-43.3826119848766,0.0,149.0,0.0,8,-5.422826498109575,0.0,-3.003721740588575,0.0,-3.003721740588575
R Sai Kishore,2022,0.0,15.042797218582027,0.0,96.0,5,0.0,3.0085594437164054,0.0,1.3371375305406246,1.3371375305406246
R Sai Kishore,2024,1.6222397718305657,16.66056984653339,6.0,90.0,5,0.3244479543661131,3.332113969306678,0.015449902588862528,1.4280488439885763,1.443498746577439
R Sai Kishore,2025,-16.164755514952592,34.44480508836003,10.0,255.0,15,-1.077650367663506,2.296320339224002,-0.082896182127962,1.561497830672321,1.4786016485443592
R Sai Kishore,2026,0.0,-9.747863039973943,0.0,24.0,3,0.0,-3.249287679991314,0.0,-0.5415479466652191,-0.5415479466652191
R Sanjay Yadav,2022,-4.775650450540121,-11.923155759461345,2.0,12.0,1,-4.775650450540121,-11.923155759461345,-0.07828935164819871,-1.0839232508601222,-1.1622126025083208
R Sathish,2010,-22.95261522000557,-18.44951223893733,96.0,48.0,12,-1.9127179350004642,-1.5374593532447776,-0.8500968600002062,-0.4392741009270793,-1.2893709609272856
R Sathish,2011,-25.485237026863274,-9.450078557347878,34.0,31.0,9,-2.8316930029848084,-1.0500087285942086,-0.6251789746849576,-0.21556470587033422,-0.8407436805552919
R Sathish,2013,7.214431225542305,-22.38693991351412,77.0,24.0,9,0.8016034695047005,-2.4874377681682356,0.31331709214143116,-0.4145729613613726,-0.10125586921994145
R Sathish,2016,-17.19264120619809,-11.539698114034602,24.0,36.0,4,-4.298160301549522,-2.8849245285086504,-0.7163600502582538,-0.6657518142712271,-1.382111864529481
R Sharma,2010,-11.684546155726805,-4.766258810984788,26.0,124.0,6,-1.9474243592878009,-0.7943764684974647,-0.3468015982293344,-0.40369951677740007,-0.7505011150067344
R Sharma,2011,-7.577832741773228,123.31738004145994,21.0,300.0,14,-0.5412737672695163,8.80838428867571,-0.08061524193375774,6.291703063339792,6.211087821406035
R Sharma,2012,-20.09361952313673,-19.139062153963692,11.0,222.0,11,-1.826692683921521,-1.7399147412694267,-0.15338640857356284,-1.129418340824014,-1.2828047493975767
R Sharma,2013,-19.33768039873642,4.679204234028056,17.0,246.0,11,-1.7579709453396746,0.42538220309345964,-0.21814238007864575,0.2859126283087188,0.06777024823007302
R Sharma,2014,0.0,-21.138268892742865,0.0,36.0,2,0.0,-10.569134446371432,0.0,-2.4390310260857153,-2.4390310260857153
R Shepherd,2022,2.052703242092973,-17.29165758588638,41.0,54.0,3,0.684234414030991,-5.763885861962127,0.17424603090230203,-1.7887921640572118,-1.6145461331549098
R Shepherd,2023,-6.826737752429579,0.0,1.0,0.0,1,-6.826737752429579,0.0,-0.056419320268013044,0.0,-0.056419320268013044
R Shepherd,2024,19.9078980153595,-53.437541261802856,21.0,72.0,6,3.3179830025599166,-8.906256876967143,0.49416768123232796,-3.339846328862679,-2.845678647630351
R Shepherd,2025,28.668790652482507,-14.87014117483185,24.0,84.0,8,3.5835988315603133,-1.8587676468539813,0.5972664719267189,-0.7653749134104629,-0.16810844148374404
R Shepherd,2026,-23.207050530031594,-63.219859761139446,66.0,150.0,15,-1.5471367020021063,-4.214657317409296,-0.5489839910330054,-2.341476287449609,-2.8904602784826148
R Shukla,2012,0.0,-14.513160578678761,0.0,18.0,1,0.0,-14.513160578678761,0.0,-1.893020945045056,-1.893020945045056
R Shukla,2013,-1.712649830768201,-6.662107961212559,2.0,48.0,3,-0.5708832769227337,-2.22070265373752,-0.009358742244634979,-0.6344864724964342,-0.6438452147410691
R Shukla,2014,-13.459731849669,-11.265711729011548,21.0,54.0,3,-4.486577283223,-3.755237243003849,-0.6682136379268298,-1.1654184547253323,-1.833632092652162
R Smaran,2026,-39.6461063002797,0.0,25.0,0.0,6,-6.60768438337995,0.0,-1.139255928168957,0.0,-1.139255928168957
R Tewatia,2014,-0.17892011070986635,9.667827646620271,13.0,54.0,3,-0.059640036903288784,3.2226092155400905,-0.005829477291298904,1.000120101374511,0.994290624083212
R Tewatia,2015,0.0,-6.496559356811163,0.0,18.0,1,0.0,-6.496559356811163,0.0,-0.8473773074101517,-0.8473773074101517
R Tewatia,2017,-6.92117187787839,24.276858374491564,11.0,54.0,3,-2.30705729262613,8.09228612483052,-0.19372236808311014,2.5113991421887825,2.3176767741056725
R Tewatia,2018,-14.811248782003739,-2.1318897691773895,43.0,132.0,8,-1.8514060977504674,-0.2664862211471737,-0.4884077435783442,-0.1395880206009005,-0.6279957641792447
R Tewatia,2019,-8.354661609103992,6.762113602166997,22.0,38.0,5,-1.6709323218207985,1.3524227204333994,-0.2588768385919547,0.3252662239017036,0.06638938530974892
R Tewatia,2020,7.73820433092299,27.37327416492208,183.0,276.0,14,0.5527288807802135,1.9552338689230058,0.3338263537385448,1.3627387571281555,1.6965651108667004
R Tewatia,2021,-34.3283111293904,-70.99135650125189,147.0,222.0,14,-2.452022223527886,-5.070811178660849,-1.3499897635153528,-3.2915791861482706,-4.641568949663624
R Tewatia,2022,5.179375491253651,-34.215747749647036,147.0,36.0,16,0.3237109682033532,-2.1384842343529398,0.17822289260634053,-0.49349636177375533,-0.31527346916741483
R Tewatia,2023,-4.608838988599381,2.7726452509093207,57.0,13.0,17,-0.27110817579996355,0.16309677946525417,-0.0873060227152425,0.0159417904740474,-0.0713642322411951
R Tewatia,2024,-16.367373603636874,0.0,129.0,0.0,12,-1.363947800303073,0.0,-0.7066235591931582,0.0,-0.7066235591931582
R Tewatia,2025,-4.798140114451633,0.0,59.0,0.0,15,-0.31987600763010887,0.0,-0.10543399134176772,0.0,-0.10543399134176772
R Tewatia,2026,-14.411563213544165,0.0,132.0,0.0,16,-0.9007227008465103,0.0,-0.47180712901483873,0.0,-0.47180712901483873
R Vinay Kumar,2008,-8.269253999590346,-9.847475356683637,22.0,138.0,8,-1.0336567499487932,-1.2309344195854546,-0.16014400351319333,-0.6584067825689641,-0.8185507860821575
R Vinay Kumar,2009,-17.27610030845032,-30.565933038807266,44.0,194.0,11,-1.5705545734954838,-2.778721185346115,-0.4213683002061054,-1.716789522156517,-2.1381578223626225
R Vinay Kumar,2010,-23.633299640679656,-0.9191694936502497,32.0,277.0,14,-1.6880928314771182,-0.0656549638321607,-0.35538796452149857,-0.04580963471412724,-0.4011975992356258
R Vinay Kumar,2011,-15.632681471459236,11.813210237319517,47.0,268.0,13,-1.202513959343018,0.908708479793809,-0.3384320723899512,0.627664620063765,0.2892325476738138
R Vinay Kumar,2012,-20.09971682553834,-19.78978355205481,62.0,335.0,14,-1.4356940589670244,-1.4135559680039151,-0.4890825915162391,-1.0407499984204651,-1.5298325899367042
R Vinay Kumar,2013,10.29390091594577,8.688108984956564,44.0,361.0,16,0.6433688072466106,0.5430068115597853,0.17261114340762723,0.4075373367423752,0.5801484801500024
R Vinay Kumar,2014,-8.23006965217488,-41.07760108249221,6.0,192.0,9,-0.9144521835749866,-4.56417789805469,-0.04354534207499936,-2.8087248603413477,-2.852270202416347
R Vinay Kumar,2015,-4.762219358299937,-32.103461449068725,2.0,261.0,13,-0.3663245660230721,-2.469497034543748,-0.006005320754476592,-1.691702692955166,-1.6977080137096425
R Vinay Kumar,2016,-6.195965894278654,22.602303836508884,12.0,54.0,3,-2.0653219647595513,7.534101278836295,-0.1877565422508683,2.338169362397471,2.1504128201466024
R Vinay Kumar,2017,0.0,-0.4236294595029735,0.0,18.0,1,0.0,-0.4236294595029735,0.0,-0.055256016456909585,-0.055256016456909585
R Vinay Kumar,2018,1.6536471329895905,-33.98172977814047,3.0,23.0,2,0.8268235664947953,-16.990864889070235,0.02016642845109257,-2.732796450689618,-2.7126300222385256
RA Bawa,2022,-14.426158176279143,0.0,14.0,0.0,2,-7.213079088139572,0.0,-0.7536052778653284,0.0,-0.7536052778653284
RA Bawa,2025,1.7181448451809764,0.0,4.0,0.0,3,0.5727149483936588,0.0,0.018474675754634153,0.0,0.018474675754634153
RA Bawa,2026,-7.500274053580005,-9.68743725258681,14.0,24.0,3,-2.500091351193335,-3.2291457508622696,-0.26120357400527383,-0.538190958477045,-0.7993945324823188
RA Jadeja,2008,-8.379227678915592,-1.7402345189232145,103.0,13.0,14,-0.5985162627796852,-0.12430246563737246,-0.27644473123904745,-0.012149865062299562,-0.288594596301347
RA Jadeja,2009,12.03731875512349,16.972417985812267,266.0,140.0,13,0.9259475965479608,1.3055706142932513,0.6380882401081802,0.70299956154252,1.3410878016507002
RA Jadeja,2011,23.880599161999207,10.788976598380684,228.0,252.0,14,1.7057570829999433,0.7706411855986203,1.117564985413756,0.5220472547603556,1.6396122401741116
RA Jadeja,2012,-6.502019994259937,2.6078943224627054,151.0,210.0,18,-0.361223333014441,0.14488301791459474,-0.2012720416427328,0.09219828412746937,-0.10907375751526342
RA Jadeja,2013,26.045105203577187,-0.0015568729282353644,135.0,259.0,18,1.4469502890876216,-8.649294045752025e-05,0.7660325059875643,-5.910731287202571e-05,0.7659733986746923
RA Jadeja,2014,-9.306763715335698,34.4328511763714,110.0,326.0,16,-0.5816727322084811,2.1520531985232125,-0.27819130670840403,1.573025432104411,1.294834125396007
RA Jadeja,2015,-36.311447323632635,14.601182595449,126.0,256.0,17,-2.135967489625449,0.8588930938499412,-1.0940321288325472,0.5847782766637898,-0.5092538521687574
RA Jadeja,2016,-54.868628291974275,6.713119795570211,177.0,241.0,15,-3.657908552798285,0.44754131970468075,-2.179965703182816,0.2987741220189143,-1.8811915811639017
RA Jadeja,2017,8.07173987797638,-70.60318080460577,113.0,228.0,12,0.672644989831365,-5.883598400383814,0.3262183856263701,-3.854771365768706,-3.5285529801423356
RA Jadeja,2018,-27.0667236576361,42.10972649487742,74.0,246.0,16,-1.6916702286022562,2.631857905929839,-0.645276272765809,1.7689536744774328,1.1236774017116238
RA Jadeja,2019,-24.121508913519136,88.94006720208772,88.0,324.0,16,-1.507594307094946,5.558754200130482,-0.6378283606940156,4.056388200095217,3.418559839401201
RA Jadeja,2020,36.02252272078664,-46.39493813152903,135.0,218.0,14,2.573037337199046,-3.3139241522520737,1.3621962373406715,-2.1373830331093258,-0.7751867957686542
RA Jadeja,2021,39.81663153614259,23.29808271017303,156.0,294.0,16,2.4885394710089117,1.4561301693858144,1.4065657879615587,1.0340634536218103,2.440629241583369
RA Jadeja,2022,-33.47639657302114,-7.920107495953046,98.0,198.0,10,-3.347639657302114,-0.7920107495953046,-1.5049022312642533,-0.49313876861594436,-1.9980409998801976
RA Jadeja,2023,-10.73917201565682,74.38449300142194,133.0,342.0,16,-0.6711982509785512,4.6490308125888715,-0.35284334932864553,3.441490341786567,3.0886469924579214
RA Jadeja,2024,-0.5894116275159398,16.259324843494007,187.0,282.0,14,-0.04210083053685284,1.1613803459638576,-0.025644479838408733,0.8146996456761388,0.78905516583773
RA Jadeja,2025,-49.265459544051765,14.11200951127256,222.0,227.0,14,-3.5189613960036974,1.0080006793766114,-2.284238099160295,0.6594125481800888,-1.624825550980206
RA Jadeja,2026,-4.938024641108768,32.14343837028593,197.0,198.0,14,-0.3527160457934834,2.295959883591852,-0.21919577609248025,1.429559927519455,1.2103641514269747
RA Shaikh,2009,0.0,-7.360785819059433,0.0,6.0,1,0.0,-7.360785819059433,0.0,-0.35051361043140156,-0.35051361043140156
RA Tripathi,2017,28.974730100079732,-5.641517800813739,267.0,6.0,14,2.0696235785771235,-0.4029655572009814,1.4278798332818914,-0.01918883605718959,1.4086909972247017
RA Tripathi,2018,-18.417806449913407,0.0,167.0,0.0,12,-1.5348172041594506,0.0,-0.8930817877861611,0.0,-0.8930817877861611
RA Tripathi,2019,-5.411076470663341,0.0,118.0,0.0,8,-0.6763845588329176,0.0,-0.3353503274885894,0.0,-0.3353503274885894
RA Tripathi,2020,-28.074536640935648,0.0,181.0,0.0,11,-2.5522306037214224,0.0,-1.5347300308092275,0.0,-1.5347300308092275
RA Tripathi,2021,49.87801679476267,0.0,283.0,0.0,17,2.934000987927216,0.0,2.0603530510754395,0.0,2.0603530510754395
RA Tripathi,2022,94.32113216367328,0.0,261.0,0.0,14,6.737223725976663,0.0,4.615263497322596,0.0,4.615263497322596
RA Tripathi,2023,-63.192091944425606,0.0,213.0,0.0,13,-4.8609301495712005,0.0,-3.1092436091851825,0.0,-3.1092436091851825
RA Tripathi,2024,-6.91014163211922,0.0,115.0,0.0,6,-1.15169027201987,0.0,-0.5635931118395109,0.0,-0.5635931118395109
RA Tripathi,2025,-50.16177895313708,0.0,57.0,0.0,5,-10.032355790627417,0.0,-3.2307586444393377,0.0,-3.2307586444393377
RD Chahar,2017,0.2591319195980368,0.3160626126327877,2.0,42.0,3,0.08637730653267893,0.10535420421092923,0.001416021418568507,0.027314052943574245,0.02873007436214275
RD Chahar,2019,-7.4154845644324645,82.68110206272189,11.0,282.0,13,-0.570421889571728,6.36008477405553,-0.04789802126174815,4.461552005680746,4.413653984418998
RD Chahar,2020,-3.8964194727733603,-10.093783224588758,4.0,318.0,15,-0.2597612981848907,-0.6729188816392505,-0.008379396715641635,-0.48855754420383946,-0.4969369409194811
RD Chahar,2021,-14.675309772908843,13.240281073827372,15.0,258.0,11,-1.3341190702644403,1.2036619158024884,-0.14823545225160448,0.8215470218969365,0.673311569645332
RD Chahar,2022,-35.120346623273996,21.575259349168455,68.0,280.0,13,-2.7015651248672303,1.6596353345514196,-0.9771618536753812,1.1617447341859937,0.18458288051061245
RD Chahar,2023,-17.64467851998701,2.691980020391282,9.0,298.0,14,-1.2603341799990722,0.19228428717080587,-0.08793029162784224,0.13708305640406734,0.0491527647762251
RD Chahar,2024,-4.258076999309554,7.079663935982294,15.0,186.0,9,-0.47311966658995047,0.7866293262202549,-0.052568851843327824,0.4781472375064295,0.4255783856631017
RD Chahar,2025,0.0,-1.5495455013608102,0.0,6.0,1,0.0,-1.5495455013608102,0.0,-0.07378788101718144,-0.07378788101718144
RD Chahar,2026,0.0,-13.257938433357609,0.0,24.0,1,0.0,-13.257938433357609,0.0,-2.2096564055596013,-2.2096564055596013
RD Gaikwad,2020,11.80533395278471,0.0,169.0,0.0,6,1.9675556587974519,0.0,1.1505775305770565,0.0,1.1505775305770565
RD Gaikwad,2021,95.69051736602307,0.0,466.0,0.0,16,5.980657335376442,0.0,4.755949348609935,0.0,4.755949348609935
RD Gaikwad,2022,-7.324013746970742,0.0,291.0,0.0,14,-0.5231438390693387,0.0,-0.3704011123337653,0.0,-0.3704011123337653
RD Gaikwad,2023,101.25375447418264,0.0,400.0,0.0,16,6.328359654636415,0.0,4.867968965104935,0.0,4.867968965104935
RD Gaikwad,2024,45.19244684342192,0.0,413.0,0.0,14,3.22803191738728,0.0,2.5012705100955848,0.0,2.5012705100955848
RD Gaikwad,2025,-6.83243413288718,0.0,81.0,0.0,5,-1.366486826577436,0.0,-0.5506737957849369,0.0,-0.5506737957849369
RD Gaikwad,2026,-97.09245899748618,0.0,273.0,0.0,14,-6.935175642677584,0.0,-4.8175647594172535,0.0,-4.8175647594172535
RD Rickelton,2025,-10.28941040144817,0.0,257.0,0.0,14,-0.7349578858177265,0.0,-0.5010190362205722,0.0,-0.5010190362205722
RD Rickelton,2026,78.28821765788334,0.0,240.0,0.0,12,6.524018138156944,0.0,4.349345425437963,0.0,4.349345425437963
RE Levi,2012,-32.25376873687992,0.0,73.0,0.0,6,-5.37562812281332,0.0,-2.033268668214365,0.0,-2.033268668214365
RE van der Merwe,2009,-0.19999600003256424,-2.0938701348581024,98.0,204.0,10,-0.019999600003256422,-0.20938701348581024,-0.008990645873023529,-0.13183626775032498,-0.1408269136233485
RE van der Merwe,2010,-3.529610634518737,8.731617636096797,2.0,24.0,1,-3.529610634518737,8.731617636096797,-0.05786246941833995,1.4552696060161328,1.3974071365977927
RE van der Merwe,2011,-5.744604589269168,16.43604547792723,16.0,89.0,4,-1.436151147317292,4.109011369481808,-0.16895895850791673,1.7497703917889036,1.5808114332809868
RE van der Merwe,2012,0.0,19.19359798456583,0.0,60.0,3,0.0,6.397865994855277,0.0,2.1326219982850922,2.1326219982850922
RE van der Merwe,2013,-16.124035556214086,22.10309718363556,25.0,66.0,3,-5.374678518738029,7.3676990612118525,-0.9266687101272463,2.6143448281719475,1.6876761180447013
RG More,2015,-0.9421801489982597,-9.909395451554074,2.0,35.0,2,-0.4710900744991299,-4.954697725777037,-0.007722788106543112,-1.1188027122722342,-1.1265255003787773
RG Sharma,2008,63.7790043143916,6.508701789091918,273.0,24.0,13,4.9060772549532,0.5006693683916861,3.40803839847894,0.08344489473194767,3.4914832932108877
RG Sharma,2009,24.124165384249487,24.421700089144917,315.0,138.0,16,1.507760336515593,1.5263562555715573,1.091826450580257,0.8164231134452515,1.9082495640255086
RG Sharma,2010,32.547854624432574,-32.36014891077001,302.0,114.0,16,2.034240914027036,-2.0225093069231255,1.45578378207622,-0.9853250469625483,0.47045873511367176
RG Sharma,2011,16.423450495435723,-28.84281802355276,297.0,24.0,16,1.0264656559647327,-1.8026761264720474,0.7310798556871119,-0.3004460210786746,0.4306338346084373
RG Sharma,2012,22.881502773066103,-7.48705350558346,342.0,6.0,17,1.3459707513568295,-0.4404149120931447,0.996367958796614,-0.02097213867110213,0.9753958201255118
RG Sharma,2013,66.0932185689004,1.0146053231006116,409.0,8.0,19,3.4785904509947576,0.05340028016319008,2.68949620880313,0.00333751751019938,2.6928337263133293
RG Sharma,2014,0.453007425921534,-1.1939034606368717,302.0,18.0,15,0.030200495061435597,-0.07959356404245811,0.021612676560553434,-0.010381769222929318,0.011230907337624116
RG Sharma,2015,82.86730587968111,0.0,333.0,0.0,16,5.1792066174800695,0.0,3.8072313545714422,0.0,3.8072313545714422
RG Sharma,2016,45.985750016016375,0.0,368.0,0.0,14,3.2846964297154555,0.0,2.4769841929001792,0.0,2.4769841929001792
RG Sharma,2017,-40.22419797916455,0.0,273.0,0.0,17,-2.3661292928920323,0.0,-1.6436470660547704,0.0,-1.6436470660547704
RG Sharma,2018,-29.37372961960486,0.0,215.0,0.0,14,-2.09812354425749,0.0,-1.3465569015383891,0.0,-1.3465569015383891
RG Sharma,2019,-16.671960753115076,0.0,315.0,0.0,15,-1.1114640502076718,0.0,-0.80485327773659,0.0,-0.80485327773659
RG Sharma,2020,-5.003317602039527,0.0,260.0,0.0,12,-0.4169431335032939,0.0,-0.2852768808180432,0.0,-0.2852768808180432
RG Sharma,2021,16.454888966893012,-5.639645943033855,299.0,7.0,13,1.265760689761001,-0.43381891869491196,0.9032516616671583,-0.023911278983184125,0.8793403826839742
RG Sharma,2022,-42.38885076825724,0.0,223.0,0.0,14,-3.027775054875517,0.0,-1.9684951522951615,0.0,-1.9684951522951615
RG Sharma,2023,-64.22394837548309,0.0,250.0,0.0,16,-4.013996773467693,0.0,-2.7121599820727655,0.0,-2.7121599820727655
RG Sharma,2024,8.547089141371627,0.0,278.0,0.0,14,0.6105063672408305,0.0,0.4264340957109319,0.0,0.4264340957109319
RG Sharma,2025,-37.33045416522368,0.0,280.0,0.0,15,-2.4886969443482454,0.0,-1.7420878610437718,0.0,-1.7420878610437718
RG Sharma,2026,12.01861828348627,0.0,180.0,0.0,9,1.3354020314984743,0.0,0.8012412188990845,0.0,0.8012412188990845
RJ Gleeson,2024,-1.1859070062892523,3.1386940711853004,2.0,47.0,2,-0.5929535031446261,1.5693470355926502,-0.009720549231879117,0.44167251899912907,0.43195196976725
RJ Gleeson,2025,0.0,-8.04503818543158,0.0,21.0,1,0.0,-8.04503818543158,0.0,-1.1981971765536394,-1.1981971765536394
RJ Harris,2009,-5.754483517921721,-27.43686148885908,18.0,186.0,8,-0.7193104397402151,-3.429607686107385,-0.09382310083568024,-2.0846634954770376,-2.178486596312718
RJ Harris,2010,-11.749831242625826,44.59062861396843,39.0,184.0,8,-1.4687289053282282,5.573828576746053,-0.36025425979748993,3.3736330859252432,3.013378826127753
RJ Harris,2011,-23.589689056970677,-16.891063598159214,39.0,282.0,13,-1.8145914659208213,-1.2993125844737856,-0.4450884727730317,-0.9114580816457899,-1.3565465544188215
RJ Harris,2012,1.3664981047683005,20.234355522747343,11.0,108.0,5,0.2732996209536601,4.046871104549469,0.022948823133513443,1.9169389442602747,1.9398877673937882
RJ Harris,2013,-6.601663786222181,-3.847571890806865,5.0,72.0,3,-2.2005545954073935,-1.2825239636022883,-0.08802218381629574,-0.4809464863508581,-0.5689686701671539
RJ Peterson,2012,-12.070567455694473,-8.067118054428079,30.0,48.0,5,-2.4141134911388944,-1.6134236108856157,-0.4828226982277789,-0.46097817453874734,-0.9438008727665262
RJ Quiney,2009,-30.351885690589558,0.0,102.0,0.0,7,-4.3359836700842225,0.0,-1.99220871328194,0.0,-1.99220871328194
RJW Topley,2023,0.0,9.815163640435877,0.0,12.0,1,0.0,9.815163640435877,0.0,0.8922876036759888,0.8922876036759888
RJW Topley,2024,-6.557721018867757,-29.794891217632895,6.0,90.0,4,-1.6394302547169393,-7.448722804408224,-0.0780681073674733,-3.19230977331781,-3.2703778806852832
RJW Topley,2025,0.0,-19.30432709363274,0.0,18.0,1,0.0,-19.30432709363274,0.0,-2.51795570786514,-2.51795570786514
RK Bhui,2018,-16.7165758245828,0.0,5.0,0.0,1,-16.7165758245828,0.0,-0.6686630329833121,0.0,-0.6686630329833121
RK Bhui,2019,-7.399181873104535,0.0,12.0,0.0,1,-7.399181873104535,0.0,-0.6726528975549577,0.0,-0.6726528975549577
RK Bhui,2024,-25.187209309712525,0.0,9.0,0.0,2,-12.593604654856263,0.0,-0.8786235805713671,0.0,-0.8786235805713671
RK Singh,2018,-23.378773523386336,0.0,31.0,0.0,4,-5.844693380846584,0.0,-1.1999039391141992,0.0,-1.1999039391141992
RK Singh,2019,-6.1396420605991695,0.0,34.0,0.0,5,-1.227928412119834,0.0,-0.27110107800048283,0.0,-0.27110107800048283
RK Singh,2020,-5.889787530917265,0.0,11.0,0.0,1,-5.889787530917265,0.0,-0.4945623117564115,0.0,-0.4945623117564115
RK Singh,2022,8.687183889089896,0.0,117.0,0.0,7,1.2410262698699852,0.0,0.6126585382902459,0.0,0.6126585382902459
RK Singh,2023,54.60800428848488,0.0,317.0,0.0,14,3.900571734891777,0.0,2.829476521649184,0.0,2.829476521649184
RK Singh,2024,-9.063064832935076,0.0,113.0,0.0,14,-0.6473617737810768,0.0,-0.3139565684002647,0.0,-0.3139565684002647
RK Singh,2025,0.08622429615660554,0.0,134.0,0.0,13,0.006632638165892734,0.0,0.0034991083237386864,0.0,0.0034991083237386864
RK Singh,2026,-1.6696348442541193,0.0,198.0,0.0,14,-0.1192596317324371,0.0,-0.07425599711642311,0.0,-0.07425599711642311
RM Patidar,2021,-20.82967830374621,0.0,62.0,0.0,4,-5.2074195759365525,0.0,-1.7739561192750894,0.0,-1.7739561192750894
RM Patidar,2022,100.36698865171397,0.0,218.0,0.0,8,12.545873581464246,0.0,8.091717280352679,0.0,8.091717280352679
RM Patidar,2024,70.38319153837885,0.0,223.0,0.0,15,4.692212769225256,0.0,3.0506222960269156,0.0,3.0506222960269156
RM Patidar,2025,-9.163840054825007,0.0,217.0,0.0,15,-0.6109226703216671,0.0,-0.3933834405335364,0.0,-0.3933834405335364
RM Patidar,2026,118.14028253503902,0.0,260.0,0.0,15,7.876018835669268,0.0,5.388854992826341,0.0,5.388854992826341
RN ten Doeschate,2011,22.06567863550534,-0.96070450588819,73.0,6.0,6,3.6776131059175565,-0.16011741764803167,1.3910142835853971,-0.007624638935620555,1.3833896446497767
RN ten Doeschate,2012,-10.920325364469761,2.203762006670967,21.0,18.0,3,-3.640108454823254,0.7345873355569891,-0.5421438124204846,0.09581573942047683,-0.44632807300000776
RN ten Doeschate,2013,11.983093316736168,-6.858317159058605,63.0,18.0,4,2.995773329184042,-1.7145792897646512,1.031331801850244,-0.2236407769258241,0.8076910249244199
RN ten Doeschate,2014,-6.030254706884525,2.509852917959137,33.0,30.0,10,-0.6030254706884526,0.2509852917959137,-0.13006431720731332,0.05019705835918275,-0.07986725884813056
RN ten Doeschate,2015,-10.73128784587038,2.2509928905732384,45.0,6.0,6,-1.78854797431173,0.3751654817622064,-0.48778581117592634,0.01786502294105745,-0.4699207882348689
RP Meredith,2021,0.0,-39.95270904211677,0.0,102.0,5,0.0,-7.990541808423354,0.0,-3.671330020086406,-3.671330020086406
RP Meredith,2022,-1.477805620619222,-8.398794864474407,1.0,168.0,8,-0.18472570257740276,-1.049849358059301,-0.0015266586989867996,-0.6124121255345921,-0.613938784233579
RP Meredith,2023,-2.927942183065105,-34.88246825929043,2.0,118.0,5,-0.5855884366130211,-6.976493651858085,-0.009599810436279034,-3.458933827391824,-3.468533637828103
RP Singh,2008,-13.582775582589436,-41.075014733805354,24.0,308.0,14,-0.9701982558992455,-2.9339296238432397,-0.1616997093165409,-2.11133253304607,-2.273032242362611
RP Singh,2009,-22.070888255482878,59.89107991160239,17.0,358.0,16,-1.3794305159676798,3.7431924944751493,-0.17117021001058802,2.8034788975357814,2.6323086875251933
RP Singh,2010,-20.381006958165415,-35.49404403086646,19.0,252.0,12,-1.6984172465137846,-2.957837002572205,-0.23215775312058926,-2.003696034000526,-2.2358537871211155
RP Singh,2011,-8.558606047584252,38.0144927368318,4.0,300.0,14,-0.6113290033988752,2.7153209097736997,-0.01972029043222178,1.9395149355526424,1.9197946451204206
RP Singh,2012,-13.800219530527016,-5.857608198245926,12.0,246.0,11,-1.2545654118660925,-0.5325098362041751,-0.11405140107873568,-0.35791644728477345,-0.47196784836350913
RP Singh,2013,0.0,-45.53963920502001,0.0,239.0,11,0.0,-4.139967200456365,0.0,-2.7561341529500587,-2.7561341529500587
RP Singh,2016,0.0,-21.14490314990192,0.0,72.0,4,0.0,-5.28622578747548,0.0,-1.9823346703033051,-1.9823346703033051
RR Bhatkal,2012,-4.5133960612889545,-24.483337349071412,2.0,12.0,1,-4.5133960612889545,-24.483337349071412,-0.07399009936539269,-2.225757940824674,-2.2997480401900665
RR Bose,2009,0.0,-16.721571638118867,0.0,12.0,1,0.0,-16.721571638118867,0.0,-1.5201428761926243,-1.5201428761926243
RR Pant,2016,-11.935517107331707,0.0,152.0,0.0,10,-1.1935517107331708,0.0,-0.6669847795273602,0.0,-0.6669847795273602
RR Pant,2017,64.42716868025673,0.0,221.0,0.0,14,4.601940620018338,0.0,2.9824893754371047,0.0,2.9824893754371047
RR Pant,2018,202.0003364989422,0.0,394.0,0.0,14,14.428595464210158,0.0,11.06005177606771,0.0,11.06005177606771
RR Pant,2019,108.39831416317698,0.0,300.0,0.0,16,6.774894635198561,0.0,4.839210453713258,0.0,4.839210453713258
RR Pant,2020,-22.62681315158423,0.0,301.0,0.0,14,-1.6162009393988737,0.0,-1.155526087313684,0.0,-1.155526087313684
RR Pant,2021,39.212488410449495,0.0,326.0,0.0,16,2.4507805256530935,0.0,1.7913776936388082,0.0,1.7913776936388082
RR Pant,2022,45.033048227085374,0.0,224.0,0.0,14,3.2166463019346696,0.0,2.094560382655134,0.0,2.094560382655134
RR Pant,2024,57.12770219793429,0.0,287.0,0.0,13,4.39443863061033,0.0,3.0987810491035988,0.0,3.0987810491035988
RR Pant,2025,-40.986868010078474,0.0,202.0,0.0,14,-2.9276334292913195,0.0,-1.8365899152697096,0.0,-1.8365899152697096
RR Pant,2026,-44.03036904980203,0.0,226.0,0.0,14,-3.1450263607001454,0.0,-2.0542657731740834,0.0,-2.0542657731740834
RR Powar,2008,0.41350239488469676,-2.1522611865612156,21.0,72.0,5,0.08270047897693936,-0.43045223731224314,0.012317092613586713,-0.16141958899209116,-0.14910249637850445
RR Powar,2009,-6.640631269156071,11.203318195862508,22.0,126.0,9,-0.737847918795119,1.244813132873612,-0.11431446629220154,0.6375872143986793,0.5232727481064777
RR Powar,2010,-7.658324910169914,-0.29542357342990133,8.0,138.0,7,-1.0940464157385592,-0.04220336763284305,-0.06837790098365995,-0.02257389431524163,-0.09095179529890157
RR Powar,2011,-7.39012657325914,-31.567991846108438,13.0,72.0,5,-1.478025314651828,-6.313598369221688,-0.14446863977799823,-2.367599388458133,-2.5120680282361314
RR Powar,2012,0.0,-15.513160578678761,0.0,18.0,1,0.0,-15.513160578678761,0.0,-2.0234557276537517,-2.0234557276537517
RR Raje,2008,-4.48848202951852,1.7233486589211449,9.0,98.0,6,-0.7480803382530867,0.28722477648685746,-0.05219165150602931,0.12911939493445887,0.07692774342842956
RR Raje,2009,-1.2011905065148398,-25.073331271262646,9.0,41.0,4,-0.30029762662870996,-6.268332817815661,-0.020950997206654182,-1.5962835126114419,-1.617234509818096
RR Rossouw,2014,-22.831455028392057,0.0,41.0,0.0,3,-7.610485009464019,0.0,-1.938073822285868,0.0,-1.938073822285868
RR Rossouw,2015,-11.409006067477101,0.0,10.0,0.0,2,-5.7045030337385505,0.0,-0.4388079256721962,0.0,-0.4388079256721962
RR Rossouw,2023,-5.320977573290005,0.0,141.0,0.0,9,-0.5912197303655561,0.0,-0.3193945669790935,0.0,-0.3193945669790935
RR Rossouw,2024,22.823536209616336,0.0,116.0,0.0,8,2.852942026202042,0.0,1.4022935383026984,0.0,1.4022935383026984
RR Sarwan,2008,-17.716250996295738,0.0,75.0,0.0,4,-4.4290627490739345,0.0,-1.7034856727207441,0.0,-1.7034856727207441
RS Bopara,2009,19.188662151701486,2.010850510738285,119.0,8.0,5,3.837732430340297,0.402170102147657,1.9108374862363824,0.025135631384228564,1.935973117620611
RS Bopara,2010,-3.1570009388566724,-19.59425186880202,214.0,78.0,10,-0.3157000938856672,-1.959425186880202,-0.20227491045369098,-0.7718947705891704,-0.9741696810428614
RS Bopara,2015,-11.333126433909403,11.722430988138646,120.0,120.0,9,-1.259236270434378,1.3024923320154052,-0.629618135217189,0.6512461660077026,0.021628030790513564
RS Gavaskar,2010,-11.221779286023818,0.6458498550969585,8.0,6.0,2,-5.610889643011909,0.32292492754847923,-0.3506806026882443,0.015377377502308534,-0.33530322518593575
RS Ghosh,2026,0.0,4.626718212886825,0.0,18.0,1,0.0,4.626718212886825,0.0,0.603484984289586,0.603484984289586
RS Hangargekar,2023,0.0,4.940723499122345,0.0,36.0,2,0.0,2.4703617495611727,0.0,0.5700834806679629,0.5700834806679629
RS Sodhi,2010,1.290428574782941,0.0,2.0,0.0,3,0.4301428582609803,0.0,0.0070515222665734475,0.0,0.0070515222665734475
RT Ponting,2008,-45.41869966531916,0.0,53.0,0.0,4,-11.35467491632979,0.0,-3.4785998298582594,0.0,-3.4785998298582594
RT Ponting,2013,-45.785320071906455,0.0,75.0,0.0,6,-7.630886678651076,0.0,-2.9349564148657983,0.0,-2.9349564148657983
RV Gomez,2011,-35.01452616601056,-6.507312154698068,50.0,90.0,11,-3.1831387423645965,-0.5915738322452789,-0.9362172771660577,-0.2535316423908338,-1.1897489195568915
RV Gomez,2013,2.6436750846158996,3.592635762929143,1.0,6.0,2,1.3218375423079498,1.7963178814645715,0.01092427720915661,0.08553894673640816,0.09646322394556477
RV Patel,2021,-8.699689372785821,-1.683585442896233,27.0,18.0,2,-4.3498446863929106,-0.8417927214481165,-0.7989510648476774,-0.10979905062366736,-0.9087501154713448
RV Patel,2022,-2.8034101489793826,0.0,3.0,0.0,2,-1.4017050744896913,0.0,-0.03418792864609003,0.0,-0.03418792864609003
RV Patel,2023,-16.309312079228032,0.0,43.0,0.0,5,-3.2618624158456067,0.0,-0.8604913121555895,0.0,-0.8604913121555895
RV Uthappa,2008,-9.316855493200924,0.0,279.0,0.0,14,-0.6654896780857803,0.0,-0.46534240648103437,0.0,-0.46534240648103437
RV Uthappa,2009,-53.68368857471142,0.0,170.0,0.0,15,-3.578912571647428,0.0,-2.097983231655389,0.0,-2.097983231655389
RV Uthappa,2010,95.19242934511843,0.0,218.0,0.0,16,5.949526834069902,0.0,3.8372687864711197,0.0,3.8372687864711197
RV Uthappa,2011,1.084034643330524,0.0,209.0,0.0,14,0.07743104595218028,0.0,0.049188719161111484,0.0,0.049188719161111484
RV Uthappa,2012,-18.001680286914358,0.0,343.0,0.0,16,-1.1251050179321473,0.0,-0.8335011255955217,0.0,-0.8335011255955217
RV Uthappa,2013,33.465750951771874,0.0,371.0,0.0,16,2.091609434485742,0.0,1.580421792656233,0.0,1.580421792656233
RV Uthappa,2014,154.4765910449681,0.0,479.0,0.0,16,9.654786940310506,0.0,7.720605917209904,0.0,7.720605917209904
RV Uthappa,2015,22.677098519853885,0.0,277.0,0.0,13,1.7443921938349143,0.0,1.2171199941870814,0.0,1.2171199941870814
RV Uthappa,2016,5.40473944645678,0.0,289.0,0.0,15,0.36031596309711866,0.0,0.254599788105299,0.0,0.254599788105299
RV Uthappa,2017,59.13567664643358,0.0,235.0,0.0,14,4.223976903316684,0.0,2.796153724730763,0.0,2.796153724730763
RV Uthappa,2018,-18.427715653379053,0.0,265.0,0.0,16,-1.1517322283361908,0.0,-0.7927507545690664,0.0,-0.7927507545690664
RV Uthappa,2019,-29.326414943359183,0.0,245.0,0.0,12,-2.4438679119465987,0.0,-1.6404044888408675,0.0,-1.6404044888408675
RV Uthappa,2020,-40.6177951963595,0.0,164.0,0.0,12,-3.3848162663632917,0.0,-1.9546122101534502,0.0,-1.9546122101534502
RV Uthappa,2021,18.108247863392954,0.0,84.0,0.0,4,4.5270619658482385,0.0,1.8640843388786865,0.0,1.8640843388786865
RV Uthappa,2022,-4.947607169841485,0.0,171.0,0.0,12,-0.41230059748679043,0.0,-0.24227973254378404,0.0,-0.24227973254378404
RW Price,2011,0.0,-16.805834727057917,0.0,18.0,1,0.0,-16.805834727057917,0.0,-2.1920653991814674,-2.1920653991814674
Raghu Sharma,2026,0.0,-7.627870243356931,0.0,90.0,6,0.0,-1.271311707226155,0.0,-0.544847874525495,-0.544847874525495
Rahmanullah Gurbaz,2023,-46.59541562598684,0.0,170.0,0.0,11,-4.235946875089713,0.0,-2.4831412716043144,0.0,-2.4831412716043144
Rahmanullah Gurbaz,2024,-1.1770984507582511,0.0,46.0,0.0,2,-0.5885492253791256,0.0,-0.16309195402072155,0.0,-0.16309195402072155
Rahmanullah Gurbaz,2025,-25.317757820941885,0.0,53.0,0.0,5,-5.063551564188377,0.0,-1.5512614618611793,0.0,-1.5512614618611793
Ramandeep Singh,2022,-11.763202595343724,12.636738291015108,40.0,36.0,5,-2.352640519068745,2.5273476582030217,-0.5881601297671862,0.5832340749699281,-0.004926054797258161
Ramandeep Singh,2024,26.608882186983084,-2.159469724927038,62.0,4.0,14,1.900634441927363,-0.15424783749478843,0.6474688758214093,-0.004975736693380272,0.6424931391280291
Ramandeep Singh,2025,-23.91836558033818,0.0,35.0,0.0,11,-2.1743968709398342,0.0,-0.49099284182512387,0.0,-0.49099284182512387
Ramandeep Singh,2026,-30.691494584136652,-5.111533168184609,68.0,16.0,8,-3.8364368230170816,-0.6389416460230761,-1.3876473615168168,-0.07516960541447955,-1.4628169669312963
Rashid Khan,2017,-4.97398478041219,107.39378990662549,9.0,324.0,14,-0.35528462717229925,7.670984993330392,-0.02478729957016041,5.5977458059437994,5.572958506373639
Rashid Khan,2018,4.925389752026696,136.72010711268152,31.0,408.0,17,0.28972880894274683,8.042359241922442,0.0594807488557957,6.214550323303706,6.274031072159501
Rashid Khan,2019,-8.085136169605615,116.25846437934223,23.0,360.0,15,-0.5390090779737077,7.750564291956149,-0.08669376778598095,5.812923218967112,5.726229451181131
Rashid Khan,2020,-16.50330288300691,194.90638137158294,30.0,384.0,16,-1.0314564301879319,12.181648835723934,-0.20629128603758637,9.281256255789664,9.074964969752077
Rashid Khan,2021,-21.605836815855522,78.30467431918882,69.0,336.0,14,-1.5432740582753943,5.593191022799202,-0.563417513338636,4.121298648378359,3.5578811350397235
Rashid Khan,2022,21.45733322424233,94.44930714050186,44.0,383.0,16,1.3410833265151456,5.903081696281366,0.3598028436991854,4.494791828381239,4.854594672080425
Rashid Khan,2023,39.92161670827737,51.31568633554749,60.0,402.0,17,2.348330394604551,3.01856978444397,0.782776798201517,2.324645696066046,3.107422494267563
Rashid Khan,2024,-11.811169088583384,24.91354521257881,71.0,262.0,12,-0.984264090715282,2.0761287677149007,-0.36587827455908384,1.4239417202651936,1.0580634457061098
Rashid Khan,2025,-13.964016364815771,-30.03555103805067,28.0,330.0,15,-0.9309344243210514,-2.002370069203378,-0.17612272892560432,-1.4684047174158106,-1.644527446341415
Rashid Khan,2026,-21.54353572014522,48.60810364471934,41.0,341.0,17,-1.2672668070673658,2.8593002143952555,-0.3227201185699503,2.1150138245309806,1.7922937059610304
Rasikh Salam,2019,-0.7365113257560397,-15.637888013006139,4.0,24.0,1,-0.7365113257560397,-15.637888013006139,-0.023758429863098056,-2.606314668834356,-2.630073098697454
Rasikh Salam,2022,-3.686872933017009,-7.68565048508216,6.0,24.0,2,-1.8434364665085046,-3.84282524254108,-0.08778268888135736,-0.6404708737568466,-0.728253562638204
Rasikh Salam,2024,-24.155213336290217,-30.70352099483761,30.0,147.0,8,-3.019401667036277,-3.8379401243547013,-0.6038803334072554,-2.1130232145323635,-2.716903547939619
Rasikh Salam,2025,0.0,-17.783871561601075,0.0,36.0,2,0.0,-8.891935780800537,0.0,-2.0519851801847393,-2.0519851801847393
Rasikh Salam,2026,-0.09717640632547536,41.354131062228184,2.0,257.0,12,-0.00809803386045628,3.4461775885190153,-0.00013275465345010296,2.3492510351442624,2.349118280490812
Ravi Bishnoi,2020,-12.04785871937825,16.486571988596165,12.0,306.0,14,-0.8605613370984464,1.1776122848997261,-0.07823284882713148,0.8458905145054371,0.7676576656783056
Ravi Bishnoi,2021,-6.040069536341799,62.13406165187875,4.0,216.0,9,-0.6711188373713111,6.9037846279865285,-0.02164899475391326,4.438147260848483,4.41649826609457
Ravi Bishnoi,2022,-1.477805620619222,-28.264771031032375,1.0,324.0,14,-0.10555754432994444,-2.0189122165023123,-0.0008723763994210284,-1.473260266096282,-1.4741326424957029
Ravi Bishnoi,2023,-26.645057654465322,44.237199048973466,27.0,303.0,15,-1.7763371769643548,2.949146603264898,-0.3262660120954938,2.1125092690053524,1.7862432569098585
Ravi Bishnoi,2024,-10.561573889611275,-6.465837959722519,6.0,262.0,14,-0.7543981349722338,-0.46184556855160847,-0.035923720712963514,-0.3167631909961294,-0.3526869117090929
Ravi Bishnoi,2025,-15.76749903787945,-69.62984537414147,16.0,222.0,11,-1.4334090034435862,-6.32998594310377,-0.16863635334630425,-4.1089382437691135,-4.277574597115418
Ravi Bishnoi,2026,-8.285843028091568,34.28610733062105,3.0,156.0,9,-0.9206492253435076,3.8095674811801166,-0.0224548591547197,2.1532337937105006,2.130778934555781
Ravi Singh,2026,-4.172439999597586,0.0,2.0,0.0,1,-4.172439999597586,0.0,-0.06840065573110797,0.0,-0.06840065573110797
S Anirudha,2008,-16.149115507364478,0.0,7.0,0.0,1,-16.149115507364478,0.0,-0.8901087287523727,0.0,-0.8901087287523727
S Anirudha,2010,4.214689012033984,0.0,18.0,0.0,4,1.053672253008496,0.0,0.13743551126197776,0.0,0.13743551126197776
S Anirudha,2011,-6.2662730827309785,0.0,74.0,0.0,9,-0.6962525647478865,0.0,-0.26558087521311136,0.0,-0.26558087521311136
S Anirudha,2012,9.573251018044532,0.0,7.0,0.0,4,2.393312754511133,0.0,0.1319148762328971,0.0,0.1319148762328971
S Anirudha,2013,-13.78207415771142,0.0,2.0,0.0,1,-13.78207415771142,0.0,-0.22593564192969542,0.0,-0.22593564192969542
S Anirudha,2014,-5.978365237277948,0.0,5.0,0.0,1,-5.978365237277948,0.0,-0.23913460949111792,0.0,-0.23913460949111792
S Aravind,2011,2.8030231606415614,22.9634292340639,8.0,276.0,13,0.21561716620319704,1.7664176333895307,0.013476072887699815,1.2311395626654305,1.2446156355531304
S Aravind,2012,3.226572592050893,-32.93685146853548,8.0,18.0,1,3.226572592050893,-32.93685146853548,0.20166078700318082,-4.296111061113323,-4.094450274110142
S Aravind,2015,-1.47109007449913,39.694602446532855,1.0,108.0,5,-0.294218014899826,7.938920489306571,-0.0024315538421473223,3.7605412844083754,3.758109730566228
S Aravind,2016,0.0,59.08076694282862,0.0,175.0,9,0.0,6.564529660314291,0.0,3.8942125103559353,3.8942125103559353
S Aravind,2017,-29.72903764722303,-55.64744599850306,40.0,183.0,10,-2.972903764722303,-5.564744599850306,-0.7432259411805757,-3.3608853523848383,-4.104111293565414
S Arora,2026,-7.058371816082339,0.0,77.0,0.0,13,-0.5429516781601799,0.0,-0.21221969146362357,0.0,-0.21221969146362357
S Badree,2013,0.0,-16.579706334604886,0.0,24.0,1,0.0,-16.579706334604886,0.0,-2.7632843891008143,-2.7632843891008143
S Badree,2014,0.0,-5.877600665954103,0.0,84.0,4,0.0,-1.4694001664885257,0.0,-0.6050471273776282,-0.6050471273776282
S Badree,2017,-32.256846825323066,50.64166569577471,23.0,150.0,7,-4.608120975046153,7.2345236708249585,-0.7411663106717588,4.019179817124977,3.278013506453218
S Badrinath,2008,25.50568257722214,0.0,130.0,0.0,16,1.5941051610763837,0.0,0.8289346837597196,0.0,0.8289346837597196
S Badrinath,2009,-12.567854329588993,0.0,164.0,0.0,14,-0.8977038806849281,0.0,-0.5183923818039726,0.0,-0.5183923818039726
S Badrinath,2010,-3.856232666020162,0.0,303.0,0.0,16,-0.24101454162626013,0.0,-0.17264162201597358,0.0,-0.17264162201597358
S Badrinath,2011,57.01144493582752,0.0,313.0,0.0,16,3.56321530848922,0.0,2.575719149092669,0.0,2.575719149092669
S Badrinath,2012,10.959581034800152,0.0,181.0,0.0,14,0.7828272167714394,0.0,0.4707366320120616,0.0,0.4707366320120616
S Badrinath,2013,-27.917720758794946,0.0,121.0,0.0,18,-1.5509844865997193,0.0,-0.7787100534380333,0.0,-0.7787100534380333
S Chanderpaul,2008,-32.91424085403838,0.0,31.0,0.0,3,-10.971413618012795,0.0,-2.2524094182675274,0.0,-2.2524094182675274
S Dhawan,2008,-14.191548031247748,0.0,295.0,0.0,14,-1.0136820022319821,0.0,-0.7205691341167102,0.0,-0.7205691341167102
S Dhawan,2009,-24.895149853818957,0.0,45.0,0.0,5,-4.979029970763792,0.0,-1.3579172647537614,0.0,-1.3579172647537614
S Dhawan,2010,-28.256201735035273,0.0,170.0,0.0,10,-2.8256201735035273,0.0,-1.656398032743447,0.0,-1.656398032743447
S Dhawan,2011,47.47566406950782,6.829052959692742,310.0,12.0,14,3.3911188621077017,0.48778949712091013,2.444760109891599,0.04434449973826456,2.4891046096298637
S Dhawan,2012,111.20464754829383,0.6732013707270115,439.0,36.0,15,7.413643169886256,0.04488009138180076,5.822163419642337,0.010356944165030945,5.832520363807368
S Dhawan,2013,35.668032225369615,0.0,253.0,0.0,10,3.5668032225369615,0.0,2.419306207243569,0.0,2.419306207243569
S Dhawan,2014,-12.44309381358838,0.0,319.0,0.0,14,-0.8887924152563128,0.0,-0.6458423245256578,0.0,-0.6458423245256578
S Dhawan,2015,-6.082336731835733,0.0,286.0,0.0,14,-0.4344526237025524,0.0,-0.30604298122889156,0.0,-0.30604298122889156
S Dhawan,2016,-29.630341426900063,0.0,429.0,0.0,17,-1.7429612604058862,0.0,-1.3619861215193538,0.0,-1.3619861215193538
S Dhawan,2017,34.929445629940844,0.0,376.0,0.0,14,2.4949604021386316,0.0,1.8913409500083176,0.0,1.8913409500083176
S Dhawan,2018,42.31181752475558,0.0,363.0,0.0,16,2.644488595297224,0.0,1.9874727952233795,0.0,1.9874727952233795
S Dhawan,2019,35.60643521043822,0.0,384.0,0.0,16,2.225402200652389,0.0,1.6955445338303914,0.0,1.6955445338303914
S Dhawan,2020,80.42377614325368,0.0,427.0,0.0,17,4.730810361367864,0.0,3.6929726221281127,0.0,3.6929726221281127
S Dhawan,2021,46.81557568449139,0.0,471.0,0.0,16,2.925973480280712,0.0,2.3318671898683845,0.0,2.3318671898683845
S Dhawan,2022,26.275626908771237,0.0,375.0,0.0,14,1.8768304934836597,0.0,1.4218412829421665,0.0,1.4218412829421665
S Dhawan,2023,6.965976189854544,0.0,261.0,0.0,11,0.6332705627140495,0.0,0.43381526737104176,0.0,0.43381526737104176
S Dhawan,2024,-15.715868116916406,0.0,121.0,0.0,5,-3.143173623383281,0.0,-1.5781079187940954,0.0,-1.5781079187940954
S Dube,2019,-12.791153735801302,4.423318427647545,33.0,10.0,4,-3.1977884339503255,1.1058296069118863,-0.6897190739892859,0.08506381591629894,-0.6046552580729869
S Dube,2020,-21.22551860837848,9.961151715482568,105.0,54.0,11,-1.92959260076168,0.9055592468620517,-0.9004765470221173,0.2810356283364988,-0.6194409186856185
S Dube,2021,7.469067059056551,-19.192862769133626,193.0,30.0,9,0.8298963398951723,-2.132540307681514,0.5117252191685886,-0.42650806153630283,0.08521715763228577
S Dube,2022,42.58770213728786,-20.048114163043284,185.0,12.0,11,3.8716092852079877,-1.8225558330039349,2.348353172995009,-0.16568689390944863,2.18266627908556
S Dube,2023,61.18307765820895,0.0,264.0,0.0,16,3.8239423536380595,0.0,2.6289603681261657,0.0,2.6289603681261657
S Dube,2024,34.43741471742292,-1.0974764272454083,244.0,6.0,14,2.45981533695878,-0.07839117337467202,1.6488872038954459,-0.003732913017841525,1.6451542908776042
S Dube,2025,-36.511215535550036,-18.09909100272162,270.0,12.0,14,-2.6079439668250024,-1.2927922144801158,-1.8054996693403862,-0.1175265649527378,-1.923026234293124
S Dube,2026,8.497991902056823,-20.12244429283471,170.0,30.0,13,0.6536916847736017,-1.5478803302180546,0.38319857383280104,-0.30957606604361093,0.0736225077891901
S Gopal,2014,-5.136691265254218,14.45117262467831,10.0,84.0,4,-1.2841728163135544,3.6127931561695776,-0.09878252433181188,1.487620711363944,1.388838187032132
S Gopal,2015,-0.4710900744991299,-3.1973950427947306,1.0,13.0,1,-0.4710900744991299,-3.1973950427947306,-0.003893306400819255,-0.31252733501001123,-0.3164206414108305
S Gopal,2016,-20.176072666497454,1.4837629501662146,16.0,18.0,1,-20.176072666497454,1.4837629501662146,-2.37365560782323,0.19353429784776713,-2.180121309975463
S Gopal,2018,-18.936156624256697,23.583280540986046,45.0,186.0,11,-1.721468784023336,2.143934594635095,-0.4694914865518189,1.3031759300723127,0.8336844435204938
S Gopal,2019,-2.6077664334633894,103.80413876037883,46.0,288.0,14,-0.18626903096167066,7.41458134002706,-0.05161671942311355,5.233822122372042,5.182205402948929
S Gopal,2020,-22.93333020228775,-48.20502399510414,39.0,300.0,14,-1.6380950144491249,-3.443215999650296,-0.4017968903365778,-2.4594399997502117,-2.8612368900867895
S Gopal,2021,-1.3450771181018295,-44.64284712395445,5.0,42.0,3,-0.4483590393672765,-14.880949041318152,-0.01793436157469106,-3.8580238255269284,-3.8759581871016193
S Gopal,2022,-1.3446393443345546,-8.87526321848369,7.0,18.0,1,-1.3446393443345546,-8.87526321848369,-0.0741139796089912,-1.1576430284978727,-1.2317570081068638
S Gopal,2024,0.0,0.31581712340565726,0.0,42.0,3,0.0,0.10527237446855242,0.0,0.027292837825180258,0.027292837825180258
S Joseph,2024,0.0,-20.602524981061553,0.0,24.0,1,0.0,-20.602524981061553,0.0,-3.433754163510259,-3.433754163510259
S Kaul,2013,-5.206924238456905,-18.81658063822986,9.0,131.0,6,-0.8678207064094842,-3.1360967730383096,-0.06054563067973145,-1.6367676385180023,-1.6973132691977337
S Kaul,2014,-0.863330411190508,-30.979752665302776,2.0,78.0,5,-0.1726660822381016,-6.1959505330605555,-0.002830591512100026,-2.44082899787234,-2.44365958938444
S Kaul,2017,-2.740868080401963,13.795542424454526,2.0,214.0,10,-0.2740868080401963,1.3795542424454525,-0.004493226361314694,0.883906011626727,0.8794127852654123
S Kaul,2018,-22.74309767395361,51.29696311613648,14.0,396.0,17,-1.3378292749384477,3.0174684185962635,-0.13977320782939007,2.3157315770622486,2.1759583692328586
S Kaul,2019,-3.254167040740688,-28.119016814317522,1.0,162.0,7,-0.4648810058200983,-4.01700240204536,-0.003841991783637176,-2.307639677770739,-2.311481669554376
S Kaul,2020,0.0,-24.261709450674736,0.0,24.0,1,0.0,-24.261709450674736,0.0,-4.043618241779122,-4.043618241779122
S Kaul,2021,-2.4400606540802428,-21.756636586761037,8.0,180.0,8,-0.30500758176003034,-2.7195795733451296,-0.019062973860001897,-1.6317477440070776,-1.6508107178670794
S Kaul,2022,0.0,-12.935567292246038,0.0,24.0,1,0.0,-12.935567292246038,0.0,-2.1559278820410066,-2.1559278820410066
S Kaushik,2016,-3.2680330997164257,1.4509588493372378,1.0,138.0,7,-0.46686187138806085,0.20727983561960542,-0.0038583625734550484,0.1108706097500215,0.10701224717656645
S Kaushik,2017,0.0,-37.458430474135426,0.0,66.0,3,0.0,-12.486143491378476,0.0,-4.430567045327846,-4.430567045327846
S Ladda,2010,-11.487884333043288,-23.512542054596963,9.0,90.0,5,-2.2975768666086576,-4.702508410919393,-0.16029606046106915,-2.0153607475368824,-2.1756568079979517
S Ladda,2011,0.0,-15.761449685106149,0.0,24.0,2,0.0,-7.880724842553074,0.0,-1.3134541404255122,-1.3134541404255122
S Ladda,2013,0.0,-0.8217494679032811,0.0,12.0,1,0.0,-0.8217494679032811,0.0,-0.07470449708211646,-0.07470449708211646
S Ladda,2016,0.0,-9.40740968729638,0.0,12.0,1,0.0,-9.40740968729638,0.0,-0.855219062481489,-0.855219062481489
S Lamichhane,2018,0.0,38.38176402074647,0.0,72.0,3,0.0,12.793921340248824,0.0,4.797720502593309,4.797720502593309
S Lamichhane,2019,-3.254167040740688,-0.07785499659265405,1.0,138.0,6,-0.5423611734567814,-0.012975832765442341,-0.004482323747576705,-0.0069405617117482285,-0.011422885459324933
S Midhun,2019,0.0,-14.280017015428209,0.0,12.0,1,0.0,-14.280017015428209,0.0,-1.298183365038928,-1.298183365038928
S Nadeem,2011,-3.094661314221483,-0.08880104910589814,1.0,114.0,5,-0.6189322628442966,-0.01776020982117963,-0.005115142668134683,-0.008652409912882384,-0.013767552581017067
S Nadeem,2012,-2.693356851987277,4.987860257588103,2.0,270.0,12,-0.22444640433227306,0.4156550214656753,-0.0036794492513487387,0.28776116870700597,0.28408171945565724
S Nadeem,2013,-31.720968761879103,42.36904397618573,27.0,264.0,12,-2.6434140634899252,3.5307536646821442,-0.4855250320695781,2.427393144468974,1.941868112399396
S Nadeem,2014,-22.243543284351478,-21.365071982292985,19.0,228.0,11,-2.022140298577407,-1.942279271117544,-0.27640766671201966,-1.272527798318391,-1.5489354650304106
S Nadeem,2015,-10.117669730795587,-4.539575484289299,7.0,42.0,4,-2.5294174326988967,-1.1348938710723246,-0.13941670888891558,-0.29423174435208416,-0.43364845324099976
S Nadeem,2016,-6.2399694520737405,-10.024658170092705,5.0,90.0,4,-1.5599923630184351,-2.506164542523176,-0.0623996945207374,-1.0740705182242183,-1.1364702127449557
S Nadeem,2017,-15.794023989713867,35.434155392484584,9.0,107.0,7,-2.2562891413876955,5.062022198926369,-0.1574155214921648,2.386063327247231,2.2286478057550663
S Nadeem,2018,-2.151766294418789,-56.76281203565732,8.0,90.0,6,-0.35862771573646485,-9.460468672609553,-0.022414232233529053,-4.054486573975523,-4.076900806209052
S Nadeem,2019,0.0,-23.36100292435271,0.0,54.0,3,0.0,-7.787000974784237,0.0,-2.416655474933039,-2.416655474933039
S Nadeem,2020,-6.612878154848398,-8.38628756377245,8.0,132.0,7,-0.9446968792640569,-1.1980410805389214,-0.059043554954003555,-0.6275453279013398,-0.6865888828553434
S Nadeem,2021,-3.125046791061708,-7.1947746595602355,1.0,24.0,1,-3.125046791061708,-7.1947746595602355,-0.025826832983981057,-1.199129109926706,-1.224955942910687
S Narwal,2010,-6.040090297470421,-51.62917055924917,12.0,94.0,5,-1.2080180594940841,-10.325834111849833,-0.10981982359037128,-4.535646759410675,-4.6454665830010455
S Narwal,2013,0.8350870599368158,-9.195733743279124,15.0,12.0,2,0.4175435299684079,-4.597866871639562,0.046393725552045316,-0.4179878974217784,-0.3715941718697331
S Rana,2011,-3.2399692538469944,3.413775888372281,16.0,4.0,2,-1.6199846269234972,1.7068879441861404,-0.19058642669688203,0.05506090142535937,-0.13552552527152267
S Rana,2014,-21.584082606774558,-3.296243621403994,65.0,12.0,9,-2.398231400752729,-0.3662492912671105,-0.8426218435077155,-0.033295390115191864,-0.8759172336229074
S Randiv,2011,-4.918527628980897,-22.752264531891974,4.0,174.0,8,-0.6148159536226121,-2.844033066486497,-0.019832772697503616,-1.6832032434307838,-1.7030360161282874
S Sandeep Warrier,2019,0.0,8.406638839358422,0.0,72.0,3,0.0,2.802212946452807,0.0,1.0508298549198027,1.0508298549198027
S Sandeep Warrier,2020,0.0,-17.95879436766701,0.0,18.0,1,0.0,-17.95879436766701,0.0,-2.3424514392609144,-2.3424514392609144
S Sandeep Warrier,2021,0.0,-4.659037939098368,0.0,12.0,1,0.0,-4.659037939098368,0.0,-0.423548903554397,-0.423548903554397
S Sandeep Warrier,2024,0.0,24.352557533141084,0.0,66.0,5,0.0,4.870511506628217,0.0,1.7282460184809803,1.7282460184809803
S Sohal,2008,-10.74095133373093,0.0,8.0,0.0,2,-5.370475666865465,0.0,-0.33565472917909156,0.0,-0.33565472917909156
S Sohal,2009,-32.84004796284599,0.0,93.0,0.0,8,-4.105005995355749,0.0,-1.7923265613525101,0.0,-1.7923265613525101
S Sohal,2011,30.154389039738206,0.0,191.0,0.0,11,2.741308094521655,0.0,1.6835686368284122,0.0,1.6835686368284122
S Sreesanth,2008,-5.982866552474518,19.26430363433807,3.0,307.0,15,-0.3988577701649679,1.2842869089558713,-0.009728238296706535,0.9233631874694438,0.9136349491727372
S Sreesanth,2009,-17.762302594426323,-42.84310720508063,18.0,138.0,7,-2.5374717992037605,-6.12044388644009,-0.33097458250483835,-3.273725799723769,-3.6047003822286077
S Sreesanth,2010,-1.4504999647791208,-49.667512330076505,21.0,114.0,6,-0.24174999412985346,-8.277918721679418,-0.036005318274659026,-4.032832197741255,-4.068837516015915
S Sreesanth,2011,-14.1116773628816,42.34501325008535,9.0,191.0,9,-1.567964151431289,4.7050014722317055,-0.10939284777427598,2.8895668205667384,2.7801739727924626
S Sreesanth,2013,-6.245338870838079,-7.826077523887257,4.0,130.0,7,-0.8921912672625828,-1.1180110748410368,-0.028780363460083315,-0.5813657589173391,-0.6101461223774224
S Sriram,2010,-3.2585877386124364,-11.884653153420723,29.0,12.0,1,-3.2585877386124364,-11.884653153420723,-0.6342217746292661,-1.0804230139473385,-1.7146447885766047
S Sriram,2011,-8.40009489284078,-18.96070450588819,7.0,6.0,1,-8.40009489284078,-18.96070450588819,-0.4629973562983107,-0.9028906907565806,-1.3658880470548913
S Tyagi,2009,-1.8200392093016777,-3.7434831871141605,0.0,114.0,8,-0.22750490116270972,-0.46793539838927006,-0.0,-0.22796852742041362,-0.22796852742041362
S Tyagi,2010,-2.419142850434118,-63.395582364619365,4.0,95.0,6,-0.403190475072353,-10.565930394103228,-0.013006144357172678,-4.668666918324682,-4.681673062681854
S Vidyut,2008,-14.722204746728494,-3.37041811971948,109.0,12.0,9,-1.635800527414277,-0.37449090219105335,-0.7786124781142192,-0.03404462747191394,-0.8126571055861331
SA Abbott,2015,-6.787653435342227,-31.041561265435774,13.0,30.0,2,-3.3938267176711134,-15.520780632717887,-0.331727423531763,-3.104156126543577,-3.43588355007534
SA Abbott,2022,-1.7489110842819862,-9.188319413661088,5.0,24.0,1,-1.7489110842819862,-9.188319413661088,-0.06995644337127944,-1.5313865689435147,-1.601343012314794
SA Asnodkar,2008,67.14094609049161,0.0,233.0,0.0,9,7.460105121165735,0.0,4.924092048814777,0.0,4.924092048814777
SA Asnodkar,2009,-46.371993314657104,0.0,93.0,0.0,8,-5.796499164332138,0.0,-2.530865832314032,0.0,-2.530865832314032
SA Asnodkar,2010,-23.043728698877025,0.0,4.0,0.0,2,-11.521864349438513,0.0,-0.3716730435302746,0.0,-0.3716730435302746
SA Asnodkar,2011,-9.055085304664741,0.0,9.0,0.0,1,-9.055085304664741,0.0,-0.6317501375347494,0.0,-0.6317501375347494
SA Yadav,2012,-9.50279689996163,0.0,4.0,0.0,1,-9.50279689996163,0.0,-0.30654183548263325,0.0,-0.30654183548263325
SA Yadav,2014,-0.7290551473515401,-3.265786486961826,117.0,6.0,16,-0.045565946709471256,-0.20411165543511411,-0.022494581286954165,-0.009719602639767339,-0.032214183926721505
SA Yadav,2015,-6.053782336448599,0.0,113.0,0.0,13,-0.4656755643421999,0.0,-0.22584265566810555,0.0,-0.22584265566810555
SA Yadav,2016,5.914076057706344,0.0,143.0,0.0,15,0.39427173718042297,0.0,0.21437588751635164,0.0,0.21437588751635164
SA Yadav,2017,-10.039300479433289,0.0,88.0,0.0,10,-1.0039300479433289,0.0,-0.42473963566833145,0.0,-0.42473963566833145
SA Yadav,2018,55.417640659966104,0.0,384.0,0.0,14,3.958402904283293,0.0,3.0159260223110804,0.0,3.0159260223110804
SA Yadav,2019,22.25685488416774,0.0,324.0,0.0,16,1.3910534302604838,0.0,1.0150930437035963,0.0,1.0150930437035963
SA Yadav,2020,61.718529695869215,0.0,331.0,0.0,16,3.857408105991826,0.0,2.8310467474130694,0.0,2.8310467474130694
SA Yadav,2021,14.780563280656537,0.0,221.0,0.0,14,1.0557545200468954,0.0,0.6842280027283398,0.0,0.6842280027283398
SA Yadav,2022,51.03363494168275,0.0,208.0,0.0,8,6.379204367710344,0.0,4.04534911123095,0.0,4.04534911123095
SA Yadav,2023,176.77537525500924,0.0,334.0,0.0,16,11.048460953438077,0.0,8.128162904071184,0.0,8.128162904071184
SA Yadav,2024,44.92336932894993,0.0,206.0,0.0,11,4.083942666268175,0.0,2.580650887273755,0.0,2.580650887273755
SA Yadav,2025,146.68786207471805,0.0,427.0,0.0,16,9.167991379669878,0.0,7.1567318448245665,0.0,7.1567318448245665
SA Yadav,2026,-43.610352021417675,0.0,183.0,0.0,13,-3.354642463185975,0.0,-2.026071190637074,0.0,-2.026071190637074
SB Bangar,2008,-29.67751770418657,-27.947864765163374,49.0,150.0,11,-2.697956154926052,-2.540714978651216,-0.782247642552524,-1.4115083214728978,-2.1937559640254216
SB Bangar,2009,-11.175480910741411,0.0,9.0,0.0,1,-11.175480910741411,0.0,-0.7796847147028891,0.0,-0.7796847147028891
SB Dubey,2024,5.025246864748443,0.0,19.0,0.0,4,1.2563117161871107,0.0,0.17172606192485687,0.0,0.17172606192485687
SB Dubey,2025,-6.2790385552494365,0.0,66.0,0.0,9,-0.6976709505832708,0.0,-0.24756065988438639,0.0,-0.24756065988438639
SB Dubey,2026,-14.289509168138338,0.0,58.0,0.0,7,-2.041358452591191,0.0,-0.6651617429791521,0.0,-0.6651617429791521
SB Jakati,2009,-0.7886247046569458,6.138378000200707,15.0,174.0,9,-0.08762496718410509,0.6820420000223009,-0.009736107464900565,0.4036575102172801,0.3939214027523795
SB Jakati,2010,0.0,16.48491968550333,0.0,228.0,11,0.0,1.4986290623184844,0.0,0.9818604201396967,0.9818604201396967
SB Jakati,2011,0.0,-2.929814089456344,0.0,265.0,15,0.0,-0.1953209392970896,0.0,-0.13444168549020452,-0.13444168549020452
SB Jakati,2012,-9.16014111192366,-48.27931421379585,12.0,246.0,15,-0.6106760741282441,-3.21862094758639,-0.05551600673893128,-2.1633353910006883,-2.2188513977396194
SB Jakati,2014,0.0,-19.14619860470369,0.0,22.0,1,0.0,-19.14619860470369,0.0,-2.9663124598836705,-2.9663124598836705
SB Jakati,2016,-1.895987780829496,-39.242872752014975,2.0,120.0,6,-0.31599796347158265,-6.540478792002496,-0.0051802944831406995,-3.2702393960012484,-3.275419690484389
SB Jakati,2017,0.0,-21.408456336660848,0.0,30.0,2,0.0,-10.704228168330424,0.0,-2.140845633666085,-2.140845633666085
SB Joshi,2008,-15.948823941686666,-18.29283820410369,14.0,55.0,4,-3.9872059854216664,-4.573209551025922,-0.41657375967092036,-1.4372944303224326,-1.853868189993353
SB Styris,2008,-41.51342798293165,-2.5225346938162865,123.0,162.0,8,-5.189178497866457,-0.3153168367270358,-2.626621214969441,-0.18113945939638226,-2.807760674365823
SB Styris,2009,4.26123316980933,-0.3205724891470565,8.0,48.0,2,2.130616584904665,-0.16028624457352825,0.13316353655654156,-0.04579606987815093,0.08736746667839063
SB Styris,2011,2.4507557901603905,-6.96070450588819,2.0,6.0,2,1.2253778950801952,-3.480352252944095,0.02008816221442943,-0.16573105966400453,-0.1456428974495751
SB Wagh,2010,0.0,1.4794965653495584,0.0,6.0,1,0.0,1.4794965653495584,0.0,0.07045221739759802,0.07045221739759802
SB Wagh,2011,-5.46394473336277,-7.4537247145139665,3.0,96.0,7,-0.7805635333375386,-1.064817816359138,-0.019038134959452162,-0.4732523628262835,-0.4922904977857357
SC Ganguly,2008,-15.83377847269614,33.401182065649735,307.0,120.0,13,-1.2179829594381646,2.569321697357672,-0.8756926663876264,1.284660848678836,0.40896818229120957
SC Ganguly,2009,-54.90951425017647,-24.020345162530344,207.0,72.0,13,-4.223808788475113,-1.8477188586561804,-2.6737872147227777,-0.6928945719960676,-3.3666817867188454
SC Ganguly,2010,49.033858391687644,-19.96977263978454,419.0,24.0,14,3.5024184565491177,-1.4264123314131816,2.7226592454435625,-0.23773538856886361,2.484923856874699
SC Ganguly,2011,-22.83978187195641,0.0,59.0,0.0,4,-5.709945467989103,0.0,-1.8820490648679167,0.0,-1.8820490648679167
SC Ganguly,2012,-80.47599044329672,-18.711768905087453,271.0,60.0,15,-5.365066029553115,-1.2474512603391636,-3.7184984501506246,-0.4158170867797212,-4.1343155369303455
SC Kuggeleijn,2019,0.0,-6.446420446536314,0.0,48.0,2,0.0,-3.223210223268157,0.0,-0.9209172066480449,-0.9209172066480449
SD Chitnis,2008,0.48383043748717736,-13.235365368751946,10.0,36.0,3,0.16127681249572579,-4.411788456250648,0.012405908653517369,-1.0181050283655342,-1.0056991197120169
SD Chitnis,2009,-5.936618140157821,0.0,8.0,0.0,1,-5.936618140157821,0.0,-0.3710386337598638,0.0,-0.3710386337598638
SD Chitnis,2011,-4.291638153579922,0.0,9.0,0.0,1,-4.291638153579922,0.0,-0.2994166153660411,0.0,-0.2994166153660411
SD Chitnis,2012,-4.035949715036882,0.0,62.0,0.0,6,-0.6726582858394803,0.0,-0.22914732814311964,0.0,-0.22914732814311964
SD Hope,2024,-21.257454849214927,0.0,122.0,0.0,9,-2.3619394276905474,0.0,-1.1907297941249868,0.0,-1.1907297941249868
SD Lad,2019,-8.752241231892366,0.0,13.0,0.0,1,-8.752241231892366,0.0,-0.8554822256736899,0.0,-0.8554822256736899
SE Bond,2010,-6.618291300107796,40.45509124712103,2.0,186.0,8,-0.8272864125134745,5.056886405890129,-0.013562072336286467,3.0737936976979214,3.060231625361635
SE Marsh,2008,166.07221611644968,0.0,441.0,0.0,11,15.097474192404517,0.0,11.868067948039915,0.0,11.868067948039915
SE Marsh,2010,20.49850652627215,0.0,114.0,0.0,4,5.124626631568037,0.0,2.496612974353659,0.0,2.496612974353659
SE Marsh,2011,113.977867912114,0.0,344.0,0.0,14,8.141276279436713,0.0,6.035773793375494,0.0,6.035773793375494
SE Marsh,2012,9.14272276265489,0.0,280.0,0.0,13,0.7032863663580684,0.0,0.4923004564506479,0.0,0.4923004564506479
SE Marsh,2013,48.821986417325576,0.0,249.0,0.0,8,6.102748302165697,0.0,4.1181147079654705,0.0,4.1181147079654705
SE Marsh,2014,11.389890336135572,0.0,52.0,0.0,2,5.694945168067786,0.0,1.721727608950726,0.0,1.721727608950726
SE Marsh,2015,-9.693347262506101,0.0,58.0,0.0,4,-2.4233368156265254,0.0,-0.7896266028445981,0.0,-0.7896266028445981
SE Marsh,2016,-3.12507452451754,0.0,134.0,0.0,6,-0.5208457540862567,0.0,-0.2747768938880252,0.0,-0.2747768938880252
SE Marsh,2017,38.78259156932732,0.0,194.0,0.0,9,4.309176841036369,0.0,2.6623576661180115,0.0,2.6623576661180115
SE Rutherford,2019,-9.475573074033285,-7.510430405613444,54.0,41.0,7,-1.3536532962904693,-1.072918629373349,-0.42009929884876634,-0.273227725492592,-0.6933270243413583
SE Rutherford,2022,-24.811777262268613,0.0,50.0,0.0,3,-8.270592420756204,0.0,-2.4325271825753543,0.0,-2.4325271825753543
SE Rutherford,2025,11.146077052717196,0.0,185.0,0.0,13,0.8573905425167074,0.0,0.5200565585757078,0.0,0.5200565585757078
SE Rutherford,2026,-0.8692111953743247,0.0,75.0,0.0,8,-0.10865139942179058,0.0,-0.04178899977761176,0.0,-0.04178899977761176
SH Johnson,2024,-5.150674522012383,-5.642829616347427,7.0,96.0,5,-1.0301349044024766,-1.1285659232694853,-0.05677908921903414,-0.5015848547864379,-0.5583639440054721
SH Johnson,2025,-3.521958022920717,-47.31907436795916,4.0,68.0,4,-0.8804895057301793,-11.82976859198979,-0.028402887281618685,-4.278852469443115,-4.307255356724734
SH Johnson,2026,-6.961450985533354,-20.791772399873114,1.0,66.0,3,-2.320483661844451,-6.930590799957705,-0.019177550924334305,-2.4592418967591856,-2.4784194476835197
SJ Srivastava,2010,-3.529610634518737,-41.03744775731405,2.0,162.0,8,-0.44120132931484213,-5.129680969664256,-0.007232808677292494,-2.9468380038496793,-2.9540708125269717
SJ Srivastava,2011,0.1761336852405853,-31.11946466466709,3.0,120.0,6,0.02935561420676422,-5.186577444111181,0.0007159905904088834,-2.5932887220555907,-2.592572731465182
SK Raina,2008,74.71821162048357,-2.7843381805118805,295.0,20.0,16,4.669888226280223,-0.17402113628199253,3.3195591006088336,-0.024860162325998934,3.294698938282835
SK Raina,2009,98.14963730526236,37.35703900026891,308.0,166.0,14,7.010688378947312,2.6683599285906365,5.045074814756477,1.5487683501609988,6.593843164917476
SK Raina,2010,104.44482638820305,15.064134011034891,364.0,143.0,16,6.527801649262691,0.9415083756896807,4.90933843043723,0.5119228050327921,5.421261235470022
SK Raina,2011,42.35323838859196,-12.261268451094693,325.0,165.0,16,2.6470773992869976,-0.7663292781934183,1.9332587747601666,-0.4436643189540843,1.4895944558060823
SK Raina,2012,43.885696723223596,-7.373831547540726,325.0,84.0,18,2.438094262401311,-0.409657308196707,1.7806306410796091,-0.16868242102217346,1.6119482200574358
SK Raina,2013,96.40806464150768,-5.821749467903281,365.0,12.0,18,5.356003591194871,-0.32343052599462674,4.0308068263631505,-0.02940277509042061,4.00140405127273
SK Raina,2014,94.91882629347646,-9.751055141579485,359.0,108.0,16,5.9324266433422785,-0.6094409463487178,4.446223726429808,-0.28868255353360317,4.157541172896204
SK Raina,2015,-8.453275542088797,-6.487161370182898,305.0,72.0,17,-0.49725150247581157,-0.3815977276578175,-0.35685107824734713,-0.14309914787168157,-0.49995022611902873
SK Raina,2016,0.847427915702923,-22.6404634490747,312.0,60.0,15,0.05649519438019487,-1.5093642299383134,0.040802084830140736,-0.5031214099794378,-0.462319325149297
SK Raina,2017,62.88750787779286,-20.281128130314766,307.0,72.0,14,4.491964848413775,-1.4486520093081976,3.229585968297492,-0.5432445034905741,2.686341464806918
SK Raina,2018,14.793447013913664,0.0,336.0,0.0,15,0.9862298009275776,0.0,0.7266956427887414,0.0,0.7266956427887414
SK Raina,2019,-50.44960562044898,0.3599914922858958,314.0,6.0,17,-2.9676238600264107,0.021175970134464456,-2.1470827005721036,0.0010083795302125932,-2.146074321041891
SK Raina,2021,-14.516688063679384,0.0,128.0,0.0,12,-1.2097240053066154,0.0,-0.6243736801582531,0.0,-0.6243736801582531
SK Rasheed,2025,-50.79925416263748,0.0,63.0,0.0,5,-10.159850832527496,0.0,-3.497653565296351,0.0,-3.497653565296351
SK Trivedi,2008,-13.47134858199304,-24.664674024083652,12.0,288.0,15,-0.8980899054662026,-1.6443116016055768,-0.08164453686056387,-1.1606905423098188,-1.2423350791703827
SK Trivedi,2009,-17.40238101302968,18.67628580467305,18.0,120.0,7,-2.4860544304328114,2.668040829239007,-0.32426796918688844,1.3340204146195036,1.0097524454326152
SK Trivedi,2010,-2.607078395122769,30.438901771146845,14.0,213.0,11,-0.23700712682934266,2.7671728882860767,-0.02476193862396117,1.7699934690838868,1.7452315304599255
SK Trivedi,2011,-4.044608874417435,-40.076037806555334,2.0,214.0,12,-0.3370507395347862,-3.3396698172129446,-0.005525421959586659,-2.139788445759192,-2.145313867718779
SK Trivedi,2012,-3.08007055596183,23.89112823958771,6.0,312.0,14,-0.2200050397115593,1.7065091599705509,-0.010476430462455204,1.2324788377565088,1.2220024072940536
SK Trivedi,2013,-8.31431361699038,13.749120649493795,7.0,359.0,17,-0.48907727158766945,0.8087718029113997,-0.0269570149693991,0.6061567374638674,0.5791997224944684
SK Warne,2008,-21.016322065005248,42.50984445407087,59.0,312.0,15,-1.4010881376670166,2.8339896302713914,-0.4618111738678993,2.046770288529338,1.5849591146614388
SK Warne,2009,-39.986471524704314,1.9330696208215237,116.0,300.0,13,-3.0758824249772547,0.1486976631401172,-1.5118744122769556,0.10621261652865514,-1.4056617957483004
SK Warne,2010,-28.350676299948702,-16.11256594270965,19.0,300.0,14,-2.025048307139193,-1.1508975673364037,-0.27680516428521346,-0.822069690954574,-1.0988748552397876
SK Warne,2011,-18.517499653032946,56.52867196835096,20.0,282.0,13,-1.4244230502333035,4.348359382180844,-0.20348900717618623,3.050341656156711,2.846852648980525
SL Malinga,2009,-4.904650784960373,42.726204009366114,1.0,297.0,13,-0.3772808296123364,3.2866310776435474,-0.0031180233852259208,2.3408379617749007,2.3377199383896747
SL Malinga,2010,-0.35478571260852954,71.44835935076276,1.0,294.0,13,-0.02729120866219458,5.496027642366366,-0.0002255471790264015,3.9029761518253903,3.902750604646364
SL Malinga,2011,-8.607042027459423,150.46533767770285,9.0,378.0,16,-0.5379401267162139,9.404083604856428,-0.037530706515084694,7.138039362722349,7.100508656207264
SL Malinga,2012,-26.477002445731877,78.88627333753763,53.0,333.0,14,-1.8912144604094199,5.634733809824117,-0.5793894011658917,4.142089091989914,3.5626996908240223
SL Malinga,2013,-22.69400531412052,51.01312221351507,18.0,392.0,17,-1.334941489065913,3.000771894912651,-0.17412280292164084,2.2974659820424983,2.1233431791208575
SL Malinga,2014,-5.546700031682693,80.98391947583964,4.0,235.0,10,-0.5546700031682693,8.098391947583965,-0.017892580747363527,5.360907345583751,5.343014764836387
SL Malinga,2015,-8.7109007449913,85.2218370160489,10.0,360.0,15,-0.5807267163327533,5.6814558010699265,-0.04467128587175025,4.261091850802445,4.2164205649306945
SL Malinga,2017,2.888697879397055,-10.567133808450016,3.0,269.0,12,0.2407248232830879,-0.8805944840375014,0.005871337153246046,-0.60894580001565,-0.603074462862404
SL Malinga,2019,0.0,-57.25236544388896,0.0,269.0,12,0.0,-4.7710304536574135,0.0,-3.2992472802926587,-3.2992472802926587
SM Boland,2016,0.0,9.941629314962503,0.0,42.0,2,0.0,4.9708146574812515,0.0,1.2887297260136577,1.2887297260136577
SM Curran,2019,0.5898849200135281,-56.43149316913244,55.0,198.0,9,0.06554276889039201,-6.270165907681382,0.020599155936980345,-3.904065565160106,-3.8834664092231255
SM Curran,2020,-12.885828092468678,-11.84997951187826,141.0,252.0,14,-0.9204162923191913,-0.8464271079913043,-0.4972363878046206,-0.5733861054134642,-1.0706224932180848
SM Curran,2021,13.058961366364292,-59.2507236962038,29.0,198.0,9,1.4509957073738102,-6.583413744022645,0.2824085604955738,-4.099106670806552,-3.8166981103109787
SM Curran,2023,-3.5499473570563467,-112.64546094177572,203.0,287.0,14,-0.2535676683611676,-8.04610435298398,-0.1593629618492787,-5.673788573234403,-5.833151535083682
SM Curran,2024,-40.09560683838425,-21.353082061405146,219.0,246.0,13,-3.0842774491064806,-1.642544773954242,-1.9924978211041866,-1.1040055038053103,-3.096503324909497
SM Curran,2025,-26.17615858122698,-37.73683515931624,84.0,72.0,5,-5.235231716245396,-7.547367031863248,-2.1556836478657515,-2.8302626369487185,-4.98594628481447
SM Harwood,2009,-8.704013128998248,6.3623392303013855,14.0,60.0,3,-2.9013377096660826,2.120779743433795,-0.3031248353382474,0.7069265811445984,0.403801745806351
SM Katich,2008,22.49017281743768,0.0,69.0,0.0,2,11.24508640871884,0.0,4.105349006357672,0.0,4.105349006357672
SM Katich,2009,-9.701752995729342,0.0,117.0,0.0,9,-1.077972555081038,0.0,-0.5321636664324112,0.0,-0.5321636664324112
SM Pollock,2008,-0.5358755047250408,51.5442012489301,111.0,276.0,13,-0.04122119267115698,3.9649385576100076,-0.01980758608873777,2.7634420250009146,2.743634438912177
SMSM Senanayake,2013,-14.877562770831386,18.693220942505153,17.0,192.0,8,-1.8596953463539232,2.336652617813144,-0.23076511597092478,1.4379400725003966,1.2071749565294718
SN Khan,2015,2.1541578182681835,0.0,71.0,0.0,13,0.16570444755909103,0.0,0.061596941239243266,0.0,0.061596941239243266
SN Khan,2016,19.15768386644136,0.0,31.0,0.0,5,3.831536773288272,0.0,0.7866068872313671,0.0,0.7866068872313671
SN Khan,2018,-18.913994886968723,0.0,41.0,0.0,7,-2.7019992695669606,0.0,-0.6880867705108409,0.0,-0.6880867705108409
SN Khan,2019,9.916690314178481,-2.9683365323191753,143.0,2.0,8,1.2395862892723102,-0.3710420665398969,0.673995586942739,-0.0060826568285229,0.667912930114216
SN Khan,2020,-11.782275459455557,0.0,29.0,0.0,5,-2.356455091891111,0.0,-0.45863891050229677,0.0,-0.45863891050229677
SN Khan,2021,-18.164491789278298,0.0,4.0,0.0,2,-9.082245894639149,0.0,-0.2929756740206177,0.0,-0.2929756740206177
SN Khan,2022,-7.860734916978853,0.0,67.0,0.0,6,-1.3101224861631422,0.0,-0.46940217418679425,0.0,-0.46940217418679425
SN Khan,2023,-29.870716795435825,0.0,62.0,0.0,4,-7.467679198858956,0.0,-2.5439346721387657,0.0,-2.5439346721387657
SN Khan,2026,4.083469934313182,0.0,95.0,0.0,8,0.5104337417891478,0.0,0.22554049055799552,0.0,0.22554049055799552
SN Thakur,2015,-1.8265404469947784,-15.262067929578485,6.0,18.0,1,-1.8265404469947784,-15.262067929578485,-0.08697811652356087,-1.9907045125537153,-2.0776826290772763
SN Thakur,2017,-9.571419748507978,2.839057558763007,3.0,229.0,12,-0.7976183123756648,0.23658812989691724,-0.019454105179894265,0.15523977577763337,0.1357856705977391
SN Thakur,2018,7.7560785549826505,-22.240178477231282,5.0,280.0,13,0.5966214273063577,-1.7107829597870217,0.023864857092254308,-1.1975480718509153,-1.1736832147586609
SN Thakur,2019,0.321026761323576,-19.790180360498837,7.0,180.0,10,0.0321026761323576,-1.9790180360498837,0.0017694388419409702,-1.1874108216299302,-1.1856413827879893
SN Thakur,2020,-15.477886038659083,2.4416308326392837,21.0,194.0,9,-1.7197651154065647,0.2712923147376982,-0.2561352299541692,0.16761372311819572,-0.08852150683597348
SN Thakur,2021,-8.731240224260745,-2.512998676255201,5.0,359.0,16,-0.5457025140162965,-0.15706241726595005,-0.02182810056065186,-0.11771483882771622,-0.1395429393883681
SN Thakur,2022,-13.71529481509493,-62.72598208133627,87.0,290.0,14,-0.9796639153639236,-4.480427291524019,-0.4117428050080259,-3.1690827183950376,-3.5808255234030635
SN Thakur,2023,-5.893178431821397,-26.385716429332916,70.0,126.0,11,-0.5357434938019452,-2.39870149357572,-0.19737918192703244,-1.2286032040265882,-1.4259823859536207
SN Thakur,2024,-7.900248762760322,-42.868019781379864,17.0,190.0,9,-0.8778054180844802,-4.7631133090422075,-0.10892475990829316,-2.919327511993611,-3.0282522719019043
SN Thakur,2025,-6.305683092362102,-20.89883272033861,12.0,204.0,10,-0.6305683092362102,-2.089883272033861,-0.05732439174874638,-1.3158524305398385,-1.373176822288585
SN Thakur,2026,-25.639357817372353,-25.435354272355738,30.0,132.0,9,-2.8488175352635947,-2.826150474706193,-0.5697635070527189,-1.4803645343699108,-2.0501280414226297
SO Hetmyer,2019,-11.431306163258615,0.0,73.0,0.0,5,-2.286261232651723,0.0,-0.8647516579459884,0.0,-0.8647516579459884
SO Hetmyer,2020,7.832651987814873,0.0,125.0,0.0,12,0.6527209989845727,0.0,0.3330209178492718,0.0,0.3330209178492718
SO Hetmyer,2021,54.607122425100954,0.0,144.0,0.0,14,3.900508744650068,0.0,2.1275502243545827,0.0,2.1275502243545827
SO Hetmyer,2022,26.4382505129172,0.0,204.0,0.0,15,1.76255003419448,0.0,1.1097537252335614,0.0,1.1097537252335614
SO Hetmyer,2023,22.980065351616776,0.0,197.0,0.0,14,1.6414332394011983,0.0,1.0200704989338678,0.0,1.0200704989338678
SO Hetmyer,2024,-5.205802901753691,0.0,69.0,0.0,12,-0.43381690847947424,0.0,-0.15837760150837948,0.0,-0.15837760150837948
SO Hetmyer,2025,-24.904654282479818,0.0,164.0,0.0,14,-1.778903877319987,0.0,-1.0272543516918236,0.0,-1.0272543516918236
SO Hetmyer,2026,-39.81971637178239,0.0,69.0,0.0,8,-4.977464546472799,0.0,-1.8171695963313392,0.0,-1.8171695963313392
SP Fleming,2008,-23.08167199727148,0.0,165.0,0.0,10,-2.3081671997271482,0.0,-1.3363073261578227,0.0,-1.3363073261578227
SP Goswami,2008,-7.653565203491803,0.0,85.0,0.0,4,-1.9133913008729508,0.0,-0.7933573686546381,0.0,-0.7933573686546381
SP Goswami,2009,4.52233773263014,0.0,60.0,0.0,2,2.26116886631507,0.0,0.7537229554383568,0.0,0.7537229554383568
SP Goswami,2010,-11.62016384718051,0.0,10.0,0.0,1,-11.62016384718051,0.0,-0.8938587574754239,0.0,-0.8938587574754239
SP Goswami,2011,-32.46930942673283,0.0,29.0,0.0,5,-6.493861885346566,0.0,-1.2639060045305397,0.0,-1.2639060045305397
SP Goswami,2012,-27.11724742391337,0.0,67.0,0.0,11,-2.4652043112648516,0.0,-0.8832550206136099,0.0,-0.8832550206136099
SP Goswami,2018,-13.350239853204588,0.0,40.0,0.0,6,-2.225039975534098,0.0,-0.5562599938835245,0.0,-0.5562599938835245
SP Goswami,2020,-18.1029632023996,0.0,4.0,0.0,2,-9.0514816011998,0.0,-0.2919832774580581,0.0,-0.2919832774580581
SP Jackson,2017,-10.373930142386065,0.0,31.0,0.0,4,-2.5934825355965163,0.0,-0.5324368119436557,0.0,-0.5324368119436557
SP Jackson,2022,-26.422542444599156,0.0,26.0,0.0,5,-5.2845084889198315,0.0,-0.9410768541912029,0.0,-0.9410768541912029
SP Narine,2012,-2.246788191257146,153.99934505912887,7.0,355.0,15,-0.14978587941714308,10.266623003941925,-0.008255914613543318,7.672949823998702,7.664693909385159
SP Narine,2013,-10.230291020202944,156.51150370091187,19.0,384.0,16,-0.639393188762684,9.781968981306992,-0.08739906896756112,7.452928747662471,7.36552967869491
SP Narine,2014,-11.982284588404866,137.1587494686618,14.0,384.0,16,-0.7488927867753041,8.572421841791362,-0.07824252996159894,6.531369022317229,6.45312649235563
SP Narine,2015,-1.47109007449913,26.378336379469566,1.0,192.0,8,-0.18388625931239125,3.2972920474336957,-0.0015197211513420764,2.0291027984207357,2.0275830772693935
SP Narine,2016,-13.6439597846934,56.17068264264201,13.0,256.0,11,-1.2403599804266727,5.106425694785637,-0.12123819357553944,3.476715366662561,3.3554771730870216
SP Narine,2017,-25.626403016494667,38.26238643838513,130.0,354.0,16,-1.6016501885309167,2.3913991523990705,-0.8328580980360766,1.785981645462597,0.9531235474265204
SP Narine,2018,35.33511365354405,44.72933195246797,188.0,366.0,16,2.208444603346503,2.7955832470292483,1.3480116410037097,2.1053157786269647,3.4533274196306745
SP Narine,2019,-20.533133949819486,35.029622929075295,86.0,266.0,12,-1.7110944958182905,2.919135244089608,-0.7143404205843349,2.0116320593985377,1.2972916388142028
SP Narine,2020,-34.35777999759168,-29.124139169136896,85.0,228.0,10,-3.4357779997591678,-2.91241391691369,-1.4245908779489234,-1.9081332559089692,-3.3327241338578926
SP Narine,2021,-36.51043801068053,56.74280830981907,47.0,336.0,14,-2.6078884293343236,4.0530577364156475,-0.73395662382463,2.986463595253635,2.252506971429005
SP Narine,2022,-31.411325101890306,109.18875657974485,40.0,336.0,14,-2.2436660787064504,7.799196898553204,-0.5609165196766126,5.746776662091834,5.185860142415222
SP Narine,2023,-48.75059658069809,19.828874759799128,25.0,288.0,14,-3.4821854700498633,1.416348197128509,-0.600376805181011,0.9997751979730651,0.39939839279205414
SP Narine,2024,92.11047181414607,122.89903619629133,270.0,330.0,14,6.579319415296148,8.778502585449381,4.554913441358871,6.437568562662879,10.992482004021749
SP Narine,2025,-10.87720888690304,58.36907442140724,144.0,270.0,12,-0.9064340739085867,4.86408953511727,-0.49441858576831993,3.3674466012350335,2.8730280154667134
SP Narine,2026,-19.706420082388036,123.6934336445904,32.0,306.0,13,-1.5158784678760027,9.514879511122338,-0.3191323090265269,6.834631761510411,6.515499452483884
SPD Smith,2012,39.43345070890659,-2.16235116852782,267.0,2.0,15,2.628896713927106,-0.14415674456852132,1.813734942166763,-0.0023632253207954315,1.8113717168459675
SPD Smith,2013,7.262520167093975,0.0,132.0,0.0,7,1.037502881013425,0.0,0.5434538900546512,0.0,0.5434538900546512
SPD Smith,2014,5.09867844452762,0.0,110.0,0.0,10,0.509867844452762,0.0,0.24384983865132095,0.0,0.24384983865132095
SPD Smith,2015,19.167811740613587,0.0,221.0,0.0,14,1.3691294100438276,0.0,0.8873243390606624,0.0,0.8873243390606624
SPD Smith,2016,61.20588942325516,0.0,176.0,0.0,8,7.650736177906895,0.0,4.549086376052748,0.0,4.549086376052748
SPD Smith,2017,10.000195855885128,0.0,387.0,0.0,15,0.6666797237256752,0.0,0.5088857062758113,0.0,0.5088857062758113
SPD Smith,2019,-10.095413731622568,0.0,275.0,0.0,12,-0.841284477635214,0.0,-0.5857043831637566,0.0,-0.5857043831637566
SPD Smith,2020,-28.794342724934967,0.0,237.0,0.0,14,-2.0567387660667835,0.0,-1.3653980043636629,0.0,-1.3653980043636629
SPD Smith,2021,-22.76701735293542,0.0,135.0,0.0,8,-2.8458771691169273,0.0,-1.5066408542383731,0.0,-1.5066408542383731
SR Dubey,2026,0.9028235936745246,34.76191162034395,2.0,77.0,4,0.22570589841863115,8.690477905085988,0.003700096695387396,3.3967857801605135,3.400485876855901
SR Tendulkar,2008,-1.7121334376343604,0.0,177.0,0.0,7,-0.24459049109062292,0.0,-0.1457660502459268,0.0,-0.1457660502459268
SR Tendulkar,2009,54.93361045144272,-23.58993748909525,303.0,36.0,13,4.225662342418671,-1.81461057608425,3.026892883576495,-0.41875628678867305,2.6081365967878223
SR Tendulkar,2010,135.15688735457675,0.0,466.0,0.0,15,9.010459156971784,0.0,7.16531393711408,0.0,7.16531393711408
SR Tendulkar,2011,56.944227944560645,0.0,488.0,0.0,16,3.5590142465350403,0.0,2.856577224192598,0.0,2.856577224192598
SR Tendulkar,2012,3.198379071214302,0.0,283.0,0.0,13,0.24602915932417707,0.0,0.1727698562996082,0.0,0.1727698562996082
SR Tendulkar,2013,-2.1616253312163423,0.0,231.0,0.0,14,-0.15440180937259587,0.0,-0.10161486599734942,0.0,-0.10161486599734942
SR Watson,2008,116.35779451092208,73.51459267156346,311.0,325.0,15,7.757186300728138,4.900972844770897,5.597412852729585,3.5793621900012167,9.176775042730801
SR Watson,2010,58.73355195497326,8.310156991264645,114.0,132.0,6,9.788925325828876,1.385026165210774,4.768963620275606,0.7254898960627865,5.4944535163383925
SR Watson,2011,67.50564081325703,11.699489084505126,253.0,216.0,11,6.136876437568821,1.0635899167731933,4.162546216367056,0.6837363750684814,4.846282591435537
SR Watson,2012,72.54588362306272,10.636939878584318,168.0,138.0,7,10.363697660437532,1.5195628397977596,6.045490301921894,0.8127894259383366,6.85827972786023
SR Watson,2013,137.2042943403006,35.95085770021771,380.0,250.0,16,8.575268396268788,2.246928606263607,6.517203981164279,1.5181950042321668,8.035398985396446
SR Watson,2014,-27.646685385450716,10.223004222341332,196.0,126.0,13,-2.126668106573132,0.7863849401801025,-1.3190726230643477,0.4027825303361501,-0.9162900927281976
SR Watson,2015,68.62756069735508,-32.35317743411496,257.0,174.0,10,6.862756069735508,-3.235317743411496,4.678324429501394,-1.914779888957824,2.7635445405435703
SR Watson,2016,-32.427970023885266,9.908791308828764,134.0,339.0,16,-2.026748126492829,0.6192994568017978,-1.0692293265749573,0.4573911020823735,-0.6118382244925837
SR Watson,2017,-42.28844417102518,-40.115042406635034,78.0,161.0,8,-5.286055521378148,-5.014380300829379,-2.0823855084216945,-2.873007930368434,-4.955393438790129
SR Watson,2018,91.83725877252232,-38.3566042909685,359.0,168.0,15,6.122483918168155,-2.557106952731233,4.588667487729368,-1.4916457224265527,3.0970217653028156
SR Watson,2019,-62.76742326632662,0.0,312.0,0.0,17,-3.692201368607448,0.0,-2.6665898773276013,0.0,-2.6665898773276013
SR Watson,2020,-1.5990400629331738,0.0,247.0,0.0,11,-0.14536727844847033,0.0,-0.09783574326095959,0.0,-0.09783574326095959
SS Agarwal,2017,0.0,-12.016476564377985,0.0,24.0,1,0.0,-12.016476564377985,0.0,-2.0027460940629975,-2.0027460940629975
SS Cottrell,2020,-4.768248945688358,-7.294846509661433,2.0,120.0,6,-0.7947081576147262,-1.2158077516102388,-0.01302800258384797,-0.6079038758051194,-0.6209318783889674
SS Iyer,2015,42.485304062604236,0.0,342.0,0.0,14,3.0346645759003024,0.0,2.246440010731393,0.0,2.246440010731393
SS Iyer,2016,-72.55186047924141,0.0,43.0,0.0,6,-12.091976746540235,0.0,-3.1899079760811664,0.0,-3.1899079760811664
SS Iyer,2017,17.71994004901709,0.0,243.0,0.0,12,1.4766616707514242,0.0,0.9885090523212013,0.0,0.9885090523212013
SS Iyer,2018,35.25191059191836,0.0,310.0,0.0,14,2.5179936137084544,0.0,1.8152977215107462,0.0,1.8152977215107462
SS Iyer,2019,-7.25777296672706,0.0,386.0,0.0,16,-0.45361081042044127,0.0,-0.346035124154724,0.0,-0.346035124154724
SS Iyer,2020,17.04182823576782,0.0,421.0,0.0,17,1.0024604844569307,0.0,0.7801032605478149,0.0,0.7801032605478149
SS Iyer,2021,-35.55556341435853,0.0,171.0,0.0,8,-4.444445426794816,0.0,-2.611684426054686,0.0,-2.611684426054686
SS Iyer,2022,45.16836907590063,2.493794233607654,298.0,6.0,14,3.226312076850045,0.17812815954340386,2.300098083495965,0.00848229331159066,2.3085803768075555
SS Iyer,2024,6.467667923903967,0.0,239.0,0.0,14,0.4619762802788548,0.0,0.3075552395171206,0.0,0.3075552395171206
SS Iyer,2025,89.413974507885,0.0,345.0,0.0,18,4.9674430282158335,0.0,3.68552224674078,0.0,3.68552224674078
SS Iyer,2026,74.3047899203811,0.0,295.0,0.0,14,5.307484994312936,0.0,3.772790538126063,0.0,3.772790538126063
SS Mishra,2026,-3.6457646094882126,-9.064096431723218,3.0,38.0,2,-1.8228823047441063,-4.532048215861609,-0.04446054401814893,-1.0899862797641844,-1.1344468237823333
SS Mundhe,2011,0.0,10.737863759721476,0.0,6.0,1,0.0,10.737863759721476,0.0,0.5113268457010226,0.5113268457010226
SS Prabhudessai,2022,-17.93133687456359,0.0,59.0,0.0,5,-3.586267374912718,0.0,-1.18206578279246,0.0,-1.18206578279246
SS Prabhudessai,2023,-16.393039046832104,0.0,29.0,0.0,5,-3.278607809366421,0.0,-0.6381182984672901,0.0,-0.6381182984672901
SS Prabhudessai,2024,-1.474289937128285,0.0,18.0,0.0,1,-1.474289937128285,0.0,-0.19229868745151543,0.0,-0.19229868745151543
SS Sarkar,2009,0.0,-5.690633686158983,0.0,25.0,2,0.0,-2.8453168430794915,0.0,-0.49057186949646403,-0.49057186949646403
SS Shaikh,2009,-5.525476702014235,0.0,7.0,0.0,2,-2.7627383510071173,0.0,-0.15227691698464427,0.0,-0.15227691698464427
SS Tiwary,2008,-5.439448975853283,0.0,20.0,0.0,3,-1.8131496586177611,0.0,-0.2590213798025373,0.0,-0.2590213798025373
SS Tiwary,2009,-3.9949076055858925,0.0,12.0,0.0,4,-0.9987269013964731,0.0,-0.09079335467240665,0.0,-0.09079335467240665
SS Tiwary,2010,45.446410749785834,0.0,309.0,0.0,16,2.8404006718616146,0.0,2.0458830014108136,0.0,2.0458830014108136
SS Tiwary,2011,-50.58392320629367,0.0,188.0,0.0,16,-3.1614952003933543,0.0,-1.9297438236167226,0.0,-1.9297438236167226
SS Tiwary,2012,-25.218127465382835,0.0,170.0,0.0,14,-1.8012948189559168,0.0,-1.0559314455948476,0.0,-1.0559314455948476
SS Tiwary,2013,-3.7775109637216797,0.0,106.0,0.0,9,-0.41972344041351994,0.0,-0.19686143665412884,0.0,-0.19686143665412884
SS Tiwary,2015,3.044337754816241,0.0,78.0,0.0,7,0.4349053935451773,0.0,0.17132636715416075,0.0,0.17132636715416075
SS Tiwary,2016,-10.121115171840032,0.0,141.0,0.0,10,-1.0121115171840032,0.0,-0.5467728885936568,0.0,-0.5467728885936568
SS Tiwary,2017,10.738178468212027,0.0,43.0,0.0,1,10.738178468212027,0.0,2.832771006951639,0.0,2.832771006951639
SS Tiwary,2020,-2.3838392381684024,0.0,80.0,0.0,7,-0.34054846259548605,0.0,-0.13621938503819442,0.0,-0.13621938503819442
SS Tiwary,2021,11.701873565752603,0.0,97.0,0.0,5,2.3403747131505206,0.0,1.0461582819152095,0.0,1.0461582819152095
SSB Magala,2023,0.0,-5.589893899468118,0.0,36.0,2,0.0,-2.794946949734059,0.0,-0.6449877576309366,-0.6449877576309366
ST Jayasuriya,2008,163.9205831597905,0.7580830409158779,309.0,126.0,14,11.708613082842179,0.05414878863684842,8.433476556173037,0.027734745399361386,8.461211301572398
ST Jayasuriya,2009,-22.84706637791359,-16.396815883118144,192.0,114.0,12,-1.9039221981594656,-1.3664013235931787,-1.1716444296365942,-0.6656826961094973,-1.8373271257460915
ST Jayasuriya,2010,-39.18256845376229,3.1963376161596266,31.0,54.0,4,-9.795642113440573,0.7990844040399067,-2.011025864348727,0.2479917115985917,-1.7630341527501352
STR Binny,2010,-0.5939677723443257,-2.9423265767103617,5.0,6.0,1,-0.5939677723443257,-2.9423265767103617,-0.023758710893773027,-0.1401107893671601,-0.1638695002609331
STR Binny,2011,1.6062633241239683,-17.76144968510615,31.0,24.0,6,0.2677105540206614,-2.9602416141843584,0.0549604448651689,-0.49337360236405975,-0.43841315749889087
STR Binny,2012,1.915394645876317,3.7701188624052815,67.0,60.0,8,0.23942433073453961,0.4712648578006602,0.08578304897975483,0.1570882859335534,0.24287133491330823
STR Binny,2013,44.48186574776964,11.478593810519026,199.0,144.0,17,2.6165803381040966,0.6752114006187663,1.632286793989703,0.3682971276102362,2.0005839215999393
STR Binny,2014,-49.92713517727052,15.135489173428727,121.0,54.0,13,-3.84054885979004,1.164268397956056,-1.9282423735875305,0.36132467522774153,-1.566917698359789
STR Binny,2015,-27.514430764404327,1.5805060192326188,66.0,114.0,13,-2.116494674184948,0.12157738609481683,-0.7510142392269171,0.05923000861029538,-0.6917842306166218
STR Binny,2016,2.1612508845894007,-27.72874032294135,39.0,102.0,14,0.1543750631849572,-1.980624308781525,0.0378655815359329,-0.910016574305025,-0.8721509927690921
STR Binny,2017,-28.446504848948113,22.494661422877535,76.0,36.0,8,-3.555813106118514,2.811832677859692,-1.3787846738010565,0.6488844641214673,-0.7299002096795892
STR Binny,2018,-16.93693603578873,-21.32589591912986,39.0,12.0,7,-2.419562290826961,-3.046556559875694,-0.5934775430330282,-0.2769596872614268,-0.870437230294455
STR Binny,2019,4.365259568525424,4.457549524564091,40.0,42.0,8,0.545657446065678,0.5571936905705114,0.1364143615164195,0.1444576234812437,0.2808719849976632
SU Parakh,2026,-28.277402624749417,0.0,33.0,0.0,4,-7.069350656187354,0.0,-1.5247619062364883,0.0,-1.5247619062364883
SV Samson,2013,-14.715285428513612,0.0,178.0,0.0,11,-1.3377532207739646,0.0,-0.7990606486502205,0.0,-0.7990606486502205
SV Samson,2014,4.182560550452618,0.0,273.0,0.0,13,0.3217354269578937,0.0,0.22349560193258264,0.0,0.22349560193258264
SV Samson,2015,-23.394379958398034,0.0,163.0,0.0,14,-1.6710271398855738,0.0,-0.9624643950577686,0.0,-0.9624643950577686
SV Samson,2016,-46.00037792942689,0.0,259.0,0.0,14,-3.2857412806733493,0.0,-2.2454010334944523,0.0,-2.2454010334944523
SV Samson,2017,13.617995557842079,0.0,273.0,0.0,14,0.9727139684172913,0.0,0.67570206966392,0.0,0.67570206966392
SV Samson,2018,36.72848158188252,0.0,320.0,0.0,15,2.448565438792168,0.0,1.7807748645761219,0.0,1.7807748645761219
SV Samson,2019,21.06060613456988,0.0,230.0,0.0,12,1.7550505112141568,0.0,1.153318907369303,0.0,1.153318907369303
SV Samson,2020,44.48258613541505,0.0,236.0,0.0,14,3.177327581101075,0.0,2.1063182841007126,0.0,2.1063182841007126
SV Samson,2021,66.6161753966258,0.0,354.0,0.0,14,4.758298242616129,0.0,3.5536657761310333,0.0,3.5536657761310333
SV Samson,2022,75.13823104343037,0.0,312.0,0.0,17,4.419895943731198,0.0,3.192147070472532,0.0,3.192147070472532
SV Samson,2023,42.665003588406634,0.0,236.0,0.0,14,3.0475002563147595,0.0,2.02025297890529,0.0,2.02025297890529
SV Samson,2024,47.498735352535306,0.0,346.0,0.0,15,3.1665823568356872,0.0,2.3511534237449525,0.0,2.3511534237449525
SV Samson,2025,8.076492691226239,0.0,203.0,0.0,9,0.8973880768029154,0.0,0.5639931256687053,0.0,0.5639931256687053
SV Samson,2026,11.193599723388822,0.0,288.0,0.0,14,0.7995428373849158,0.0,0.5643831793305288,0.0,0.5643831793305288
SW Billings,2016,1.9397899129171452,0.0,64.0,0.0,5,0.38795798258342906,0.0,0.13494190698554054,0.0,0.13494190698554054
SW Billings,2017,1.781028853965097,0.0,104.0,0.0,6,0.29683814232751615,0.0,0.13781770893777537,0.0,0.13781770893777537
SW Billings,2018,-20.61615048408698,0.0,78.0,0.0,10,-2.061615048408698,0.0,-0.8121513827064568,0.0,-0.8121513827064568
SW Billings,2019,-9.80319463778325,0.0,4.0,0.0,1,-9.80319463778325,0.0,-0.31623208508978223,0.0,-0.31623208508978223
SW Billings,2022,-14.272728778789814,0.0,138.0,0.0,8,-1.7840910973487267,0.0,-0.9542812846283887,0.0,-0.9542812846283887
SW Tait,2010,-5.3278982317666,-12.995602230349881,13.0,187.0,8,-0.665987278970825,-1.6244502787937352,-0.06509650095203552,-0.9894860004378778,-1.0545825013899133
SW Tait,2011,-7.197984841771756,-1.1544271057877502,10.0,89.0,4,-1.799496210442939,-0.28860677644693755,-0.13842278541868763,-0.12289953638171025,-0.2613223218003979
SW Tait,2012,0.0,20.9464184083945,0.0,137.0,6,0.0,3.4910697347324167,0.0,1.8609982632620274,1.8609982632620274
SW Tait,2013,-4.889013955453978,-40.22367917188237,3.0,60.0,3,-1.6296713184846594,-13.407893057294123,-0.03974808093865023,-4.469297685764707,-4.509045766703357
SZ Mulani,2024,-0.5929535031446261,-19.236343875350393,1.0,30.0,2,-0.29647675157231307,-9.618171937675196,-0.002450221087374488,-1.9236343875350395,-1.926084608622414
Sachin Baby,2013,-7.418195415916447,0.0,7.0,0.0,4,-1.8545488539791117,0.0,-0.10221922817207703,0.0,-0.10221922817207703
Sachin Baby,2016,0.794699478301979,8.292600511471594,79.0,10.0,11,0.07224540711836172,0.7538727737701449,0.02868033749924913,0.05799021336693423,0.08667055086618336
Sachin Baby,2017,-16.36978001181025,0.0,15.0,0.0,3,-5.456593337270083,0.0,-0.6062881485855648,0.0,-0.6062881485855648
Sachin Baby,2021,-14.742510151116134,0.0,17.0,0.0,1,-14.742510151116134,0.0,-1.8293625734961627,0.0,-1.8293625734961627
Sakib Hussain,2026,-5.840117422139164,22.591081157527398,7.0,252.0,11,-0.5309197656490149,2.053734650684309,-0.029263294169630742,1.3912396020764675,1.3619763079068368
Salil Arora,2026,3.818768733182009,0.0,21.0,0.0,1,3.818768733182009,0.0,0.5687527900483843,0.0,0.5687527900483843
Salman Butt,2008,0.529376896655636,0.0,161.0,0.0,7,0.07562527095080515,0.0,0.04332978157679583,0.0,0.04332978157679583
Sameer Rizvi,2024,-20.318854553399618,0.0,43.0,0.0,8,-2.539856819174952,0.0,-0.6700235780645579,0.0,-0.6700235780645579
Sameer Rizvi,2025,2.7884627934115134,0.0,79.0,0.0,6,0.4647437989019189,0.0,0.18449628197613865,0.0,0.18449628197613865
Sameer Rizvi,2026,-9.047430518877853,0.0,171.0,0.0,11,-0.8224936835343503,0.0,-0.4833210305304945,0.0,-0.4833210305304945
Sandeep Sharma,2013,-1.3563249153841004,35.07334546140892,1.0,96.0,4,-0.3390812288460251,8.76833636535223,-0.0028023242053390506,3.8970383846009913,3.8942360603956523
Sandeep Sharma,2014,-5.15832602797627,49.06250587691524,5.0,241.0,11,-0.4689387298160245,4.460227806992294,-0.018757549192640978,2.977603605222002,2.958846056029361
Sandeep Sharma,2015,-12.951041231582755,31.408518135125306,14.0,300.0,14,-0.9250743736844825,2.243465581080379,-0.09664956142972204,1.6024754150574134,1.5058258536276914
Sandeep Sharma,2016,-2.924978903855346,63.31934206130553,9.0,300.0,14,-0.20892706456109614,4.522810147236109,-0.014576306829843916,3.230578676597221,3.2160023697673767
Sandeep Sharma,2017,-1.2226042412058904,30.42186305549439,6.0,288.0,13,-0.0940464800927608,2.340143311961107,-0.004478403813940991,1.6518658672666637,1.6473874634527228
Sandeep Sharma,2018,-9.435215574617235,6.742841507443179,4.0,264.0,12,-0.7862679645514362,0.5619034589535983,-0.025363482727465685,0.3863086280305988,0.3609451453031331
Sandeep Sharma,2019,1.6976165056829702,-13.346598199618946,3.0,256.0,11,0.15432877324390637,-1.2133271090562678,0.0037641164205830823,-0.8260950529744803,-0.8223309365538972
Sandeep Sharma,2020,-13.751651441503455,73.14360076245825,15.0,312.0,13,-1.057819341654112,5.6264308278814035,-0.11753548240601244,4.063533375692125,3.9459978932861124
Sandeep Sharma,2021,-2.9550922816218903,-56.21959693920416,7.0,141.0,7,-0.4221560402316986,-8.03137099131488,-0.02326844316237709,-4.338786627491947,-4.362055070654324
Sandeep Sharma,2022,0.0,-18.430376189684473,0.0,120.0,5,0.0,-3.686075237936895,0.0,-1.8430376189684474,-1.8430376189684474
Sandeep Sharma,2023,-6.396131238623221,-34.093962177702494,6.0,276.0,12,-0.5330109365519351,-2.841163514808541,-0.025381473169139766,-1.9802048739574678,-2.0055863471266075
Sandeep Sharma,2024,0.0,58.51976235675229,0.0,228.0,10,0.0,5.851976235675229,0.0,3.834053395787219,3.834053395787219
Sandeep Sharma,2025,-1.8523189435237795,-18.259752219001587,5.0,219.0,10,-0.18523189435237794,-1.8259752219001588,-0.007409275774095118,-1.179612311493023,-1.1870215872671182
Sandeep Sharma,2026,0.0,-26.53647814176858,0.0,118.0,6,0.0,-4.42274635696143,0.0,-2.1927902105943224,-2.1927902105943224
Sanvir Singh,2023,-4.52599236932385,0.0,9.0,0.0,2,-2.262996184661925,0.0,-0.15788345474385523,0.0,-0.15788345474385523
Sanvir Singh,2024,-10.409639252043121,0.0,12.0,0.0,4,-2.6024098130107802,0.0,-0.23658271027370728,0.0,-0.23658271027370728
Saurav Chauhan,2024,-14.37231342291884,0.0,15.0,0.0,3,-4.7907711409729465,0.0,-0.5323079045525496,0.0,-0.5323079045525496
Sediqullah Atal,2025,-2.7987055355587622,0.0,16.0,0.0,1,-2.7987055355587622,0.0,-0.3292594747716191,0.0,-0.3292594747716191
Shahbaz Ahmed,2020,-0.4741048681933401,4.6712461042965225,1.0,36.0,2,-0.23705243409667004,2.3356230521482613,-0.0019591110255923142,0.5389899351111372,0.5370308240855449
Shahbaz Ahmed,2021,-21.172736042185814,24.84550716879182,53.0,84.0,11,-1.9247941856532558,2.2586824698901653,-0.589676831442905,0.9300457228959504,0.3403688914530455
Shahbaz Ahmed,2022,-5.332974514196113,-105.35833565850103,181.0,210.0,16,-0.3333109071372571,-6.584895978656315,-0.20042948236492866,-4.190388350054018,-4.390817832418947
Shahbaz Ahmed,2023,-37.44738825545008,-41.59515839569507,39.0,42.0,10,-3.744738825545008,-4.159515839569507,-0.9185208440016057,-1.0783929954439464,-1.9969138394455521
Shahbaz Ahmed,2024,-42.962250827597714,-29.26988839521339,166.0,165.0,16,-2.685140676724857,-1.8293680247008368,-1.5585082249521898,-1.0591078037741688,-2.6176160287263586
Shahbaz Ahmed,2025,-5.383749518939725,-33.792765692235626,8.0,51.0,3,-1.7945831729799082,-11.264255230745208,-0.11216144831124426,-3.359514717941553,-3.4716761662527973
Shahbaz Ahmed,2026,-2.116124438687187,-19.103855404749353,41.0,67.0,5,-0.42322488773743744,-3.8207710809498705,-0.107777766442453,-1.368939371249419,-1.476717137691872
Shahid Afridi,2008,-14.390148168007677,26.078158401408416,46.0,180.0,10,-1.4390148168007677,2.607815840140842,-0.39876314200503205,1.5646895040845052,1.1659263620794733
Shakib Al Hasan,2011,-2.3914184075964102,31.231083507525284,22.0,153.0,7,-0.34163120108520145,4.461583358217898,-0.05292877763291853,2.500447816144097,2.4475190385111785
Shakib Al Hasan,2012,-13.387540535539145,47.95352320723934,74.0,180.0,8,-1.6734425669423931,5.994190400904918,-0.6383234533697788,3.596514240542951,2.958190787173172
Shakib Al Hasan,2014,12.312889003785536,43.96193356375774,152.0,300.0,13,0.9471453079835027,3.3816871972121336,0.5292870838731338,2.415490855151524,2.944777939024658
Shakib Al Hasan,2015,-3.3440128840507954,6.397170417759472,27.0,84.0,4,-0.8360032210126989,1.599292604439868,-0.15355161202274062,0.6585322488870046,0.504980636864264
Shakib Al Hasan,2016,-30.27348722750405,7.445729716412176,106.0,186.0,10,-3.027348722750405,0.7445729716412176,-1.4199069230599244,0.4525835709976029,-0.9673233520623215
Shakib Al Hasan,2017,-0.3704340402009816,-15.527155400217673,1.0,18.0,1,-0.3704340402009816,-15.527155400217673,-0.003061438348768443,-2.025281139158827,-2.0283425775075954
Shakib Al Hasan,2018,-22.59080082521458,20.369427566847527,197.0,342.0,17,-1.3288706367773282,1.1982016215792664,-0.8258281244325982,0.8869804211690674,0.06115229673646916
Shakib Al Hasan,2019,-7.161317523691777,-9.073880747279444,10.0,65.0,3,-2.3871058412305923,-3.0246269157598147,-0.1836235262485071,-1.0627067541858808,-1.2463302804343879
Shakib Al Hasan,2021,-18.470614504471524,-3.9577940794976323,48.0,156.0,8,-2.3088268130589404,-0.49472425993720404,-0.6596648037311258,-0.27962675561668054,-0.9392915593478064
Shashank Singh,2022,-4.765100346740562,-7.0838167933018745,47.0,12.0,10,-0.47651003467405617,-0.7083816793301875,-0.13410761454898587,-0.0643983344845625,-0.19850594903354837
Shashank Singh,2024,45.89227507058929,7.902523572754592,215.0,6.0,14,3.278019647899235,0.5644659694824709,2.1038036546218972,0.02687933188011766,2.130682986502015
Shashank Singh,2025,6.157467150515231,-9.508306232851801,228.0,12.0,18,0.3420815083619573,-0.5282392351584334,0.22412236754748924,-0.04802174865076668,0.17610061889672257
Shashank Singh,2026,10.002500341955626,11.806385751272288,70.0,60.0,12,0.8335416951629688,0.9838654792726906,0.30709430874425164,0.32795515975756356,0.6350494685018152
Shivam Mavi,2018,-14.19188196295708,-54.26445959930196,15.0,168.0,9,-1.5768757736618977,-6.0293843999224395,-0.17520841929576642,-3.5171408999547564,-3.692349319250523
Shivam Mavi,2020,-14.277546573310117,21.316730840749003,14.0,156.0,8,-1.7846933216637646,2.6645913550936253,-0.18646049629322914,1.506073374618136,1.3196128783249068
Shivam Mavi,2021,-4.740230053803963,33.32444671781963,20.0,193.0,9,-0.5266922282004403,3.7027163019799594,-0.07524174688577719,2.2831445568119237,2.2079028099261464
Shivam Mavi,2022,-8.6839366223589,-50.57358750489986,7.0,132.0,6,-1.44732277039315,-8.428931250816644,-0.07977369600592164,-4.4151544647134795,-4.494928160719401
Shivam Sharma,2014,-1.1150348260874394,5.976535184930191,3.0,96.0,4,-0.27875870652185986,1.4941337962325478,-0.006798992841996582,0.6640594649922434,0.6572604721502469
Shivam Sharma,2015,0.0,-16.446609019846374,0.0,18.0,1,0.0,-16.446609019846374,0.0,-2.145209872153875,-2.145209872153875
Shivam Singh,2024,-2.7788605094338785,0.0,3.0,0.0,1,-2.7788605094338785,0.0,-0.06777708559594826,0.0,-0.06777708559594826
Shivang Kumar,2026,-27.346529148788846,-30.15068193500152,46.0,234.0,13,-2.1035791652914497,-2.3192832257693476,-0.5829195277313656,-1.5330855221187214,-2.116005049850087
Shoaib Ahmed,2009,-9.348372092758602,-23.26058409579941,6.0,102.0,8,-1.1685465115948253,-2.907573011974926,-0.055645071980705965,-1.3359119244209121,-1.3915569964016181
Shoaib Akhtar,2008,-7.59168576367008,40.93884509690204,7.0,42.0,3,-2.53056192122336,13.646281698967348,-0.13947979093357102,3.537924884917461,3.3984450939838897
Shoaib Malik,2008,-8.241941751973807,-16.569332768475636,47.0,51.0,7,-1.1774202502819724,-2.3670475383536624,-0.3313697710374413,-0.705961546526531,-1.0373313175639722
Shubman Gill,2018,18.280920515323132,0.0,139.0,0.0,13,1.4062246550248563,0.0,0.7546919963260812,0.0,0.7546919963260812
Shubman Gill,2019,-12.879025407465406,0.0,238.0,0.0,14,-0.919930386247529,0.0,-0.6115738321980779,0.0,-0.6115738321980779
Shubman Gill,2020,17.06042419149538,0.0,373.0,0.0,14,1.2186017279639556,0.0,0.9219846745041693,0.0,0.9219846745041693
Shubman Gill,2021,-15.522844245474264,0.0,402.0,0.0,17,-0.9131084850278979,0.0,-0.7031984884697605,0.0,-0.7031984884697605
Shubman Gill,2022,40.61409451354938,0.0,365.0,0.0,16,2.5383809070968364,0.0,1.9103278991553512,0.0,1.9103278991553512
Shubman Gill,2023,213.94154655902975,0.0,564.0,0.0,17,12.584796856413515,0.0,10.37693775879711,0.0,10.37693775879711
Shubman Gill,2024,25.27672371866523,0.0,289.0,0.0,12,2.1063936432221024,0.0,1.4883808383647619,0.0,1.4883808383647619
Shubman Gill,2025,63.89466554632449,0.0,417.0,0.0,15,4.259644369754966,0.0,3.307768532938214,0.0,3.307768532938214
Shubman Gill,2026,98.59672930263861,0.0,449.0,0.0,16,6.162295581414913,0.0,4.862690186388921,0.0,4.862690186388921
Sikandar Raza,2023,4.885943923088586,-23.012709571812195,98.0,72.0,7,0.6979919890126551,-3.2875299388303136,0.3137762152442211,-1.2328237270613676,-0.9190475118171464
Sikandar Raza,2024,-11.279355439688862,-7.695876797429059,38.0,12.0,2,-5.639677719844431,-3.8479383987145295,-1.3563781857853696,-0.3498125817013209,-1.7061907674866905
Simarjeet Singh,2022,-9.192438252075494,-3.5861227372810234,8.0,108.0,6,-1.5320730420125823,-0.5976871228801706,-0.0957545651257864,-0.2831149529432387,-0.3788695180690251
Simarjeet Singh,2024,0.0,1.7978648136414552,0.0,72.0,4,0.0,0.4494662034103638,0.0,0.1685498262788864,0.1685498262788864
Simarjeet Singh,2025,-11.633324939536648,-42.799317767608024,7.0,60.0,4,-2.908331234884162,-10.699829441902006,-0.16030172160778844,-3.566609813967335,-3.7269115355751232
Sohail Tanvir,2008,-14.622863030803204,104.35905180343697,29.0,247.0,11,-1.3293511846184731,9.487186527585179,-0.25873278089889745,6.385109188865229,6.126376407966331
Sumit Kumar,2024,-17.06751504320556,-13.123550058607107,24.0,20.0,4,-4.26687876080139,-3.2808875146517766,-0.711146460133565,-0.4686982163788252,-1.1798446765123902
Sunny Gupta,2012,-3.166717635295316,-30.51316057867876,1.0,18.0,1,-3.166717635295316,-30.51316057867876,-0.02617122012640757,-3.979977466784186,-4.006148686910594
Sunny Singh,2011,-12.5432692628527,0.0,31.0,0.0,6,-2.0905448771421167,0.0,-0.42918470987685836,0.0,-0.42918470987685836
Suryansh Shedge,2025,-18.14584780202818,-15.05785173421261,11.0,18.0,5,-3.6291695604056358,-3.011570346842522,-0.30473942873635107,-0.3928135235011985,-0.6975529522375497
Suryansh Shedge,2026,24.07499856397372,0.0,90.0,0.0,7,3.439285509139103,0.0,1.4739795039167582,0.0,1.4739795039167582
Suyash Sharma,2023,0.0,29.273841724700965,0.0,234.0,11,0.0,2.6612583386091786,0.0,1.7591368678942028,1.7591368678942028
Suyash Sharma,2024,0.0,-22.391753594858116,0.0,24.0,2,0.0,-11.195876797429058,0.0,-1.8659794662381763,-1.8659794662381763
Suyash Sharma,2025,0.0,-11.859293439236055,0.0,300.0,14,0.0,-0.8470923885168611,0.0,-0.6050659917977579,-0.6050659917977579
Suyash Sharma,2026,0.0,-12.147273723599834,0.0,245.0,12,0.0,-1.0122728102999863,0.0,-0.6794707904753332,-0.6794707904753332
Swapnil Singh,2016,-3.2680330997164257,-9.516237049833785,1.0,18.0,1,-3.2680330997164257,-9.516237049833785,-0.027008538014185336,-1.2412483108478851,-1.2682568488620705
Swapnil Singh,2017,-15.518634567653063,-10.740162634227051,19.0,42.0,4,-3.8796586419132657,-2.6850406585567628,-0.5303130517723169,-0.6961216522184199,-1.2264347039907368
Swapnil Singh,2023,-3.8558843661302102,-4.491393930330487,4.0,12.0,2,-1.9279421830651051,-2.2456969651652434,-0.06219168332468081,-0.20415426956047666,-0.2663459528851575
Swapnil Singh,2024,4.01428082981313,35.405133514054214,21.0,90.0,7,0.5734686899733042,5.057876216293459,0.08541023042155595,2.1676612355543394,2.2530714659758955
T Banton,2020,-21.82144328268314,0.0,20.0,0.0,2,-10.91072164134157,0.0,-1.5586745201916528,0.0,-1.5586745201916528
T Dahiya,2026,-17.786526660916348,0.0,15.0,0.0,2,-8.893263330458174,0.0,-0.9881403700509082,0.0,-0.9881403700509082
T Henderson,2009,-10.489832500605994,5.882994907538809,16.0,36.0,2,-5.244916250302997,2.9414974537694043,-0.617048970623882,0.6788071047160164,0.061758134092134376
T Kohler-Cadmore,2024,-33.77484151406907,0.0,54.0,0.0,3,-11.258280504689688,0.0,-3.493949122145076,0.0,-3.493949122145076
T Kohli,2008,-16.36542922581147,0.0,15.0,0.0,2,-8.182714612905736,0.0,-0.9091905125450818,0.0,-0.9091905125450818
T Kohli,2009,-5.878328674729749,0.0,4.0,0.0,2,-2.9391643373648746,0.0,-0.09481175281822177,0.0,-0.09481175281822177
T Natarajan,2017,0.0,-23.91883207208653,0.0,76.0,6,0.0,-3.986472012014422,0.0,-1.5457748618015106,-1.5457748618015106
T Natarajan,2020,-4.3705243409667,11.668219240703884,5.0,377.0,16,-0.27315777131041874,0.7292637025439928,-0.01092631085241675,0.5531839353301514,0.5422576244777346
T Natarajan,2021,0.0,-9.521865969119595,0.0,48.0,2,0.0,-4.760932984559798,0.0,-1.360266567017085,-1.360266567017085
T Natarajan,2022,0.0,14.578613177141861,0.0,258.0,11,0.0,1.32532847064926,0.0,0.9045892736177489,0.9045892736177489
T Natarajan,2023,0.0,-20.966075782394956,0.0,270.0,12,0.0,-1.7471729818662463,0.0,-1.2095812951381706,-1.2095812951381706
T Natarajan,2024,0.0,38.06661521683044,0.0,308.0,14,0.0,2.7190439440593175,0.0,1.956695174696892,1.956695174696892
T Natarajan,2025,0.0,-15.270883437214742,0.0,25.0,3,0.0,-5.090294479071581,0.0,-0.8776369791502726,-0.8776369791502726
T Natarajan,2026,-2.097176406325475,-74.42764684131753,2.0,191.0,10,-0.20971764063254753,-7.4427646841317525,-0.003437994108730287,-4.570958375142008,-4.574396369250739
T Shamsi,2016,0.0,-21.538692404382058,0.0,96.0,4,0.0,-5.3846731010955144,0.0,-2.3931880449313394,-2.3931880449313394
T Shamsi,2021,-3.2200303270401216,-10.1542902153069,4.0,24.0,1,-3.2200303270401216,-10.1542902153069,-0.1038719460335523,-1.69238170255115,-1.7962536485847023
T Stubbs,2022,-16.789524187136006,0.0,4.0,0.0,2,-8.394762093568003,0.0,-0.27079877721187107,0.0,-0.27079877721187107
T Stubbs,2023,-17.820057286958964,7.949058334367792,31.0,12.0,2,-8.910028643479482,3.974529167183896,-1.829211178462675,0.3613208333803542,-1.4678903450823209
T Stubbs,2024,78.19691630901622,16.555509116978307,198.0,12.0,14,5.585494022072587,1.1825363654984504,3.477760428837649,0.10750330595440459,3.5852637347920533
T Stubbs,2025,-0.06826239546622448,-25.09909100272162,199.0,12.0,15,-0.004550826364414965,-1.6732727335147748,-0.0028389167602463263,-0.1521157030467977,-0.15495461980704403
T Stubbs,2026,-40.25550022008265,0.0,216.0,0.0,14,-2.8753928728630465,0.0,-1.8484668468405299,0.0,-1.8484668468405299
T Taibu,2008,-7.4785552773114805,0.0,26.0,0.0,3,-2.492851759103827,0.0,-0.443932505045887,0.0,-0.443932505045887
T Thushara,2009,-8.672045773800802,6.757573138336615,7.0,48.0,2,-4.336022886900401,3.3787865691683074,-0.23899338746695123,0.9653675911909451,0.7263742037239939
T Thushara,2010,-6.722682047995503,18.901772422301715,11.0,87.0,4,-1.6806705119988758,4.725443105575429,-0.1411250048243331,1.98605579799547,1.844930793171137
T Vijay,2026,0.0,-14.6652609542113,0.0,12.0,1,0.0,-14.6652609542113,0.0,-1.3332055412919364,-1.3332055412919364
TA Boult,2015,0.0,-34.99214938512175,0.0,168.0,7,0.0,-4.998878483588821,0.0,-2.9160124487601453,-2.9160124487601453
TA Boult,2016,0.0,2.292098128737951,0.0,24.0,1,0.0,2.292098128737951,0.0,0.3820163547896585,0.3820163547896585
TA Boult,2017,-5.963472321607853,-30.478403173574584,8.0,143.0,6,-0.9939120536013087,-5.07973386226243,-0.062119503350081796,-2.7619845714963027,-2.8241040748463844
TA Boult,2018,-7.78840354507382,-3.141704022088886,2.0,316.0,14,-0.5563145389338443,-0.22440743014920614,-0.009119910474325317,-0.16264391726410354,-0.17176382773842885
TA Boult,2019,-0.5565505350577176,-15.118392164960158,4.0,114.0,5,-0.11131010701154351,-3.0236784329920314,-0.003590648613275597,-1.4730741083807333,-1.4766647569940088
TA Boult,2020,-3.2941440774950177,132.07209625018322,1.0,344.0,15,-0.21960960516633452,8.80480641667888,-0.001814955414597806,6.527701308917101,6.525886353502504
TA Boult,2021,-4.220030327040122,-4.022625989173466,4.0,308.0,14,-0.301430737645723,-0.28733042779810475,-0.009723572182120097,-0.20677049477059875,-0.21649406695271883
TA Boult,2022,-6.496441416560794,12.53195121988054,29.0,372.0,16,-0.4060275885350496,0.7832469512425337,-0.07902550380883516,0.5922111094760621,0.513185605667227
TA Boult,2023,-4.377157937896937,67.55280993706016,14.0,228.0,10,-0.4377157937896937,6.755280993706016,-0.04573150084369934,4.4258737544970455,4.3801422536533465
TA Boult,2024,-15.127334468917374,84.20110850695978,16.0,320.0,15,-1.0084889645944917,5.613407233797319,-0.11864576054052843,4.082477988216231,3.963832227675703
TA Boult,2025,-4.5314305754159445,84.32068942555101,3.0,346.0,16,-0.28321441096349653,5.270043089096938,-0.006907668560085282,3.9129504481277695,3.9060427795676844
TA Boult,2026,-3.269616405923061,-59.07616201520779,4.0,97.0,5,-0.6539232811846122,-11.81523240304156,-0.021094299393052005,-5.281463332235167,-5.302557631628219
TD Paine,2011,-30.93932245791769,0.0,26.0,0.0,2,-15.469661228958845,0.0,-2.7548711777597945,0.0,-2.7548711777597945
TG Southee,2011,0.0,-26.13032429065318,0.0,114.0,5,0.0,-5.226064858130636,0.0,-2.5460315975508223,-2.5460315975508223
TG Southee,2014,-5.776016085318092,-14.092107922824155,4.0,60.0,3,-1.9253386951060307,-4.697369307608052,-0.06210769984213002,-1.5657897692026839,-1.6278974690448138
TG Southee,2015,-2.0598498797938474,-21.982357234927214,9.0,168.0,7,-0.2942642685419782,-3.140336747846745,-0.020530065247114756,-1.8318631029106014,-1.8523931681577162
TG Southee,2016,-5.216851420050778,1.790565597801379,19.0,258.0,11,-0.47425922000461623,0.16277869070921627,-0.06482679985674611,0.11110291588089365,0.04627611602414754
TG Southee,2017,1.068658670095377,-14.816064797135054,3.0,60.0,3,0.356219556698459,-4.938688265711685,0.008688281870694122,-1.6462294219038947,-1.6375411400332005
TG Southee,2018,-12.696580184148388,-31.0038403599415,46.0,174.0,8,-1.5870725230185485,-3.8754800449926874,-0.4397911810774291,-2.2936514551997536,-2.7334426362771826
TG Southee,2019,-3.9071504829510904,-49.01277439808282,9.0,54.0,3,-1.30238349431703,-16.337591466027607,-0.0908639647197928,-5.070287006698223,-5.1611509714180155
TG Southee,2021,-5.3450771181018295,0.21447984627062655,5.0,72.0,3,-1.7816923727006098,0.07149328209020885,-0.0712676949080244,0.02680998078382832,-0.04445771412419608
TG Southee,2022,-28.113732440277452,42.19171043361888,12.0,210.0,9,-3.123748048919717,4.687967825957653,-0.2839770953563379,2.983252252882143,2.699275157525805
TG Southee,2023,0.0,-22.042903859763467,0.0,36.0,2,0.0,-11.021451929881733,0.0,-2.5434119838188614,-2.5434119838188614
TH David,2021,-4.735061954581768,0.0,3.0,0.0,1,-4.735061954581768,0.0,-0.11548931596540898,0.0,-0.11548931596540898
TH David,2022,56.921847292850316,0.0,86.0,0.0,8,7.1152309116062895,0.0,2.9704362058162177,0.0,2.9704362058162177
TH David,2023,13.23264803439277,0.0,146.0,0.0,16,0.8270405021495482,0.0,0.45393952373621815,0.0,0.45393952373621815
TH David,2024,-1.8253433852649579,0.0,152.0,0.0,13,-0.140411029635766,0.0,-0.07846498714939865,0.0,-0.07846498714939865
TH David,2025,33.94154812544008,0.0,101.0,0.0,12,2.8284623437866734,0.0,1.2926456865269413,0.0,1.2926456865269413
TH David,2026,54.31542180169356,-10.374581252860766,162.0,6.0,16,3.3947138626058475,-0.6484113283037979,1.950154772135274,-0.030876729919228473,1.9192780422160456
TK Curran,2018,-17.438502191387613,-18.3663406500898,28.0,61.0,5,-3.4877004382775225,-3.67326813001796,-0.6598352180525043,-1.2379522427132352,-1.8977874607657395
TK Curran,2020,3.8511536220406413,-59.6986311699359,62.0,109.0,5,0.7702307244081282,-11.93972623398718,0.2623862907324393,-5.683101133207872,-5.420714842475433
TK Curran,2021,-1.1836737726711632,-7.617437288185879,17.0,68.0,3,-0.3945579242237211,-2.5391457627286265,-0.048959742421921595,-0.9184144248167372,-0.9673741672386588
TL Seifert,2021,-5.040069536341799,0.0,4.0,0.0,1,-5.040069536341799,0.0,-0.16258288826909031,0.0,-0.16258288826909031
TL Seifert,2022,-14.4646294351383,0.0,19.0,0.0,2,-7.23231471756915,0.0,-0.9885897815382292,0.0,-0.9885897815382292
TL Seifert,2026,-37.5394364509037,0.0,18.0,0.0,3,-12.513145483634567,0.0,-1.6321494109088563,0.0,-1.6321494109088563
TL Suman,2009,1.354442596995657,4.277660978731279,190.0,90.0,12,0.11287021641630475,0.3564717482276066,0.0691785197390255,0.15277360638325999,0.2219521261222855
TL Suman,2010,-12.098817809773923,-9.296476721613404,257.0,12.0,14,-0.8642012721267088,-0.6640340515438146,-0.5891239441288174,-0.0603667319585286,-0.649490676087346
TL Suman,2011,-21.309566499007243,-13.764227035329139,51.0,36.0,8,-2.6636958123759054,-1.7205283794161423,-0.7944355931647438,-0.3970450106344944,-1.191480603799238
TL Suman,2012,-22.996028009992557,0.0,19.0,0.0,2,-11.498014004996278,0.0,-1.5716709791002108,0.0,-1.5716709791002108
TL Suman,2013,-34.94202984840622,0.36648938014335863,58.0,12.0,7,-4.991718549772317,0.05235562573476552,-1.6265150330718787,0.004759602339524139,-1.6217554307323545
TM Dilshan,2008,-8.167402262713534,9.19002192587482,79.0,6.0,7,-1.166771751816219,1.3128602751249743,-0.46319079594714224,0.06251715595833211,-0.4006736399888101
TM Dilshan,2009,92.78467296536007,-15.48871757325372,341.0,96.0,14,6.627476640382862,-1.1063369695181229,4.902320031172572,-0.4917053197858324,4.4106147113867396
TM Dilshan,2010,-64.99429747134556,0.9878548098284847,53.0,49.0,6,-10.832382911890926,0.16464246830474746,-3.3185912967064692,0.04773657365048891,-3.2708547230559804
TM Dilshan,2011,7.0907581120762355,-35.39150859831594,180.0,72.0,10,0.7090758112076235,-3.5391508598315937,0.4254454867245741,-1.3271815724368476,-0.9017360857122736
TM Dilshan,2012,-6.883968797659886,-38.05614438696487,261.0,42.0,9,-0.7648854219622095,-4.2284604874405405,-0.5239766276434034,-1.096267533780881,-1.6202441614242842
TM Dilshan,2013,-32.88012916326799,-4.286105719686201,93.0,6.0,5,-6.576025832653597,-0.8572211439372402,-2.8712225466515706,-0.04082005447320192,-2.9120426011247726
TM Head,2016,-2.9245085934630266,0.0,40.0,0.0,3,-0.9748361978210088,0.0,-0.2437090494552522,0.0,-0.2437090494552522
TM Head,2017,-6.5119673288699325,-19.574774161734407,108.0,48.0,7,-0.9302810469814189,-2.796396308819201,-0.44065944330698786,-0.7989703739483431,-1.239629817255331
TM Head,2024,148.9216906508625,-20.079897331190885,296.0,10.0,15,9.9281127100575,-1.3386598220793924,7.064234043694759,-0.10297383246764558,6.961260211227113
TM Head,2025,8.254028563702455,0.0,230.0,0.0,13,0.6349252741309581,0.0,0.4172366087146296,0.0,0.4172366087146296
TM Head,2026,4.425847006554868,4.685844534526366,241.0,6.0,15,0.29505646710365785,0.31238963563509103,0.1969767550470403,0.014875696935004335,0.21185245198204464
TM Srivastava,2008,-6.142836556116565,0.0,10.0,0.0,5,-1.228567311223313,0.0,-0.0945051777864087,0.0,-0.0945051777864087
TM Srivastava,2009,-1.2645723663570179,0.0,1.0,0.0,2,-0.6322861831785089,0.0,-0.005225505646103379,0.0,-0.005225505646103379
TP Sudhindra,2012,0.0,-56.96875027862255,0.0,70.0,3,0.0,-18.989583426207517,0.0,-6.996162314918559,-6.996162314918559
TR Birt,2011,-9.070958216991032,0.0,58.0,0.0,5,-1.8141916433982064,0.0,-0.591141097287056,0.0,-0.591141097287056
TS Mills,2017,-14.674105015537279,9.249857116125554,11.0,107.0,5,-2.934821003107456,1.8499714232251108,-0.2464353514059696,0.8720129616083122,0.6255776102023426
TS Mills,2022,-6.253456071159343,-30.0089182377474,3.0,102.0,5,-1.2506912142318687,-6.00178364754948,-0.030504663761752898,-2.757576270495707,-2.7880809342574597
TU Deshpande,2020,1.4907023723782415,-61.18777656380638,12.0,102.0,5,0.2981404744756483,-12.237555312761277,0.027103679497786207,-5.6226605491065325,-5.595556869608746
TU Deshpande,2022,0.0,-21.23959163588479,0.0,42.0,2,0.0,-10.619795817942395,0.0,-2.7532803972443247,-2.7532803972443247
TU Deshpande,2023,-1.4639710915325526,-30.1328660841984,1.0,341.0,16,-0.09149819322078453,-1.8833041302624,-0.000756183415047806,-1.3930731202157884,-1.3938293036308362
TU Deshpande,2024,-1.592953503144626,41.088646429847174,1.0,288.0,13,-0.12253488485727893,3.160665109988244,-0.001012684998820487,2.231057724697584,2.2300450396987634
TU Deshpande,2025,-7.383749518939725,-34.65716491425766,8.0,192.0,10,-0.7383749518939725,-3.4657164914257663,-0.04614843449337328,-2.132748610108164,-2.178897044601537
TU Deshpande,2026,1.0172859262168237,-73.88006141749055,14.0,138.0,7,0.14532656088811766,-10.554294488212935,0.015183372033086921,-5.645320307648779,-5.630136935615693
Tanush Kotian,2024,-12.83040459086946,0.0,31.0,0.0,1,-12.83040459086946,0.0,-2.634056571635452,0.0,-2.634056571635452
Tejas Baroka,2017,0.0,-10.79329799774488,0.0,21.0,1,0.0,-10.79329799774488,0.0,-1.6075124677492374,-1.6075124677492374
Tilak Varma,2022,14.407475853348101,-1.9231557594613455,303.0,12.0,14,1.0291054180962929,-0.13736826853295325,0.7371606186363516,-0.012488024412086659,0.724672594224265
Tilak Varma,2023,60.90684332026878,-0.2456969651652432,209.0,6.0,11,5.536985756388071,-0.022336087742294838,3.517416483541358,-0.0010636232258235637,3.5163528603155343
Tilak Varma,2024,41.32895135972359,-1.159469724927038,278.0,4.0,13,3.179150104594122,-0.08918997884054139,2.2206123846159946,-0.0028770960916303673,2.217735288524364
Tilak Varma,2025,-13.519852828791068,0.0,248.0,0.0,16,-0.8449908017994417,0.0,-0.5694503229517978,0.0,-0.5694503229517978
Tilak Varma,2026,-21.31507559495153,0.0,246.0,0.0,14,-1.522505399639395,0.0,-1.0233233013969703,0.0,-1.0233233013969703
U Kaul,2008,-1.3876091143909468,0.0,1.0,0.0,5,-0.2775218228781894,0.0,-0.002293568784117268,0.0,-0.002293568784117268
UA Birla,2013,-8.510822117892612,0.0,14.0,0.0,2,-4.255411058946306,0.0,-0.44459518526304687,0.0,-0.44459518526304687
UBT Chand,2011,-24.65538995672172,0.0,12.0,0.0,2,-12.32769497836086,0.0,-1.120699543487351,0.0,-1.120699543487351
UBT Chand,2012,-6.792862980243679,0.0,34.0,0.0,2,-3.3964314901218393,0.0,-0.7498614978191074,0.0,-0.7498614978191074
UBT Chand,2013,-44.148090295745426,0.0,158.0,0.0,9,-4.905343366193936,0.0,-2.787928963520294,0.0,-2.787928963520294
UBT Chand,2014,-16.91465918222238,0.0,9.0,0.0,1,-16.91465918222238,0.0,-1.1800925010852823,0.0,-1.1800925010852823
UBT Chand,2015,-2.5846100300021133,0.0,83.0,0.0,6,-0.43076833833368555,0.0,-0.17612695606746748,0.0,-0.17612695606746748
UBT Chand,2016,-15.683304387746954,0.0,4.0,0.0,1,-15.683304387746954,0.0,-0.5059130447660308,0.0,-0.5059130447660308
UT Khawaja,2016,-18.04912816788096,0.0,100.0,0.0,6,-3.0081880279801596,0.0,-1.3673581945364361,0.0,-1.3673581945364361
UT Yadav,2010,-2.419142850434118,2.023710227207305,4.0,144.0,7,-0.3455918357763026,0.289101461029615,-0.01114812373471944,0.15769170601615362,0.1465435822814342
UT Yadav,2011,-7.193149733900702,-56.17134774251603,5.0,108.0,7,-1.0275928191286716,-8.024478248930862,-0.04110371276514686,-3.8010686442304085,-3.8421723569955555
UT Yadav,2012,-11.066827400558823,43.98664235176542,7.0,366.0,17,-0.6509898470916955,2.587449550103848,-0.035881330154660385,1.9485731179794412,1.9126917878247809
UT Yadav,2013,-15.360385993897498,-75.61055169947922,38.0,347.0,16,-0.9600241246185937,-4.725659481217451,-0.23089187807282632,-3.511357259063074,-3.7422491371359
UT Yadav,2014,-5.546700031682693,6.687841548497321,4.0,270.0,12,-0.4622250026402244,0.5573201290414435,-0.014910483956136271,0.385837012413307,0.3709265284571707
UT Yadav,2015,6.584699747710505,-45.44490765157636,14.0,252.0,12,0.5487249789758754,-3.787075637631363,0.05732947541538996,-2.565438335169633,-2.508108859754243
UT Yadav,2016,-0.06000866137541849,-1.025431980221569,5.0,156.0,9,-0.0066676290417131655,-0.11393688669128545,-0.00026670516166852666,-0.06439910986898743,-0.06466581503065597
UT Yadav,2017,-7.815642522612761,7.888051682971084,13.0,291.0,14,-0.5582601801866257,0.5634322630693631,-0.05456678452951981,0.398926492830133,0.3443597083006132
UT Yadav,2018,-18.497530007440393,111.73341098791286,11.0,319.0,14,-1.3212521433885995,7.980957927708062,-0.110944836467745,5.799374895077157,5.688430058609412
UT Yadav,2019,-13.230440209997166,-60.82138379554051,25.0,227.0,11,-1.2027672918179242,-5.529216708685501,-0.20737367100309037,-3.6170956566905152,-3.8244693276936057
UT Yadav,2020,-7.775793891368784,-44.54839099716639,2.0,42.0,2,-3.887896945684392,-22.274195498583197,-0.06373601550302282,-5.774791425558607,-5.838527441061629
UT Yadav,2022,-10.472069205743988,66.12758571019685,40.0,288.0,12,-0.872672433811999,5.510632142516404,-0.21816810845299975,3.889857982952756,3.6716898744997564
UT Yadav,2023,-10.603862755617206,-68.43791340309788,18.0,114.0,8,-1.3254828444521507,-8.554739175387235,-0.17288906666767181,-4.167693444419422,-4.340582511087094
UT Yadav,2024,-13.258076999309555,0.12119223200117801,15.0,126.0,7,-1.894010999901365,0.01731317600016829,-0.21044566665570721,0.008867724292769124,-0.20157794236293808
Umar Gul,2008,7.175309198666977,48.676247804464914,19.0,135.0,6,1.195884866444496,8.112707967410818,0.1634662767082405,4.2949630415704325,4.458429318278673
Umran Malik,2021,0.0,-9.679575097259491,0.0,72.0,3,0.0,-3.2265250324198305,0.0,-1.2099468871574364,-1.2099468871574364
Umran Malik,2022,-9.642484174255454,-4.577624986245269,8.0,295.0,14,-0.6887488695896753,-0.3269732133032335,-0.043046804349354706,-0.23242674198663585,-0.2754735463359905
Umran Malik,2023,5.468192058437903,-47.489956987328384,8.0,120.0,8,0.6835240073047378,-5.936244623416048,0.042720250456546115,-2.968122311708024,-2.9254020612514777
Umran Malik,2024,0.0,-7.847938398714529,0.0,6.0,1,0.0,-7.847938398714529,0.0,-0.37371135231973945,-0.37371135231973945
Urvil Patel,2025,2.213460610201899,0.0,32.0,0.0,3,0.737820203400633,0.0,0.15533056913697538,0.0,0.15533056913697538
Urvil Patel,2026,-8.083506898902975,0.0,64.0,0.0,7,-1.154786699843282,0.0,-0.4016649390759242,0.0,-0.4016649390759242
V Kaverappa,2024,0.0,14.536668275842757,0.0,24.0,1,0.0,14.536668275842757,0.0,2.422778045973793,2.422778045973793
V Kohli,2008,-48.96922916565003,-1.609976593463458,157.0,46.0,13,-3.766863781973079,-0.12384435334334293,-2.135009435991962,-0.03431831478189021,-2.169327750773852
V Kohli,2009,3.3751683298195037,-14.451172701677715,219.0,36.0,16,0.21094802061371898,-0.9031982938548572,0.13627615490974768,-0.20843037550496704,-0.07215422059521936
V Kohli,2010,35.30229005458324,-16.829682931852822,212.0,32.0,16,2.2063931284114524,-1.0518551832408014,1.408901636214542,-0.22144319647174768,1.1874584397427943
V Kohli,2011,78.10083536989197,-20.668315980267753,460.0,102.0,16,4.881302210618248,-1.2917697487667346,3.8713776153179205,-0.5935158305144457,3.277861784803475
V Kohli,2012,-29.637315022164145,-28.546699964798155,326.0,18.0,15,-1.9758210014776096,-1.9031133309865436,-1.444209969689912,-0.24823217360694047,-1.6924421432968524
V Kohli,2013,164.28982639722886,0.0,457.0,0.0,16,10.268114149826804,0.0,8.132631137731108,0.0,8.132631137731108
V Kohli,2014,-27.22612119875086,0.0,294.0,0.0,14,-1.9447229427679187,0.0,-1.3810351332699713,0.0,-1.3810351332699713
V Kohli,2015,82.54823989413597,1.4601536327176037,386.0,11.0,16,5.159264993383498,0.09125960204485023,3.935723888233262,0.007663020019033226,3.943386908252295
V Kohli,2016,261.4487745703278,-6.505412349944596,640.0,6.0,16,16.34054841064549,-0.40658827187153723,13.760461819490937,-0.01936134627959701,13.74110047321134
V Kohli,2017,-8.752364027230362,0.0,252.0,0.0,10,-0.8752364027230362,0.0,-0.5929020792639923,0.0,-0.5929020792639923
V Kohli,2018,71.03864618001744,0.0,381.0,0.0,14,5.074189012858389,0.0,3.8588143990000923,0.0,3.8588143990000923
V Kohli,2019,38.778687255254376,0.0,328.0,0.0,14,2.76990623251817,0.0,2.02796706309366,0.0,2.02796706309366
V Kohli,2020,-2.549353836710207,0.0,384.0,0.0,15,-0.16995692244734711,0.0,-0.12949098853131208,0.0,-0.12949098853131208
V Kohli,2021,-8.91986931624167,0.0,339.0,0.0,15,-0.5946579544161114,0.0,-0.4391918225426182,0.0,-0.4391918225426182
V Kohli,2022,-55.49881978696513,0.0,294.0,0.0,16,-3.4686762366853205,0.0,-2.4632628347475465,0.0,-2.4632628347475465
V Kohli,2023,94.19022304317399,0.0,457.0,0.0,14,6.727873074512428,0.0,5.3286620364855795,0.0,5.3286620364855795
V Kohli,2024,133.09891291376294,0.0,479.0,0.0,15,8.87326086091753,0.0,7.0956459972946515,0.0,7.0956459972946515
V Kohli,2025,57.4179859418509,0.0,454.0,0.0,15,3.8278657294567267,0.0,3.027615054308979,0.0,3.027615054308979
V Kohli,2026,91.67052647760185,0.0,407.0,0.0,16,5.729407904850116,0.0,4.424798894258059,0.0,4.424798894258059
V Nigam,2025,14.169175205785825,26.371217883907143,79.0,234.0,14,1.012083943270416,1.8836584202790816,0.40178206793147175,1.2451301422183758,1.6469122101498477
V Nigam,2026,-2.3059212409290533,-33.78640578129842,10.0,54.0,5,-0.46118424818581066,-6.757281156259684,-0.03547571139890851,-2.0970872553909365,-2.132562966789845
V Pratap Singh,2012,-3.166717635295316,-39.52566756173444,1.0,204.0,9,-0.35185751503281293,-4.391740840192715,-0.002907913347378619,-2.7651701586398576,-2.768078071987236
V Puthur,2025,0.0,20.08979535222465,0.0,72.0,5,0.0,4.01795907044493,0.0,1.506734651416849,1.506734651416849
V Sehwag,2008,105.37382741779771,-45.83754104993228,220.0,66.0,14,7.526701958414122,-3.274110074995163,4.870218914267961,-1.1617809943531223,3.708437919914839
V Sehwag,2009,8.726873412603174,-21.360785819059434,138.0,6.0,11,0.7933521284184704,-1.941889619914494,0.4243511384563911,-0.09247093428164258,0.3318802041747485
V Sehwag,2010,46.10928101965625,26.373230172086085,218.0,34.0,14,3.2935200728325893,1.883802155149006,2.124223005554747,0.41590437191601437,2.5401273774707613
V Sehwag,2011,148.07518978095072,0.0,240.0,0.0,11,13.461380889177338,0.0,8.974253926118225,0.0,8.974253926118225
V Sehwag,2012,105.10686890920347,-18.576523194405503,307.0,24.0,16,6.569179306825217,-1.161032699650344,4.723039923174102,-0.193505449941724,4.529534473232378
V Sehwag,2013,22.003837196953395,-3.2861057196862014,233.0,6.0,13,1.6926028613041073,-0.2527773630527847,1.1172137866398215,-0.012037017288227841,1.1051767693515937
V Sehwag,2014,33.62927340751851,0.0,315.0,0.0,17,1.978192553383442,0.0,1.4324842627949064,0.0,1.4324842627949064
V Sehwag,2015,-54.03919888596741,0.0,84.0,0.0,8,-6.754899860745926,0.0,-2.781429354424793,0.0,-2.781429354424793
V Shankar,2014,0.0,-12.648121810701998,0.0,6.0,1,0.0,-12.648121810701998,0.0,-0.6022915147953333,-0.6022915147953333
V Shankar,2017,11.617827338676843,0.0,75.0,0.0,4,2.904456834669211,0.0,1.117098782565081,0.0,1.117098782565081
V Shankar,2018,6.62209332699239,-20.21438504340185,148.0,30.0,13,0.50939179438403,-1.5549526956462962,0.28130591630162854,-0.3109905391292592,-0.02968462282763068
V Shankar,2019,-16.136764843222807,-5.164609357973977,193.0,48.0,15,-1.0757843228815205,-0.3443072905315985,-0.6633430489333337,-0.09837351158045671,-0.7617165605137904
V Shankar,2020,-19.636319779799912,21.773828782656174,96.0,79.0,7,-2.805188539971416,3.110546968950882,-1.246750462209518,1.2348402540056265,-0.011910208203891548
V Shankar,2021,-16.333633484613703,-13.806938284102227,52.0,66.0,7,-2.3333762120876718,-1.9724197548717466,-0.7054393199334822,-0.6998908807609423,-1.4053302006944244
V Shankar,2022,-49.29191223606039,-3.7950112798471105,35.0,9.0,4,-12.322978059015098,-0.9487528199617776,-2.782607948809861,-0.06619205720663565,-2.8488000060164964
V Shankar,2023,42.51244374413098,0.0,188.0,0.0,14,3.036603124580784,0.0,1.8535109981207383,0.0,1.8535109981207383
V Shankar,2024,-31.301768599048216,0.0,72.0,0.0,7,-4.471681228435459,0.0,-1.6768804606632972,0.0,-1.6768804606632972
V Shankar,2025,-11.0571689711947,0.0,91.0,0.0,6,-1.8428614951991167,0.0,-0.7947886069342163,0.0,-0.7947886069342163
V Suryavanshi,2025,50.03322787558484,0.0,122.0,0.0,7,7.147603982226406,0.0,3.6033375447587668,0.0,3.6033375447587668
V Suryavanshi,2026,279.16901879723076,0.0,327.0,0.0,16,17.448063674826923,0.0,12.76401973527607,0.0,12.76401973527607
V Viyaskanth,2024,-0.9647675157231306,-8.728922015676176,5.0,60.0,3,-0.3215891719077102,-2.9096406718920584,-0.012863566876308408,-0.9698802239640195,-0.9827437908403279
VG Arora,2022,-17.851551486653243,-29.30978305319837,13.0,107.0,5,-3.5703102973306486,-5.861956610639674,-0.3489776982353266,-2.7631249221957934,-3.11210262043112
VG Arora,2023,0.07205781693489499,-15.250961681490601,2.0,96.0,5,0.014411563386978998,-3.05019233629812,0.000236255137491459,-1.35564103835472,-1.3554047832172285
VG Arora,2024,-0.5929535031446261,41.70821034304926,1.0,180.0,10,-0.05929535031446261,4.170821034304926,-0.0004900442174748976,2.502492620582956,2.5020025763654807
VG Arora,2025,-17.474571528764773,0.6968603452587168,8.0,255.0,12,-1.456214294063731,0.0580716954382264,-0.09101339337898319,0.03948875289799395,-0.05152464048098924
VG Arora,2026,-3.6457646094882126,-16.874304331441706,3.0,228.0,11,-0.33143314631711024,-1.5340276664947006,-0.008083735276027078,-1.005052609082735,-1.013136344358762
VH Zol,2014,-9.086890072295201,0.0,26.0,0.0,3,-3.0289633574317336,0.0,-0.5394044335152403,0.0,-0.5394044335152403
VR Aaron,2011,-6.373110524599024,9.317238762973648,5.0,72.0,4,-1.593277631149756,2.329309690743412,-0.06373110524599024,0.8734911340287795,0.8097600287827893
VR Aaron,2012,-6.680113696584271,-13.070032128483033,3.0,186.0,8,-0.8350142120730338,-1.6337540160603792,-0.02036620029446424,-0.9930661666249363,-1.0134323669194005
VR Aaron,2014,-13.251340313105626,34.86892991317349,34.0,220.0,10,-1.3251340313105626,3.4868929913173488,-0.2925620588607736,2.256224876734755,1.9636628178739814
VR Aaron,2015,-0.23330943279906702,-67.15147011677679,3.0,104.0,6,-0.03888490546651117,-11.191911686129465,-0.000948412328451492,-5.196244711417251,-5.197193123745703
VR Aaron,2016,0.0,-66.79093032125749,0.0,142.0,8,0.0,-8.348866290157186,0.0,-4.524958065657712,-4.524958065657712
VR Aaron,2017,-11.524379611311494,14.629299648142638,10.0,120.0,6,-1.9207299352185823,2.438216608023773,-0.14774845655527555,1.2191083040118864,1.0713598474566108
VR Aaron,2019,-7.038894820073068,-11.670432027618759,7.0,72.0,5,-1.4077789640146137,-2.3340864055237516,-0.07759411612678972,-0.8752824020714068,-0.9528765181981965
VR Aaron,2020,-15.56108789123508,-50.893216137733646,10.0,48.0,3,-5.18702929707836,-16.96440537924455,-0.39900225362141234,-4.846972965498442,-5.245975219119854
VR Aaron,2022,0.0,-5.910188601010346,0.0,30.0,2,0.0,-2.955094300505173,0.0,-0.5910188601010347,-0.5910188601010347
VR Iyer,2021,49.11462405481309,-0.42486355241089324,288.0,51.0,10,4.911462405481309,-0.042486355241089326,3.466914639163277,-0.012671369106991553,3.4542432700562853
VR Iyer,2022,-67.1779225312601,-14.096228326086568,169.0,24.0,12,-5.5981602109383415,-1.1746856938405472,-3.2736646216213834,-0.19578094897342455,-3.4694455705948077
VR Iyer,2023,18.671011893056956,0.0,277.0,0.0,14,1.3336437066469256,0.0,0.9305272210105753,0.0,0.9305272210105753
VR Iyer,2024,58.771826666563115,-20.84793839871453,233.0,6.0,14,4.197987619040222,-1.4891384570510378,2.7709096748905715,-0.07091135509766847,2.699998319792903
VR Iyer,2025,-24.944503849371312,0.0,102.0,0.0,11,-2.2676821681246646,0.0,-1.0419080231924134,0.0,-1.0419080231924134
VR Iyer,2026,25.78257247800608,0.0,112.0,0.0,7,3.6832246397151542,0.0,1.77810844675904,0.0,1.77810844675904
VRV Singh,2008,-3.802905761776196,-44.648410603517036,3.0,288.0,13,-0.2925312124443228,-3.4344931233474645,-0.0071349076205932385,-2.4243480870687986,-2.4314829946893917
VRV Singh,2009,0.0,-31.9910205243894,0.0,54.0,5,0.0,-6.3982041048778795,0.0,-1.9856495497896867,-1.9856495497896867
VRV Singh,2010,0.0,-20.43926963126686,0.0,18.0,1,0.0,-20.43926963126686,0.0,-2.6659916910348076,-2.6659916910348076
VS Malik,2009,0.0,-19.74792085767211,0.0,72.0,5,0.0,-3.949584171534422,0.0,-1.4810940643254085,-1.4810940643254085
VS Malik,2010,-2.5939677723443255,-16.0062480884832,5.0,43.0,3,-0.8646559241147752,-5.3354160294944,-0.03458623696459101,-1.4075023881488296,-1.4420886251134206
VS Malik,2011,0.0,-0.92140901177638,0.0,12.0,1,0.0,-0.92140901177638,0.0,-0.08376445561603454,-0.08376445561603454
VS Malik,2013,0.0,8.88943253751713,0.0,60.0,3,0.0,2.9631441791723767,0.0,0.9877147263907923,0.9877147263907923
VS Malik,2014,-1.863330411190508,-7.429232813156527,2.0,18.0,1,-1.863330411190508,-7.429232813156527,-0.03054640018345095,-0.96903036693346,-0.9995767671169109
VS Yeligati,2008,-2.5952574380835713,-26.245426503928442,2.0,30.0,2,-1.2976287190417857,-13.122713251964221,-0.021272601951504683,-2.624542650392844,-2.645815252344349
VVS Laxman,2008,7.585738105070442,0.0,132.0,0.0,6,1.264289684178407,0.0,0.6622469774267846,0.0,0.6622469774267846
VVS Laxman,2009,-43.01433403925262,0.0,33.0,0.0,5,-8.602866807850523,0.0,-1.8555202918893285,0.0,-1.8555202918893285
VVS Laxman,2010,-41.09869360808005,0.0,60.0,0.0,6,-6.849782268013342,0.0,-2.2832607560044473,0.0,-2.2832607560044473
VVS Laxman,2011,-15.811123917787475,0.0,42.0,0.0,3,-5.270374639262491,0.0,-1.366393424993979,0.0,-1.366393424993979
VY Mahesh,2008,-22.998936912969757,-19.582506484909125,27.0,253.0,11,-2.090812446633614,-1.7802278622644658,-0.38402677591229645,-1.207500399873753,-1.5915271757860494
VY Mahesh,2009,0.0,-5.099282163115852,0.0,12.0,1,0.0,-5.099282163115852,0.0,-0.46357110573780475,-0.46357110573780475
VY Mahesh,2010,0.0,-0.41876408902208695,0.0,18.0,1,0.0,-0.41876408902208695,0.0,-0.054621402915924384,-0.054621402915924384
VY Mahesh,2012,0.0,-7.179374320586574,0.0,56.0,4,0.0,-1.7948435801466436,0.0,-0.571086593683023,-0.571086593683023
Vijaykumar Vyshak,2023,-1.9957790330946499,-38.79968691921462,9.0,144.0,7,-0.2851112904420928,-5.54281241703066,-0.019891485379680895,-3.0233522274712694,-3.04324371285095
Vijaykumar Vyshak,2024,-5.598899718735556,-18.491003702833133,3.0,87.0,4,-1.399724929683889,-4.622750925708283,-0.03413963243131436,-1.942895316602032,-1.9770349490333463
Vijaykumar Vyshak,2025,0.0,-20.55398507498095,0.0,102.0,5,0.0,-4.11079701499619,0.0,-1.888744574457709,-1.888744574457709
Vijaykumar Vyshak,2026,-4.19435281265095,-40.52160928493798,4.0,186.0,10,-0.41943528126509505,-4.052160928493798,-0.013530170363390163,-2.4630782114374066,-2.476608381800797
Virat Singh,2021,-20.689370153209747,0.0,26.0,0.0,3,-6.896456717736583,0.0,-1.2281361278161038,0.0,-1.2281361278161038
Vishnu Vinod,2017,-31.26465892918528,0.0,26.0,0.0,3,-10.421552976395093,0.0,-1.8558929957963863,0.0,-1.8558929957963863
Vishnu Vinod,2023,-8.081261463279233,0.0,31.0,0.0,3,-2.6937538210930776,0.0,-0.5530223076416252,0.0,-0.5530223076416252
Vishnu Vinod,2026,2.6112943746980983,0.0,8.0,0.0,1,2.6112943746980983,0.0,0.16320589841863115,0.0,0.16320589841863115
Vivrant Sharma,2023,17.8199566234166,-16.737090895495726,47.0,18.0,3,5.939985541138867,-5.579030298498576,1.671732457685789,-0.7276996041519881,0.944032853533801
W Jaffer,2008,-25.52886231670759,0.0,104.0,0.0,6,-4.254810386117931,0.0,-1.9754476792690396,0.0,-1.9754476792690396
W Jaffer,2009,-18.810702033532607,0.0,17.0,0.0,2,-9.405351016766303,0.0,-1.1670873524454537,0.0,-1.1670873524454537
W O'Rourke,2025,0.0,-11.892605585251781,0.0,62.0,3,0.0,-3.9642018617505936,0.0,-1.350442392464488,-1.350442392464488
WA Mota,2008,-7.460633558752566,-10.930858165313781,27.0,18.0,4,-1.8651583896881414,-2.7327145413284453,-0.34258011239169944,-0.3564410271297972,-0.6990211395214967
WA Mota,2009,-29.224273748029496,11.089144950053216,48.0,54.0,8,-3.653034218503687,1.386143118756652,-1.0437240624296247,0.43018234720034026,-0.6135417152292844
WD Parnell,2011,-15.57298336198659,7.515147407206989,39.0,176.0,8,-1.9466229202483238,0.9393934259008736,-0.477473546476004,0.5585582532383573,0.0810847067623533
WD Parnell,2012,-25.985031211341735,38.15011826366127,27.0,126.0,6,-4.330838535223623,6.358353043943545,-0.7954601391227062,3.2567174127515717,2.4612572736288656
WD Parnell,2013,-6.314313616990381,-0.8761621086811502,7.0,89.0,4,-1.5785784042475952,-0.21904052717028755,-0.08700825850183595,-0.09327563118734732,-0.18028388968918327
WD Parnell,2014,-2.6833696204921855,5.540202854667678,2.0,181.0,8,-0.3354212025615232,0.6925253568334597,-0.005498708238713495,0.4164355135775954,0.4109368053388819
WD Parnell,2023,-7.139894666964441,10.632141985875236,5.0,151.0,7,-1.0199849524234916,1.5188774265536051,-0.04079939809693967,0.8463117764191674,0.8055123783222278
WG Jacks,2024,35.00121252293968,-21.680236914365505,131.0,54.0,8,4.37515156536746,-2.710029614295688,2.283445637701742,-0.8410436734021101,1.442401964299632
WG Jacks,2025,-37.83561652765092,26.61605649361679,172.0,84.0,13,-2.910432040588532,2.0473889610474454,-1.714364078702834,0.8430425133724776,-0.8713215653303564
WG Jacks,2026,17.47500984259442,-10.06678793268583,76.0,53.0,7,2.496429977513489,-1.4381125618122614,0.9680034606684956,-0.44057783685577956,0.5274256238127161
WP Saha,2008,-2.3777985686980294,0.0,119.0,0.0,12,-0.19814988072483578,0.0,-0.09866040086299355,0.0,-0.09866040086299355
WP Saha,2009,15.597265471217522,0.0,41.0,0.0,8,1.9496581839021903,0.0,0.49649680459620993,0.0,0.49649680459620993
WP Saha,2010,-9.184064695464759,0.0,53.0,0.0,13,-0.7064665150357506,0.0,-0.2164319381323398,0.0,-0.2164319381323398
WP Saha,2011,-1.0820621181821553,0.0,63.0,0.0,7,-0.15458030259745076,0.0,-0.05321616974666338,0.0,-0.05321616974666338
WP Saha,2012,-12.883634221192903,0.0,14.0,0.0,3,-4.294544740397634,0.0,-0.44868377884751404,0.0,-0.44868377884751404
WP Saha,2013,2.590506280774322,0.0,56.0,0.0,3,0.8635020935914407,0.0,0.27475066614273114,0.0,0.27475066614273114
WP Saha,2014,35.126956560688456,0.0,249.0,0.0,17,2.0662915623934386,0.0,1.3943268266557352,0.0,1.3943268266557352
WP Saha,2015,-40.849122915931446,0.0,197.0,0.0,14,-2.9177944939951033,0.0,-1.8132666098329189,0.0,-1.8132666098329189
WP Saha,2016,-12.281505152156818,0.0,212.0,0.0,12,-1.023458762679735,0.0,-0.6535339086991078,0.0,-0.6535339086991078
WP Saha,2017,-14.151244239497933,0.0,187.0,0.0,14,-1.010803159964138,0.0,-0.6157009476003056,0.0,-0.6157009476003056
WP Saha,2018,-50.86586006892068,0.0,102.0,0.0,11,-4.624169097174607,0.0,-2.1246182338369817,0.0,-2.1246182338369817
WP Saha,2019,-7.860248281384169,0.0,53.0,0.0,5,-1.5720496562768338,0.0,-0.48161058833914555,0.0,-0.48161058833914555
WP Saha,2020,51.20155547929775,0.0,153.0,0.0,4,12.800388869824438,0.0,7.17384431165985,0.0,7.17384431165985
WP Saha,2021,-70.09148418619637,0.0,140.0,0.0,9,-7.787942687355152,0.0,-4.193507600883543,0.0,-4.193507600883543
WP Saha,2022,14.595723043813486,0.0,259.0,0.0,11,1.3268839130739531,0.0,0.9067623574832556,0.0,0.9067623574832556
WP Saha,2023,-66.17685553382,0.0,287.0,0.0,17,-3.892756207871765,0.0,-2.7450148198014657,0.0,-2.7450148198014657
WP Saha,2024,-79.62158890265145,0.0,115.0,0.0,9,-8.846843211405718,0.0,-4.329306252390031,0.0,-4.329306252390031
WPUJC Vaas,2008,-8.660434788394785,-0.47585100645008716,18.0,102.0,5,-1.7320869576789568,-0.09517020129001744,-0.22592438578421176,-0.04372684924135937,-0.26965123502557115
WPUJC Vaas,2009,6.898784241122109,12.31028537550707,21.0,48.0,2,3.4493921205610545,6.155142687753535,0.5137392519984549,1.7586121965010098,2.2723514484994647
WPUJC Vaas,2010,-20.81764477616156,86.82470462297337,34.0,132.0,6,-3.4696074626935935,14.470784103828896,-0.7660172320232609,7.579934530577041,6.81391729855378
Washington Sundar,2017,-9.265247691713459,56.00520028804092,12.0,180.0,11,-0.8422952447012235,5.091381844367356,-0.07657229497283849,3.054829106620413,2.9782568116475745
Washington Sundar,2018,5.283605152008004,-44.916652630321586,38.0,120.0,7,0.7548007360011434,-6.416664661474512,0.18153435422812308,-3.208332330737256,-3.0267979765091333
Washington Sundar,2019,-6.942461912920384,4.139921018585532,3.0,54.0,3,-2.3141539709734613,1.3799736728618441,-0.056442779779840524,0.4282676915778137,0.37182491179797317
Washington Sundar,2020,-17.827514222684172,62.549653040711064,95.0,300.0,15,-1.1885009481789448,4.169976869380737,-0.5251515817534872,2.978554906700527,2.4534033249470397
Washington Sundar,2021,-36.222970704140565,-0.8667866904537203,47.0,96.0,6,-6.037161784023428,-0.14446444840895337,-1.699081460174258,-0.06420642151509039,-1.7632878816893485
Washington Sundar,2022,-8.186987550448439,-8.66278460530984,69.0,168.0,9,-0.9096652833831599,-0.9625316228122044,-0.33210002409226475,-0.5614767799737859,-0.8935768040660506
Washington Sundar,2023,-28.968767016452833,-9.570740456603286,60.0,106.0,7,-4.13839528806469,-1.3672486366576122,-1.3794650960215633,-0.6412759092287916,-2.020741005250355
Washington Sundar,2024,-3.4129927124463038,-26.828173904773074,1.0,30.0,2,-1.7064963562231519,-13.414086952386537,-0.014103275671265719,-2.6828173904773074,-2.696920666148573
Washington Sundar,2025,11.824615936772464,-16.203530197448632,80.0,65.0,6,1.9707693227954106,-2.7005883662414387,0.7883077291181643,-0.9488553719226677,-0.1605476428045034
Washington Sundar,2026,-1.3775415717266224,-5.736081838654873,251.0,55.0,17,-0.08103185716038955,-0.3374165787444043,-0.054822092041126085,-0.10604521046252706,-0.16086730250365314
X Thalaivan Sargunam,2013,-8.604735363313836,0.0,17.0,0.0,1,-8.604735363313836,0.0,-1.0677408844987972,0.0,-1.0677408844987972
XC Bartlett,2025,-9.05771611658487,-2.87363842180331,15.0,60.0,4,-2.2644290291462177,-0.7184096054508275,-0.25160322546069086,-0.2394698684836092,-0.4910730939443001
XC Bartlett,2026,7.048314149582733,-77.96639453106205,13.0,201.0,9,0.7831460166203037,-8.662932725673562,0.07654810688769886,-5.424453202057277,-5.347905095169579
Y Gnaneswara Rao,2011,1.6023760337912423,-0.96070450588819,17.0,6.0,2,0.8011880168956211,-0.480352252944095,0.09941749114763182,-0.02287391680686167,0.07654357434077015
Y Nagar,2009,-0.5179326065405816,2.01719970904567,20.0,12.0,1,-0.5179326065405816,2.01719970904567,-0.07399037236294022,0.18338179173142455,0.10939141936848433
Y Nagar,2010,-8.948753484952855,-5.276984091605058,6.0,18.0,1,-8.948753484952855,-5.276984091605058,-0.42613111833108835,-0.6883022728180511,-1.1144333911491395
Y Nagar,2011,-20.51762789159321,-31.053060557971826,100.0,30.0,11,-1.8652388992357465,-2.823005505270166,-0.8478358632889756,-0.5646011010540332,-1.4124369643430088
Y Nagar,2012,-12.201808872325978,-4.029823229607347,133.0,6.0,13,-0.9386006824866138,-0.3099864022774882,-0.4934145880265598,-0.014761257251308961,-0.5081758452778687
Y Prithvi Raj,2019,-1.43412783143901,-21.2624334600077,1.0,30.0,2,-0.717063915719505,-10.63121673000385,-0.005926148063797562,-2.12624334600077,-2.1321694940645677
Y Venugopal Rao,2008,30.611383906151495,-32.25898689440606,210.0,84.0,11,2.7828530823774087,-2.9326351722187325,1.7709065069674417,-1.2075556591488898,0.5633508478185518
Y Venugopal Rao,2009,-37.9324105655045,-15.849413184381664,114.0,90.0,16,-2.370775660344031,-0.990588324023854,-1.1549932704240153,-0.42453785315308024,-1.5795311235770955
Y Venugopal Rao,2010,-22.982817120429857,-3.9423265767103617,43.0,6.0,6,-3.830469520071643,-0.657054429451727,-1.0104919592827033,-0.03128830616436795,-1.0417802654470711
Y Venugopal Rao,2011,13.857604188279389,-15.845130221169727,280.0,12.0,14,0.9898288705913849,-1.1317950157978376,0.6928802094139695,-0.1028904559816216,0.5899897534323479
Y Venugopal Rao,2012,-23.206766459559354,-15.483337349071414,126.0,12.0,10,-2.3206766459559356,-1.5483337349071413,-1.1886392576847475,-0.1407576122642856,-1.329396869949033
Y Venugopal Rao,2014,-13.646278316401787,-4.913908297663823,63.0,12.0,7,-1.949468330914541,-0.7019868996662604,-0.6711284417902519,-0.06381699087875094,-0.7349454326690028
YA Abdulla,2009,0.0,13.09845785099309,0.0,168.0,9,0.0,1.4553842056658988,0.0,0.8489741199717743,0.8489741199717743
YA Abdulla,2010,-1.3547857126085296,-15.310912510681357,1.0,41.0,2,-0.6773928563042648,-7.655456255340678,-0.005598288068630288,-1.9495261271364461,-1.9551244152050764
YBK Jaiswal,2020,-27.605306346420402,0.0,44.0,0.0,3,-9.201768782140133,0.0,-2.4687672342327187,0.0,-2.4687672342327187
YBK Jaiswal,2021,15.296003449504704,0.0,168.0,0.0,10,1.5296003449504705,0.0,0.8922668678877744,0.0,0.8922668678877744
YBK Jaiswal,2022,8.622561073641902,-4.417700961065391,194.0,1.0,10,0.8622561073641902,-0.44177009610653906,0.5327314803460284,-0.003650992529806108,0.5290804878162222
YBK Jaiswal,2023,139.07793576990676,0.0,382.0,0.0,14,9.934138269279055,0.0,7.5594438622800775,0.0,7.5594438622800775
YBK Jaiswal,2024,14.947862986531351,0.0,279.0,0.0,15,0.9965241991020901,0.0,0.6968176730563487,0.0,0.6968176730563487
YBK Jaiswal,2025,62.36928989199727,0.0,350.0,0.0,14,4.454949277999805,0.0,3.3175154197870884,0.0,3.3175154197870884
YBK Jaiswal,2026,-21.788503807848535,0.0,280.0,0.0,16,-1.3617814879905334,0.0,-0.9532470415933735,0.0,-0.9532470415933735
YK Pathan,2008,95.63497013369721,13.843558321584666,243.0,169.0,16,5.9771856333560756,0.8652223950990416,4.0012564983623315,0.50596050094027,4.507216999302601
YK Pathan,2009,28.974558687357202,-9.532721895564531,183.0,210.0,13,2.228812206719785,-0.7332862996588101,1.346114303068385,-0.4666367361465156,0.8794775669218695
YK Pathan,2010,70.81376758555055,-7.927384439880395,201.0,204.0,14,5.058126256110754,-0.5662417457057425,3.1672379360693506,-0.35652258062954156,2.810715355439809
YK Pathan,2011,39.826669519254736,79.75325820241395,201.0,234.0,15,2.655111301283649,5.31688388016093,1.6625463288411633,3.5145503614623097,5.177096690303473
YK Pathan,2012,-50.01096343371354,-35.0750429725607,169.0,132.0,17,-2.9418213784537377,-2.0632378219153353,-1.7203038510681028,-1.0807436210032708,-2.8010474720713736
YK Pathan,2013,27.141814198170433,-20.192792630904787,240.0,54.0,16,1.696363387385652,-1.2620495394315492,1.130908924923768,-0.3916705467201359,0.7392383782036321
YK Pathan,2014,45.72872026332731,-3.648121810701997,165.0,6.0,15,3.0485813508884876,-0.24320812071346645,1.7649681505143875,-0.011581339081593641,1.753386811432794
YK Pathan,2015,30.807368057999774,-19.93919681436459,231.0,60.0,13,2.3697975429230596,-1.5337843703357377,1.5596103487613298,-0.5112614567785793,1.0483488919827506
YK Pathan,2016,53.1391832142502,6.1316479221727995,248.0,36.0,15,3.5426122142833467,0.4087765281448533,2.387412579190951,0.09433304495650462,2.4817456241474556
YK Pathan,2017,-24.209909112136437,-11.016476564377985,115.0,24.0,15,-1.6139939408090958,-0.7344317709585323,-0.7898268220980681,-0.12240529515975537,-0.9122321172578235
YK Pathan,2018,-16.606084747674352,4.564523165520734,200.0,12.0,15,-1.1070723165116234,0.30430154436804896,-0.6919201978197647,0.02766377676073172,-0.6642564210590329
YK Pathan,2019,-30.979680150804572,-1.6400085077141042,45.0,6.0,10,-3.097968015080457,-0.1640008507714104,-0.8449003677492156,-0.007809564322448115,-0.8527099320716638
YS Chahal,2013,0.0,-8.265681396129462,0.0,24.0,1,0.0,-8.265681396129462,0.0,-1.3776135660215771,-1.3776135660215771
YS Chahal,2014,-0.431665205595254,37.60422095293206,1.0,330.0,14,-0.03083322897108957,2.68601578235229,-0.0002548200741412361,1.969744907058346,1.9694900869842047
YS Chahal,2015,-0.4710900744991299,29.11977111234421,1.0,281.0,15,-0.031406004966608655,1.9413180741562808,-0.000259553760054617,1.3603750095708602,1.3601154558108055
YS Chahal,2016,0.0,59.32311702962484,0.0,295.0,13,0.0,4.5633166945865264,0.0,3.2438034335012653,3.2438034335012653
YS Chahal,2017,-31.305341508599604,24.795897858359996,26.0,261.0,13,-2.4081031929692003,1.9073767583353844,-0.4288402946383507,1.3066281730329012,0.8777878783945505
YS Chahal,2018,-5.79513715601388,45.06724663923457,4.0,300.0,14,-0.41393836828670566,3.219089045659612,-0.01335285058989373,2.2993493183282943,2.2859964677384004
YS Chahal,2019,-19.46521050546922,32.12974598640862,16.0,296.0,14,-1.390372178962087,2.2949818561720443,-0.16357319752495142,1.632967859199339,1.4693946616743876
YS Chahal,2020,-5.242353813881698,96.62401016301145,3.0,343.0,15,-0.34949025425877983,6.441600677534097,-0.00852415254289707,4.77207134426392,4.763547191721023
YS Chahal,2021,-21.956514919728967,36.44991755568193,27.0,318.0,15,-1.4637676613152644,2.4299945037121287,-0.26885528473137504,1.764242584886888,1.495387300155513
YS Chahal,2022,-8.642484174255454,63.35075299939405,8.0,408.0,17,-0.5083814220150267,3.726514882317297,-0.03177383887593917,2.8795796817906383,2.847805842914699
YS Chahal,2023,0.0,44.59335439528475,0.0,317.0,14,0.0,3.185239599663196,0.0,2.310574263371243,2.310574263371243
YS Chahal,2024,0.0,-3.80195209130018,0.0,348.0,15,0.0,-0.2534634727533453,0.0,-0.188472838714026,-0.188472838714026
YS Chahal,2025,0.0,-7.306786532627296,0.0,270.0,15,0.0,-0.48711910217515303,0.0,-0.3372363015058752,-0.3372363015058752
YS Chahal,2026,0.0,3.9192224185978812,0.0,246.0,14,0.0,0.27994445847127725,0.0,0.1881593901200388,0.1881593901200388
YV Dhull,2023,-30.94428876752157,0.0,23.0,0.0,4,-7.7360721918803925,0.0,-1.24426335953321,0.0,-1.24426335953321
YV Takawale,2008,-3.2128865469734373,0.0,65.0,0.0,7,-0.45898379242477677,0.0,-0.16126457571681346,0.0,-0.16126457571681346
YV Takawale,2009,-5.707860524272709,0.0,22.0,0.0,4,-1.4269651310681772,0.0,-0.22107910481337956,0.0,-0.22107910481337956
YV Takawale,2014,-16.36431376034082,0.0,91.0,0.0,5,-3.272862752068164,0.0,-1.4115190068161279,0.0,-1.4115190068161279
Yash Dayal,2022,-3.2978448299208996,-3.786878595567254,1.0,192.0,9,-0.36642720332454437,-0.42076428839636154,-0.003028323994417722,-0.2589318697823763,-0.261960193776794
Yash Dayal,2023,0.0,-48.628498994627094,0.0,84.0,5,0.0,-9.725699798925419,0.0,-4.004699917204584,-4.004699917204584
Yash Dayal,2024,0.0,5.896738743582972,0.0,301.0,14,0.0,0.4211956245416409,0.0,0.3011398645772777,0.3011398645772777
Yash Dayal,2025,-15.754262924459695,-10.207557039795944,8.0,294.0,15,-1.0502841949639796,-0.6805038026530629,-0.06564276218524873,-0.4832563236231896,-0.5488990858084384
Yash Raj Punja,2026,0.0,3.3913586809982483,0.0,180.0,8,0.0,0.42391983512478104,0.0,0.2543519010748686,0.2543519010748686
Yash Thakur,2023,0.0,13.33259515802662,0.0,191.0,9,0.0,1.4813994620029578,0.0,0.9097983834166076,0.9097983834166076
Yash Thakur,2024,0.0,-33.15360518047295,0.0,213.0,10,0.0,-3.315360518047295,0.0,-2.1206360070392605,-2.1206360070392605
Yash Thakur,2025,0.0,-24.7585805091945,0.0,39.0,2,0.0,-12.37929025459725,0.0,-3.036429685089891,-3.036429685089891
Yash Thakur,2026,0.0,-9.647806646032457,0.0,24.0,1,0.0,-9.647806646032457,0.0,-1.6079677743387428,-1.6079677743387428
Yashpal Singh,2009,-27.547754517415562,0.0,66.0,0.0,8,-3.4434693146769453,0.0,-1.2218762084337549,0.0,-1.2218762084337549
Younis Khan,2008,-14.149115507364478,0.0,7.0,0.0,1,-14.149115507364478,0.0,-0.7798725082799318,0.0,-0.7798725082799318
Yudhvir Singh,2023,-5.56802060166846,13.79623103885882,2.0,48.0,3,-1.8560068672228198,4.598743679619607,-0.030426342085619996,1.313926765605602,1.283500423519982
Yudhvir Singh,2024,-3.1163684339820614,-13.35089864468624,14.0,24.0,2,-1.5581842169910307,-6.67544932234312,-0.16279536595428679,-1.1125748870571865,-1.2753702530114732
Yudhvir Singh,2025,0.0,-10.394741887141667,0.0,66.0,4,0.0,-2.5986854717854166,0.0,-0.922114199665793,-0.922114199665793
Yuvraj Singh,2008,27.413864930181624,-13.203857444954181,184.0,54.0,15,1.8275909953454417,-0.8802571629969455,1.1061734971827673,-0.27318325748181066,0.8329902397009565
Yuvraj Singh,2009,37.102358470914325,6.249235127636405,294.0,120.0,14,2.6501684622081663,0.4463739376883146,1.8820036905536253,0.2231869688441573,2.1051906593977825
Yuvraj Singh,2010,-17.644403081104695,18.57065879590167,199.0,138.0,14,-1.2603145057931926,1.326475628278691,-0.7862150051813332,0.7095102197769743,-0.07670478540435899
Yuvraj Singh,2011,28.066584001914357,35.358354901916144,261.0,174.0,14,2.00475600013674,2.525596778708296,1.3733367874952471,1.4947409506640934,2.8680777381593403
Yuvraj Singh,2013,-24.025211916031402,8.2084459957183,190.0,132.0,13,-1.8480932243101078,0.6314189227475615,-1.1327022987707112,0.3307432452487227,-0.8019590535219885
Yuvraj Singh,2014,11.511498819460826,1.0189566047482632,278.0,136.0,14,0.8222499156757733,0.07278261462487594,0.5743353682358416,0.038665764019465344,0.613001132255307
Yuvraj Singh,2015,-27.92711680974447,-6.940651676406947,210.0,54.0,14,-1.9947940578388905,-0.4957608340290677,-1.2694144004429304,-0.15385681056074516,-1.4232712110036756
Yuvraj Singh,2016,0.23562625509003876,-11.492990488964363,179.0,37.0,10,0.023562625509003877,-1.1492990488964363,0.01410605339836687,-0.27085391598196273,-0.2567478625835959
Yuvraj Singh,2017,22.085819758606966,-3.532573630158356,177.0,12.0,12,1.8404849798839138,-0.29438113584652964,1.0968546849813223,-0.026761921440593604,1.0700927635407287
Yuvraj Singh,2018,-41.845872485408535,-10.185938805948387,73.0,12.0,8,-5.230734060676067,-1.2732423507435484,-1.9784641783904293,-0.11574930461304984,-2.0942134830034793
Yuvraj Singh,2019,-1.2696092657037004,0.0,75.0,0.0,4,-0.3174023164259251,0.0,-0.1220778140099712,0.0,-0.1220778140099712
Z Khan,2008,-31.829566677627476,-8.048681951995247,43.0,252.0,11,-2.893596970693407,-0.7316983592722952,-0.7633415321461136,-0.49566663047478066,-1.2590081626208942
Z Khan,2009,-7.730335239228874,18.96797767362714,11.0,126.0,6,-1.2883892065381457,3.16132961227119,-0.10818535322076032,1.6192176062852435,1.511032253064483
Z Khan,2010,4.567746526787436,9.962586244910018,13.0,290.0,14,0.32626760905624547,0.7116133032078584,0.03189081893030971,0.5033362388543389,0.5352270577846486
Z Khan,2011,-20.3969521072219,-26.312525701852522,24.0,354.0,15,-1.3597968071481266,-1.7541683801235015,-0.22663280119135443,-1.3100751193327418,-1.5367079205240963
Z Khan,2012,-14.533611660495207,31.22379741486255,17.0,360.0,15,-0.9689074440330139,2.0815864943241698,-0.12022939086541048,1.5611898707431273,1.440960479877717
Z Khan,2013,0.0,29.40411344201663,0.0,36.0,2,0.0,14.702056721008315,0.0,3.3927823202326883,3.3927823202326883
Z Khan,2014,-3.8416956484684563,39.91179029911781,7.0,134.0,6,-0.640282608078076,6.6519650498529685,-0.03529116737438214,3.5093043963791253,3.474013229004743
Z Khan,2015,0.0,60.61124243745605,0.0,145.0,7,0.0,8.658748919636578,0.0,4.737806012631335,4.737806012631335
Z Khan,2016,-16.463998993995077,16.359400499596823,13.0,262.0,12,-1.3719999161662564,1.363283374966402,-0.13410525496361905,0.9350268173853333,0.8009215624217143
Z Khan,2017,-15.62544289724069,16.982497384109884,13.0,241.0,11,-1.4204948088400629,1.543863398555444,-0.13884535725504374,1.030667809007928,0.8918224517528842
Zeeshan Ansari,2025,0.0,-36.49217601605832,0.0,203.0,10,0.0,-3.6492176016058324,0.0,-2.2934711242290526,-2.2934711242290526
