player,impact,bat_impact,bowl_impact,consistency_sd,seasons_played,matches_3y,balls_faced_3y,balls_bowled_3y,last_season,impact_Powerplay,impact_Middle,impact_Death,as_of,person,display_name,contract_season,contract_team,salary_lakh,contract_status,nationality,overseas,auction_role,last_base_price_lakh,last_auction_season,last_auction_price_lakh,capped_auction,first_contract_season,birth_date,bowling_type,bowling_style,wiki_role,capped_intl,roles,availability,has_impact,age_at_auction,capped,is_keeper_listed,current_team,current_salary_lakh,impact_win_now,primary_role,phase_specialism,retired,fair_value_mini_2027,expected_price_mini_2027,fair_value_mega_2028,expected_price_mega_2028,projected_release
V Suryavanshi,9.328763913832082,9.328763913832082,0.0,4.580341095258651,2.0,23.0,449.0,0.0,2026.0,6.324982894917348,2.6696119268586482,0.3341690920560857,2027.0,Vaibhav Sooryavanshi,Vaibhav Sooryavanshi,2026.0,RR,110.00000000000001,retained,IND,False,Batter,,2025.0,110.0,False,2025.0,2011-03-27,finger_spin,Slow left-arm orthodox,Top-order batter,True,Opener,0.7666666666666667,True,15.7,True,False,RR,110.00000000000001,10.728312581827781,Opener,Powerplay,False,2277.0,1287.0,3112.0,2075.0,False
SP Narine,6.3181545316863055,0.6030909580280148,5.715063573658291,3.3205840183873057,3.0,39.0,446.0,906.0,2026.0,0.6828657472827933,3.4450543630232593,2.190234421380254,2027.0,Sunil Narine,Sunil Narine,2026.0,KKR,1200.0,retained,WIN,True,,,,,,2022.0,1988-05-26,finger_spin,Right-arm off break,All-rounder,True,Opener;Finger spinner;All-rounder,0.9512195121951219,True,38.6,True,False,KKR,1200.0,6.234703420234236,All-rounder,Middle,False,1303.0,1692.0,1782.0,1800.0,False
B Kumar,6.164242586204681,-0.19650151280395226,6.360744099008634,5.134955237656356,3.0,46.0,80.0,1032.0,2026.0,6.169478837432339,-0.4236991431474504,0.4184628919197919,2027.0,Bhuvneshwar Kumar,Bhuvneshwar Kumar,2026.0,RCB,1075.0,retained,IND,False,Fast bowler,,2025.0,1075.0,True,2022.0,1990-02-05,pace,Right-arm medium,Bowler,True,Death pacer,0.9787234042553191,True,36.9,True,False,RCB,1075.0,8.293243183002096,Death pacer,Powerplay,False,1148.0,1497.0,1569.0,2413.0,False
JP Inglis,5.064352924511982,5.064352924511982,0.0,3.8795002362958804,2.0,17.0,314.0,0.0,2026.0,5.771105114311333,-0.32759522987376166,-0.37915695992558973,2027.0,Josh Inglis,Josh Inglis,2026.0,LSG,860.0,sold,AUS,True,Wicket-keeper,200.0,2026.0,860.0,True,2025.0,1995-03-04,,,Wicket-keeper-batter,True,Anchor;Wicketkeeper,0.53125,True,31.8,True,True,LSG,860.0,6.249755774491279,Anchor,Powerplay,False,994.0,1175.0,1358.0,1800.0,False
JJ Bumrah,4.821610331233464,-0.02084389234909398,4.842454223582559,4.408499829422043,3.0,38.0,20.0,889.0,2026.0,0.6475993091431451,1.4143901557031877,2.759620866387132,2027.0,Jasprit Bumrah,Jasprit Bumrah,2026.0,MI,1800.0,retained,IND,False,,,,,,2022.0,1993-12-06,pace,Right-arm fast,Bowler,True,Death pacer,0.8636363636363636,True,33.0,True,False,MI,1800.0,2.953222503791615,Death pacer,Death,False,859.0,1367.0,1174.0,2203.0,False
JO Holder,4.696266499787244,-0.946823085669203,5.643089585456448,,1.0,11.0,52.0,230.0,2026.0,-0.8256181960552547,4.746236347007524,0.7756483488349755,2027.0,Jason Holder,Jason Holder,2026.0,GT,700.0,sold,WIN,True,All-rounder,200.0,2026.0,700.0,True,2022.0,1991-11-05,pace,Right-arm medium-fast,Bowling all-rounder,True,Powerplay pacer,0.6470588235294118,True,35.1,True,False,GT,700.0,4.696266499787244,Powerplay pacer,Middle,False,918.0,1017.0,1254.0,1640.0,False
V Kohli,4.5398131628806535,4.5398131628806535,0.0,1.687681601207958,3.0,46.0,1340.0,0.0,2026.0,3.6796240312943578,0.18291988954948188,0.6772692420368139,2027.0,Virat Kohli,Virat Kohli,2026.0,RCB,2100.0,retained,IND,False,,,,,,2022.0,1988-11-05,pace,Right-arm medium,Top-order batter,True,Opener,1.0,True,38.1,True,False,RCB,2100.0,4.412446836571902,Opener,Powerplay,False,808.0,1362.0,1104.0,2196.0,False
Abhishek Sharma,4.3534662673875015,4.658033358437146,-0.30456709104964474,1.443559409996416,3.0,45.0,739.0,137.0,2026.0,2.812728178831246,1.637343078972478,-0.0966049904162237,2027.0,Abhishek Sharma,Abhishek Sharma,2026.0,SRH,1400.0,retained,IND,False,All-rounder,,2022.0,650.0,False,2022.0,2000-09-04,finger_spin,Slow left-arm orthodox spin,Batting all-rounder,True,Opener;Finger spinner,1.0,True,26.3,True,False,SRH,1400.0,4.829859897169448,Opener,Powerplay,False,776.0,1142.0,1061.0,1841.0,False
B Sai Sudharsan,4.211674495891236,4.211674495891236,0.0,1.480275483219828,3.0,44.0,1316.0,0.0,2026.0,1.5106383148377147,2.1504806110404013,0.5505555700131197,2027.0,Sai Sudharsan,Sai Sudharsan,2026.0,GT,850.0,retained,IND,False,,,2022.0,20.0,False,2022.0,2001-10-15,wrist_spin,Right-arm leg break,Top-order batter,True,Opener,1.0,True,25.2,True,False,GT,850.0,3.847606612904812,Opener,Middle,False,753.0,936.0,1029.0,1508.0,False
Mohsin Khan,3.8020932223104777,-0.0327050461571011,3.834798268467578,3.5774798334886606,2.0,17.0,5.0,396.0,2026.0,2.3703489773855715,1.362966988563941,0.06877725636096421,2027.0,Mohsin Khan (Indian cricketer),Mohsin Khan,2026.0,LSG,400.0,retained,IND,False,Fast bowler,,2022.0,20.0,False,2022.0,1998-07-15,pace,Left arm medium fast,Bowler,False,Powerplay pacer,0.6071428571428571,True,28.4,False,False,LSG,400.0,4.951997454503261,Powerplay pacer,Powerplay,False,268.0,374.0,366.0,603.0,False
H Klaasen,3.7999275583039998,3.7999275583039998,0.0,0.6059193211007308,3.0,45.0,952.0,0.0,2026.0,-0.03304147338540414,2.7699704043248996,1.062998627364505,2027.0,Heinrich Klaasen,Heinrich Klaasen,2026.0,SRH,2300.0,retained,SA,True,Wicket-keeper,,2023.0,525.0,True,2023.0,1991-07-30,finger_spin,Right-arm off spin,Wicket-keeper batsman,True,Middle-order;Wicketkeeper,1.0,True,35.4,True,True,SRH,2300.0,3.8771886300406075,Middle-order,Middle,False,756.0,1280.0,1033.0,1800.0,False
Shubman Gill,3.721351820748877,3.721351820748877,0.0,1.378965655349384,3.0,43.0,1155.0,0.0,2026.0,0.888754539339096,2.8535311156805125,-0.020933834270731116,2027.0,Shubman Gill,Shubman Gill,2026.0,GT,1650.0,retained,IND,False,,,,,,2022.0,1999-09-08,finger_spin,Right-arm off break,Top-order batter,True,Opener,0.9772727272727273,True,27.3,True,False,GT,1650.0,4.214274920896363,Opener,Middle,False,677.0,1065.0,925.0,1717.0,False
AJ Hosein,3.6648900647832754,0.001234269653351175,3.663655795129924,,1.0,7.0,3.0,148.0,2026.0,1.4728517980291396,1.854486770804371,0.3375514959497644,2027.0,Akeal Hosein,Akeal Hosein,2026.0,CSK,200.0,sold,WIN,True,Spin bowler,200.0,2026.0,200.0,True,2023.0,1993-04-25,finger_spin,Slow left-arm orthodox,Bowler,True,Finger spinner,0.5,True,33.6,True,False,CSK,200.0,3.6648900647832754,Finger spinner,Middle,False,734.0,539.0,1003.0,869.0,False
JR Hazlewood,3.417503125557169,-0.0016459243115287496,3.4191490498686976,3.0936031028228936,2.0,25.0,2.0,573.0,2026.0,2.5014413715399018,0.586714736173591,0.32934701784367654,2027.0,Josh Hazlewood,Josh Hazlewood,2026.0,RCB,1250.0,retained,AUS,True,Fast bowler,,2025.0,1250.0,True,2022.0,1991-01-08,pace,Right-arm fast-medium,Bowler,True,Powerplay pacer,0.8064516129032258,True,35.9,True,False,RCB,1250.0,2.47223551080573,Powerplay pacer,Powerplay,False,696.0,962.0,951.0,1551.0,False
SR Dubey,3.400485876855901,0.003700096695387396,3.3967857801605135,,1.0,4.0,2.0,77.0,2026.0,3.3237334365792375,0.0,0.07675244027666335,2027.0,,SR Dubey,,,,,,,,,,,,,,,,,,,0.2857142857142857,True,,,False,,,3.400485876855901,,Powerplay,False,632.0,481.0,863.0,775.0,False
JC Archer,3.3544081988550594,-0.3961224437180999,3.750530642573159,2.3696515796634703,2.0,28.0,97.0,633.0,2026.0,2.7306799929088266,0.6654232229754019,-0.04169501702916911,2027.0,Jofra Archer,Jofra Archer,2026.0,RR,1250.0,retained,ENG,True,Fast bowler,,2025.0,1250.0,True,2022.0,1995-04-01,pace,Right-arm fast,Bowler,True,Powerplay pacer,0.9333333333333333,True,31.7,True,False,RR,1250.0,4.078468403752231,Powerplay pacer,Powerplay,False,686.0,950.0,938.0,1531.0,False
MR Marsh,3.2678175097624975,3.7824796380739634,-0.5146621283114657,4.401945775810843,3.0,30.0,766.0,48.0,2026.0,2.5784061858862364,1.029465995801929,-0.34005467192566735,2027.0,Mitchell Marsh,Mitchell Marsh,2026.0,LSG,340.0,retained,AUS,True,All-rounder,,2025.0,340.0,True,2022.0,1991-10-20,pace,Right-arm medium,Top-order batter,True,Opener,0.7142857142857143,True,35.2,True,False,LSG,340.0,3.834921156825388,Opener,Powerplay,False,674.0,597.0,921.0,963.0,False
KL Rahul,3.2548607899539372,3.2548607899539372,0.0,1.2149385502575136,3.0,42.0,1082.0,0.0,2026.0,0.13630614763141957,2.694276151683728,0.42427849063878964,2027.0,KL Rahul,KL Rahul,2026.0,DC,1400.0,retained,IND,False,Wicket-keeper,,2025.0,1400.0,True,2022.0,1992-04-18,,,Wicket-keeper-batter,True,Opener;Wicketkeeper,0.9767441860465116,True,34.7,True,True,DC,1400.0,3.743900086626779,Opener,Middle,False,612.0,917.0,836.0,1479.0,False
RM Patidar,3.186536923458493,3.186536923458493,0.0,2.374933658911276,3.0,45.0,700.0,0.0,2026.0,-0.489974915542305,2.912360176580337,0.764151662420461,2027.0,Rajat Patidar,Rajat Patidar,2026.0,RCB,1100.0,retained,IND,False,,,,,,2023.0,1993-06-01,finger_spin,Right-arm off break,Top-order batter,True,Anchor,0.9782608695652174,True,33.5,True,False,RCB,1100.0,3.9985840364744227,Anchor,Middle,False,603.0,833.0,824.0,1343.0,False
L Ngidi,3.106492221391344,-0.03974035454845884,3.146232575939803,1.34163836487808,2.0,14.0,9.0,296.0,2026.0,1.6814079312912236,-0.07615181313095093,1.5012361032310713,2027.0,Lungi Ngidi,Lungi Ngidi,2026.0,DC,200.0,sold,SA,True,Fast bowler,200.0,2026.0,200.0,True,2022.0,1996-03-29,pace,Right-arm fast-medium,Bowler,True,Death pacer,0.4827586206896552,True,30.7,True,False,DC,200.0,3.5164372773263133,Death pacer,Powerplay,False,651.0,482.0,889.0,777.0,False
SS Iyer,3.0535629909886897,3.0535629909886897,0.0,1.6133516710837403,3.0,46.0,879.0,0.0,2026.0,-1.0001722633853474,2.432521992589848,1.6212132617841886,2027.0,Shreyas Iyer,Shreyas Iyer,2026.0,PBKS,2675.0,retained,IND,False,Batter,,2025.0,2675.0,True,2022.0,1994-12-06,wrist_spin,Right-arm leg break,Middle-order batter,True,Anchor,1.0,True,32.0,True,False,PBKS,2675.0,3.4088133499881117,Anchor,Middle,False,586.0,1100.0,801.0,1774.0,False
CV Varun,2.984087174634928,-0.017276779824896144,3.001363954459824,1.9881010423650156,3.0,38.0,7.0,846.0,2026.0,-0.29046114817083324,3.016720570029156,0.25782775277660525,2027.0,Varun Chakravarthy,Varun Chakravarthy,2026.0,KKR,1200.0,retained,IND,False,,,,,,2022.0,1991-08-29,wrist_spin,Right-arm leg break googly,Bowler,True,Wrist spinner,0.926829268292683,True,35.3,True,False,KKR,1200.0,2.141931267503482,Wrist spinner,Middle,False,577.0,824.0,789.0,1329.0,False
Mustafizur Rahman,2.9807285296874744,-0.005604137186787493,2.986332666874262,0.5849001516702943,2.0,12.0,1.0,272.0,2025.0,1.5688533931913542,0.5140238271223695,0.8978513093737515,2027.0,Mustafizur Rahman,Mustafizur Rahman,2026.0,KKR,920.0,sold,BAN,True,Fast bowler,200.0,2026.0,920.0,True,2022.0,1995-09-06,pace,Left-arm fast-medium,Bowler,True,Death pacer,0.41379310344827586,True,31.3,True,False,KKR,920.0,3.0587152165768465,Death pacer,Powerplay,False,633.0,794.0,865.0,1279.0,False
FH Allen,2.716348107695389,2.716348107695389,0.0,,1.0,11.0,163.0,0.0,2026.0,-1.2473891984488592,3.963737306144248,0.0,2027.0,Finn Allen,Finn Allen,2026.0,KKR,200.0,sold,NZ,True,Wicket-keeper,200.0,2026.0,200.0,True,2022.0,1999-04-22,finger_spin,Right-arm off break,Top-order batter,True,Opener;Wicketkeeper,0.7857142857142857,True,27.6,True,True,KKR,200.0,2.716348107695389,Opener,Middle,False,598.0,446.0,817.0,719.0,False
C Connolly,2.652736393650148,2.652736393650148,0.0,,1.0,14.0,301.0,0.0,2026.0,-0.3940195267646128,1.2653610477685466,1.781394872646214,2027.0,Cooper Connolly,Cooper Connolly,2026.0,PBKS,300.0,sold,AUS,True,All-rounder,200.0,2026.0,300.0,True,2026.0,2003-08-22,finger_spin,Slow left-arm orthodox,Batting All-rounder,True,Anchor,1.0,True,23.3,True,False,PBKS,300.0,2.652736393650148,Anchor,Death,False,590.0,506.0,806.0,816.0,False
Noor Ahmad,2.6392494189092246,-0.28062092799266075,2.9198703469018854,2.0168823349831073,3.0,38.0,49.0,815.0,2026.0,0.0016930194308157065,2.1596039774864075,0.47795242199200116,2027.0,Noor Ahmad,Noor Ahmad,2026.0,CSK,1000.0,retained,AFG,True,Spin bowler,,2025.0,1000.0,True,2022.0,2005-01-03,wrist_spin,Left-arm unorthodox spin,Bowler,True,Wrist spinner,0.95,True,21.9,True,False,CSK,1000.0,2.423352800728586,Wrist spinner,Middle,False,588.0,763.0,804.0,1230.0,False
RD Rickelton,2.530458752316012,2.530458752316012,0.0,2.425182230829267,2.0,26.0,497.0,0.0,2026.0,1.0770638367591956,1.3822728964740834,0.07112201908273377,2027.0,Ryan Rickelton,Ryan Rickelton,2026.0,MI,100.0,retained,SA,True,Wicket-keeper,,2025.0,100.0,True,2025.0,1996-07-11,finger_spin,Slow left-arm orthodox,"Wicket-keeper, batter",True,Opener;Wicketkeeper,0.8666666666666667,True,30.4,True,True,MI,100.0,3.2714866561805103,Opener,Middle,False,574.0,339.0,785.0,546.0,False
Mohammed Siraj,2.4791757443694435,-0.07537909269407428,2.554554837063518,1.4467889559863403,3.0,46.0,28.0,1038.0,2026.0,3.054814036802534,-0.3360305185009027,-0.23960777393218746,2027.0,Mohammed Siraj,Mohammed Siraj,2026.0,GT,1225.0,retained,IND,False,Fast bowler,,2025.0,1225.0,True,2022.0,1994-03-13,pace,Right-arm fast,Bowler,True,Powerplay pacer,0.9787234042553191,True,32.8,True,False,GT,1225.0,3.0728584400684307,Powerplay pacer,Powerplay,False,517.0,751.0,707.0,1210.0,False
N Thushara,2.4620341027513915,0.0,2.4620341027513915,0.36648994554078795,2.0,8.0,0.0,180.0,2025.0,2.328954087624206,-0.37284372062078674,0.5059237357479724,2027.0,Nuwan Thushara,Nuwan Thushara,2026.0,RCB,160.0,retained,SL,True,Fast bowler,,2025.0,160.0,True,2024.0,1994-08-06,pace,Right arm medium-fast,Bowler,True,Death pacer,0.27586206896551724,True,32.4,True,False,RCB,160.0,2.510899428823496,Death pacer,Powerplay,False,566.0,393.0,774.0,633.0,False
P Simran Singh,2.460302761265851,2.460302761265851,0.0,1.7101581821716274,3.0,46.0,885.0,0.0,2026.0,1.794612795406966,0.5658695597169718,0.09982040614191304,2027.0,Prabhsimran Singh,Prabhsimran Singh,2026.0,PBKS,400.0,retained,IND,False,Wicket-keeper,,2022.0,60.0,False,2022.0,2000-08-10,,,Wicket-keeper-batter,False,Opener;Wicketkeeper,1.0,True,26.3,False,True,PBKS,400.0,3.0853566617869648,Opener,Powerplay,False,200.0,286.0,274.0,462.0,False
Ishan Kishan,2.329126258743168,2.329538264667946,-0.0004120059247783645,3.0040219455902744,3.0,43.0,777.0,1.0,2026.0,0.18496087985693122,1.7284212083758426,0.4157441705103939,2027.0,Ishan Kishan,Ishan Kishan,2026.0,SRH,1125.0,retained,IND,False,Wicket-keeper,,2025.0,1125.0,True,2022.0,1998-07-18,wrist_spin,"Leg break, Off-break",Wicket-keeper-batsman,True,Anchor;Wicketkeeper,1.0,True,28.4,True,True,SRH,1125.0,3.5960212772669955,Anchor,Middle,False,501.0,708.0,685.0,1141.0,False
KD Karthik,2.32430436877571,2.32430436877571,0.0,,1.0,15.0,174.0,0.0,2024.0,0.0,0.4368565023896692,1.887447866386041,2027.0,Dinesh Karthik,Dinesh Karthik,2024.0,RCB,550.0,retained,IND,False,Wicket-keeper,,2022.0,550.0,True,2022.0,1985-06-01,finger_spin,Right-arm off break,Wicket-keeper-batter,True,Finisher;Wicketkeeper,1.0,True,41.5,True,True,,,2.32430436877571,Finisher,Death,True,500.0,553.0,684.0,891.0,False
Swapnil Singh,2.2530714659758955,0.08541023042155595,2.1676612355543394,,1.0,7.0,21.0,90.0,2024.0,2.659480330549061,-0.3903339612468064,-0.01607490332635891,2027.0,Swapnil Singh,Swapnil Singh,2026.0,RCB,50.0,retained,IND,False,All-rounder,,2025.0,50.0,False,2023.0,1991-01-22,finger_spin,Slow left-arm orthodox,Bowler,False,,0.4666666666666667,True,35.9,False,False,RCB,50.0,2.2530714659758955,,Powerplay,False,192.0,135.0,262.0,217.0,False
E Malinga,2.1305966960868172,-0.10234973005275588,2.2329464261395735,0.23215640774197666,2.0,22.0,17.0,486.0,2026.0,-0.315464059039563,1.7478073268221728,0.6982534283042076,2027.0,Eshan Malinga,Eshan Malinga,2026.0,SRH,120.0,retained,SL,True,Fast bowler,,2025.0,120.0,False,2025.0,2001-02-04,pace,Right-arm medium fast,Bowler,True,Death pacer,0.7586206896551724,True,25.9,True,False,SRH,120.0,2.059660015943436,Death pacer,Middle,False,527.0,333.0,720.0,537.0,False
Harpreet Brar,2.0895537323517814,-0.08632024170947794,2.1758739740612594,1.1843047586460471,3.0,23.0,70.0,408.0,2026.0,0.7368644625785715,1.3273791125970145,0.02531015717619547,2027.0,Harpreet Brar,Harpreet Brar,2026.0,PBKS,150.0,retained,IND,False,All-rounder,,2025.0,150.0,False,2022.0,1995-09-16,finger_spin,Slow left-arm orthodox,Bowler,False,Finger spinner,0.5,True,31.2,False,False,PBKS,150.0,2.2601912328595346,Finger spinner,Middle,False,185.0,190.0,253.0,306.0,False
PD Salt,2.0687343760322747,2.0687343760322747,0.0,1.5069906478142963,3.0,31.0,588.0,0.0,2026.0,1.1911130922904045,0.8751676004435737,0.0024536832982963363,2027.0,Phil Salt,Phil Salt,2026.0,RCB,1150.0,retained,ENG,True,Wicket-keeper,,2025.0,1150.0,True,2023.0,1996-08-28,finger_spin,Right-arm off spin,Wicket-keeper-batter,True,Opener;Wicketkeeper,0.6888888888888889,True,30.3,True,True,RCB,1150.0,1.6697177721953917,Opener,Powerplay,False,520.0,714.0,710.0,1151.0,False
JM Bairstow,2.0365314979848947,2.0365314979848947,0.0,1.7349389712836836,2.0,13.0,241.0,0.0,2025.0,3.040102167129656,-1.0360375553001189,0.03246688615535786,2027.0,Jonny Bairstow,Jonny Bairstow,2024.0,PBKS,675.0,retained,ENG,True,Wicket-keeper,,2022.0,675.0,True,2022.0,1989-09-26,,,Wicket-keeper-batter,True,Opener;Wicketkeeper,0.43333333333333335,True,37.2,True,True,,,2.2678566941560527,Opener,Powerplay,False,516.0,591.0,705.0,953.0,False
C Bosch,1.9564929131857776,-0.12773684429583929,2.084229757481617,1.6156143018077622,2.0,9.0,63.0,163.0,2026.0,0.866623577386975,1.0030117664548144,0.08685756934398842,2027.0,Corbin Bosch,Corbin Bosch,2026.0,MI,75.0,retained,SA,True,,,,,,2026.0,1994-09-10,pace,Right-arm fast medium,All-rounder,True,Death pacer;All-rounder,0.3,True,32.3,True,False,MI,75.0,2.4501528387381497,All-rounder,Middle,False,507.0,274.0,693.0,441.0,False
AM Ghazanfar,1.77427013800395,-0.005866440375805349,1.7801365783797554,,1.0,11.0,3.0,233.0,2026.0,2.847198153382221,-0.5168556210846321,-0.5560723942936391,2027.0,Allah Ghazanfar,Allah Ghazanfar,2026.0,MI,480.0,retained,AFG,True,Spin bowler,,2025.0,480.0,True,2025.0,2006-03-20,finger_spin,Right arm off spin,Bowler,True,Finger spinner,0.7857142857142857,True,20.7,True,False,MI,480.0,1.77427013800395,Finger spinner,Powerplay,False,488.0,499.0,667.0,804.0,False
K Rabada,1.7503760241159119,-0.12742912897232347,1.8778051530882354,4.037243261848438,3.0,32.0,60.0,724.0,2026.0,1.64830814056097,-0.1356444694355806,0.23771235299052257,2027.0,Kagiso Rabada,Kagiso Rabada,2026.0,GT,1075.0,retained,SA,True,Fast bowler,,2025.0,1075.0,True,2022.0,1995-05-25,pace,Right-arm fast,Bowler,True,Powerplay pacer,0.6956521739130435,True,31.6,True,False,GT,1075.0,3.283748704066568,Powerplay pacer,Powerplay,False,485.0,655.0,663.0,1056.0,False
S Sandeep Warrier,1.7282460184809803,0.0,1.7282460184809803,,1.0,5.0,0.0,66.0,2024.0,2.2851964854865274,-0.5569504670055473,0.0,2027.0,,S Sandeep Warrier,,,,,,,,,,,,,,,,,,,0.4166666666666667,True,,,False,,,1.7282460184809803,,Powerplay,False,440.0,345.0,601.0,555.0,False
JC Buttler,1.6981686595269236,1.6981686595269236,0.0,1.6635915459609096,3.0,42.0,930.0,0.0,2026.0,0.2669533340530498,0.9874609314497853,0.44375439402408867,2027.0,Jos Buttler,Jos Buttler,2026.0,GT,1575.0,retained,ENG,True,Wicket-keeper,,2025.0,1575.0,True,2022.0,1990-09-08,,none,Wicket-keeper-batsman,True,Anchor;Wicketkeeper,0.8936170212765957,True,36.3,True,True,GT,1575.0,1.5496271521014156,Anchor,Middle,False,480.0,739.0,656.0,1191.0,False
Priyansh Arya,1.6682031491222697,1.6682031491222697,0.0,0.36714392761257375,2.0,31.0,471.0,0.0,2026.0,1.0050843529259599,0.6631187961963098,0.0,2027.0,Priyansh Arya,Priyansh Arya,2026.0,PBKS,380.0,retained,IND,False,All-rounder,,2025.0,380.0,False,2025.0,2001-09-18,finger_spin,Right-arm. offbreak,Opening batter,False,Opener,0.96875,True,25.2,False,False,PBKS,380.0,1.7803860158927785,Opener,Powerplay,False,169.0,240.0,231.0,387.0,False
SA Yadav,1.6501141355835838,1.6501141355835838,0.0,3.7488705976489882,3.0,40.0,816.0,0.0,2026.0,-0.6803297849475498,2.169373384436833,0.1610705360943005,2027.0,Suryakumar Yadav,Suryakumar Yadav,2026.0,MI,1635.0000000000002,retained,IND,False,,,,,,2022.0,1990-09-14,finger_spin,Right-arm off break,Batter,True,Anchor,0.9090909090909091,True,36.3,True,False,MI,1635.0000000000002,0.27116162424633705,Anchor,Middle,False,432.0,702.0,591.0,1132.0,False
TM Head,1.6233492508508338,1.6365061688768607,-0.01315691802602695,3.13441351350234,3.0,43.0,767.0,16.0,2026.0,1.906582313035861,-0.2906709106525291,0.0074378484675021676,2027.0,Travis Head,Travis Head,2026.0,SRH,1400.0,retained,AUS,True,Batter,,2024.0,680.0,True,2024.0,1993-12-29,finger_spin,Right-arm off break,Batter,True,Opener,0.9555555555555556,True,33.0,True,False,SRH,1400.0,0.9278700592530685,Opener,Powerplay,False,472.0,699.0,645.0,1127.0,False
Prince Yadav,1.5245529681740873,-0.052035955655338174,1.5765889238294255,3.444585297300645,2.0,20.0,11.0,449.0,2026.0,1.015115864094641,0.9821560486800965,-0.4727189446006498,2027.0,Prince Yadav,Prince Yadav,2026.0,LSG,30.0,retained,IND,False,All-rounder,,2025.0,30.0,False,2025.0,2001-12-12,pace,Right-arm fast,Bowler,True,Death pacer,0.7142857142857143,True,25.0,True,False,LSG,30.0,2.577065142349284,Death pacer,Powerplay,False,421.0,174.0,575.0,280.0,False
A Mhatre,1.5201915880532102,1.5201915880532102,0.0,0.6326124161473983,2.0,13.0,240.0,0.0,2026.0,0.141600089627068,1.8123259061343722,-0.4337344077082296,2027.0,Ayush Mhatre,Ayush Mhatre,2026.0,CSK,30.0,retained,IND,False,,,,,,2026.0,2007-07-16,finger_spin,Right-arm off break,Top order batter,False,Anchor,0.4642857142857143,True,19.4,False,False,CSK,30.0,1.32689334978595,Anchor,Middle,False,164.0,98.0,224.0,157.0,False
KH Pandya,1.5085501105262695,-0.43970882189353927,1.9482589324198087,1.1833706223780738,3.0,45.0,346.0,777.0,2026.0,-0.2920369312815907,2.048626163074233,-0.2480391212663725,2027.0,Krunal Pandya,Krunal Pandya,2026.0,RCB,575.0,retained,IND,False,All-rounder,,2025.0,575.0,True,2022.0,1991-03-24,finger_spin,Slow left arm orthodox,All-rounder,True,Finisher;Finger spinner;All-rounder,1.0,True,35.7,True,False,RCB,575.0,1.5935443934698226,All-rounder,Middle,False,419.0,477.0,573.0,769.0,False
V Puthur,1.506734651416849,0.0,1.506734651416849,,1.0,5.0,0.0,72.0,2025.0,0.0,1.8005487611404976,-0.2938141097236485,2027.0,Vignesh Puthur,Vignesh Puthur,2026.0,RR,30.0,sold,IND,False,Spin bowler,30.0,2026.0,30.0,False,2025.0,2001-03-02,wrist_spin,Left-arm wrist spin,Bowler,False,,0.3125,True,25.8,False,False,RR,30.0,1.506734651416849,,Middle,False,163.0,97.0,223.0,157.0,False
Akash Singh,1.5032745578183433,0.0,1.5032745578183433,0.8879887362832523,2.0,5.0,0.0,109.0,2026.0,2.1494694327478925,-0.6461948749295491,0.0,2027.0,"Akash Singh (cricketer, born 2002)",Akash Singh,2026.0,LSG,30.0,retained,IND,False,Fast bowler,,2025.0,30.0,False,2024.0,2002-04-26,pace,Left-arm medium-fast,Bowler,False,,0.17857142857142858,True,24.6,False,False,LSG,30.0,1.2319446661762385,,Powerplay,False,163.0,97.0,223.0,157.0,False
M Prasidh Krishna,1.4163789820512709,-0.013894694043214462,1.4302736760944852,2.5660083254452237,2.0,27.0,7.0,588.0,2026.0,-0.42805512430900994,2.000563156030508,-0.15612904967022745,2027.0,Prasidh Krishna,Prasidh Krishna,2026.0,GT,950.0,retained,IND,False,Fast bowler,,2025.0,950.0,True,2022.0,1996-02-19,pace,Right-arm fast-medium,Bowler,True,Powerplay pacer,0.84375,True,30.8,True,False,GT,950.0,0.6323208826096753,Powerplay pacer,Middle,False,411.0,557.0,562.0,897.0,False
RR Rossouw,1.4022935383026984,1.4022935383026984,0.0,,1.0,8.0,116.0,0.0,2024.0,0.08647706756047438,1.1911357466068593,0.1246807241353649,2027.0,Rilee Rossouw,Rilee Rossouw,2024.0,PBKS,800.0,sold,SA,True,Batter,200.0,2024.0,800.0,True,2023.0,1989-10-09,finger_spin,Right-arm off break,Top-order batter,True,,0.5714285714285714,True,37.2,True,False,,,1.4022935383026984,,Middle,False,450.0,552.0,615.0,890.0,False
Sakib Hussain,1.3619763079068368,-0.029263294169630742,1.3912396020764675,,1.0,11.0,7.0,252.0,2026.0,-0.3103768338956676,0.1622891117677774,1.510064030034727,2027.0,Sakib Hussain,Sakib Hussain,2026.0,SRH,30.0,sold,IND,False,Fast bowler,30.0,2026.0,30.0,False,2024.0,2004-12-14,pace,Right-arm fast-medium,Bowler,False,Death pacer,0.7333333333333333,True,22.0,False,False,SRH,30.0,1.3619763079068368,Death pacer,Death,False,158.0,95.0,216.0,152.0,False
TH David,1.3317397296362254,1.3471780945958396,-0.015438364959614237,0.8342388280505161,3.0,41.0,415.0,6.0,2026.0,0.0,0.39328248871919824,0.9384572409170271,2027.0,Tim David,Tim David,2026.0,RCB,300.0,retained,AUS,True,All-rounder,,2025.0,300.0,True,2022.0,1996-03-16,finger_spin,Right-arm off break,Middle-order batter,True,Finisher,0.9111111111111111,True,30.7,True,False,RCB,300.0,1.5941772681416801,Finisher,Death,False,443.0,389.0,606.0,627.0,False
N Pooran,1.3290190356302423,1.3290190356302423,0.0,3.8306777990757777,3.0,42.0,730.0,0.0,2026.0,0.18906566895164614,0.31136194004307405,0.8285914266355217,2027.0,Nicholas Pooran,Nicholas Pooran,2026.0,LSG,2100.0,retained,WIN,True,Wicket-keeper,,2023.0,1600.0,True,2022.0,1995-10-02,finger_spin,Right-arm off break,Wicket-keeper-batter,True,Anchor;Wicketkeeper,1.0,True,31.2,True,True,LSG,2100.0,-0.2908100804598377,Anchor,Death,False,443.0,758.0,605.0,1221.0,False
R Parag,1.1838102554753123,1.190804372114821,-0.006994116639508691,1.4507073781715452,3.0,43.0,816.0,162.0,2026.0,0.007054697119663889,1.2822475000055262,-0.10549194164987744,2027.0,Riyan Parag,Riyan Parag,2026.0,RR,1400.0,retained,IND,False,All-rounder,,2022.0,380.0,False,2022.0,2001-11-10,finger_spin,"Right-arm off break, leg break",Batting All Rounder,True,Anchor;Finger spinner,0.9555555555555556,True,25.1,True,False,RR,1400.0,0.664700429371171,Anchor,Middle,False,391.0,607.0,534.0,978.0,False
VR Iyer,1.1164814803803766,1.1306637513999103,-0.014182271019533694,1.5917927317780762,3.0,32.0,447.0,6.0,2026.0,0.7070007689948454,0.30149447332170887,0.1079862380638224,2027.0,Venkatesh Iyer,Venkatesh Iyer,2026.0,RCB,700.0,sold,IND,False,All-rounder,200.0,2026.0,700.0,True,2022.0,1994-12-25,pace,Right-arm medium,Batting all-rounder,True,Anchor,0.7441860465116279,True,32.0,True,False,RCB,700.0,1.3062941400721355,Anchor,Powerplay,False,385.0,472.0,527.0,761.0,False
M Pathirana,1.0982161593435975,0.0,1.0982161593435975,3.4148656828544137,3.0,19.0,0.0,391.0,2026.0,-0.001694987556272315,0.6050132100944584,0.4948979368054114,2027.0,Matheesha Pathirana,Matheesha Pathirana,2026.0,KKR,1800.0,sold,SL,True,Fast bowler,200.0,2026.0,1800.0,True,2023.0,2002-12-18,pace,Right-arm fast,Bowler,True,Death pacer,0.4523809523809524,True,24.0,True,False,KKR,1800.0,0.5049491289306135,Death pacer,Middle,False,421.0,686.0,576.0,1106.0,False
MJ Santner,1.0971088692139324,-0.2647156368650944,1.3618245060790268,0.6466122901521077,3.0,20.0,69.0,375.0,2026.0,-0.46836429969037285,1.6095692502201642,-0.04409608131585907,2027.0,Mitchell Santner,Mitchell Santner,2026.0,MI,200.0,retained,NZ,True,All-rounder,,2025.0,200.0,True,2022.0,1992-02-05,finger_spin,Slow left-arm orthodox,Bowling All rounder,True,Finger spinner,0.45454545454545453,True,34.9,True,False,MI,200.0,1.1747482666354645,Finger spinner,Middle,False,421.0,323.0,576.0,520.0,False
MM Ali,1.0198804695051844,-0.4259881235764176,1.445868593081602,1.3396527249402865,2.0,14.0,112.0,144.0,2025.0,1.9982365042917554,-1.06627932880573,0.08792329401915869,2027.0,Moeen Ali,Moeen Ali,2024.0,CSK,800.0,retained,ENG,True,,,,,,2022.0,1987-06-18,finger_spin,Right-arm off break,All-rounder,True,Finger spinner,0.5185185185185185,True,39.5,True,False,,,1.198500832830556,Finger spinner,Powerplay,False,414.0,512.0,566.0,825.0,False
PJ Cummins,0.9728364718758741,-0.16464383278940434,1.1374803046652784,1.201155277082706,3.0,38.0,172.0,856.0,2026.0,-1.076626212529302,1.7925990560065388,0.2568636283986376,2027.0,Pat Cummins,Pat Cummins,2026.0,SRH,1800.0,retained,AUS,True,All-rounder,,2024.0,2050.0,True,2022.0,1993-05-08,pace,Right-arm fast,<!-- Do not change role that does not match what EspnCricInfo says without gaining consensus on the talk page first --> Bowler,True,Finisher;Powerplay pacer,0.8444444444444444,True,33.6,True,False,SRH,1800.0,0.614373617977462,Powerplay pacer,Middle,False,410.0,669.0,560.0,1079.0,False
SV Samson,0.9216202121148667,0.9216202121148667,0.0,0.842383522412355,3.0,38.0,837.0,0.0,2026.0,-0.557075935870816,0.8932551231365295,0.5854410248491533,2027.0,Sanju Samson,Sanju Samson,2026.0,CSK,1800.0,retained,IND,False,,,,,,2022.0,1994-11-11,finger_spin,Right-arm off-spin,Wicket-keeper-batter,True,Opener;Wicketkeeper,0.8837209302325582,True,32.1,True,True,CSK,1800.0,0.7429821930396066,Opener,Middle,False,369.0,628.0,505.0,1012.0,False
Ashwani Kumar,0.8650477517245647,-0.08225723431524232,0.9473049860398071,0.600402700964241,2.0,10.0,6.0,183.0,2026.0,1.196425607441143,0.5898407731036936,-0.9212186288202718,2027.0,Ashwani Kumar (cricketer),Ashwani Kumar,2026.0,MI,30.0,retained,IND,False,Fast bowler,,2025.0,30.0,False,2025.0,2001-08-29,pace,Left arm medium-fast,Bowler,False,Powerplay pacer,0.3333333333333333,True,25.3,False,False,MI,30.0,1.0485041325747495,Powerplay pacer,Powerplay,False,142.0,86.0,194.0,138.0,False
Harshit Rana,0.8203968527659581,-0.47221604812768947,1.2926129008936476,1.7867175485407405,2.0,25.0,53.0,517.0,2025.0,0.5215605701052285,-0.6137055275464339,0.9125418102071637,2027.0,Harshit Rana,Harshit Rana,2026.0,KKR,400.0,retained,IND,False,,,,,,2023.0,2001-12-22,pace,Right-arm fast,Bowler,True,Powerplay pacer,0.9259259259259259,True,25.0,False,False,KKR,400.0,0.5821678462938593,Powerplay pacer,Death,False,141.0,206.0,192.0,333.0,False
Shashank Singh,0.7964915172203273,0.641544595560752,0.1549469216595753,0.8345288689815751,3.0,44.0,513.0,78.0,2026.0,-0.01689512625914352,-0.04584009343662268,0.8592267369160936,2027.0,Shashank Singh,Shashank Singh,2026.0,PBKS,550.0,retained,IND,False,All-rounder,,2024.0,20.0,False,2022.0,1991-11-21,pace,Right-arm medium; Right-arm offbreak,Batting all-rounder,False,Finisher,0.9565217391304348,True,35.1,False,False,PBKS,550.0,0.6928230503808166,Finisher,Death,False,140.0,229.0,191.0,370.0,False
D Ferreira,0.7773726838450215,0.8214287499712289,-0.04405606612620749,1.0235711264926508,3.0,18.0,191.0,18.0,2026.0,0.051431039116991414,-0.013058869026624113,0.7390005137546543,2027.0,Donovan Ferreira,Donovan Ferreira,2026.0,RR,100.0,retained,SA,True,Wicket-keeper,,2025.0,75.0,True,2023.0,1998-07-21,finger_spin,Right-arm off break,Batting all-rounder,True,Finisher;Wicketkeeper,0.391304347826087,True,28.4,True,True,RR,100.0,1.2071311154791171,Finisher,Death,False,393.0,239.0,537.0,385.0,False
N Burger,0.7693559879033358,-0.006736518161639345,0.7760925060649753,1.9487124411542092,2.0,18.0,9.0,363.0,2026.0,0.38158971829144067,-0.6129975003391496,1.0007637699510448,2027.0,Nandre Burger,Nandre Burger,2026.0,RR,350.0,retained,SA,True,Fast bowler,,2024.0,50.0,True,2024.0,1995-08-11,pace,Left-arm fast-medium,Bowler,True,Powerplay pacer,0.5806451612903226,True,31.3,True,False,RR,350.0,0.14298413181805436,Powerplay pacer,Death,False,392.0,366.0,536.0,591.0,False
Kuldeep Yadav,0.7614914740329506,-0.2900897150367683,1.051581189069719,2.8027527651639983,3.0,38.0,78.0,798.0,2026.0,-0.17315813447275574,0.9086704930761258,0.025979115429580757,2027.0,Kuldeep Yadav,Kuldeep Yadav,2026.0,DC,1325.0,retained,IND,False,Fast bowler,,2022.0,200.0,True,2022.0,1994-12-14,wrist_spin,Left-arm wrist spin,Bowler,True,Wrist spinner,0.8837209302325582,True,32.0,True,False,DC,1325.0,-0.3008939383173397,Wrist spinner,Middle,False,357.0,547.0,488.0,882.0,False
J Overton,0.7176839133609061,0.12803965577112308,0.5896442575897827,3.075787781405959,2.0,13.0,93.0,204.0,2026.0,-1.312956891871016,1.9395118836029988,0.09112892162892293,2027.0,Jamie Overton,Jamie Overton,2026.0,CSK,150.0,retained,ENG,True,All-rounder,,2025.0,150.0,True,2025.0,1994-04-10,pace,Right-arm fast,Bowling all-rounder,True,Death pacer;All-rounder,0.4642857142857143,True,32.7,True,False,CSK,150.0,1.657507957679393,All-rounder,Middle,False,388.0,271.0,530.0,437.0,False
PP Chawla,0.6917891503659205,-0.1754272081169137,0.8672163584828342,,1.0,11.0,15.0,210.0,2024.0,-0.07160148432330657,0.5435362071019655,0.2198544275872615,2027.0,Piyush Chawla,Piyush Chawla,2024.0,MI,50.0,retained,IND,False,Fast bowler,,2023.0,50.0,True,2023.0,1988-12-24,wrist_spin,Right-arm leg break,All-rounder,True,Wrist spinner,0.7857142857142857,True,38.0,True,False,,,0.6917891503659205,Wrist spinner,Middle,False,351.0,175.0,480.0,283.0,False
Ashutosh Sharma,0.6752911748903393,0.6752911748903393,0.0,0.41172855394228025,3.0,32.0,334.0,0.0,2026.0,0.0,-0.326587348228336,1.0018785231186753,2027.0,Ashutosh Sharma (cricketer),Ashutosh Sharma,2026.0,DC,380.0,retained,IND,False,All-rounder,,2025.0,380.0,False,2024.0,1998-09-15,pace,Right-arm medium,Batter,False,Finisher,0.7441860465116279,True,28.2,False,False,DC,380.0,0.8495289549847473,Finisher,Death,False,136.0,197.0,186.0,318.0,False
AD Russell,0.6736486103073434,0.5607457817610169,0.11290282854632638,1.408399677417437,2.0,27.0,222.0,285.0,2025.0,0.18112743486661234,-0.4578800837533285,0.9504012591940596,2027.0,Andre Russell,Andre Russell,2025.0,KKR,1200.0,retained,WIN,True,,,,,,2022.0,1988-04-29,pace,Right-arm fast,All-rounder,True,Finisher;Death pacer,1.0,True,38.6,True,False,,,0.4858619866516851,Finisher,Death,True,384.0,549.0,525.0,885.0,False
Suryansh Shedge,0.6596548328588928,0.8069599041718423,-0.14730507131294943,1.085766228077154,2.0,12.0,101.0,18.0,2026.0,0.2549891321576276,0.47673786705871823,-0.07207216635745306,2027.0,Suryansh Shedge,Suryansh Shedge,2026.0,PBKS,30.0,retained,IND,False,All-rounder,,2025.0,30.0,False,2025.0,2003-01-29,pace,Right-arm medium,Batting-allrounder,True,,0.375,True,23.9,True,False,PBKS,30.0,0.9914167358824675,,Middle,False,349.0,146.0,477.0,236.0,False
YBK Jaiswal,0.6579946397507095,0.6579946397507095,0.0,1.7584773161835259,3.0,45.0,909.0,0.0,2026.0,1.2087294075592423,-0.5551771067471819,0.0044423389386493185,2027.0,Yashasvi Jaiswal,Yashasvi Jaiswal,2026.0,RR,1800.0,retained,IND,False,,,,,,2022.0,2001-12-28,wrist_spin,Right-arm leg break,Opening batter,True,Opener,1.0,True,25.0,True,False,RR,1800.0,0.06591192214769126,Opener,Powerplay,False,349.0,596.0,477.0,960.0,False
Rashid Khan,0.6144013082193127,-0.28737253287447323,0.9017738410937859,1.4777923188085422,3.0,44.0,140.0,933.0,2026.0,0.68592235406893,0.5729413602979397,-0.6444624061475571,2027.0,Rashid Khan,Rashid Khan,2026.0,GT,1800.0,retained,AFG,True,,,,,,2022.0,1998-09-20,wrist_spin,Leg break googly,Bowling All-rounder,True,Finisher;Wrist spinner,1.0,True,28.2,True,False,GT,1800.0,1.0315064494750492,Wrist spinner,Powerplay,False,379.0,623.0,519.0,1005.0,False
M Tiwari,0.6047098826578692,0.04680164880361162,0.5579082338542576,0.6645469245096167,2.0,5.0,12.0,66.0,2026.0,0.0,0.4542990417764913,0.15041084088137802,2027.0,Madhav Tiwari,Madhav Tiwari,2026.0,DC,40.0,retained,IND,False,All-rounder,,2025.0,40.0,False,2025.0,,,,,False,,0.1724137931034483,True,,False,False,DC,40.0,0.8077658873691409,,Middle,False,134.0,90.0,183.0,145.0,False
Mukesh Choudhary,0.5480571241680299,-0.0004323545370168687,0.5484894787050467,1.6530446471967477,3.0,11.0,2.0,210.0,2026.0,0.8009044330237423,-0.00489646937994907,-0.24795083947576338,2027.0,Mukesh Choudhary,Mukesh Choudhary,2026.0,CSK,30.0,retained,IND,False,Fast bowler,,2025.0,30.0,False,2022.0,1996-07-06,pace,Left arm medium,Bowler,False,Powerplay pacer,0.2619047619047619,True,30.4,False,False,CSK,30.0,1.2465400797708943,Powerplay pacer,Powerplay,False,133.0,80.0,181.0,130.0,False
DL Chahar,0.5154244260646272,-0.06954481514084346,0.5849692412054707,0.2678356924407021,3.0,30.0,44.0,540.0,2026.0,1.9319431769914448,-0.8728259824052508,-0.5436927685215669,2027.0,Deepak Chahar,Deepak Chahar,2026.0,MI,925.0,retained,IND,False,Fast bowler,,2025.0,925.0,True,2022.0,1992-08-07,pace,Right arm medium<!--per source; if the source is wrong can you provide another please-->,Bowler,True,Powerplay pacer,0.6818181818181818,True,34.4,True,False,MI,925.0,0.4304950538632353,Powerplay pacer,Powerplay,False,338.0,461.0,462.0,743.0,False
JA Duffy,0.506060547415542,0.0,0.506060547415542,,1.0,6.0,0.0,144.0,2026.0,0.45044552113282843,1.4436504216964068,-1.388035395413693,2027.0,Jacob Duffy,Jacob Duffy,2026.0,RCB,200.0,sold,NZ,True,Fast bowler,200.0,2026.0,200.0,True,2026.0,1994-08-02,pace,Right-arm fast-medium,Bowler,True,Powerplay pacer,0.375,True,32.4,True,False,RCB,200.0,0.506060547415542,Powerplay pacer,Middle,False,371.0,287.0,507.0,463.0,False
R Sai Kishore,0.461506270546186,-0.021778874120616094,0.48328514466680206,0.9441425842827821,3.0,23.0,16.0,369.0,2026.0,-0.00235009268966882,0.44677734614548636,0.01707901709036852,2027.0,Sai Kishore,Sai Kishore,2026.0,GT,200.0,retained,IND,False,All-rounder,,2025.0,200.0,True,2022.0,1996-11-06,finger_spin,Slow left-arm orthodox,All-rounder,True,Finger spinner,0.5227272727272727,True,30.1,True,False,GT,200.0,0.06098664170096241,Finger spinner,Middle,False,334.0,269.0,457.0,434.0,False
KK Ahmed,0.4460805732257986,-0.0007520822871461986,0.4468326555129448,0.6199032786330644,3.0,33.0,2.0,681.0,2026.0,1.3712867964709132,-0.2240752974756762,-0.7011309257694385,2027.0,Khaleel Ahmed,Khaleel Ahmed,2026.0,CSK,480.0,retained,IND,False,Fast bowler,,2025.0,480.0,True,2022.0,1997-12-05,pace,Left-arm fast medium,Bowler,True,Powerplay pacer,0.7857142857142857,True,29.0,True,False,CSK,480.0,0.2844340981070153,Powerplay pacer,Powerplay,False,333.0,363.0,455.0,585.0,False
JD Unadkat,0.43510320288840265,-0.06865437461837057,0.5037575775067732,3.1784179876153242,3.0,22.0,29.0,407.0,2026.0,-0.19388829519902034,0.22347464013400437,0.40551685795341885,2027.0,Jaydev Unadkat,Jaydev Unadkat,2026.0,SRH,100.0,retained,IND,False,Fast bowler,,2025.0,100.0,True,2022.0,1991-10-18,pace,Left-arm medium,Bowler,True,Powerplay pacer,0.4888888888888889,True,35.2,True,False,SRH,100.0,-0.027334743000638873,Powerplay pacer,Death,False,332.0,211.0,454.0,341.0,False
AR Patel,0.3261299811617039,-1.144405203622192,1.4705351847838957,1.0455898918188518,3.0,41.0,478.0,744.0,2026.0,-0.7486333373056626,0.7498566541030456,0.32490666436432086,2027.0,Axar Patel,Axar Patel,2026.0,DC,1650.0,retained,IND,False,,,,,,2022.0,1994-01-20,finger_spin,Slow left-arm orthodox,All-rounder,True,Middle-order;Finger spinner;All-rounder,0.9534883720930233,True,32.9,True,False,DC,1650.0,0.206702987278769,All-rounder,Middle,False,325.0,541.0,444.0,872.0,False
Arshdeep Singh,0.3010708978986292,-0.008403033898403208,0.3094739317970323,1.7575564314368177,3.0,46.0,10.0,970.0,2026.0,1.054939594163306,-0.4675760348160398,-0.2862926614486372,2027.0,Arshdeep Singh,Arshdeep Singh,2026.0,PBKS,1800.0,retained,IND,False,Fast bowler,,2025.0,1800.0,True,2022.0,1999-02-05,pace,Left-arm medium-fast,Bowler,True,Death pacer,1.0,True,27.9,True,False,PBKS,1800.0,-0.17862371891515627,Death pacer,Powerplay,False,323.0,555.0,441.0,894.0,False
PP Hinge,0.2992524054607701,-0.13940493973899382,0.4386573451997639,,1.0,7.0,9.0,156.0,2026.0,1.9004433649509842,-1.8193079023163539,0.21811694282613964,2027.0,Praful Hinge,Praful Hinge,2026.0,SRH,30.0,sold,IND,False,Fast bowler,30.0,2026.0,30.0,False,2026.0,2002-01-18,pace,Right-arm medium-fast,Bowler,False,Death pacer,0.4666666666666667,True,24.9,False,False,SRH,30.0,0.2992524054607701,Death pacer,Powerplay,False,126.0,77.0,172.0,123.0,False
WG Jacks,0.2907967351671775,0.42638163426374603,-0.1355848990965685,0.9514312011298164,3.0,28.0,379.0,191.0,2026.0,-0.03240978843197232,-0.2509871502368518,0.5741936738360016,2027.0,Will Jacks,Will Jacks,2026.0,MI,525.0,retained,ENG,True,All-rounder,,2025.0,525.0,True,2023.0,1998-11-21,finger_spin,Right-arm off break,Batting all-rounder,True,Anchor;Finger spinner,0.6222222222222222,True,28.1,True,False,MI,525.0,0.3391738200327931,Anchor,Death,False,354.0,383.0,484.0,617.0,False
RA Jadeja,0.2755454435869716,-0.7999982137620103,1.075543657348982,1.2491162220190113,3.0,42.0,606.0,707.0,2026.0,0.49178210876354156,0.1840743367410414,-0.4003110019176115,2027.0,Ravindra Jadeja,Ravindra Jadeja,2026.0,RR,1400.0,retained,IND,False,,,,,,2022.0,1988-12-06,finger_spin,Slow left-arm orthodox,All-rounder,True,Finisher;Finger spinner;All-rounder,0.9545454545454546,True,38.0,True,False,RR,1400.0,0.6011953123866141,All-rounder,Powerplay,False,321.0,506.0,439.0,816.0,False
J Fraser-McGurk,0.26175672287115637,0.26175672287115637,0.0,4.722773366642583,2.0,15.0,193.0,0.0,2025.0,0.0769322025768937,0.18482452029426252,0.0,2027.0,Jake Fraser-McGurk,Jake Fraser-McGurk,2025.0,DC,900.0,sold,AUS,True,Batter,200.0,2025.0,900.0,True,2025.0,2002-04-11,wrist_spin,Right-arm leg break,Batter,True,Opener,0.5172413793103449,True,24.7,True,False,,,-0.36794639268118834,Opener,Middle,False,352.0,458.0,481.0,738.0,False
Yash Raj Punja,0.2543519010748686,0.0,0.2543519010748686,,1.0,8.0,0.0,180.0,2026.0,-0.39680097760129013,-0.2801562601970216,0.9313091388731803,2027.0,Yash Raj Punja,Yash Raj Punja,2026.0,RR,30.0,sold,IND,False,Spin bowler,30.0,2026.0,30.0,False,2026.0,,,,,False,Finger spinner,0.5,True,,False,False,RR,30.0,0.2543519010748686,Finger spinner,Death,False,124.0,76.0,170.0,122.0,False
SN Khan,0.22554049055799552,0.22554049055799552,0.0,,1.0,8.0,95.0,0.0,2026.0,0.6689417198724156,-0.8783045765400482,0.4349033472256282,2027.0,Sarfaraz Khan (cricketer),Sarfaraz Khan,2026.0,CSK,75.0,sold,IND,False,Batter,75.0,2026.0,75.0,True,2022.0,1997-10-22,wrist_spin,Legbreak,Middle-order batter,True,,0.5714285714285714,True,29.1,True,False,CSK,75.0,0.22554049055799552,,Powerplay,False,318.0,184.0,434.0,296.0,False
KR Sen,0.18906479123017683,0.0,0.18906479123017683,,1.0,3.0,0.0,72.0,2024.0,-1.6133310229540616,3.3520926332929872,-1.549696819108749,2027.0,Kuldeep Sen,Kuldeep Sen,2026.0,RR,75.0,sold,IND,False,Fast bowler,75.0,2026.0,75.0,True,2022.0,1996-10-22,pace,Right arm fast,Bowler,True,,0.2,True,30.1,True,False,RR,75.0,0.18906479123017683,,Middle,False,315.0,182.0,431.0,294.0,False
D Padikkal,0.18715435835414496,0.18715435835414496,0.0,2.5793267647244718,3.0,33.0,492.0,0.0,2026.0,0.46429508025961685,-0.22175546336343147,-0.05538525854204047,2027.0,Devdutt Padikkal,Devdutt Padikkal,2026.0,RCB,200.0,retained,IND,False,Batter,,2025.0,200.0,True,2022.0,2000-07-07,finger_spin,Right-arm off break,Top order batter,True,Anchor,0.7333333333333333,True,26.4,True,False,RCB,200.0,1.1183599018852208,Anchor,Powerplay,False,315.0,255.0,431.0,411.0,False
Dhruv Jurel,0.18069507857949663,0.18069507857949663,0.0,0.7349985745655528,3.0,44.0,687.0,0.0,2026.0,0.04779584633410233,0.13603855532039644,-0.003139323075002115,2027.0,Dhruv Jurel,Dhruv Jurel,2026.0,RR,1400.0,retained,IND,False,Wicket-keeper,,2022.0,20.0,False,2022.0,2001-01-21,,,Wicket-keeper-batter,True,Middle-order;Wicketkeeper,0.9777777777777777,True,25.9,True,True,RR,1400.0,0.30005393933405355,Middle-order,Middle,False,315.0,497.0,430.0,801.0,False
A Raghuvanshi,0.1802942853756886,0.1802942853756886,0.0,0.396301326948047,3.0,35.0,608.0,0.0,2026.0,0.057913275546453036,0.07991462695581092,0.042466382873424524,2027.0,Angkrish Raghuvanshi,Angkrish Raghuvanshi,2026.0,KKR,300.0,retained,IND,False,Batter,,2025.0,300.0,False,2024.0,2004-06-05,finger_spin,Slow left-arm orthodox,"Batter, Occasional wicket-keeper",False,Anchor;Wicketkeeper,0.8536585365853658,True,22.5,False,True,KKR,300.0,0.34697072323030176,Anchor,Middle,False,122.0,165.0,167.0,265.0,False
MK Pandey,0.18016222529521078,0.18016222529521078,0.0,0.2258019938348081,3.0,10.0,145.0,0.0,2026.0,0.19939960921058594,-0.2941997768783259,0.27496239296295066,2027.0,Manish Pandey,Manish Pandey,2026.0,KKR,75.0,retained,IND,False,Batter,,2025.0,75.0,True,2022.0,1989-09-10,pace,Right-arm medium,Top-order batter,True,Middle-order,0.24390243902439024,True,37.3,True,False,KKR,75.0,0.148551066061867,Middle-order,Death,False,315.0,182.0,430.0,293.0,False
SE Rutherford,0.16890308460488304,0.16890308460488304,0.0,0.28092277917665975,2.0,21.0,260.0,0.0,2026.0,-0.29315668151556057,0.5265482778058581,-0.06448851168541458,2027.0,Sherfane Rutherford,Sherfane Rutherford,2026.0,MI,260.0,retained,WIN,True,Batter,,2025.0,260.0,True,2022.0,1998-08-15,pace,Right-arm Fast medium,Middle-order batter,True,Finisher,0.7241379310344828,True,28.3,True,False,MI,260.0,0.08306556874534816,Finisher,Middle,False,345.0,294.0,471.0,473.0,False
MK Lomror,0.15323371597110907,0.2048905654887973,-0.05165684951768824,,1.0,10.0,68.0,6.0,2024.0,0.0,-0.08486626243848054,0.23809997840958957,2027.0,Mahipal Lomror,Mahipal Lomror,2025.0,GT,170.0,sold,IND,False,All-rounder,30.0,2025.0,170.0,False,2022.0,1999-11-16,finger_spin,Slow left-arm orthodox,All-rounder,False,,0.6666666666666666,True,27.1,False,False,,,0.15323371597110907,,Death,False,122.0,135.0,166.0,217.0,False
A Kamboj,0.13980227821927754,-0.06368931577089212,0.2034915939901698,2.997441466833805,3.0,25.0,52.0,491.0,2026.0,0.37433315534673645,-0.1926543466319152,-0.04187653049554371,2027.0,Anshul Kamboj,Anshul Kamboj,2026.0,CSK,340.0,retained,IND,False,All-rounder,,2025.0,340.0,False,2024.0,2000-12-06,pace,Right-arm medium,Bowling all-rounder,True,Powerplay pacer,0.5952380952380952,True,26.0,True,False,CSK,340.0,-0.07640601796831303,Powerplay pacer,Powerplay,False,312.0,303.0,426.0,489.0,False
M Shahrukh Khan,0.1244535045476842,0.11799499445348174,0.006458510094202495,0.5488243481165379,3.0,31.0,208.0,18.0,2026.0,-0.0006904243109371738,0.1870849219155727,-0.06194099305695136,2027.0,Shahrukh Khan (cricketer),Shahrukh Khan,2026.0,GT,400.0,retained,IND,False,All-rounder,,2024.0,740.0,False,2022.0,1995-05-27,finger_spin,Right-arm off break,Batter,False,Middle-order,0.7045454545454546,True,31.6,False,False,GT,400.0,-0.09640565551658728,Middle-order,Middle,False,121.0,180.0,165.0,290.0,False
AS Roy,0.10588906221386302,-0.20163109101771512,0.30752015323157816,1.6336475209761427,3.0,18.0,43.0,221.0,2026.0,-0.12454707044337021,0.18368181877558,0.04675431388165323,2027.0,Anukul Roy,Anukul Roy,2026.0,KKR,40.0,retained,IND,False,All-rounder,,2025.0,40.0,False,2022.0,1998-11-30,finger_spin,Slow left-arm orthodox,All-rounder,False,Finger spinner,0.43902439024390244,True,28.0,False,False,KKR,40.0,-0.05877601569916896,Finger spinner,Middle,False,120.0,81.0,165.0,131.0,False
KV Sharma,0.08768751388681617,0.007654862446473758,0.08003265144034244,2.0252619813937347,2.0,15.0,16.0,234.0,2025.0,0.0,-0.5122705387306694,0.5999580526174855,2027.0,Karn Sharma,Karn Sharma,2025.0,MI,50.0,sold,IND,False,Spin bowler,50.0,2025.0,50.0,False,2022.0,1987-10-23,wrist_spin,Right arm leg break googly,All-rounder,True,Wrist spinner,0.4838709677419355,True,39.1,True,False,,,0.35772244473931414,Wrist spinner,Death,False,308.0,155.0,422.0,251.0,False
D Brevis,0.051212206950764005,0.051212206950764005,0.0,2.44118636755689,3.0,20.0,302.0,0.0,2026.0,-0.4355267533012047,0.13983880707939345,0.34690015317257533,2027.0,Dewald Brevis,Dewald Brevis,2026.0,CSK,220.00000000000003,retained,SA,True,Batter,,2022.0,300.0,False,2022.0,2003-04-29,wrist_spin,Right-arm leg-break,Batsman,True,Middle-order,0.47619047619047616,True,23.6,True,False,CSK,220.00000000000003,-0.44399445256302883,Middle-order,Death,False,336.0,271.0,459.0,436.0,False
MP Stoinis,0.05001757670869078,0.7621331577986856,-0.7121155810899948,0.9717628491167493,3.0,41.0,469.0,216.0,2026.0,-0.06904536613465723,-0.5660392210219884,0.6851021638653365,2027.0,Marcus Stoinis,Marcus Stoinis,2026.0,PBKS,1100.0,retained,AUS,True,All-rounder,,2025.0,1100.0,True,2022.0,1989-08-16,pace,Right-arm medium,Batting all-rounder,True,Middle-order;Powerplay pacer,0.8913043478260869,True,37.3,True,False,PBKS,1100.0,0.3335508455103136,Middle-order,Death,False,336.0,470.0,459.0,758.0,False
Mohammed Shami,0.020019819071961154,-0.11224520281663794,0.13226502188859923,3.1424257129372224,2.0,22.0,32.0,486.0,2026.0,2.5014854163002065,-0.9458283510532072,-1.5356372461750378,2027.0,Mohammed Shami,Mohammed Shami,2026.0,LSG,1000.0,retained,IND,False,Fast bowler,,2025.0,1000.0,True,2022.0,1990-09-03,pace,Right-arm fast,Bowler,True,Powerplay pacer,0.7857142857142857,True,36.3,True,False,LSG,1000.0,0.9802054535805567,Powerplay pacer,Powerplay,False,304.0,429.0,415.0,691.0,False
Rasikh Salam,0.01558287660206048,-0.12084244400817615,0.1364253206102366,2.247873199109716,3.0,22.0,32.0,440.0,2026.0,0.3037881565298759,-0.8559542091786303,0.5677489292508151,2027.0,Rasikh Salam,Rasikh Salam,2026.0,RCB,600.0,retained,IND,False,,,2025.0,600.0,False,2022.0,2000-04-05,pace,Right-arm fast medium,Bowler,False,Death pacer,0.4888888888888889,True,26.7,False,False,RCB,600.0,0.9622954055126587,Death pacer,Death,False,118.0,202.0,161.0,326.0,True
VG Arora,-0.021625049050581602,-0.031443894495203475,0.00981884544462197,1.4832921323192163,3.0,33.0,12.0,663.0,2026.0,0.33823804933328866,-0.8229955301941607,0.4631324318102905,2027.0,Vaibhav Arora,Vaibhav Arora,2026.0,KKR,180.0,retained,IND,False,Fast bowler,,2025.0,180.0,False,2022.0,1997-12-14,pace,Right arm medium-fast,Bowler,False,Powerplay pacer,0.8048780487804879,True,29.0,False,False,KKR,180.0,-0.4693001115107831,Powerplay pacer,Death,False,117.0,133.0,160.0,214.0,False
M Siddharth,-0.027951633564769922,0.0,-0.027951633564769922,0.22107365273868565,3.0,9.0,0.0,186.0,2026.0,0.1857817297857454,-0.3167693773935752,0.10303601404305983,2027.0,Manimaran Siddharth,Manimaran Siddharth,2026.0,LSG,75.0,retained,IND,False,Fast bowler,,2025.0,75.0,False,2024.0,1998-07-03,finger_spin,Slow left arm orthodox,Bowler,False,Finger spinner,0.21428571428571427,True,28.5,False,False,LSG,75.0,-0.03935812126934349,Finger spinner,Powerplay,False,117.0,98.0,160.0,158.0,False
RG Sharma,-0.03671892972140289,-0.03671892972140289,0.0,1.1210853206406135,3.0,38.0,738.0,0.0,2026.0,-0.2688542774613014,0.1586575659904273,0.0734777817494712,2027.0,Rohit Sharma,Rohit Sharma,2026.0,MI,1630.0,retained,IND,False,,,,,,2022.0,1987-04-30,finger_spin,Right-arm off break,Top-order batter,True,Opener,0.8636363636363636,True,39.6,True,False,MI,1630.0,0.2550946905916979,Opener,Middle,False,300.0,501.0,410.0,808.0,False
YS Chahal,-0.04478576313454835,0.0,-0.04478576313454835,0.22111410740394996,3.0,44.0,0.0,864.0,2026.0,0.21108321247662068,-0.04259238231603074,-0.21327659329513823,2027.0,Yuzvendra Chahal,Yuzvendra Chahal,2026.0,PBKS,1800.0,retained,IND,False,Fast bowler,,2025.0,1800.0,True,2022.0,1990-07-23,wrist_spin,Right-arm leg break,Bowler,True,Wrist spinner,0.9361702127659575,True,36.4,True,False,PBKS,1800.0,0.0454170289114495,Wrist spinner,Powerplay,False,300.0,518.0,410.0,835.0,False
Aniket Verma,-0.09298163747431487,-0.09298163747431487,0.0,0.7137769057964742,2.0,24.0,196.0,0.0,2026.0,0.0068209219070253764,-0.25077057138158676,0.15096801200024634,2027.0,Aniket Verma,Aniket Verma,2026.0,SRH,30.0,retained,IND,False,Batter,,2025.0,30.0,False,2025.0,2002-02-05,pace,Right arm medium-fast,Batter,False,Finisher,0.8275862068965517,True,24.9,False,False,SRH,30.0,-0.31108013646768196,Finisher,Death,False,115.0,71.0,158.0,114.0,False
RK Singh,-0.0988695797411429,-0.0988695797411429,0.0,0.1351050319731141,3.0,41.0,445.0,0.0,2026.0,-0.007846986538103284,-1.1817406442763017,1.090718051073262,2027.0,Rinku Singh (cricketer),Rinku Singh,2026.0,KKR,1300.0,retained,IND,False,Batter,,2022.0,55.0,False,2022.0,1997-10-12,finger_spin,Right-arm off break,Middle-order batter,True,Finisher,1.0,True,29.2,True,False,KKR,1300.0,-0.08267503315677491,Finisher,Death,False,296.0,458.0,405.0,738.0,False
PP Shaw,-0.1010158035912478,-0.1010158035912478,0.0,,1.0,8.0,121.0,0.0,2024.0,-0.30422334593883354,0.20320754234758578,0.0,2027.0,Prithvi Shaw,Prithvi Shaw,2026.0,DC,75.0,sold,IND,False,Batter,75.0,2026.0,75.0,True,2022.0,1999-11-09,finger_spin,Right-arm off break,Opening batter,True,Opener,0.5714285714285714,True,27.1,True,False,DC,75.0,-0.1010158035912478,Opener,Middle,False,296.0,172.0,405.0,277.0,False
Urvil Patel,-0.19279162349608686,-0.19279162349608686,0.0,0.2784977541064498,2.0,10.0,96.0,0.0,2026.0,-0.04446133973152834,-0.14833028376455856,0.0,2027.0,Urvil Patel,Urvil Patel,2026.0,CSK,30.0,retained,IND,False,Wicket-keeper,,2023.0,20.0,False,2023.0,1998-10-17,,,Wicket keeper batter,False,Wicketkeeper,0.35714285714285715,True,28.2,False,True,CSK,30.0,-0.2778881594730576,Wicketkeeper,Death,False,113.0,69.0,154.0,112.0,False
UT Yadav,-0.20157794236293808,-0.21044566665570721,0.008867724292769124,,1.0,7.0,15.0,126.0,2024.0,1.2369466693272348,-0.7457559584559564,-0.6927686532342163,2027.0,Umesh Yadav,Umesh Yadav,2024.0,GT,580.0,sold,IND,False,Fast bowler,200.0,2024.0,580.0,True,2022.0,1987-10-25,pace,Right-arm fast,Bowler,True,Powerplay pacer,0.5833333333333334,True,39.1,True,False,,,-0.20157794236293808,Powerplay pacer,Powerplay,False,290.0,340.0,396.0,548.0,False
Yash Dayal,-0.20888350565415192,-0.039385657311149236,-0.1694978483430027,0.42501947519285804,2.0,29.0,8.0,595.0,2025.0,-1.1107077505968337,0.8907992118944825,0.011025033048198907,2027.0,Yash Dayal,Yash Dayal,2026.0,RCB,500.0,retained,IND,False,Fast bowler,,2024.0,500.0,False,2022.0,1997-12-13,pace,Left arm fast-medium,Bowler,False,Powerplay pacer,0.9666666666666667,True,29.0,False,False,RCB,500.0,-0.2655527690131997,Powerplay pacer,Middle,False,113.0,182.0,154.0,293.0,True
S Dube,-0.2110657582178212,-0.020273173106626102,-0.19079258511119512,1.4601457539393339,3.0,41.0,684.0,48.0,2026.0,0.011534918489328482,-0.2077287629013866,-0.01487191380576313,2027.0,Shivam Dube,Shivam Dube,2026.0,CSK,1200.0,retained,IND,False,All-rounder,,2022.0,400.0,True,2022.0,1993-06-26,pace,Right-arm medium,All-rounder,True,Finisher,0.9761904761904762,True,33.5,True,False,CSK,1200.0,-0.16855406231843129,Finisher,Powerplay,False,289.0,436.0,395.0,703.0,False
S Arora,-0.21221969146362357,-0.21221969146362357,0.0,,1.0,13.0,77.0,0.0,2026.0,0.02894295331697928,-0.43321493866799266,0.19205229388738973,2027.0,,S Arora,,,,,,,,,,,,,,,,,,,0.8666666666666667,True,,,False,,,-0.21221969146362357,,Death,False,289.0,234.0,395.0,377.0,False
Kartik Tyagi,-0.22852429814896857,-0.03638462041340423,-0.19213967773556428,2.2186802969032398,2.0,15.0,10.0,330.0,2026.0,-0.21421232349434155,0.38224579624619665,-0.39655777090082384,2027.0,Kartik Tyagi,Kartik Tyagi,2026.0,KKR,30.0,sold,IND,False,Fast bowler,30.0,2026.0,30.0,False,2022.0,2000-11-08,pace,Right arm fast,Bowler,False,Death pacer,0.5769230769230769,True,26.1,False,False,KKR,30.0,0.48462294014135837,Death pacer,Middle,False,112.0,69.0,153.0,111.0,False
Tilak Varma,-0.2389496898791516,-0.2383742706608255,-0.0005754192183260734,1.4329016829374701,3.0,43.0,772.0,4.0,2026.0,-1.0643148605790163,-0.5073499627054106,1.3327151334052751,2027.0,Tilak Varma,Tilak Varma,2026.0,MI,800.0,retained,IND,False,All-rounder,,2022.0,170.0,False,2022.0,2002-11-08,finger_spin,right-arm off-break,Batting all-rounder,True,Middle-order,0.9772727272727273,True,24.1,True,False,MI,800.0,-0.6084428467158023,Middle-order,Death,False,287.0,377.0,393.0,608.0,False
T Stubbs,-0.2536670624039674,-0.22953301268080906,-0.024134049723158385,2.2701601763595907,3.0,43.0,613.0,24.0,2026.0,-0.29641775345390536,-0.7684217750316233,0.8111724660815611,2027.0,Tristan Stubbs,Tristan Stubbs,2026.0,DC,1000.0,retained,SA,True,Wicket-keeper,,2024.0,50.0,True,2023.0,2000-08-14,finger_spin,Right-arm off break,Batsman,True,Finisher;Wicketkeeper,1.0,True,26.3,True,True,DC,1000.0,-0.9663913432705743,Finisher,Death,False,315.0,428.0,430.0,691.0,False
Ravi Bishnoi,-0.2884202941985534,-0.06900307972384383,-0.21941721447470974,2.638167312938221,3.0,34.0,25.0,640.0,2026.0,1.2266974249103182,-1.1647985129114806,-0.35031920619739104,2027.0,Ravi Bishnoi,Ravi Bishnoi,2026.0,RR,720.0,sold,IND,False,Spin bowler,200.0,2026.0,720.0,True,2022.0,2000-09-05,wrist_spin,Right-arm legbreak,Bowler,True,Wrist spinner,0.7727272727272727,True,26.3,True,False,RR,720.0,0.6007616435950537,Wrist spinner,Powerplay,False,284.0,360.0,389.0,581.0,False
Sameer Rizvi,-0.32031634628531724,-0.32031634628531724,0.0,0.36682451077430334,3.0,25.0,293.0,0.0,2026.0,-1.3132525055004973,0.5972148806640322,0.3957212785511477,2027.0,Sameer Rizvi,Sameer Rizvi,2026.0,DC,95.0,retained,IND,False,All-rounder,,2025.0,95.0,False,2024.0,2003-12-06,finger_spin,Right arm off break,,False,Anchor,0.5813953488372093,True,23.0,False,False,DC,95.0,-0.36842782278257424,Anchor,Middle,False,110.0,100.0,150.0,162.0,False
Naman Dhir,-0.3354924038169123,-0.2563304994808524,-0.07916190433605994,1.1511005757635315,3.0,37.0,433.0,52.0,2026.0,-0.643608056721669,-0.05124593254432219,0.3593615854490788,2027.0,Naman Dhir,Naman Dhir,2026.0,MI,525.0,retained,IND,False,All-rounder,,2025.0,525.0,False,2024.0,,,,,False,Finisher,0.8409090909090909,True,,False,False,MI,525.0,-0.524154298033888,Finisher,Death,False,110.0,180.0,150.0,290.0,True
PHKD Mendis,-0.3667906205239942,-0.5562627541083501,0.18947213358435594,,1.0,5.0,69.0,42.0,2025.0,-0.31383779602847234,1.181137594974674,-1.234090419470196,2027.0,Kamindu Mendis,Kamindu Mendis,2026.0,SRH,75.0,retained,SL,True,All-rounder,,2025.0,75.0,True,2025.0,1998-09-30,finger_spin,Slow left-arm orthodox; Right-arm off break,All-rounder,True,,0.35714285714285715,True,28.2,True,False,SRH,75.0,-0.3667906205239942,,Middle,False,307.0,172.0,419.0,278.0,False
DA Miller,-0.370979336110324,-0.370979336110324,0.0,0.6227052780523818,3.0,31.0,396.0,0.0,2026.0,-0.2828399172468376,-0.5659026917148579,0.47776327285137155,2027.0,David Miller (South African cricketer),David Miller,2026.0,DC,200.0,sold,SA,True,Batter,200.0,2026.0,200.0,True,2022.0,1989-06-10,finger_spin,Right-arm off break,Middle-order batter,True,Finisher,0.775,True,37.5,True,False,DC,200.0,-0.1823321119415488,Finisher,Death,False,307.0,241.0,419.0,388.0,False
SB Dubey,-0.3725038570699206,-0.3725038570699206,0.0,0.34165824667421907,3.0,20.0,143.0,0.0,2026.0,0.0922721532417436,-0.4045152133165152,-0.060260796995149024,2027.0,Shubham Dubey,Shubham Dubey,2026.0,RR,80.0,retained,IND,False,Batter,,2025.0,80.0,False,2024.0,1994-08-27,finger_spin,Right-arm offbreak,Middle-order batter,False,Finisher,0.4444444444444444,True,32.3,False,False,RR,80.0,-0.49795274586979804,Finisher,Powerplay,False,109.0,94.0,148.0,151.0,False
PWH de Silva,-0.383894195799086,-0.31584835291051894,-0.06804584288856705,,1.0,11.0,15.0,246.0,2025.0,0.0,-0.640001482952144,0.25610728715305797,2027.0,Wanindu Hasaranga,Wanindu Hasaranga,2026.0,LSG,200.0,sold,SL,True,All-rounder,200.0,2026.0,200.0,True,2022.0,1997-07-29,wrist_spin,Right-arm Leg break,All-rounder,True,Wrist spinner,0.7857142857142857,True,29.4,True,False,LSG,200.0,-0.383894195799086,Wrist spinner,Death,False,306.0,240.0,418.0,387.0,False
Naveen-ul-Haq,-0.38959689733604885,-0.014102625847027433,-0.3754942714890214,,1.0,10.0,4.0,219.0,2024.0,-2.1658612107150073,1.1158615827651528,0.6604027306138058,2027.0,Naveen-ul-Haq,Naveen-ul-Haq,2024.0,LSG,50.0,retained,AFG,True,Fast bowler,,2023.0,50.0,True,2023.0,1999-09-23,pace,Right-arm medium-fast,Bowler,True,Death pacer,0.7142857142857143,True,27.2,True,False,,,-0.38959689733604885,Death pacer,Middle,False,305.0,149.0,417.0,240.0,False
MS Dhoni,-0.4026160824727084,-0.4026160824727084,0.0,1.2192915278023928,2.0,28.0,218.0,0.0,2025.0,0.0,-0.34061183477422785,-0.0620042476984804,2027.0,MS Dhoni,MS Dhoni,2026.0,CSK,400.0,retained,IND,False,,,,,,2022.0,1981-07-07,pace,Right-arm medium,Wicket-keeper-batter,True,Finisher;Wicketkeeper,1.0,True,45.4,False,True,CSK,400.0,-0.5651882861796942,Finisher,Powerplay,False,108.0,162.0,148.0,261.0,True
Azmatullah Omarzai,-0.4069012584607942,0.10215461260367753,-0.5090558710644717,1.2919559313398428,3.0,20.0,101.0,354.0,2026.0,-1.2722829783854204,0.2691613712233722,0.5962203487012541,2027.0,Azmatullah Omarzai,Azmatullah Omarzai,2026.0,PBKS,240.0,retained,AFG,True,All-rounder,,2025.0,240.0,True,2024.0,2000-03-24,pace,Right-arm fast-medium,All-rounder,True,Powerplay pacer,0.45454545454545453,True,26.7,True,False,PBKS,240.0,0.10283974494569104,Powerplay pacer,Death,False,304.0,255.0,416.0,410.0,False
R Tewatia,-0.4088584737485813,-0.4088584737485813,0.0,0.24738564774309638,3.0,43.0,320.0,0.0,2026.0,-0.0339613505761973,-0.19655839631335725,-0.17833872685902682,2027.0,Rahul Tewatia,Rahul Tewatia,2026.0,GT,400.0,retained,IND,False,All-rounder,,2022.0,900.0,False,2022.0,1993-05-20,wrist_spin,Right-arm leg break,Batting all-rounder,False,Finisher,0.9772727272727273,True,33.6,False,False,GT,400.0,-0.42201414449805646,Finisher,Powerplay,False,108.0,162.0,147.0,260.0,False
GJ Maxwell,-0.4252349560067741,-1.6381546241397533,1.2129196681329795,0.19090881180744612,2.0,17.0,92.0,174.0,2025.0,0.44282260908240745,-0.6953671449571261,-0.17269042013205543,2027.0,Glenn Maxwell,Glenn Maxwell,2025.0,PBKS,420.0,sold,AUS,True,All-rounder,200.0,2025.0,420.0,True,2022.0,1988-10-14,finger_spin,Right-arm off break,Batting all-rounder,True,Finger spinner,0.5151515151515151,True,38.2,True,False,,,-0.4506894642477669,Finger spinner,Powerplay,False,303.0,307.0,414.0,496.0,False
Arshad Khan,-0.4268414525139918,0.09254888726717152,-0.5193903397811633,0.7132602275380868,3.0,20.0,80.0,279.0,2026.0,-0.06514372668111945,-0.15100790330373318,-0.21068982252913923,2027.0,Arshad Khan (Indian cricketer),Arshad Khan,2026.0,GT,130.0,retained,IND,False,All-rounder,,2025.0,130.0,False,2022.0,1997-12-20,pace,Left-arm medium,All-rounder,False,Powerplay pacer,0.43478260869565216,True,29.0,False,False,GT,130.0,-0.2838165777141487,Powerplay pacer,Powerplay,False,107.0,109.0,147.0,176.0,False
R Powell,-0.4562519625418752,-0.4562519625418752,0.0,0.23719280415905092,3.0,22.0,214.0,0.0,2026.0,0.03718393521938813,-0.6095808609854685,0.1161449632242051,2027.0,Rovman Powell,Rovman Powell,2026.0,KKR,150.0,retained,WIN,True,Batter,,2025.0,150.0,True,2022.0,1993-07-23,pace,Right-arm medium-fast,Middle-order batter,True,Finisher,0.5238095238095238,True,33.4,True,False,KKR,150.0,-0.5250831282849705,Finisher,Death,False,301.0,215.0,411.0,346.0,False
A Badoni,-0.4795602075040963,-0.46668658064213214,-0.012873626861964154,0.7046458978227953,3.0,38.0,534.0,28.0,2026.0,0.28125619507018695,-0.633768598196078,-0.1270478043782054,2027.0,Ayush Badoni,Ayush Badoni,2026.0,LSG,400.0,retained,IND,False,Batter,,2022.0,20.0,False,2022.0,1999-12-03,finger_spin,Right arm off break,Batter,False,Middle-order,0.9047619047619048,True,27.0,False,False,LSG,400.0,-0.5010824271125047,Middle-order,Powerplay,False,106.0,159.0,145.0,257.0,False
P Nissanka,-0.505714940543116,-0.505714940543116,0.0,,1.0,10.0,175.0,0.0,2026.0,0.8941339301799504,-1.3998488707230665,0.0,2027.0,Pathum Nissanka,Pathum Nissanka,2026.0,DC,400.0,sold,SL,True,Batter,75.0,2026.0,400.0,True,2026.0,1998-05-18,,,Top-order batter,True,Opener,0.7142857142857143,True,28.6,True,False,DC,400.0,-0.505714940543116,Opener,Powerplay,False,298.0,297.0,407.0,480.0,False
Abdul Samad,-0.5288169448737077,-0.5255634734646588,-0.0032534714090488703,0.7287326438184963,3.0,37.0,289.0,3.0,2026.0,0.0,-0.5813650429112583,0.05254809803755067,2027.0,Abdul Samad (Indian cricketer),Abdul Samad,2026.0,LSG,420.0,retained,IND,False,All-rounder,,2025.0,420.0,False,2022.0,2001-10-28,wrist_spin,Right-arm leg break,Batsman,False,Finisher,0.8409090909090909,True,25.1,False,False,LSG,420.0,-0.8256767394535572,Finisher,Death,False,105.0,160.0,144.0,259.0,False
Raghu Sharma,-0.544847874525495,0.0,-0.544847874525495,,1.0,6.0,0.0,90.0,2026.0,0.0,-0.24954825489868704,-0.295299619626808,2027.0,Raghu Sharma (cricketer),Raghu Sharma,2026.0,MI,30.0,retained,IND,False,,,,,,2026.0,1993-03-11,wrist_spin,Legbreak googly,Bowler,False,,0.42857142857142855,True,33.8,False,False,MI,30.0,-0.544847874525495,,Powerplay,False,105.0,65.0,143.0,104.0,False
RJ Gleeson,-0.5461375180252837,-0.003888219692751647,-0.542249298332532,0.8150745731604447,2.0,3.0,2.0,68.0,2025.0,-0.29197479496071954,-0.07492541518137735,-0.17923730788318687,2027.0,,RJ Gleeson,,,,,,,,,,,,,,,,,,,0.1,True,,,False,,,-0.6548141277800096,,Middle,False,269.0,219.0,367.0,353.0,False
PR Veer,-0.635892206342914,-0.4742973434003186,-0.16159486294259545,,1.0,6.0,67.0,12.0,2026.0,-0.17107090456591717,0.5524213264856217,-1.0172426282626186,2027.0,Prashant Veer,Prashant Veer,2026.0,CSK,1420.0,sold,IND,False,All-rounder,30.0,2026.0,1420.0,False,2026.0,2005-11-24,finger_spin,Left-arm orthodox spin,All rounder,False,,0.42857142857142855,True,21.1,False,False,CSK,1420.0,-0.635892206342914,,Middle,False,103.0,239.0,140.0,385.0,True
MA Starc,-0.6609754114052496,-0.04809248899753729,-0.6128829224077124,0.5426642032768588,3.0,31.0,23.0,611.0,2026.0,-1.7026256119980734,0.5599049091703887,0.48174529142243494,2027.0,Mitchell Starc,Mitchell Starc,2026.0,DC,1175.0,retained,AUS,True,Fast bowler,,2025.0,1175.0,True,2024.0,1990-01-30,pace,Left-arm fast,Bowler,True,Powerplay pacer,0.7209302325581395,True,36.9,True,False,DC,1175.0,-0.7828552603346068,Powerplay pacer,Middle,False,288.0,417.0,394.0,673.0,False
Washington Sundar,-0.6679820773228923,0.20626061758063308,-0.8742426949035252,1.1955823722253787,3.0,25.0,332.0,150.0,2026.0,-0.2746031270358148,-0.653977075350454,0.26059812506337665,2027.0,Washington Sundar,Washington Sundar,2026.0,GT,320.0,retained,IND,False,All-rounder,,2025.0,320.0,True,2022.0,1999-10-05,finger_spin,Right-arm off break,All-rounder,True,Anchor;Finger spinner,0.5208333333333334,True,27.2,True,False,GT,320.0,-0.4144087069283152,Anchor,Death,False,262.0,253.0,358.0,407.0,False
Sandeep Sharma,-0.6856909023198527,-0.002222782732228535,-0.6834681195876242,2.6361927168826402,3.0,26.0,5.0,565.0,2026.0,0.4506366511673511,0.16349521988562166,-1.2998227733728258,2027.0,Sandeep Sharma,Sandeep Sharma,2026.0,RR,400.0,retained,IND,False,Fast bowler,,2022.0,50.0,True,2022.0,1993-05-18,pace,Right-arm fast medium,Bowler,True,Death pacer,0.5777777777777777,True,33.6,False,False,RR,400.0,-1.3889521252907273,Death pacer,Powerplay,False,102.0,153.0,139.0,246.0,True
TA Boult,-0.6866995364086637,-0.036348602372657274,-0.6503509340360063,4.35466087693533,3.0,36.0,23.0,763.0,2026.0,-0.433903228522718,-0.9335538635701669,0.6807575556842218,2027.0,Trent Boult,Trent Boult,2026.0,MI,1250.0,retained,NZ,True,Fast bowler,,2025.0,1250.0,True,2022.0,1989-07-22,pace,Left-arm fast-medium,Bowler,True,Powerplay pacer,0.8,True,37.4,True,False,MI,1250.0,-2.534198563458646,Powerplay pacer,Death,False,286.0,424.0,391.0,684.0,True
N Wadhera,-0.6963985097568337,-0.6999040684074194,0.0035055586505856927,0.8556106137654104,3.0,31.0,394.0,17.0,2026.0,-0.03416394969579485,-0.40925209734405255,-0.2529824627169862,2027.0,Nehal Wadhera,Nehal Wadhera,2026.0,PBKS,420.0,retained,IND,False,Batter,,2025.0,420.0,False,2023.0,2000-09-04,wrist_spin,Right-arm Legbreak,Top order batter,False,Middle-order,0.6739130434782609,True,26.3,False,False,PBKS,420.0,-0.8769188249749532,Middle-order,Powerplay,False,101.0,155.0,138.0,250.0,False
V Nigam,-0.7152597754374603,0.12849595584998408,-0.8437557312874445,1.8897375884698464,2.0,19.0,89.0,288.0,2026.0,0.5998864011026827,-1.7714016586444747,0.45625548210433137,2027.0,Vipraj Nigam,Vipraj Nigam,2026.0,DC,30.0,retained,IND,False,All-rounder,,2025.0,50.0,False,2025.0,2002-07-28,wrist_spin,Right-arm Leg Break,Bowler,False,Wrist spinner,0.6551724137931034,True,24.4,False,False,DC,30.0,-1.29267959413658,Wrist spinner,Powerplay,False,101.0,62.0,138.0,101.0,False
JM Sharma,-0.715626116087352,-0.715626116087352,0.0,1.0497468998644748,3.0,45.0,385.0,0.0,2026.0,-0.19719600789967695,-0.5671813952825362,0.04875128709486118,2027.0,Jitesh Sharma,Jitesh Sharma,2026.0,RCB,1100.0,retained,IND,False,Wicket-keeper,,2025.0,1100.0,True,2022.0,1993-10-22,,,Wicket-keeper-batter,True,Finisher;Wicketkeeper,1.0,True,33.1,True,True,RCB,1100.0,-0.9750978370058895,Finisher,Death,False,259.0,382.0,354.0,617.0,True
DJ Mitchell,-0.7179924254010981,-0.3392261220729669,-0.37876630332813116,,1.0,13.0,223.0,36.0,2024.0,0.1976284933416096,-0.006801570683476477,-0.9088193480592311,2027.0,Daryl Mitchell (New Zealand cricketer),Daryl Mitchell,2024.0,CSK,1400.0,sold,NZ,True,All-rounder,100.0,2024.0,1400.0,True,2022.0,1991-05-20,pace,Right-arm medium,Batting all-rounder,True,Anchor,0.9285714285714286,True,35.6,True,False,,,-0.7179924254010981,Anchor,Powerplay,False,284.0,438.0,389.0,706.0,False
Ramandeep Singh,-0.7502077081875795,-0.7116277581416637,-0.03857995004591583,0.86033347809835,3.0,33.0,165.0,20.0,2026.0,0.0,-0.8699904571046229,0.11978274891704348,2027.0,Ramandeep Singh (cricketer),Ramandeep Singh,2026.0,KKR,400.0,retained,IND,False,All-rounder,,2024.0,20.0,False,2022.0,1997-04-13,pace,Right-arm medium,Middle-order batter,True,Finisher,0.8048780487804879,True,29.7,False,False,KKR,400.0,-1.0579211313041292,Finisher,Death,False,100.0,151.0,137.0,243.0,True
Harsh Dubey,-0.7845343034598831,-0.024949340009454916,-0.759584963450428,0.9477309320289908,2.0,11.0,9.0,192.0,2026.0,-0.9158880454330494,-0.5160237386979964,0.6473774806711629,2027.0,Harsh Dubey,Harsh Dubey,2026.0,SRH,30.0,retained,IND,False,,,,,,2026.0,2002-07-23,finger_spin,Slow left-arm orthodox,Bowling All-rounder,True,Finger spinner,0.3793103448275862,True,24.4,True,False,SRH,30.0,-1.0741187549131859,Finger spinner,Death,False,255.0,110.0,349.0,177.0,False
Kartik Sharma,-0.7870384990996007,-0.7870384990996007,0.0,,1.0,11.0,216.0,0.0,2026.0,0.4173082318325414,-1.296799068676918,0.0924523377447761,2027.0,Kartik Sharma,Kartik Sharma,2026.0,CSK,1420.0,sold,IND,False,Wicket-keeper,30.0,2026.0,1420.0,False,2026.0,2006-04-26,,,Wicket keeper batter,False,Middle-order;Wicketkeeper,0.7857142857142857,True,20.6,False,True,CSK,1420.0,-0.7870384990996007,Middle-order,Powerplay,False,99.0,231.0,136.0,373.0,True
MD Choudhary,-0.8082238633135143,-0.8082238633135143,0.0,,1.0,10.0,120.0,0.0,2026.0,0.0,-0.14114947881155462,-0.6670743845019597,2027.0,Mukul Choudhary,Mukul Choudhary,2026.0,LSG,260.0,sold,IND,False,Wicket-keeper,30.0,2026.0,260.0,False,2026.0,2004-08-06,,,Wicket-keeper-batter,False,Finisher;Wicketkeeper,0.7142857142857143,True,22.4,False,True,LSG,260.0,-0.8082238633135143,Finisher,Powerplay,False,99.0,129.0,135.0,207.0,False
MD Shanaka,-0.8161279107962647,-0.6098650876882419,-0.20626282310802274,,1.0,7.0,46.0,36.0,2026.0,0.0,-0.5957567362379628,-0.22037117455830177,2027.0,,MD Shanaka,,,,,,,,,,,,,,,,,,,0.4375,True,,,False,,,-0.8161279107962647,,Powerplay,False,254.0,207.0,347.0,334.0,False
Gurjapneet Singh,-0.8168987810636728,0.0,-0.8168987810636728,,1.0,8.0,0.0,151.0,2026.0,-0.040491360612482256,-0.9397365274575353,0.1633291070063448,2027.0,Gurjapneet Singh,Gurjapneet Singh,2026.0,CSK,220.00000000000003,retained,IND,False,Fast bowler,,2025.0,220.0,False,2025.0,1998-11-08,pace,Left-arm fast-medium,Bowler,False,Powerplay pacer,0.5714285714285714,True,28.1,False,False,CSK,220.00000000000003,-0.8168987810636728,Powerplay pacer,Death,False,99.0,121.0,135.0,196.0,True
Himmat Singh,-0.8588583780766208,-0.8588583780766208,0.0,,1.0,6.0,69.0,0.0,2026.0,0.0,-0.9175741932489678,0.05871581517234721,2027.0,Himmat Singh (cricketer),Himmat Singh,2026.0,LSG,30.0,retained,IND,False,Batter,,2025.0,30.0,False,2025.0,1996-11-08,finger_spin,Right arm off break,Batsman,False,,0.32142857142857145,True,30.1,False,False,LSG,30.0,-0.8588583780766208,,Death,False,98.0,61.0,134.0,98.0,False
Suyash Sharma,-0.8944510860246293,0.0,-0.8944510860246293,0.5776621178655443,3.0,28.0,0.0,569.0,2026.0,0.0,-1.5695363309865922,0.6750852449619628,2027.0,Suyash Sharma,Suyash Sharma,2026.0,RCB,260.0,retained,IND,False,Spin bowler,,2025.0,260.0,False,2023.0,2003-05-15,wrist_spin,Right-arm leg-break,Bowler,False,Wrist spinner,0.6222222222222222,True,23.6,False,False,RCB,260.0,-0.7832406983161024,Wrist spinner,Death,False,97.0,127.0,133.0,204.0,True
MA Agarwal,-0.9111089242161278,-0.9111089242161278,0.0,1.4949346861498183,2.0,8.0,121.0,0.0,2025.0,-0.6015369398008625,-0.1607553438835898,-0.14881664053167545,2027.0,Mayank Agarwal,Mayank Agarwal,2024.0,SRH,825.0,retained,IND,False,Batter,,2023.0,825.0,True,2022.0,1991-02-16,finger_spin,Right-arm off break,Batter,True,Anchor,0.25806451612903225,True,35.8,True,False,,,-0.711784299396152,Anchor,Death,False,248.0,333.0,340.0,537.0,False
Nithish Kumar Reddy,-0.9411238577800226,-0.0726039049072632,-0.8685199528727593,0.9893351627603303,3.0,40.0,541.0,295.0,2026.0,-0.9107690017989543,-0.6329077938716051,0.6025529378905371,2027.0,Nitish Kumar Reddy,Nitish Kumar Reddy,2026.0,SRH,600.0,retained,IND,False,Wicket-keeper,,2023.0,20.0,False,2023.0,2003-05-26,pace,Right-arm medium-fast,All-rounder,True,Middle-order;Wicketkeeper;Powerplay pacer,0.8888888888888888,True,23.6,True,True,SRH,600.0,-0.6242881910538215,Middle-order,Death,False,247.0,297.0,337.0,479.0,True
RR Pant,-0.9583536513472348,-0.9583536513472348,0.0,2.37952284870727,3.0,41.0,715.0,0.0,2026.0,-1.1273480168582761,-0.7619912589902148,0.9309856245012559,2027.0,Rishabh Pant,Rishabh Pant,2026.0,LSG,2700.0,retained,IND,False,Batter,,2025.0,2700.0,True,2022.0,1997-10-04,pace,Right-arm medium,Wicket-keeper-batter,True,Anchor;Wicketkeeper,0.9761904761904762,True,29.2,True,True,LSG,2700.0,-1.4954259193654404,Anchor,Death,False,246.0,496.0,336.0,799.0,True
V Viyaskanth,-0.9827437908403279,-0.012863566876308408,-0.9698802239640195,,1.0,3.0,5.0,60.0,2024.0,0.0,-0.9698802239640195,-0.012863566876308408,2027.0,,V Viyaskanth,,,,,,,,,,,,,,,,,,,0.1875,True,,,False,,,-0.9827437908403279,,Powerplay,False,245.0,201.0,334.0,323.0,False
Rahmanullah Gurbaz,-0.9959936587249961,-0.9959936587249961,0.0,0.694084753920229,2.0,7.0,99.0,0.0,2025.0,-0.9752989308430257,-0.020694727881970312,0.0,2027.0,Rahmanullah Gurbaz,Rahmanullah Gurbaz,2025.0,KKR,200.0,sold,AFG,True,Wicket-keeper,200.0,2025.0,200.0,True,2023.0,2001-11-28,,,Wicket-keeper-batter,True,Wicketkeeper,0.25925925925925924,True,25.0,True,True,,,-1.0885382925810267,Wicketkeeper,Death,False,268.0,213.0,366.0,343.0,False
N Rana,-1.0026039717026642,-0.7511191462200106,-0.2514848254826535,0.38338256066783355,3.0,22.0,317.0,36.0,2026.0,-1.293206646481213,0.04796977411373743,0.24263290066481158,2027.0,Nitish Rana,Nitish Rana,2026.0,DC,420.0,retained,IND,False,All-rounder,,2025.0,420.0,True,2022.0,1993-12-27,finger_spin,Right-arm off break,Batting allrounder,True,Anchor,0.5238095238095238,True,33.0,True,False,DC,420.0,-1.1651609012279307,Anchor,Death,False,244.0,260.0,333.0,418.0,True
RD Chahar,-1.0418488899523348,-0.010513770368665565,-1.031335119583669,1.1428892931367596,3.0,11.0,15.0,216.0,2026.0,0.0,-0.8495841092221028,-0.19226478073023195,2027.0,Rahul Chahar,Rahul Chahar,2026.0,CSK,520.0,sold,IND,False,Spin bowler,100.0,2026.0,520.0,True,2022.0,1999-08-04,wrist_spin,Right-arm leg break,Bowler,True,Wrist spinner,0.2619047619047619,True,27.4,True,False,CSK,520.0,-1.518959221528847,Wrist spinner,Powerplay,False,242.0,277.0,330.0,447.0,True
KK Nair,-1.051028628119566,-1.051028628119566,0.0,0.39062298157949676,2.0,10.0,133.0,0.0,2026.0,-1.1145854625490896,0.06355683442952392,0.0,2027.0,Karun Nair,Karun Nair,2026.0,DC,50.0,retained,IND,False,Batter,,2025.0,50.0,False,2022.0,1991-12-06,finger_spin,Right-arm off break,Top-order batter,True,Anchor,0.3448275862068966,True,35.0,True,False,DC,50.0,-1.1703856502688568,Anchor,Middle,False,241.0,124.0,329.0,200.0,False
Yudhvir Singh,-1.0634166210040652,-0.06511814638171472,-0.9982984746223504,0.1766280266728401,2.0,6.0,14.0,90.0,2025.0,0.1260987889669491,-1.064360554277296,-0.1251548556937181,2027.0,Yudhvir Singh (cricketer),Yudhvir Singh,2026.0,RR,35.0,retained,IND,False,All-rounder,,2025.0,35.0,False,2023.0,1997-09-13,pace,Right-arm medium-fast,Bowler,False,,0.21428571428571427,True,29.3,False,False,RR,35.0,-1.0398662174476863,,Powerplay,False,94.0,61.0,128.0,99.0,False
Mohammad Nabi,-1.0743181622169602,-0.44383441407855495,-0.6304837481384054,,1.0,7.0,31.0,74.0,2024.0,0.022100068501527903,-0.6570624488511473,-0.4393557818673408,2027.0,Mohammad Nabi,Mohammad Nabi,2024.0,MI,150.0,sold,AFG,True,All-rounder,150.0,2024.0,150.0,True,2022.0,1985-01-01,finger_spin,Right-arm off spin,All-rounder,True,,0.5,True,42.0,True,False,,,-1.0743181622169602,,Powerplay,False,263.0,190.0,360.0,306.0,False
Q de Kock,-1.104128062557392,-1.104128062557392,0.0,2.271348885031578,3.0,22.0,384.0,0.0,2026.0,-3.467329489722741,1.6263420814851515,0.7368593456801975,2027.0,Quinton de Kock,Quinton de Kock,2026.0,MI,100.0,sold,SA,True,Wicket-keeper,100.0,2026.0,100.0,True,2022.0,1992-12-17,,,Wicket-keeper,True,Opener;Wicketkeeper,0.5365853658536586,True,34.0,True,True,MI,100.0,-0.145416665023814,Opener,Middle,False,262.0,164.0,358.0,264.0,False
Anuj Rawat,-1.127526693531753,-1.127526693531753,0.0,,1.0,5.0,77.0,0.0,2024.0,0.0,-1.1862559832649773,0.05872928973322446,2027.0,Anuj Rawat,Anuj Rawat,2026.0,GT,30.0,retained,IND,False,Wicket-keeper,,2025.0,30.0,False,2022.0,1999-10-17,,,Wicket-keeper-batter,False,Wicketkeeper,0.3333333333333333,True,27.2,False,True,GT,30.0,-1.127526693531753,Wicketkeeper,Death,False,92.0,58.0,126.0,93.0,False
V Shankar,-1.1476253484258487,-1.1476253484258487,0.0,0.44104592686454047,2.0,13.0,163.0,0.0,2025.0,0.1575627218681655,-0.9140532757114337,-0.3911347945825804,2027.0,Vijay Shankar,Vijay Shankar,2025.0,CSK,120.0,sold,IND,False,All-rounder,30.0,2025.0,120.0,False,2022.0,1991-01-26,pace,Right-arm medium,All-rounder,True,Middle-order,0.5,True,35.9,True,False,,,-1.08881922484391,Middle-order,Powerplay,False,236.0,164.0,323.0,264.0,False
R Ashwin,-1.1500155135462014,-0.7023833867166667,-0.44763212682953457,0.13714428840128423,2.0,23.0,104.0,516.0,2025.0,-1.7604006431779897,1.4740839575250664,-0.8636988278932782,2027.0,Ravichandran Ashwin,Ravichandran Ashwin,2025.0,CSK,975.0,sold,IND,False,All-rounder,200.0,2025.0,975.0,True,2022.0,1986-09-17,finger_spin,Right-arm off-break,Bowling all-rounder,True,Finger spinner,0.7931034482758621,True,40.2,True,False,,,-1.1683014186663725,Finger spinner,Middle,True,236.0,337.0,322.0,542.0,False
SD Hope,-1.1907297941249868,-1.1907297941249868,0.0,,1.0,9.0,122.0,0.0,2024.0,-1.5806369931928324,0.666033587422503,-0.2761263883546574,2027.0,Shai Hope,Shai Hope,2024.0,DC,75.0,sold,WIN,True,Wicket-keeper,75.0,2024.0,75.0,True,2024.0,1993-11-10,pace,Left-arm medium,Wicket-keeper batsman,True,Anchor;Wicketkeeper,0.6428571428571429,True,33.1,True,True,,,-1.1907297941249868,Anchor,Middle,False,257.0,146.0,351.0,236.0,False
C Green,-1.2110517445543731,-1.0643858975333271,-0.14666584702104624,1.2829793031206078,2.0,27.0,399.0,343.0,2026.0,-1.5564118436557604,0.28399643744588055,0.06136366165550644,2027.0,Cameron Green,Cameron Green,2026.0,KKR,2520.0,sold,AUS,True,Batter,200.0,2026.0,2520.0,True,2023.0,1999-06-03,pace,Right-arm fast-medium,Batting all-rounder,True,Anchor;Powerplay pacer;All-rounder,0.9310344827586207,True,27.5,True,False,KKR,2520.0,-1.6234379491288544,All-rounder,Middle,False,256.0,486.0,349.0,783.0,True
SO Hetmyer,-1.2484366239748925,-1.2484366239748925,0.0,0.6774546957228114,3.0,34.0,302.0,0.0,2026.0,-0.5111448010125225,-0.12101687518307347,-0.6162749477792968,2027.0,Shimron Hetmyer,Shimron Hetmyer,2026.0,RR,1100.0,retained,WIN,True,Batter,,2022.0,850.0,True,2022.0,1996-12-26,,,Middle-order batter,True,Finisher,0.7555555555555555,True,30.0,True,False,RR,1100.0,-1.49330734792114,Finisher,Middle,False,254.0,363.0,347.0,585.0,True
Brijesh Sharma,-1.2594922809113294,-0.01040782335645397,-1.2490844575548754,,1.0,13.0,4.0,273.0,2026.0,-2.023366935789496,0.5883124514577311,0.17556220342043533,2027.0,Brijesh Sharma,Brijesh Sharma,2026.0,RR,30.0,sold,IND,False,Fast bowler,30.0,2026.0,30.0,False,2026.0,,,,,False,Death pacer,0.8125,True,,False,False,RR,30.0,-1.2594922809113294,Death pacer,Middle,False,90.0,56.0,123.0,90.0,False
KA Jamieson,-1.3210698577058875,-0.31514627891459857,-1.0059235787912888,1.3864662316200442,2.0,6.0,18.0,132.0,2026.0,-0.3989698510754754,-0.13048977622496016,-0.791610230405452,2027.0,Kyle Jamieson,Kyle Jamieson,2026.0,DC,200.0,sold,NZ,True,Fast bowler,200.0,2026.0,200.0,True,2023.0,1994-12-30,pace,Right-arm fast-medium,Bowling all-rounder,True,Powerplay pacer,0.1875,True,32.0,True,False,DC,200.0,-1.7447123173675676,Powerplay pacer,Middle,False,250.0,199.0,341.0,321.0,False
W O'Rourke,-1.350442392464488,0.0,-1.350442392464488,,1.0,3.0,0.0,62.0,2025.0,-0.0300897848742592,-0.9876007323723621,-0.33275187521786653,2027.0,,W O'Rourke,,,,,,,,,,,,,,,,,,,0.21428571428571427,True,,,False,,,-1.350442392464488,,Powerplay,False,226.0,186.0,309.0,301.0,False
A Manohar,-1.3782537216655015,-1.3782537216655015,0.0,0.19556823242491828,2.0,10.0,77.0,0.0,2025.0,-0.1311272923311961,-0.9194317090952298,-0.3276947202390757,2027.0,Abhinav Manohar,Abhinav Manohar,2025.0,SRH,320.0,sold,IND,False,Batter,30.0,2025.0,320.0,False,2022.0,1994-09-16,wrist_spin,Leg break googly,Batting all-rounder,False,,0.38461538461538464,True,32.2,False,False,,,-1.404329485988824,,Powerplay,False,87.0,123.0,119.0,199.0,False
LS Livingstone,-1.3823028166835876,-1.6102831268240205,0.227980310140433,0.5556178084822743,3.0,19.0,187.0,126.0,2026.0,-0.5942521519059902,-0.8825694822149844,0.09451881743738721,2027.0,Liam Livingstone,Liam Livingstone,2026.0,SRH,1300.0,sold,ENG,True,All-rounder,200.0,2026.0,1300.0,True,2022.0,1993-08-04,finger_spin,"Right-arm off break, leg break",Batting all-rounder,True,Finisher;Finger spinner,0.4318181818181818,True,33.4,True,False,SRH,1300.0,-1.5919968456494684,Finger spinner,Death,False,246.0,374.0,337.0,603.0,True
DS Rathi,-1.4218229660313628,-0.018249071987528554,-1.4035738940438343,3.3710330942371245,2.0,23.0,8.0,546.0,2026.0,-0.4043153813006244,-0.8619004271178431,-0.155607157612895,2027.0,Digvesh Rathi,Digvesh Rathi,2026.0,LSG,30.0,retained,IND,False,,,2025.0,30.0,False,2025.0,1999-12-15,wrist_spin,Right-arm legbreak,Bowler,False,Wrist spinner,0.8214285714285714,True,27.0,False,False,LSG,30.0,-2.451860855937151,Wrist spinner,Death,False,87.0,54.0,118.0,87.0,False
M Theekshana,-1.4437700357753165,-0.36621303611166384,-1.0775569996636527,1.603792049409253,2.0,16.0,27.0,372.0,2025.0,-1.6458438064036605,1.0307453250887844,-0.8286715544604404,2027.0,Maheesh Theekshana,Maheesh Theekshana,2025.0,RR,440.0,sold,SL,True,Spin bowler,200.0,2025.0,440.0,True,2022.0,2000-08-01,finger_spin,Right-arm off break,Bowler,True,Finger spinner,0.5714285714285714,True,26.4,True,False,,,-1.6576089756965502,Finger spinner,Middle,False,243.0,255.0,332.0,411.0,False
G Coetzee,-1.4525949718152469,-0.2391164195344629,-1.213478552280784,0.34883676125821295,2.0,14.0,33.0,273.0,2025.0,-0.36617557801606293,-0.47875948283779657,-0.6076599109613874,2027.0,Gerald Coetzee,Gerald Coetzee,2025.0,GT,240.0,sold,SA,True,Fast bowler,125.0,2025.0,240.0,True,2024.0,2000-10-02,pace,Right-arm fast,Bowler,True,Death pacer,0.4827586206896552,True,26.2,True,False,,,-1.4991065399830086,Death pacer,Powerplay,False,243.0,207.0,332.0,333.0,False
HV Patel,-1.5159005347378571,-0.20093335527340112,-1.3149671794644562,1.6818405676756198,3.0,32.0,54.0,639.0,2026.0,-0.693939951540551,-0.931869055221184,0.10990847202387766,2027.0,Harshal Patel,Harshal Patel,2026.0,SRH,800.0,retained,IND,False,All-rounder,,2025.0,800.0,True,2022.0,1990-11-23,pace,Right-arm fast-medium,Bowling all-rounder,True,Death pacer,0.7441860465116279,True,36.1,True,False,SRH,800.0,-2.2267870224928186,Death pacer,Death,False,218.0,292.0,298.0,471.0,True
I Sharma,-1.5502239536905753,-0.024866044323389916,-1.5253579093671854,2.2182523718662672,2.0,16.0,7.0,272.0,2025.0,-0.828575204889271,-0.7258552557557416,0.004206506954437181,2027.0,Ishant Sharma,Ishant Sharma,2026.0,GT,75.0,retained,IND,False,Fast bowler,,2025.0,75.0,True,2023.0,1988-09-02,pace,Right-arm fast-medium,Bowler,True,Powerplay pacer,0.5517241379310345,True,38.3,True,False,GT,75.0,-1.8459909366060774,Powerplay pacer,Death,False,216.0,129.0,296.0,208.0,False
Abishek Porel,-1.5504606811907464,-1.5504606811907464,0.0,1.682576709001162,3.0,32.0,498.0,0.0,2026.0,-0.9438008063393847,-0.6267624075023427,0.02010253265098133,2027.0,Abishek Porel,Abhishek Porel,2026.0,DC,400.0,retained,IND,False,,,,,,2024.0,2002-10-17,,,Wicket-keeper-batter,False,Anchor;Wicketkeeper,0.7441860465116279,True,24.2,False,True,DC,400.0,-1.9910581658490192,Anchor,Death,False,84.0,129.0,115.0,207.0,True
F du Plessis,-1.5611609774604163,-1.5611609774604163,0.0,1.7069108480690138,2.0,25.0,434.0,0.0,2025.0,-1.2614272528508677,-0.0323325779293977,-0.2674011466801506,2027.0,Faf du Plessis,Faf du Plessis,2025.0,DC,200.0,sold,SA,True,Batter,200.0,2025.0,200.0,True,2022.0,1984-07-13,wrist_spin,Right-arm leg-break,Top-order batter,True,Opener,0.8333333333333334,True,42.4,True,False,,,-1.7887490905362846,Opener,Middle,False,237.0,190.0,324.0,306.0,False
S Dhawan,-1.5781079187940954,-1.5781079187940954,0.0,,1.0,5.0,121.0,0.0,2024.0,-1.3226991067234632,0.2063894169476268,-0.46179822901825907,2027.0,Shikhar Dhawan,Shikhar Dhawan,2024.0,PBKS,825.0,retained,IND,False,Batter,,2022.0,825.0,True,2022.0,1985-12-05,finger_spin,Right-arm off break,Opening batter,True,Opener,0.35714285714285715,True,41.0,True,False,,,-1.5781079187940954,Opener,Middle,True,215.0,292.0,294.0,470.0,False
DJ Hooda,-1.6658428950955912,-1.6324490630473456,-0.033393832048245545,0.30097008687440174,2.0,18.0,146.0,24.0,2025.0,-0.5457454053603885,-0.9427994978629916,-0.17729799187221085,2027.0,Deepak Hooda,Deepak Hooda,2025.0,CSK,170.0,sold,IND,False,All-rounder,75.0,2025.0,170.0,True,2022.0,,finger_spin,Right-arm off break,All-rounder,True,Middle-order,0.6428571428571429,True,,True,False,,,-1.705972240012178,Middle-order,Death,False,211.0,167.0,288.0,269.0,False
AK Markram,-1.698465403135617,-1.449175813878872,-0.24928958925674496,1.6108713357410358,3.0,36.0,643.0,114.0,2026.0,-0.5942253060692004,-1.1268563637738807,0.022616266707464028,2027.0,Aiden Markram,Aiden Markram,2026.0,LSG,200.0,retained,SA,True,Batter,,2025.0,200.0,True,2022.0,1994-10-04,finger_spin,Right-arm off break,Top-order batter,True,Opener,0.8181818181818182,True,32.2,True,False,LSG,200.0,-1.993100874594663,Opener,Death,False,230.0,185.0,314.0,298.0,False
KT Maphaka,-1.8223396502888074,0.023897077488149943,-1.8462367277769574,1.8254364976792365,2.0,4.0,2.0,66.0,2025.0,-0.3255625236779225,-0.8059545023300114,-0.6908226242808736,2027.0,Kwena Maphaka,Kwena Maphaka,2026.0,RR,150.0,retained,SA,True,Fast bowler,,2025.0,150.0,True,2025.0,2006-04-08,pace,Left-arm Fast,Bowler,True,,0.14285714285714285,True,20.7,True,False,RR,150.0,-1.578948117264909,,Powerplay,False,224.0,163.0,306.0,263.0,False
AM Rahane,-1.916288300207066,-1.916288300207066,0.0,1.9236054924442312,3.0,40.0,708.0,0.0,2026.0,-0.3987343856609886,-1.5175539145460777,0.0,2027.0,Ajinkya Rahane,Ajinkya Rahane,2026.0,KKR,150.0,retained,IND,False,Batter,,2025.0,150.0,True,2022.0,1988-06-06,finger_spin,Right-arm off spin,Batter,True,Opener,0.975609756097561,True,38.5,True,False,KKR,150.0,-2.3810598882766882,Opener,Death,False,200.0,152.0,273.0,245.0,False
PVD Chameera,-1.9616659925234208,-0.108625268100342,-1.8530407244230787,1.3465762878875758,3.0,9.0,17.0,132.0,2026.0,-1.4879147138060942,-0.11894592671192615,-0.35480535200540037,2027.0,Dushmantha Chameera,Dushmantha Chameera,2026.0,DC,75.0,retained,SL,True,Fast bowler,,2025.0,75.0,True,2022.0,1992-01-11,pace,Right-arm fast,Bowling all-rounder,True,Death pacer,0.20930232558139536,True,34.9,True,False,DC,75.0,-1.3905330891164196,Death pacer,Middle,False,217.0,125.0,297.0,202.0,False
SN Thakur,-2.042667521778271,-0.323864023032642,-1.718803498745629,0.6794004470651125,3.0,28.0,59.0,526.0,2026.0,-0.9986681343766937,-0.644578230418263,-0.3994211569833145,2027.0,Shardul Thakur,Shardul Thakur,2026.0,MI,200.0,retained,IND,False,All-rounder,,2024.0,400.0,True,2022.0,1991-10-16,pace,Right-arm medium,Bowler,True,Death pacer,0.6666666666666666,True,35.2,True,False,MI,200.0,-2.0125502206437482,Death pacer,Death,False,195.0,164.0,266.0,264.0,False
R Shepherd,-2.064798401212501,0.0035214823079785518,-2.0683198835204792,1.2729051255436168,3.0,29.0,111.0,306.0,2026.0,0.033945516142131475,-1.458117762405984,-0.6406261549486483,2027.0,Romario Shepherd,Romario Shepherd,2026.0,RCB,150.0,retained,WIN,True,All-rounder,,2025.0,150.0,True,2022.0,1994-11-26,pace,Right-arm fast-medium,Bowling All-rounder,True,Powerplay pacer,0.6444444444444445,True,32.1,True,False,RCB,150.0,-2.341511747997614,Powerplay pacer,Powerplay,False,213.0,156.0,290.0,251.0,False
JG Bethell,-2.0670063447740374,-2.0670063447740374,0.0,2.316966802036675,2.0,9.0,116.0,0.0,2026.0,-1.429703090675491,-0.6373032540985462,0.0,2027.0,Jacob Bethell,Jacob Bethell,2026.0,RCB,260.0,retained,ENG,True,All-rounder,,2025.0,260.0,True,2025.0,2003-10-23,finger_spin,Slow left-arm orthodox,Batting all-rounder,True,,0.2903225806451613,True,23.1,True,False,RCB,260.0,-2.774968423174132,,Death,False,212.0,188.0,290.0,303.0,False
RD Gaikwad,-2.073730416424991,-2.073730416424991,0.0,3.0015935072333515,3.0,33.0,767.0,0.0,2026.0,-1.3075113618448668,-0.9214216850796433,0.1552026304995191,2027.0,Ruturaj Gaikwad,Ruturaj Gaikwad,2026.0,CSK,1800.0,retained,IND,False,,,,,,2022.0,1997-01-31,finger_spin,Right arm off break,"Batsman, Occasionally Wicket Keeper",True,Opener;Wicketkeeper,0.7857142857142857,True,29.9,True,True,CSK,1800.0,-3.232303039739506,Opener,Death,False,193.0,345.0,264.0,557.0,True
Mayank Dagar,-2.0970993330111622,-0.005641310268506288,-2.091458022742656,,1.0,5.0,1.0,71.0,2024.0,-1.0373675502816269,-0.9463387048303753,-0.11339307789916034,2027.0,Mayank Dagar,Mayank Dagar,2024.0,RCB,180.0,retained,IND,False,All-rounder,,2023.0,180.0,False,2023.0,1996-11-11,finger_spin,Slow left-arm orthodox,Bowler,False,,0.3333333333333333,True,30.1,False,False,,,-2.0970993330111622,,Death,False,75.0,88.0,102.0,141.0,False
LH Ferguson,-2.09822861524707,0.0009361369166950912,-2.099164752163765,2.589388984980888,3.0,14.0,2.0,278.0,2026.0,-1.1056089964862441,-0.014459549370085117,-0.9781600693907407,2027.0,Lockie Ferguson,Lockie Ferguson,2026.0,PBKS,200.0,retained,NZ,True,Fast bowler,,2025.0,200.0,True,2022.0,1991-06-13,pace,Right-arm fast,Bowler,True,Death pacer,0.2978723404255319,True,35.5,True,False,PBKS,200.0,-3.1066080749825384,Death pacer,Middle,False,211.0,171.0,288.0,275.0,False
Shivang Kumar,-2.116005049850087,-0.5829195277313656,-1.5330855221187214,,1.0,13.0,46.0,234.0,2026.0,-0.828339645831383,-0.9275642419626347,-0.360101162056069,2027.0,Shivang Kumar,Shivang Kumar,2026.0,SRH,30.0,sold,IND,False,All-rounder,30.0,2026.0,30.0,False,2026.0,,,,,False,Finger spinner,0.8666666666666667,True,,False,False,SRH,30.0,-2.116005049850087,Finger spinner,Death,False,74.0,47.0,102.0,76.0,False
Yash Thakur,-2.139039994104191,0.0,-2.139039994104191,0.5908572123096141,3.0,13.0,0.0,276.0,2026.0,-0.050176739152140604,-0.7847756931742721,-1.3040875617777785,2027.0,Yash Thakur,Yash Thakur,2026.0,PBKS,160.0,retained,IND,False,Fast bowler,,2025.0,160.0,False,2023.0,1998-12-28,pace,Right-arm fast-medium,Bowler,True,Death pacer,0.2826086956521739,True,28.0,True,False,PBKS,160.0,-1.9449269797590243,Death pacer,Powerplay,False,191.0,149.0,260.0,240.0,False
R Ravindra,-2.152331559356467,-2.1788920073658162,0.026560448009348883,1.0642377265401346,2.0,18.0,287.0,12.0,2025.0,-2.017217671243977,-0.5449674362575428,0.4098535481450527,2027.0,Rachin Ravindra,Rachin Ravindra,2026.0,KKR,200.0,sold,NZ,True,All-rounder,200.0,2026.0,200.0,True,2024.0,1999-11-18,finger_spin,Slow left-arm orthodox,Batting all-rounder,True,Opener,0.6428571428571429,True,27.1,True,False,KKR,200.0,-2.294229922895152,Opener,Death,False,209.0,169.0,285.0,272.0,False
T Natarajan,-2.1591502434310725,-0.0017189970543651436,-2.1574312463767074,2.674044491902193,3.0,27.0,2.0,524.0,2026.0,-0.22087926080935727,-2.059267375829031,0.12099639320731563,2027.0,T. Natarajan,T. Natarajan,2026.0,DC,1075.0,retained,IND,False,Fast bowler,,2025.0,1075.0,True,2022.0,1991-04-04,pace,Left-arm medium,Bowler,True,Death pacer,0.6,True,35.7,True,False,DC,1075.0,-3.181935336835882,Death pacer,Death,False,190.0,285.0,259.0,459.0,True
RA Tripathi,-2.163892431399407,-2.163892431399407,0.0,1.3335827662999136,2.0,11.0,172.0,0.0,2025.0,-0.7745671129620547,-1.389325318437352,0.0,2027.0,Rahul Tripathi,Rahul Tripathi,2026.0,KKR,75.0,sold,IND,False,Batter,75.0,2026.0,75.0,True,2022.0,1991-03-02,pace,Right-arm medium,Top-order batter,True,Anchor,0.36666666666666664,True,35.8,True,False,KKR,75.0,-2.3417034669060617,Anchor,Death,False,189.0,114.0,259.0,184.0,False
Simarjeet Singh,-2.168726990833519,-0.09618103296467306,-2.0725459578688463,1.9477306809270047,2.0,8.0,7.0,132.0,2025.0,-0.8553684049767989,-0.7110790002360605,-0.6022795856206602,2027.0,Simarjeet Singh,Simarjeet Singh,2025.0,SRH,150.0,sold,IND,False,Fast bowler,30.0,2025.0,150.0,False,2022.0,1998-01-17,pace,Right arm medium fast,Bowler,False,Powerplay pacer,0.2857142857142857,True,28.9,False,False,,,-2.42842441495712,Powerplay pacer,Death,False,74.0,81.0,101.0,131.0,False
Vijaykumar Vyshak,-2.2003345530443803,-0.013593011667957955,-2.1867415413764224,0.25883342153973,3.0,19.0,7.0,375.0,2026.0,-0.9202206958443505,-0.677541481119652,-0.6025723760803777,2027.0,Vijaykumar Vyshak,Vijaykumar Vyshak,2026.0,PBKS,180.0,retained,IND,False,Fast bowler,,2025.0,180.0,False,2024.0,1997-01-31,pace,Right arm medium,Bowler,False,Powerplay pacer,0.40425531914893614,True,29.9,False,False,PBKS,180.0,-2.309078277055434,Powerplay pacer,Death,False,73.0,86.0,100.0,139.0,True
Mukesh Kumar,-2.2379903974578497,-0.018358075447818575,-2.219632322010031,1.8350875894761378,3.0,32.0,9.0,638.0,2026.0,-1.1117835309661548,0.2179528294966766,-1.3441596959883713,2027.0,Mukesh Kumar (cricketer),Mukesh Kumar,2026.0,DC,800.0,retained,IND,False,Fast bowler,,2025.0,800.0,True,2023.0,1993-10-12,pace,Right-arm medium-fast,Bowler,True,Death pacer,0.7441860465116279,True,33.2,True,False,DC,800.0,-2.919011186533072,Death pacer,Middle,False,186.0,253.0,255.0,408.0,True
Zeeshan Ansari,-2.2934711242290526,0.0,-2.2934711242290526,,1.0,10.0,0.0,203.0,2025.0,0.0,-1.5701762916526114,-0.7232948325764411,2027.0,Zeeshan Ansari,Zeeshan Ansari,2026.0,SRH,40.0,retained,IND,False,Fast bowler,,2025.0,40.0,False,2025.0,1999-12-16,wrist_spin,Legbreak googly,,False,Wrist spinner,0.7142857142857143,True,27.0,False,False,SRH,40.0,-2.2934711242290526,Wrist spinner,Powerplay,False,72.0,50.0,98.0,81.0,False
Shahbaz Ahmed,-2.303384624467047,-0.3992389627050377,-1.9041456617620092,0.8172399704501427,3.0,24.0,215.0,283.0,2026.0,-0.20129849952972373,-1.6114475149166947,-0.4906386100206286,2027.0,Shahbaz Ahmed (cricketer),Shahbaz Ahmed,2026.0,LSG,240.0,retained,IND,False,All-rounder,,2025.0,240.0,True,2022.0,1994-12-11,finger_spin,Slow left-arm orthodox,All-rounder,True,Finisher;Finger spinner,0.5454545454545454,True,32.0,True,False,LSG,240.0,-1.9897988325075058,Finisher,Powerplay,False,184.0,165.0,251.0,266.0,False
DA Warner,-2.319145378563792,-2.319145378563792,0.0,,1.0,8.0,125.0,0.0,2024.0,-1.2065459996246595,-1.1125993789391324,0.0,2027.0,David Warner (cricketer),David Warner,2024.0,DC,625.0,retained,AUS,True,Batter,,2022.0,625.0,True,2022.0,1986-10-27,wrist_spin,Right arm leg break,Opening batter,True,Opener,0.5714285714285714,True,40.1,True,False,,,-2.319145378563792,Opener,Death,False,201.0,241.0,275.0,389.0,False
Avesh Khan,-2.486665386530273,-0.015599301189616112,-2.4710660853406567,2.3759796631362162,3.0,35.0,23.0,761.0,2026.0,-2.4551448217487337,-0.6148649278279563,0.5833443630464163,2027.0,Avesh Khan,Avesh Khan,2026.0,LSG,975.0,retained,IND,False,Fast bowler,,2025.0,975.0,True,2022.0,1996-12-13,pace,Right-arm fast-medium,Bowler,True,Death pacer,0.813953488372093,True,30.0,True,False,LSG,975.0,-3.1956176524278463,Death pacer,Death,False,177.0,258.0,242.0,415.0,True
MM Sharma,-2.496508697296389,-0.09558920066730002,-2.400919496629089,0.00924651295105039,2.0,20.0,18.0,384.0,2025.0,-0.5265237188945193,-0.8655961865003432,-1.1043887919015265,2027.0,Mohit Sharma,Mohit Sharma,2025.0,DC,220.0,sold,IND,False,Fast bowler,50.0,2025.0,220.0,False,2023.0,1988-09-18,pace,Right arm fast-medium,Bowler,True,Death pacer,0.7407407407407407,True,38.2,True,False,,,-2.4977415656898625,Death pacer,Powerplay,True,176.0,154.0,241.0,249.0,False
SH Johnson,-2.6430591196602746,-0.02946545949045959,-2.6135936601698146,1.5306295271250392,3.0,12.0,12.0,230.0,2026.0,-2.7861899517820197,0.19978922086665496,-0.05665838874490953,2027.0,Spencer Johnson (cricketer),Spencer Johnson,2025.0,KKR,280.0,sold,AUS,True,Fast bowler,200.0,2025.0,280.0,True,2024.0,1995-12-16,pace,Left-arm fast,Bowler,True,Powerplay pacer,0.3076923076923077,True,31.0,True,False,,,-2.6521810791239577,Powerplay pacer,Middle,False,188.0,172.0,256.0,277.0,False
A Nortje,-2.708657040472155,-0.03971933640989091,-2.668937704062264,2.259987890518909,3.0,9.0,9.0,198.0,2026.0,-0.874551182739364,-0.061617542730087294,-1.7724883150027042,2027.0,Anrich Nortje,Anrich Nortje,2026.0,LSG,200.0,sold,SA,True,Fast bowler,200.0,2026.0,200.0,True,2022.0,1993-11-16,pace,Right-arm fast,Bowler,True,Death pacer,0.21951219512195122,True,33.1,True,False,LSG,200.0,-1.9813761709048392,Death pacer,Middle,False,185.0,151.0,253.0,244.0,False
M Markande,-2.7938939294487595,0.0,-2.7938939294487595,0.4708086456998808,2.0,10.0,0.0,162.0,2026.0,0.0,-2.2333618567881404,-0.5605320726606189,2027.0,Mayank Markande,Mayank Markande,2026.0,MI,30.0,retained,IND,False,Spin bowler,,2025.0,30.0,False,2022.0,1997-11-11,wrist_spin,Right-arm leg break,Bowler,True,Wrist spinner,0.3333333333333333,True,29.1,True,False,MI,30.0,-2.6425625790452263,Wrist spinner,Powerplay,False,165.0,73.0,226.0,118.0,False
Akash Madhwal,-2.794422383046301,-0.09886153676819,-2.695560846278111,0.1318082226954309,2.0,9.0,14.0,199.0,2025.0,0.030644204376363338,-0.9736112453849284,-1.851455342037736,2027.0,Akash Madhwal,Akash Madhwal,2025.0,RR,120.0,sold,IND,False,Fast bowler,30.0,2025.0,120.0,False,2023.0,1993-11-25,pace,Right-arm medium-fast,Bowler,False,Death pacer,0.32142857142857145,True,33.1,False,False,,,-2.8119968127390247,Death pacer,Powerplay,False,64.0,66.0,88.0,107.0,False
RJW Topley,-2.818924576993197,-0.031227242946989323,-2.787697334046208,0.3762110864100716,2.0,5.0,6.0,108.0,2025.0,-0.9110811682378765,-1.2742185435933557,-0.6336248651619649,2027.0,Reece Topley,Reece Topley,2025.0,MI,75.0,sold,ENG,True,Fast bowler,75.0,2025.0,75.0,True,2023.0,1994-02-21,pace,Left-arm Fast-medium,Bowler,True,,0.16129032258064516,True,32.8,True,False,,,-2.768763098805188,,Death,False,181.0,106.0,247.0,170.0,False
M Jansen,-2.904105911558977,-0.46322011479032954,-2.4408857967686477,2.1014211787176,3.0,31.0,121.0,627.0,2026.0,-1.2376192809720152,-0.8609778732035208,-0.8055087573834415,2027.0,Marco Jansen,Marco Jansen,2026.0,PBKS,700.0,retained,SA,True,All-rounder,,2025.0,700.0,True,2022.0,2000-05-01,pace,Left-arm fast,Bowling all-rounder,True,Finisher;Powerplay pacer,0.6458333333333334,True,26.6,True,False,PBKS,700.0,-3.1146108350370123,Finisher,Death,False,177.0,223.0,242.0,360.0,True
TU Deshpande,-3.0227285732485547,-0.006455381331232622,-3.016273191917322,3.2168357083924697,3.0,30.0,23.0,618.0,2026.0,-1.014488123875581,-1.516261919566048,-0.49197852980692564,2027.0,Tushar Deshpande,Tushar Deshpande,2026.0,RR,650.0,retained,IND,False,Fast bowler,,2025.0,650.0,True,2022.0,1995-05-15,pace,Right-arm medium,Bowler,True,Death pacer,0.6818181818181818,True,31.6,True,False,RR,650.0,-4.153870759881416,Death pacer,Death,False,157.0,202.0,215.0,325.0,True
DP Conway,-3.0399790606657606,-3.0399790606657606,0.0,,1.0,6.0,119.0,0.0,2025.0,-3.6134438082957314,0.8069243026494699,-0.23345955501949883,2027.0,Devon Conway,Devon Conway,2025.0,CSK,625.0,sold,NZ,True,Batter,200.0,2025.0,625.0,True,2022.0,1991-07-08,pace,Right-arm medium,Wicket-keeper-batter,True,Wicketkeeper,0.42857142857142855,True,35.4,True,True,,,-3.0399790606657606,Wicketkeeper,Middle,False,172.0,209.0,235.0,337.0,False
HH Pandya,-3.158860755107649,-0.8823706865673703,-2.2764900685402787,2.1512161338426594,3.0,39.0,437.0,562.0,2026.0,-1.663054685406763,-0.04850459577343966,-1.4473014739274463,2027.0,Hardik Pandya,Hardik Pandya,2026.0,MI,1635.0000000000002,retained,IND,False,,,,,,2022.0,1993-10-11,pace,Right-arm medium-fast,All-rounder,True,Finisher;Powerplay pacer;All-rounder,0.8863636363636364,True,33.2,True,False,MI,1635.0000000000002,-3.7390402364701565,All-rounder,Middle,False,153.0,269.0,209.0,434.0,True
MW Short,-3.269659800676822,-2.4676895761899162,-0.8019702244869058,,1.0,3.0,51.0,19.0,2026.0,-2.8203832430749336,-0.1143837739065954,-0.3348927836952928,2027.0,Matthew Short,Matthew Short,2026.0,CSK,150.0,sold,AUS,True,All-rounder,150.0,2026.0,150.0,True,2026.0,1995-11-08,finger_spin,Right-arm off break,Batting all-rounder,True,,0.21428571428571427,True,31.1,True,False,CSK,150.0,-3.269659800676822,,Middle,False,164.0,122.0,224.0,197.0,False
Ashok Sharma,-3.3309930191993256,-0.02248147981373889,-3.3085115393855866,,1.0,6.0,4.0,126.0,2026.0,-2.8309638004611575,-0.06714823837066994,-0.43288098036749784,2027.0,Ashok Sharma,Ashok Sharma,2026.0,GT,90.0,sold,IND,False,Fast bowler,30.0,2026.0,90.0,False,2022.0,,,,,False,Death pacer,0.35294117647058826,True,,False,False,GT,90.0,-3.3309930191993256,Death pacer,Middle,False,57.0,54.0,78.0,87.0,True
MP Yadav,-3.3597431267462983,-0.022814901125576832,-3.3369282256207216,4.348330238684828,3.0,10.0,5.0,217.0,2026.0,-0.4545693749385594,-3.0133611872929578,0.1081874354852187,2027.0,Mayank Yadav,Mayank Yadav,2026.0,LSG,1100.0,retained,IND,False,Fast bowler,,2022.0,20.0,False,2022.0,2002-06-17,pace,Right-arm fast,Bowler,True,Powerplay pacer,0.23809523809523808,True,24.5,True,False,LSG,1100.0,-4.673454235563591,Powerplay pacer,Death,False,146.0,226.0,200.0,364.0,True
SK Rasheed,-3.497653565296351,-3.497653565296351,0.0,,1.0,5.0,63.0,0.0,2025.0,-2.993515334363714,-0.5041382309326377,0.0,2027.0,Shaik Rasheed,Shaik Rasheed,2025.0,CSK,30.0,sold,IND,False,Batter,30.0,2025.0,30.0,False,2023.0,2004-09-24,wrist_spin,Right-arm leg break,Top-order Batsman,False,,0.35714285714285715,True,22.2,False,False,,,-3.497653565296351,,Death,False,55.0,36.0,76.0,58.0,False
XC Bartlett,-3.5265930947100994,-0.04650864274294726,-3.480084451967152,2.428416000612639,2.0,13.0,28.0,261.0,2026.0,-1.7504795302961482,-1.5549121300142326,-0.22120143439971773,2027.0,Xavier Bartlett,Xavier Bartlett,2026.0,PBKS,80.0,retained,AUS,True,Fast bowler,,2025.0,80.0,True,2025.0,1998-12-17,pace,Right-arm fast-medium,Bowler,True,Powerplay pacer,0.40625,True,28.0,True,False,PBKS,80.0,-4.268609094897295,Powerplay pacer,Death,False,155.0,94.0,212.0,151.0,False
MJ Henry,-4.091194910046658,-0.19117151107579128,-3.9000233989708666,1.584273990112175,2.0,7.0,10.0,132.0,2026.0,-2.42097101945766,-1.4804263357563694,-0.18979755483262795,2027.0,Matt Henry (cricketer),Matt Henry,2026.0,CSK,200.0,sold,NZ,True,Fast bowler,200.0,2026.0,200.0,True,2026.0,1991-12-14,pace,Right-arm fast-medium,Bowler,True,Powerplay pacer,0.25,True,35.0,True,False,CSK,200.0,-4.600425835439857,Powerplay pacer,Death,False,137.0,115.0,187.0,185.0,False
SM Curran,-4.230169100852481,-2.0904093171611255,-2.139759783691355,0.9447214799524866,2.0,18.0,303.0,318.0,2025.0,-2.23779685815255,-1.1990477053053041,-0.7933245373946265,2027.0,Sam Curran,Sam Curran,2026.0,RR,240.0,retained,ENG,True,All-rounder,,2025.0,240.0,True,2023.0,1998-06-03,pace,Left-arm medium-fast,All-rounder,True,Anchor;Powerplay pacer;All-rounder,0.6428571428571429,True,28.5,True,False,RR,240.0,-4.356131964846146,All-rounder,Death,False,133.0,119.0,182.0,191.0,True
WP Saha,-4.329306252390031,-4.329306252390031,0.0,,1.0,9.0,115.0,0.0,2024.0,-3.724816803406804,-0.6044894489832279,0.0,2027.0,Wriddhiman Saha,Wriddhiman Saha,2024.0,GT,190.0,retained,IND,False,Wicket-keeper,,2022.0,190.0,True,2022.0,1984-10-24,finger_spin,Right-arm off-spin,"Wicket-keeper, batsman",True,Wicketkeeper,0.75,True,42.1,True,True,,,-4.329306252390031,Wicketkeeper,Death,True,119.0,102.0,162.0,164.0,False
Akash Deep,-4.468808561163488,-0.00607310624896426,-4.462735454914524,0.7578347919607633,2.0,7.0,4.0,135.0,2025.0,-2.1385019463884856,-1.7282252875509583,-0.6020813272240436,2027.0,Akash Deep,Akash Deep,2026.0,KKR,100.0,sold,IND,False,Fast bowler,100.0,2026.0,100.0,True,2022.0,1996-12-15,pace,Right-arm fast-medium,Bowler,True,Powerplay pacer,0.2413793103448276,True,30.0,True,False,KKR,100.0,-4.56985320009159,Powerplay pacer,Death,False,115.0,79.0,157.0,128.0,False
Auqib Nabi,-4.754451113219602,0.040794884949328244,-4.79524599816893,,1.0,5.0,4.0,78.0,2026.0,-4.608157778246568,-0.16909460065826165,0.022801265685226516,2027.0,Auqib Nabi,Auqib Nabi,2026.0,DC,840.0,sold,IND,False,All-rounder,30.0,2026.0,840.0,False,2026.0,1996-11-04,pace,Right-arm medium,Bowler,True,,0.35714285714285715,True,30.1,True,False,DC,840.0,-4.754451113219602,,Death,False,108.0,156.0,148.0,251.0,True
Fazalhaq Farooqi,-7.708726296110519,-0.003740746155441022,-7.704985549955078,,1.0,5.0,2.0,102.0,2025.0,-3.3792239748276427,-2.315508616716406,-2.0139937045664706,2027.0,Fazalhaq Farooqi,Fazalhaq Farooqi,2025.0,RR,200.0,sold,AFG,True,Fast bowler,200.0,2025.0,200.0,True,2022.0,2000-09-22,pace,Left-arm fast,Bowler,True,,0.35714285714285715,True,26.2,True,False,,,-7.708726296110519,,Death,False,63.0,56.0,86.0,90.0,False
Aaron Hardie,,,,,,,,,,,,,,Aaron Hardie,Aaron Hardie,2025.0,PBKS,125.0,sold,AUS,True,All-rounder,125.0,2025.0,125.0,True,2025.0,1999-01-07,pace,Right-arm medium-fast,All-rounder,True,,,False,27.9,True,False,,,,,,False,,,,,False
Abdul Basith,,,,,,,,,,,,,,Abdul Basith,Abdul Basith,2023.0,RR,20.0,sold,IND,False,All-rounder,20.0,2023.0,20.0,False,2023.0,,,,,False,,,False,,False,False,,,,,,False,,,,,False
A Tomar,,,,,,,,,,,,,,Abhijeet Tomar,Abhijeet Tomar,2022.0,KKR,40.0,sold,IND,False,Batter,20.0,2022.0,40.0,False,2022.0,1995-03-14,,,,False,,,False,31.8,False,False,,,,,,False,,,,,False
Abhinandan Singh,,,,,,,,,,,,,,Abhinandan Singh,Abhinandan Singh,2026.0,RCB,30.0,retained,IND,False,Fast bowler,,2025.0,30.0,False,2025.0,,,,,False,,0.1875,False,,False,False,RCB,30.0,,,,False,,,,,False
Abid Mushtaq,,,,,,,,,,,,,,Abid Mushtaq,Abid Mushtaq,2024.0,RR,20.0,sold,IND,False,All-rounder,20.0,2024.0,20.0,False,2024.0,1997-01-17,,,All Rounder,False,,,False,29.9,False,False,,,,,,False,,,,,False
AF Milne,,,,,,,,,,,,,,Adam Milne,Adam Milne,2026.0,RR,240.0,sold,NZ,True,Fast bowler,200.0,2026.0,240.0,True,2022.0,1992-04-13,pace,Right-arm fast,Bowler,True,,0.0625,False,34.7,True,False,RR,240.0,,,,False,,,,,True
A Zampa,,,,,,,,,,,,,,Adam Zampa,Adam Zampa,2025.0,SRH,240.0,sold,AUS,True,Spin bowler,200.0,2025.0,240.0,True,2023.0,1992-03-31,wrist_spin,Right-arm Leg-Break,Bowler,True,,0.14285714285714285,False,34.7,True,False,,,,,,False,,,,,False
AU Rashid,,,,,,,,,,,,,,Adil Rashid,Adil Rashid,2023.0,SRH,200.0,sold,ENG,True,Fast bowler,200.0,2023.0,200.0,True,2023.0,1988-02-17,wrist_spin,Right-arm leg break,Bowler,True,,,False,38.8,True,False,,,,,,False,,,,,False
Ajay Mandal,,,,,,,,,,,,,,Ajay Mandal,Ajay Mandal,2026.0,DC,30.0,retained,IND,False,All-rounder,,2025.0,30.0,False,2023.0,1996-02-25,finger_spin,Slow left-arm orthodox,,False,,,False,30.8,False,False,DC,30.0,,,,False,,,,,False
Akash Vasisht,,,,,,,,,,,,,,Akash Vasisht,Akash Vasisht,2023.0,RR,20.0,sold,IND,False,All-rounder,20.0,2023.0,20.0,False,2023.0,1994-12-17,finger_spin,Slow left arm orthodox,Allrounder,False,,,False,32.0,False,False,,,,,,False,,,,,False
Akshat Raghuwanshi,,,,,,,,,,,,,,Akshat Raghuwanshi,Akshat Raghuwanshi,2026.0,LSG,220.0,sold,IND,False,Batter,30.0,2026.0,220.0,False,2026.0,2003-09-15,finger_spin,Right-arm off break,,False,,0.21428571428571427,False,23.2,False,False,LSG,220.0,,,,False,,,,,True
Alex Hales,,,,,,,,,,,,,,Alex Hales,Alex Hales,2022.0,KKR,150.0,sold,ENG,True,Batter,150.0,2022.0,150.0,True,2022.0,1989-01-03,pace,Right-arm medium,Opening batter,True,,,False,37.9,True,False,,,,,,False,,,,,False
AS Joseph,,,,,,,,,,,,,,Alzarri Joseph,Alzarri Joseph,2024.0,RCB,1150.0,sold,WIN,True,Fast bowler,100.0,2024.0,1150.0,True,2022.0,1996-11-20,pace,Right-arm fast,Bowler,True,,0.2,False,30.1,True,False,,,,,,False,,,,,False
Aman Hakim Khan,,,,,,,,,,,,,,Aman Hakim Khan,Aman Khan,2026.0,CSK,40.0,sold,IND,False,All-rounder,30.0,2026.0,40.0,False,2022.0,1996-11-23,pace,Right-arm medium,All-rounder,False,,,False,30.1,False,False,CSK,40.0,,,,False,,,,,False
Aman Rao,,,,,,,,,,,,,,Aman Rao,Aman Rao,2026.0,RR,30.0,sold,IND,False,Batter,30.0,2026.0,30.0,False,2026.0,,,,,False,,,False,,False,False,RR,30.0,,,,False,,,,,False
AT Rayudu,,,,,,,,,,,,,,Ambati Rayudu,Ambati Rayudu,2023.0,CSK,675.0,retained,IND,False,Wicket-keeper,,2022.0,675.0,True,2022.0,1985-09-23,finger_spin,Right-arm off-spin,Wicket-keeper batsman,True,,,False,41.2,True,True,,,,,,True,,,,,False
Amit Kumar,,,,,,,,,,,,,,Amit Kumar,Amit Kumar,2026.0,SRH,30.0,sold,IND,False,Fast bowler,30.0,2026.0,30.0,False,2026.0,1952-07-03,,,,False,,,False,74.5,False,False,SRH,30.0,,,,False,,,,,False
A Mishra,,,,,,,,,,,,,,Amit Mishra,Amit Mishra,2024.0,LSG,50.0,retained,IND,False,Fast bowler,,2023.0,50.0,True,2023.0,1982-11-24,wrist_spin,Right-arm leg break,Bowler,True,,0.07142857142857142,False,44.1,True,False,,,,,,False,,,,,False
Andre Siddarth,,,,,,,,,,,,,,Andre Siddarth,Andre Siddarth,2025.0,CSK,30.0,sold,IND,False,Batter,30.0,2025.0,30.0,False,2025.0,,,,,False,,,False,,False,False,,,,,,False,,,,,False
Aneeshwar Gautam,,,,,,,,,,,,,,Aneeshwar Gautam,Aneeshwar Gautam,2022.0,RCB,100.0,sold,IND,False,All-rounder,100.0,2022.0,100.0,False,2022.0,,,,,False,,,False,,False,False,,,,,,False,,,,,False
AS Rajpoot,,,,,,,,,,,,,,Ankit Rajpoot,Ankit Rajpoot,2022.0,LSG,50.0,sold,IND,False,Fast bowler,20.0,2022.0,50.0,False,2022.0,1993-12-04,pace,Right-arm medium-fast,Bowler,False,,,False,33.0,False,False,,,,,,False,,,,,False
Anmolpreet Singh,,,,,,,,,,,,,,Anmolpreet Singh,Anmolpreet Singh,2024.0,SRH,20.0,retained,IND,False,Batter,,2023.0,20.0,False,2022.0,1998-03-28,finger_spin,Right-arm off-break,Batter,False,,0.125,False,28.7,False,False,,,,,,False,,,,,False
Ansh Patel,,,,,,,,,,,,,,Ansh Patel,Ansh Patel,2022.0,PBKS,20.0,sold,IND,False,All-rounder,20.0,2022.0,20.0,False,2022.0,,,,,False,,,False,,False,False,,,,,,False,,,,,False
Anunay Singh,,,,,,,,,,,,,,Anunay Singh,Anunay Singh,2022.0,RR,20.0,sold,IND,False,Fast bowler,20.0,2022.0,20.0,False,2022.0,1993-01-03,pace,Right-arm medium-fast,Bowler,False,,,False,33.9,False,False,,,,,,False,,,,,False
Arjun Tendulkar,,,,,,,,,,,,,,Arjun Tendulkar,Arjun Tendulkar,2026.0,LSG,30.0,retained,IND,False,Fast bowler,,2025.0,30.0,False,2022.0,1999-09-24,pace,Left-arm medium-fast,Bowler,False,,0.07142857142857142,False,27.2,False,False,LSG,30.0,,,,False,,,,,False
AA Kulkarni,,,,,,,,,,,,,,Arshin Kulkarni,Arshin Kulkarni,2026.0,LSG,30.0,retained,IND,False,All-rounder,,2025.0,30.0,False,2024.0,,,,,False,,0.14285714285714285,False,,False,False,LSG,30.0,,,,False,,,,,False
Aryan Juyal,,,,,,,,,,,,,,Aryan Juyal,Aryan Juyal,2025.0,LSG,30.0,sold,IND,False,Wicket-keeper,30.0,2025.0,30.0,False,2022.0,2001-11-11,,,Wicket-keeper,False,,,False,25.1,False,True,,,,,,False,,,,,False
AJ Turner,,,,,,,,,,,,,,Ashton Turner,Ashton Turner,2024.0,LSG,100.0,sold,AUS,True,Batter,100.0,2024.0,100.0,True,2024.0,1993-01-25,finger_spin,Right-arm off break,Middle-order batter,True,,0.14285714285714285,False,33.9,True,False,,,,,,False,,,,,False
Ashwin Hebbar,,,,,,,,,,,,,,Ashwin Hebbar,Ashwin Hebbar,2022.0,DC,20.0,sold,IND,False,Batter,20.0,2022.0,20.0,False,2022.0,1995-11-15,pace,Right-arm medium,Batting All-rounder,False,,,False,31.1,False,False,,,,,,False,,,,,False
Atharva Ankolekar,,,,,,,,,,,,,,Atharva Ankolekar,Atharva Ankolekar,2026.0,MI,30.0,sold,IND,False,All-rounder,30.0,2026.0,30.0,False,2026.0,2000-09-26,finger_spin,Slow left-arm orthodox,All-rounder,False,,,False,26.2,False,False,MI,30.0,,,,False,,,,,False
Atharva Taide,,,,,,,,,,,,,,Atharva Taide,Atharva Taide,2025.0,SRH,30.0,sold,IND,False,Batter,30.0,2025.0,30.0,False,2022.0,2000-04-26,finger_spin,Left-arm orthodox,Top order batsman,False,,0.10714285714285714,False,26.6,False,False,,,,,,False,,,,,False
Avanish Rao Aravelly,,,,,,,,,,,,,,Avanish Rao Aravelly,Avanish Rao Aravelly,2024.0,CSK,20.0,sold,IND,False,Wicket-keeper,20.0,2024.0,20.0,False,2024.0,,,,,False,,,False,,False,True,,,,,,False,,,,,False
Avinash Singh,,,,,,,,,,,,,,Avinash Singh,Avinash Singh,2023.0,RCB,60.0,sold,IND,False,Fast bowler,20.0,2023.0,60.0,False,2023.0,,,,,False,,,False,,False,False,,,,,,False,,,,,False
B Indrajith,,,,,,,,,,,,,,Baba Indrajith,Baba Indrajith,2022.0,KKR,20.0,sold,IND,False,Wicket-keeper,20.0,2022.0,20.0,False,2022.0,1994-07-08,wrist_spin,Right-arm leg break,,False,,,False,32.4,False,True,,,,,,False,,,,,False
Baltej Singh,,,,,,,,,,,,,,Baltej Singh,Baltej Dhanda,2023.0,PBKS,20.0,retained,IND,False,,,2022.0,20.0,False,2022.0,1990-11-04,,,Bowler,False,,,False,36.1,False,False,,,,,,False,,,,,False
Basil Thampi,,,,,,,,,,,,,,Basil Thampi,Basil Thampi,2022.0,MI,30.0,sold,IND,False,Fast bowler,30.0,2022.0,30.0,False,2022.0,1993-09-11,pace,Right-arm fast-medium,Bowler,False,,,False,33.3,False,False,,,,,,False,,,,,False
Ben Duckett,,,,,,,,,,,,,,Ben Duckett,Ben Duckett,2026.0,DC,200.0,sold,ENG,True,Wicket-keeper,200.0,2026.0,200.0,True,2026.0,1994-10-17,finger_spin,Right-arm off break,Top-order batter,True,,,False,32.2,True,True,DC,200.0,,,,False,,,,,True
BJ Dwarshuis,,,,,,,,,,,,,,Ben Dwarshuis,Ben Dwarshuis,2026.0,PBKS,440.0,sold,AUS,True,All-rounder,100.0,2026.0,440.0,True,2026.0,1994-06-23,pace,Left-arm fast-medium,<!-- Do not change role that does not match what EspnCricInfo says without gaining consensus on the talk page first --> Bowler,True,,0.07142857142857142,False,32.5,True,False,PBKS,440.0,,,,False,,,,,True
BA Stokes,,,,,,,,,,,,,,Ben Stokes,Ben Stokes,2023.0,CSK,1625.0,sold,ENG,True,All-rounder,200.0,2023.0,1625.0,True,2023.0,1991-06-04,pace,Right-arm fast-medium,All-rounder,True,,,False,35.5,True,False,,,,,,False,,,,,False
Benny Howell,,,,,,,,,,,,,,Benny Howell,Benny Howell,2022.0,PBKS,40.0,sold,ENG,True,All-rounder,40.0,2022.0,40.0,False,2022.0,1988-10-05,pace,Right-arm medium,All-rounder,False,,,False,38.2,False,False,,,,,,False,,,,,False
Bevon Jacobs,,,,,,,,,,,,,,Bevon Jacobs,Bevon Jacobs,2025.0,MI,30.0,sold,NZ,True,Batter,30.0,2025.0,30.0,False,2025.0,2002-05-06,pace,Right-arm medium,Batsman,True,,,False,24.6,True,False,,,,,,False,,,,,False
Bhagath Varma,,,,,,,,,,,,,,Bhagath Varma,Bhagath Varma,2023.0,CSK,20.0,sold,IND,False,All-rounder,20.0,2023.0,20.0,False,2022.0,1998-09-21,finger_spin,Right arm off break,,False,,,False,28.2,False,False,,,,,,False,,,,,False
PBB Rajapaksa,,,,,,,,,,,,,,Bhanuka Rajapaksa,Bhanuka Rajapaksa,2023.0,PBKS,50.0,retained,SL,True,Batter,,2022.0,50.0,True,2022.0,1991-10-24,pace,Right-arm medium,"Top-order batter , Occasional wicket-keeper",True,,,False,35.1,True,True,,,,,,False,,,,,False
Brydon Carse,,,,,,,,,,,,,,Brydon Carse,Brydon Carse,2026.0,SRH,100.0,retained,ENG,True,All-rounder,,2025.0,100.0,True,2025.0,1995-07-31,pace,Right-arm fast,Bowler,True,,,False,31.4,True,False,SRH,100.0,,,,False,,,,,True
C. Hari Nishanth,,,,,,,,,,,,,,C. Hari Nishanth,C. Hari Nishanth,2022.0,CSK,20.0,sold,IND,False,Batter,20.0,2022.0,20.0,False,2022.0,,,,,False,,,False,,False,False,,,,,,False,,,,,False
Chama Milind,,,,,,,,,,,,,,Chama Milind,Chama Milind,2022.0,RCB,25.0,sold,IND,False,Fast bowler,20.0,2022.0,25.0,False,2022.0,1994-09-04,pace,Left-arm medium,Bowler,False,,,False,32.3,False,False,,,,,,False,,,,,False
Chamika Karunaratne,,,,,,,,,,,,,,Chamika Karunaratne,Chamika Karunaratne,2022.0,KKR,50.0,sold,SL,True,All-rounder,50.0,2022.0,50.0,True,2022.0,1996-05-29,pace,Right-arm Fast-medium,Bowling All-rounder,True,,,False,30.5,True,False,,,,,,False,,,,,False
C Sakariya,,,,,,,,,,,,,,Chetan Sakariya,Chetan Sakariya,2024.0,KKR,50.0,sold,IND,False,Fast bowler,50.0,2024.0,50.0,True,2022.0,1998-02-28,pace,Left-arm medium-fast,,True,,0.07692307692307693,False,28.8,True,False,,,,,,False,,,,,False
CJ Jordan,,,,,,,,,,,,,,Chris Jordan (cricketer),Chris Jordan,2022.0,CSK,360.0,sold,ENG,True,Fast bowler,200.0,2022.0,360.0,True,2022.0,1988-10-04,pace,Right-arm fast-medium,Bowler,True,,,False,38.2,True,False,,,,,,False,,,,,False
Chris Woakes,,,,,,,,,,,,,,Chris Woakes,Chris Woakes,2024.0,PBKS,420.0,sold,ENG,True,All-rounder,200.0,2024.0,420.0,True,2024.0,1989-03-02,pace,Right-arm fast-medium,Bowling All-rounder,True,,,False,37.8,True,False,,,,,,False,,,,,False
Daksh Kamra,,,,,,,,,,,,,,Daksh Kamra,Daksh Kamra,2026.0,KKR,30.0,sold,IND,False,All-rounder,30.0,2026.0,30.0,False,2026.0,,,,,False,,,False,,False,False,KKR,30.0,,,,False,,,,,False
DR Sams,,,,,,,,,,,,,,Daniel Sams,Daniel Sams,2023.0,LSG,75.0,sold,AUS,True,All-rounder,75.0,2023.0,75.0,True,2022.0,1992-10-27,pace,Left-arm fast-medium,All-rounder,True,,,False,34.1,True,False,,,,,,False,,,,,False
DV Malewar,,,,,,,,,,,,,,Danish Malewar,Danish Malewar,2026.0,MI,30.0,sold,IND,False,Batter,30.0,2026.0,30.0,False,2026.0,2003-10-08,,,,False,,0.14285714285714285,False,23.2,False,False,MI,30.0,,,,False,,,,,False
DG Nalkande,,,,,,,,,,,,,,Darshan Nalkande,Darshan Nalkande,2025.0,DC,30.0,sold,IND,False,All-rounder,30.0,2025.0,30.0,False,2022.0,1998-10-04,pace,Right-arm fast-medium,Bowler,False,,0.25,False,28.2,False,False,,,,,,False,,,,,False
D Wiese,,,,,,,,,,,,,,David Wiese,David Wiese,2023.0,KKR,100.0,sold,NAM,True,All-rounder,100.0,2023.0,100.0,True,2023.0,1985-05-18,pace,Right arm medium-fast,All-rounder,True,,,False,41.6,True,False,,,,,,False,,,,,False
DJ Willey,,,,,,,,,,,,,,David Willey (cricketer),David Willey,2024.0,LSG,200.0,sold,ENG,True,All-rounder,200.0,2024.0,200.0,True,2022.0,1990-02-28,pace,Left-arm fast-medium,Bowling all-rounder,True,,,False,36.8,True,False,,,,,,False,,,,,False
D Madushanka,,,,,,,,,,,,,,Dilshan Madushanka,Dilshan Madushanka,2024.0,MI,460.0,sold,SL,True,Fast bowler,50.0,2024.0,460.0,True,2024.0,2000-09-18,pace,Left-arm fast-medium,Bowler,True,,0.06666666666666667,False,26.2,True,False,,,,,,False,,,,,False
Dominic Drakes,,,,,,,,,,,,,,Dominic Drakes,Dominic Drakes,2022.0,GT,110.0,sold,WIN,True,All-rounder,75.0,2022.0,110.0,True,2022.0,1998-02-06,pace,Left-arm medium-fast,Bowling all-rounder,True,,,False,28.9,True,False,,,,,,False,,,,,False
D Jansen,,,,,,,,,,,,,,Duan Jansen,Duan Jansen,2023.0,MI,20.0,sold,SA,True,All-rounder,20.0,2023.0,20.0,False,2023.0,2000-05-01,pace,Left-arm Fast,Bowler,True,,,False,26.6,True,False,,,,,,False,,,,,False
D Pretorius,,,,,,,,,,,,,,Dwaine Pretorius,Dwaine Pretorius,2023.0,CSK,50.0,retained,SA,True,All-rounder,,2022.0,50.0,True,2022.0,1989-03-29,pace,Right-arm medium-fast,Bowling all-rounder,True,,,False,37.7,True,False,,,,,,False,,,,,False
DJ Bravo,,,,,,,,,,,,,,Dwayne Bravo,Dwayne Bravo,2022.0,CSK,440.0,sold,WIN,True,All-rounder,150.0,2022.0,440.0,True,2022.0,1983-10-07,pace,Right-arm medium-fast,All-rounder,True,,,False,43.2,True,False,,,,,,True,,,,,False
E Lewis,,,,,,,,,,,,,,Evin Lewis,Evin Lewis,2022.0,LSG,200.0,sold,WIN,True,Batter,200.0,2022.0,200.0,True,2022.0,,pace,Right-arm medium,Opening batter,True,,,False,,True,False,,,,,,False,,,,,False
FA Allen,,,,,,,,,,,,,,Fabian Allen,Fabian Allen,2022.0,MI,75.0,sold,WIN,True,All-rounder,75.0,2022.0,75.0,True,2022.0,1995-05-07,finger_spin,Slow left-arm orthodox,Bowling all-rounder,True,,,False,31.6,True,False,,,,,,False,,,,,False
GD Phillips,,,,,,,,,,,,,,Glenn Phillips (cricketer),Glenn Phillips,2026.0,GT,200.0,retained,NZ,True,Batter,,2025.0,200.0,True,2022.0,1996-12-06,finger_spin,Right arm off-break,Occasionally Wicket-keeper-batter / All-rounder,True,Wicketkeeper,0.35294117647058826,False,30.0,True,True,GT,200.0,,Wicketkeeper,,False,,,,,True
Gurkeerat Singh,,,,,,,,,,,,,,Gurkeerat Singh,Gurkeerat Singh,2022.0,GT,50.0,sold,IND,False,Batter,50.0,2022.0,50.0,True,2022.0,1990-06-29,finger_spin,Right-arm off break,All rounder,True,,,False,36.5,True,False,,,,,,False,,,,,False
Gurnoor Brar,,,,,,,,,,,,,,Gurnoor Brar,Gurnoor Brar,2026.0,GT,130.0,retained,IND,False,Fast bowler,,2025.0,130.0,False,2025.0,2000-05-25,pace,Right-Arm fast,Bowler,True,,,False,26.6,True,False,GT,130.0,,,,False,,,,,True
Gus Atkinson,,,,,,,,,,,,,,Gus Atkinson,Gus Atkinson,2024.0,KKR,100.0,sold,ENG,True,Fast bowler,100.0,2024.0,100.0,True,2024.0,1998-01-19,pace,Right-arm fast-medium,Bowler,True,,,False,28.9,True,False,,,,,,False,,,,,False
Harnoor Pannu,,,,,,,,,,,,,,Harnoor Pannu,Harnoor Pannu,2026.0,PBKS,30.0,retained,IND,False,,,,,,2026.0,,,,,False,,,False,,False,False,PBKS,30.0,,,,False,,,,,False
Harnoor Singh,,,,,,,,,,,,,,Harnoor Singh,Harnoor Singh,2025.0,PBKS,30.0,sold,IND,False,Batter,30.0,2025.0,30.0,False,2025.0,,,,,False,,,False,,False,False,,,,,,False,,,,,False
Harpreet Singh,,,,,,,,,,,,,,Harpreet Singh Bhatia,Harpreet Singh Bhatia,2024.0,PBKS,40.0,retained,IND,False,Batter,,2023.0,40.0,False,2023.0,1991-08-11,pace,Right-arm medium,Batter,True,,0.14285714285714285,False,35.3,True,False,,,,,,False,,,,,False
HC Brook,,,,,,,,,,,,,,Harry Brook,Harry Brook,2025.0,DC,625.0,sold,ENG,True,Batter,200.0,2025.0,625.0,True,2023.0,1999-02-22,pace,Right-arm medium,Middle-order batter,True,,,False,27.8,True,False,,,,,,False,,,,,False
H Sharma,,,,,,,,,,,,,,Himanshu Sharma (cricketer),Himanshu Sharma,2024.0,RCB,20.0,retained,IND,False,Fast bowler,,2023.0,20.0,False,2023.0,1998-06-06,wrist_spin,Right-arm leg-break,Bowler,False,,0.06666666666666667,False,28.5,False,False,,,,,,False,,,,,False
HR Shokeen,,,,,,,,,,,,,,Hrithik Shokeen,Hrithik Shokeen,2023.0,MI,20.0,retained,IND,False,All-rounder,,2022.0,20.0,False,2022.0,2000-08-14,finger_spin,Right-arm off break,Bowler,False,,,False,26.3,False,False,,,,,,False,,,,,False
IC Porel,,,,,,,,,,,,,,Ishan Porel,Ishan Porel,2022.0,PBKS,25.0,sold,IND,False,Fast bowler,20.0,2022.0,25.0,False,2022.0,1998-09-05,pace,Right-arm medium,Bowler,False,,,False,28.3,False,False,,,,,,False,,,,,False
"Jack Edwards (cricketer, born 2000)",,,,,,,,,,,,,,"Jack Edwards (cricketer, born 2000)",Jack Edwards,2026.0,SRH,300.0,sold,AUS,True,All-rounder,50.0,2026.0,300.0,False,2026.0,2000-04-19,pace,Right-arm medium,All-rounder,True,,,False,26.7,True,False,SRH,300.0,,,,False,,,,,True
J Suchith,,,,,,,,,,,,,,Jagadeesha Suchith,Jagadeesha Suchith,2022.0,SRH,20.0,sold,IND,False,Fast bowler,20.0,2022.0,20.0,False,2022.0,1994-01-16,finger_spin,Slow left-arm orthodox,Bowling all-rounder,False,,,False,32.9,False,False,,,,,,False,,,,,False
JDS Neesham,,,,,,,,,,,,,,James Neesham,James Neesham,2022.0,RR,150.0,sold,NZ,True,All-rounder,150.0,2022.0,150.0,True,2022.0,1990-09-17,pace,Right-arm medium-fast,Batting all-rounder,True,,,False,36.2,True,False,,,,,,False,,,,,False
JP Behrendorff,,,,,,,,,,,,,,Jason Behrendorff,Jason Behrendorff,2024.0,MI,75.0,retained,AUS,True,Fast bowler,,2022.0,75.0,True,2022.0,1990-04-20,pace,Left-arm fast-medium,Bowler,True,,,False,36.7,True,False,,,,,,False,,,,,False
JJ Roy,,,,,,,,,,,,,,Jason Roy,Jason Roy,2024.0,KKR,150.0,retained,ENG,True,Batter,,2022.0,200.0,True,2022.0,1990-07-21,pace,Right-arm medium,Opening batsman,True,,,False,36.4,True,False,,,,,,False,,,,,False
J Yadav,,,,,,,,,,,,,,Jayant Yadav,Jayant Yadav,2026.0,GT,75.0,retained,IND,False,All-rounder,,2025.0,75.0,True,2022.0,1990-01-22,finger_spin,Right-arm off-break,Bowler,True,,,False,36.9,True,False,GT,75.0,,,,False,,,,,True
Jhathavedh Subramanyan,,,,,,,,,,,,,,Jhathavedh Subramanyan,Jhathavedh Subramanyan,2024.0,SRH,20.0,sold,IND,False,Fast bowler,20.0,2024.0,20.0,False,2024.0,1999-09-16,wrist_spin,Right-arm legbreak,,False,,,False,27.2,False,False,,,,,,False,,,,,False
JA Richardson,,,,,,,,,,,,,,Jhye Richardson,Jhye Richardson,2024.0,DC,500.0,sold,AUS,True,Fast bowler,150.0,2024.0,500.0,True,2023.0,1996-09-20,pace,Right-arm fast,Bowler,True,,0.07142857142857142,False,30.2,True,False,,,,,,False,,,,,False
JE Root,,,,,,,,,,,,,,Joe Root,Joe Root,2023.0,RR,100.0,sold,ENG,True,Batter,100.0,2023.0,100.0,True,2023.0,1990-12-30,finger_spin,Right-arm off break,Top-order batter,True,,,False,36.0,True,False,,,,,,False,,,,,False
Jordan Cox (cricketer),,,,,,,,,,,,,,Jordan Cox (cricketer),Jordan Cox,2026.0,RCB,75.0,sold,ENG,True,Wicket-keeper,75.0,2026.0,75.0,True,2026.0,2000-10-21,finger_spin,Right-arm off-break,Wicket-keeper,True,,,False,26.1,True,True,RCB,75.0,,,,False,,,,,True
J Little,,,,,,,,,,,,,,Josh Little,Josh Little,2024.0,GT,440.00000000000006,retained,IRE,True,Fast bowler,,2023.0,440.0,True,2023.0,1999-11-01,pace,Left-arm fast,Bowler,True,,0.08333333333333333,False,27.1,True,False,,,,,,False,,,,,False
K. C. Cariappa (cricketer),,,,,,,,,,,,,,K. C. Cariappa (cricketer),K.C.Cariappa,2023.0,RR,30.0,retained,IND,False,,,2022.0,30.0,False,2022.0,1994-04-13,wrist_spin,Leg break,Bowler,False,,,False,32.7,False,False,,,,,,False,,,,,False
KS Bharat,,,,,,,,,,,,,,K. S. Bharat,K. S. Bharat,2024.0,KKR,50.0,sold,IND,False,Wicket-keeper,50.0,2024.0,50.0,True,2022.0,1993-10-03,,,Wicket-keeper-batter,True,,,False,33.2,True,True,,,,,,False,,,,,False
KM Asif,,,,,,,,,,,,,,KM Asif,KM Asif,2023.0,RR,30.0,sold,IND,False,Fast bowler,20.0,2023.0,30.0,False,2022.0,1993-07-24,pace,Right-arm medium,Bowler,False,,,False,33.4,False,False,,,,,,False,,,,,False
KL Nagarkoti,,,,,,,,,,,,,,Kamlesh Nagarkoti,Kamlesh Nagarkoti,2025.0,CSK,30.0,sold,IND,False,All-rounder,30.0,2025.0,30.0,False,2022.0,1999-12-28,pace,Right-arm fast,Bowler,False,,,False,27.0,False,False,,,,,,False,,,,,False
KS Williamson,,,,,,,,,,,,,,Kane Williamson,Kane Williamson,2024.0,GT,200.0,retained,NZ,True,Batter,,2023.0,200.0,True,2022.0,1990-08-08,finger_spin,Right-arm off-break,Top-order batter,True,,0.16666666666666666,False,36.4,True,False,,,,,,False,,,,,False
Kanishk Chouhan,,,,,,,,,,,,,,Kanishk Chouhan,Kanishk Chouhan,2026.0,RCB,30.0,sold,IND,False,All-rounder,30.0,2026.0,30.0,False,2026.0,,,,,False,,,False,,False,False,RCB,30.0,,,,False,,,,,False
KS Sharma,,,,,,,,,,,,,,"Karan Sharma (cricketer, born 1998)",Karan Sharma,2023.0,LSG,20.0,retained,IND,False,All-rounder,,2022.0,20.0,False,2022.0,1998-10-31,finger_spin,Right-arm offbreak,Allrounder,False,,,False,28.1,False,False,,,,,,False,,,,,False
Karim Janat,,,,,,,,,,,,,,Karim Janat,Karim Janat,2025.0,GT,75.0,sold,AFG,True,All-rounder,30.0,2025.0,75.0,True,2025.0,1998-08-11,pace,Right-arm medium-fast,Batting,True,,0.06666666666666667,False,28.3,True,False,,,,,,False,,,,,False
KA Pollard,,,,,,,,,,,,,,Kieron Pollard,Kieron Pollard,2022.0,MI,600.0,retained,WIN,True,,,,,,2022.0,1987-05-12,pace,Right-arm medium,Batting all-rounder,True,,,False,39.6,True,False,,,,,,True,,,,,False
Krains Fuletra,,,,,,,,,,,,,,Krains Fuletra,Krains Fuletra,2026.0,SRH,30.0,sold,IND,False,All-rounder,30.0,2026.0,30.0,False,2026.0,,,,,False,,,False,,False,False,SRH,30.0,,,,False,,,,,False
Krishnan Shrijith,,,,,,,,,,,,,,Krishnan Shrijith,Krishnan Shrijith,2025.0,MI,30.0,sold,IND,False,All-rounder,30.0,2025.0,30.0,False,2025.0,1996-08-12,,,Wicket-keeper,False,,,False,30.3,False,True,,,,,,False,,,,,False
K Gowtham,,,,,,,,,,,,,,Krishnappa Gowtham,Krishnappa Gowtham,2024.0,LSG,90.0,retained,IND,False,All-rounder,,2022.0,90.0,True,2022.0,1988-10-20,finger_spin,Right-arm off-break,Bowling all-rounder,True,,0.07142857142857142,False,38.2,True,False,,,,,,False,,,,,False
K Yadav,,,,,,,,,,,,,,Kuldip Yadav,Kuldip Yadav,2023.0,RR,20.0,retained,IND,False,Fast bowler,,2022.0,20.0,False,2022.0,1996-10-15,pace,Left-arm fast-medium,Bowler,False,,,False,30.2,False,False,,,,,,False,,,,,False
K Khejroliya,,,,,,,,,,,,,,Kulwant Khejroliya,Kulwant Khejroliya,2025.0,GT,30.0,sold,IND,False,Fast bowler,30.0,2025.0,30.0,False,2023.0,1992-03-13,pace,Left-arm medium-fast,Bowler,False,,0.0625,False,34.8,False,False,,,,,,False,,,,,False
K Kartikeya,,,,,,,,,,,,,,Kumar Kartikeya,Kumar Kartikeya,2025.0,RR,30.0,sold,IND,False,Spin bowler,30.0,2025.0,30.0,False,2023.0,1997-12-26,finger_spin,"Slow Left arm Orthodox, Left arm Wrist spin",Bowler,False,,0.2857142857142857,False,29.0,False,False,,,,,,False,,,,,False
Kumar Kushagra,,,,,,,,,,,,,,Kumar Kushagra,Kumar Kushagra,2026.0,GT,65.0,retained,IND,False,Wicket-keeper,,2025.0,65.0,False,2024.0,2004-10-23,,,Wicket-keeper batsman,False,,0.16129032258064516,False,22.1,False,True,GT,65.0,,,,False,,,,,True
KS Rathore,,,,,,,,,,,,,,Kunal Singh Rathore,Kunal Rathore,2025.0,RR,30.0,sold,IND,False,Wicket-keeper,30.0,2025.0,30.0,False,2023.0,2002-10-09,,,Wicket-keeper-batter,False,,0.07142857142857142,False,24.2,False,True,,,,,,False,,,,,False
KR Mayers,,,,,,,,,,,,,,Kyle Mayers,Kyle Mayers,2024.0,LSG,50.0,retained,WIN,True,All-rounder,,2022.0,50.0,True,2022.0,1992-09-08,pace,Right-arm medium,Batting all-rounder,True,,,False,34.3,True,False,,,,,,False,,,,,False
Lalit Yadav,,,,,,,,,,,,,,Lalit Yadav (Delhi cricketer),Lalit Yadav,2024.0,DC,65.0,retained,IND,False,All-rounder,,2022.0,65.0,False,2022.0,1997-01-03,finger_spin,Right-arm offbreak,All-rounder,False,,0.14285714285714285,False,29.9,False,False,,,,,,False,,,,,False
LG Pretorius,,,,,,,,,,,,,,Lhuan-dre Pretorius,Lhuan-dre Pretorius,2026.0,RR,30.0,retained,SA,True,,,,,,2026.0,2006-03-27,,,"Wicket-keeper, batter",True,,0.125,False,20.7,True,True,RR,30.0,,,,False,,,,,False
Liton Das,,,,,,,,,,,,,,Litton Das,Litton Das,2023.0,KKR,50.0,sold,BAN,True,Wicket-keeper,50.0,2023.0,50.0,True,2023.0,1994-10-13,finger_spin,Right-arm off break,Wicket-keeper batter,True,,,False,32.2,True,True,,,,,,False,,,,,False
LB Williams,,,,,,,,,,,,,,Lizaad Williams,Lizaad Williams,2025.0,MI,75.0,sold,SA,True,Fast bowler,75.0,2025.0,75.0,True,2025.0,1993-10-01,pace,Right arm medium-fast,Bowler,True,,0.14285714285714285,False,33.2,True,False,,,,,,False,,,,,False
L Wood,,,,,,,,,,,,,,Luke Wood (cricketer),Luke Wood,2026.0,GT,75.0,sold,ENG,True,Fast bowler,75.0,2026.0,75.0,True,2026.0,1995-08-02,pace,Left-arm fast-medium,Bowler,True,,0.14285714285714285,False,31.4,True,False,GT,75.0,,,,False,,,,,True
Luvnith Sisodia,,,,,,,,,,,,,,Luvnith Sisodia,Luvnith Sisodia,2025.0,KKR,30.0,sold,IND,False,Wicket-keeper,30.0,2025.0,30.0,False,2022.0,2000-01-15,pace,Left-arm medium,Wicket-keeper,False,,,False,26.9,False,True,,,,,,False,,,,,False
M Vohra,,,,,,,,,,,,,,Manan Vohra,Manan Vohra,2023.0,LSG,20.0,retained,IND,False,Batter,,2022.0,20.0,False,2022.0,1993-07-18,pace,Right arm fast-medium,Batsman,False,,,False,33.4,False,False,,,,,,False,,,,,False
MJ Suthar,,,,,,,,,,,,,,Manav Suthar,Manav Suthar,2026.0,GT,30.0,retained,IND,False,Spin bowler,,2025.0,30.0,False,2024.0,2002-08-03,finger_spin,Slow left-arm orthodox spin,Bowling all-rounder,True,,0.1724137931034483,False,24.4,True,False,GT,30.0,,,,False,,,,,False
Mandeep Singh,,,,,,,,,,,,,,Mandeep Singh,Mandeep Singh,2023.0,KKR,50.0,sold,IND,False,Batter,50.0,2023.0,50.0,True,2022.0,1991-12-18,pace,Right-arm medium,All-rounder,True,,,False,35.0,True,False,,,,,,False,,,,,False
Mangesh Yadav,,,,,,,,,,,,,,Mangesh Yadav,Mangesh Yadav,2026.0,RCB,520.0,sold,IND,False,All-rounder,30.0,2026.0,520.0,False,2026.0,,,,,False,,,False,,False,False,RCB,520.0,,,,False,,,,,True
MS Bhandage,,,,,,,,,,,,,,Manoj Bhandage,Manoj Bhandage,2025.0,RCB,30.0,sold,IND,False,All-rounder,30.0,2025.0,30.0,False,2023.0,1998-10-05,pace,Right-arm medium-fast,All-rounder,False,,0.06666666666666667,False,28.2,False,False,,,,,,False,,,,,False
Manvanth Kumar L,,,,,,,,,,,,,,Manvanth Kumar L,Manvanth Kumar L,2025.0,DC,30.0,sold,IND,False,All-rounder,30.0,2025.0,30.0,False,2025.0,,,,,False,,,False,,False,False,,,,,,False,,,,,False
MA Wood,,,,,,,,,,,,,,Mark Wood (cricketer),Mark Wood,2024.0,LSG,750.0,retained,ENG,True,Fast bowler,,2022.0,750.0,True,2022.0,1990-01-11,pace,Right-arm fast,Bowler,True,,,False,36.9,True,False,,,,,,False,,,,,False
MP Breetzke,,,,,,,,,,,,,,Matthew Breetzke,Matthew Breetzke,2026.0,LSG,75.0,retained,SA,True,Batter,,2025.0,75.0,True,2025.0,1998-11-03,pace,Right-arm medium,Batter,True,,0.07142857142857142,False,28.1,True,False,LSG,75.0,,,,False,,,,,True
MS Wade,,,,,,,,,,,,,,Matthew Wade,Matthew Wade,2024.0,GT,240.0,retained,AUS,True,Wicket-keeper,,2022.0,240.0,True,2022.0,1987-12-26,pace,Right-arm medium,Wicket-keeper-batter,True,,0.16666666666666666,False,39.0,True,True,,,,,,False,,,,,False
Mayank Rawat,,,,,,,,,,,,,,Mayank Rawat,Mayank Rawat,2026.0,MI,30.0,sold,IND,False,All-rounder,30.0,2026.0,30.0,False,2026.0,,,,,False,,0.07142857142857142,False,,False,False,MI,30.0,,,,False,,,,,False
MJ Owen,,,,,,,,,,,,,,Mitchell Owen,Mitchell Owen,2026.0,PBKS,300.0,retained,AUS,True,,,,,,2026.0,2001-09-16,pace,Right-arm medium,All-rounder,True,,0.05555555555555555,False,25.2,True,False,PBKS,300.0,,,,False,,,,,True
Mohammad Izhar,,,,,,,,,,,,,,Mohammad Izhar,Mohammad Izhar,2026.0,MI,30.0,sold,IND,False,Fast bowler,30.0,2026.0,30.0,False,2026.0,,,,,False,,,False,,False,False,MI,30.0,,,,False,,,,,False
Mohit Rathee,,,,,,,,,,,,,,Mohit Rathee,Mohit Rathee,2025.0,RCB,30.0,sold,IND,False,Fast bowler,30.0,2025.0,30.0,False,2023.0,1999-01-13,wrist_spin,Right-arm leg-break,All-rounder,False,,,False,27.9,False,False,,,,,,False,,,,,False
Mujeeb Ur Rahman,,,,,,,,,,,,,,Mujeeb Ur Rahman,Mujeeb Ur Rahman,2024.0,KKR,200.0,sold,AFG,True,Fast bowler,200.0,2024.0,200.0,True,2024.0,2001-03-28,finger_spin,Right-arm off break,Bowler,True,,0.0625,False,25.7,True,False,,,,,,False,,,,,False
M Ashwin,,,,,,,,,,,,,,Murugan Ashwin,Murugan Ashwin,2023.0,RR,20.0,sold,IND,False,Fast bowler,20.0,2023.0,20.0,False,2022.0,1990-09-08,wrist_spin,Right-arm leg break,Bowler,False,,,False,36.3,False,False,,,,,,False,,,,,False
Musheer Khan,,,,,,,,,,,,,,Musheer Khan,Musheer Khan,2026.0,PBKS,30.0,retained,IND,False,All-rounder,,2025.0,30.0,False,2025.0,2005-02-27,finger_spin,Left-arm orthodox spin,All-rounder,False,,0.05555555555555555,False,21.8,False,False,PBKS,30.0,,,,False,,,,,False
Naman Tiwari,,,,,,,,,,,,,,Naman Tiwari,Naman Tiwari,2026.0,LSG,100.0,sold,IND,False,Fast bowler,30.0,2026.0,100.0,False,2026.0,,,,,False,,,False,,False,False,LSG,100.0,,,,False,,,,,True
N Jagadeesan,,,,,,,,,,,,,,Narayan Jagadeesan,N Jagadeesan,2023.0,KKR,90.0,sold,IND,False,Wicket-keeper,20.0,2023.0,90.0,False,2022.0,1995-12-24,,,Wicket-keeper,False,,,False,31.0,False,True,,,,,,False,,,,,False
NM Coulter-Nile,,,,,,,,,,,,,,Nathan Coulter-Nile,Nathan Coulter-Nile,2022.0,RR,200.0,sold,AUS,True,All-rounder,200.0,2022.0,200.0,True,2022.0,1987-10-11,pace,Right-arm fast,Bowling all-rounder,True,,,False,39.2,True,False,,,,,,False,,,,,False
NT Ellis,,,,,,,,,,,,,,Nathan Ellis,Nathan Ellis,2026.0,CSK,200.0,retained,AUS,True,Fast bowler,,2025.0,200.0,True,2022.0,1994-09-22,pace,Right-arm fast-medium,Bowler,True,,0.07142857142857142,False,32.2,True,False,CSK,200.0,,,,False,,,,,True
Navdeep Saini,,,,,,,,,,,,,,Navdeep Saini,Navdeep Saini,2024.0,RR,260.0,retained,IND,False,Fast bowler,,2022.0,260.0,True,2022.0,1992-11-23,pace,Right-arm fast,Bowler,True,,0.14285714285714285,False,34.1,True,False,,,,,,False,,,,,False
N Sindhu,,,,,,,,,,,,,,Nishant Sindhu,Nishant Sindhu,2026.0,GT,30.0,retained,IND,False,All-rounder,,2025.0,30.0,False,2023.0,2004-04-09,finger_spin,Slow left-arm orthodox,All-rounder,False,,0.47058823529411764,False,22.7,False,False,GT,30.0,,,,False,,,,,False
OC McCoy,,,,,,,,,,,,,,Obed McCoy,Obed McCoy,2023.0,RR,75.0,retained,WIN,True,Fast bowler,,2022.0,75.0,True,2022.0,1997-01-04,pace,Left-arm fast-medium,Bowler,True,,,False,29.9,True,False,,,,,,False,,,,,False
OF Smith,,,,,,,,,,,,,,Odean Smith,Odean Smith,2023.0,GT,50.0,sold,WIN,True,All-rounder,50.0,2023.0,50.0,True,2022.0,1996-11-01,pace,Right arm fast-medium,Bowling all-rounder,True,,,False,30.1,True,False,,,,,,False,,,,,False
Onkar Tarmale,,,,,,,,,,,,,,Onkar Tarmale,Onkar Tarmale,2026.0,SRH,30.0,sold,IND,False,Fast bowler,30.0,2026.0,30.0,False,2026.0,,,,,False,,,False,,False,False,SRH,30.0,,,,False,,,,,False
PJ Sangwan,,,,,,,,,,,,,,Pradeep Sangwan,Pradeep Sangwan,2023.0,GT,20.0,retained,IND,False,Fast bowler,,2022.0,20.0,False,2022.0,1990-11-05,pace,Left-arm medium,Bowler,False,,,False,36.1,False,False,,,,,,False,,,,,False
PH Solanki,,,,,,,,,,,,,,Prashant Solanki,Prashant Solanki,2026.0,KKR,30.0,sold,IND,False,Spin bowler,30.0,2026.0,30.0,False,2022.0,2000-02-22,wrist_spin,Right-arm Legbreak,Bowler,False,,,False,26.8,False,False,KKR,30.0,,,,False,,,,,False
Pratham Singh,,,,,,,,,,,,,,Pratham Singh,Pratham Singh,2022.0,KKR,20.0,sold,IND,False,Batter,20.0,2022.0,20.0,False,2022.0,1992-08-31,,,Top-order batter,False,,,False,34.3,False,False,,,,,,False,,,,,False
P Dubey,,,,,,,,,,,,,,Praveen Dubey,Praveen Dubey,2026.0,PBKS,30.0,sold,IND,False,Fast bowler,30.0,2026.0,30.0,False,2022.0,1993-07-01,wrist_spin,Leg break googly,All-rounder,False,,0.05555555555555555,False,33.5,False,False,PBKS,30.0,,,,False,,,,,False
PN Mankad,,,,,,,,,,,,,,Prerak Mankad,Prerak Mankad,2024.0,LSG,20.0,retained,IND,False,All-rounder,,2023.0,180.0,False,2022.0,1994-04-23,pace,Right-arm medium,Batting allrounder,False,,,False,32.6,False,False,,,,,,False,,,,,False
Prince Choudary,,,,,,,,,,,,,,Prince Choudary,Prince Choudary,2024.0,PBKS,20.0,sold,IND,False,Fast bowler,20.0,2024.0,20.0,False,2024.0,,,,,False,,,False,,False,False,,,,,,False,,,,,False
Prithvi Raj (cricketer),,,,,,,,,,,,,,Prithvi Raj (cricketer),Prithvi Raj,2026.0,GT,30.0,sold,IND,False,Fast bowler,30.0,2026.0,30.0,False,2026.0,1998-02-20,pace,Left-arm medium,Bowler,False,,,False,28.8,False,False,GT,30.0,,,,False,,,,,False
PK Garg,,,,,,,,,,,,,,Priyam Garg,Priyam Garg,2022.0,SRH,20.0,sold,IND,False,Batter,20.0,2022.0,20.0,False,2022.0,2000-11-30,pace,Right-arm medium,Top-order batter,False,,,False,26.0,False,False,,,,,,False,,,,,False
Pyla Avinash,,,,,,,,,,,,,,Pyla Avinash,Pyla Avinash,2026.0,PBKS,30.0,retained,IND,False,Batter,,2025.0,30.0,False,2025.0,,,,,False,,,False,,False,False,PBKS,30.0,,,,False,,,,,False
R Goyal,,,,,,,,,,,,,,Raghav Goyal,Raghav Goyal,2023.0,MI,20.0,sold,IND,False,Fast bowler,20.0,2023.0,20.0,False,2023.0,2001-01-26,wrist_spin,Left-arm unorthodox spin,Bowler,False,,,False,25.9,False,False,,,,,,False,,,,,False
Rahul Buddhi,,,,,,,,,,,,,,Rahul Buddhi,Rahul Buddhi,2022.0,MI,20.0,sold,IND,False,Batter,20.0,2022.0,20.0,False,2022.0,1997-09-20,,,,False,,,False,29.2,False,False,,,,,,False,,,,,False
RA Bawa,,,,,,,,,,,,,,Raj Angad Bawa,Raj Angad Bawa,2026.0,MI,30.0,retained,IND,False,All-rounder,,2025.0,30.0,False,2022.0,2002-11-12,pace,Right-arm medium-fast,,False,,0.2,False,24.1,False,False,MI,30.0,,,,False,,,,,False
Rajan Kumar,,,,,,,,,,,,,,Rajan Kumar,Rajan Kumar,2024.0,RCB,70.0,retained,IND,False,Fast bowler,,2023.0,20.0,False,2023.0,,,,,False,,,False,,False,False,,,,,,False,,,,,False
RS Hangargekar,,,,,,,,,,,,,,Rajvardhan Hangargekar,Rajvardhan Hangargekar,2025.0,LSG,30.0,sold,IND,False,All-rounder,30.0,2025.0,30.0,False,2022.0,2002-11-10,pace,Right-arm fast,All-rounder,False,,,False,24.1,False,False,,,,,,False,,,,,False
RS Ghosh,,,,,,,,,,,,,,Ramakrishna Ghosh,Ramakrishna Ghosh,2026.0,CSK,30.0,retained,IND,False,All-rounder,,2025.0,30.0,False,2025.0,1997-08-28,pace,Right-arm medium-fast,Bowling all-rounder,False,,0.07142857142857142,False,29.3,False,False,CSK,30.0,,,,False,,,,,False
Ramesh Kumar (cricketer),,,,,,,,,,,,,,Ramesh Kumar (cricketer),Ramesh Kumar,2022.0,KKR,20.0,sold,IND,False,Fast bowler,20.0,2022.0,20.0,False,2022.0,1999-01-01,finger_spin,Slow left-arm orthodox,,False,,,False,28.0,False,False,,,,,,False,,,,,False
HE van der Dussen,,,,,,,,,,,,,,Rassie van der Dussen,Rassie van der Dussen,2022.0,RR,100.0,sold,SA,True,Batter,100.0,2022.0,100.0,True,2022.0,1989-02-07,wrist_spin,Right arm leg break,Top-order batter,True,,,False,37.9,True,False,,,,,,False,,,,,False
Ravi Singh,,,,,,,,,,,,,,Ravi Singh,Ravi Singh,2026.0,RR,95.0,sold,IND,False,Wicket-keeper,30.0,2026.0,95.0,False,2026.0,,,,,False,,0.0625,False,,False,True,RR,95.0,,,,False,,,,,True
Ravikumar Samarth,,,,,,,,,,,,,,Ravikumar Samarth,Ravikumar Samarth,2022.0,SRH,20.0,sold,IND,False,Batter,20.0,2022.0,20.0,False,2022.0,1993-01-22,finger_spin,Right-arm off break,Batsman,False,,,False,33.9,False,False,,,,,,False,,,,,False
RK Bhui,,,,,,,,,,,,,,Ricky Bhui,Ricky Bhui,2024.0,DC,20.0,sold,IND,False,Wicket-keeper,20.0,2024.0,20.0,False,2024.0,1996-09-29,wrist_spin,Leg-Break googly,Batsman,False,,0.14285714285714285,False,30.2,False,True,,,,,,False,,,,,False
RP Meredith,,,,,,,,,,,,,,Riley Meredith,Riley Meredith,2022.0,MI,100.0,sold,AUS,True,Fast bowler,100.0,2022.0,100.0,True,2022.0,1996-06-21,pace,Right-arm fast,Bowler,True,,,False,30.5,True,False,,,,,,False,,,,,False
RV Patel,,,,,,,,,,,,,,Ripal Patel,Ripal Patel,2023.0,DC,20.0,retained,IND,False,All-rounder,,2022.0,20.0,False,2022.0,1995-09-28,pace,Right arm medium,Batsman,False,,,False,31.2,False,False,,,,,,False,,,,,False
R Dhawan,,,,,,,,,,,,,,Rishi Dhawan,Rishi Dhawan,2024.0,PBKS,55.0,retained,IND,False,All-rounder,,2022.0,55.0,True,2022.0,1990-02-19,pace,Right-arm medium-fast,All-rounder,True,,0.07142857142857142,False,36.8,True,False,,,,,,False,,,,,False
R Minz,,,,,,,,,,,,,,Robin Minz,Robin Minz,2026.0,MI,65.0,retained,IND,False,Wicket-keeper,,2025.0,65.0,False,2024.0,2002-09-13,finger_spin,Slow left arm orthodox,Wicket-keeper-batter,False,,0.13333333333333333,False,24.3,False,True,MI,65.0,,,,False,,,,,True
RV Uthappa,,,,,,,,,,,,,,Robin Uthappa,Robin Uthappa,2022.0,CSK,200.0,sold,IND,False,Batter,200.0,2022.0,200.0,True,2022.0,1985-11-11,pace,Right-arm medium,Batsman<br>Wicket-keeper,True,,,False,41.1,True,True,,,,,,True,,,,,False
Sachin Baby,,,,,,,,,,,,,,Sachin Baby,Sachin Baby,2025.0,SRH,30.0,sold,IND,False,Batter,30.0,2025.0,30.0,False,2025.0,1988-12-18,finger_spin,Right-arm off break,Batsman,False,,0.07142857142857142,False,38.0,False,False,,,,,,False,,,,,False
Sahil Parekh,,,,,,,,,,,,,,Sahil Parekh,Sahil Parekh,2026.0,DC,30.0,sold,IND,False,Batter,30.0,2026.0,30.0,False,2026.0,,,,,False,,,False,,False,False,DC,30.0,,,,False,,,,,False
Salil Arora,,,,,,,,,,,,,,Salil Arora,Salil Arora,2026.0,SRH,150.0,sold,IND,False,Wicket-keeper,30.0,2026.0,150.0,False,2026.0,,,,,False,,0.06666666666666667,False,,False,True,SRH,150.0,,,,False,,,,,True
SW Billings,,,,,,,,,,,,,,Sam Billings,Sam Billings,2022.0,KKR,200.0,sold,ENG,True,Wicket-keeper,200.0,2022.0,200.0,True,2022.0,1991-06-15,,,Wicket-keeper-batter,True,,,False,35.5,True,True,,,,,,False,,,,,False
Samarth Vyas,,,,,,,,,,,,,,Samarth Vyas,Samarth Vyas,2023.0,SRH,20.0,sold,IND,False,All-rounder,20.0,2023.0,20.0,False,2023.0,1995-11-28,wrist_spin,Legbreak googly,All-rounder,False,,,False,31.0,False,False,,,,,,False,,,,,False
R Sanjay Yadav,,,,,,,,,,,,,,Sanjay Yadav (cricketer),R. Sanjay Yadav,2022.0,MI,50.0,sold,IND,False,All-rounder,20.0,2022.0,50.0,False,2022.0,1995-05-10,finger_spin,Slow left-arm orthodox,Batting all-rounder,False,,,False,31.6,False,False,,,,,,False,,,,,False
Sanvir Singh,,,,,,,,,,,,,,Sanvir Singh,Sanvir Singh,2024.0,SRH,20.0,retained,IND,False,All-rounder,,2023.0,20.0,False,2023.0,1996-10-12,pace,Right arm medium,All-rounder,False,,0.25,False,30.2,False,False,,,,,,False,,,,,False
Sarthak Ranjan,,,,,,,,,,,,,,Sarthak Ranjan,Sarthak Ranjan,2026.0,KKR,30.0,sold,IND,False,All-rounder,30.0,2026.0,30.0,False,2026.0,1996-09-25,wrist_spin,Legbreak,,False,,,False,30.2,False,False,KKR,30.0,,,,False,,,,,False
Satvik Deswal,,,,,,,,,,,,,,Satvik Deswal,Satvik Deswal,2026.0,RCB,30.0,sold,IND,False,All-rounder,30.0,2026.0,30.0,False,2026.0,,,,,False,,,False,,False,False,RCB,30.0,,,,False,,,,,False
Saurabh Dubey (Maharashtra cricketer),,,,,,,,,,,,,,Saurabh Dubey (Maharashtra cricketer),Saurabh Dubey,2022.0,SRH,20.0,sold,IND,False,Fast bowler,20.0,2022.0,20.0,False,2022.0,1998-01-23,,,,False,,,False,28.9,False,False,,,,,,False,,,,,False
Saurav Chauhan,,,,,,,,,,,,,,Saurav Chauhan,Saurav Chauhan,2024.0,RCB,20.0,sold,IND,False,Batter,20.0,2024.0,20.0,False,2024.0,,,,,False,,0.2,False,,False,False,,,,,,False,,,,,False
SA Abbott,,,,,,,,,,,,,,Sean Abbott,Sean Abbott,2022.0,SRH,240.0,sold,AUS,True,All-rounder,20.0,2022.0,240.0,True,2022.0,1992-02-29,pace,Right-arm fast-medium,Bowling all-rounder,True,,,False,34.8,True,False,,,,,,False,,,,,False
S Nadeem,,,,,,,,,,,,,,Shahbaz Nadeem,Shahbaz Nadeem,2022.0,LSG,50.0,sold,IND,False,Fast bowler,50.0,2022.0,50.0,True,2022.0,1989-08-12,finger_spin,Slow left-arm orthodox,Bowler,True,,,False,37.3,True,False,,,,,,False,,,,,False
Shakib Al Hasan,,,,,,,,,,,,,,Shakib Al Hasan,Shakib al Hasan,2023.0,KKR,150.0,sold,BAN,True,All-rounder,150.0,2023.0,150.0,True,2023.0,1987-03-24,finger_spin,Slow left-arm orthodox,All-rounder,True,,,False,39.7,True,False,,,,,,False,,,,,False
S Joseph,,,,,,,,,,,,,,Shamar Joseph,Shamar Joseph,2025.0,LSG,75.0,sold,WIN,True,Fast bowler,75.0,2025.0,75.0,True,2025.0,1999-08-31,pace,Right-arm fast,Bowler,True,,0.07142857142857142,False,27.3,True,False,,,,,,False,,,,,False
SZ Mulani,,,,,,,,,,,,,,Shams Mulani,Shams Mulani,2024.0,MI,20.0,retained,IND,False,All-rounder,,2023.0,20.0,False,2023.0,1997-03-13,finger_spin,Slow Left arm orthodox,,False,,0.14285714285714285,False,29.8,False,False,,,,,,False,,,,,False
SP Jackson,,,,,,,,,,,,,,Sheldon Jackson (cricketer),Sheldon Jackson,2022.0,KKR,60.0,sold,IND,False,Wicket-keeper,30.0,2022.0,60.0,False,2022.0,1986-09-27,finger_spin,Right arm off break,Wicket-keeper-batsman,False,,,False,40.2,False,True,,,,,,False,,,,,False
Shivalik Sharma,,,,,,,,,,,,,,Shivalik Sharma,Shivalik Sharma,2024.0,MI,20.0,sold,IND,False,All-rounder,20.0,2024.0,20.0,False,2024.0,1998-11-28,wrist_spin,Left arm googly,,False,,,False,28.0,False,False,,,,,,False,,,,,False
Shivam Mavi,,,,,,,,,,,,,,Shivam Mavi,Shivam Mavi,2026.0,SRH,75.0,sold,IND,False,Fast bowler,75.0,2026.0,75.0,True,2022.0,1998-11-26,pace,Right-arm fast-medium,Bowler,True,,,False,28.1,True,False,SRH,75.0,,,,False,,,,,True
Shivam Singh,,,,,,,,,,,,,,Shivam Singh,Shivam Singh,2024.0,PBKS,20.0,retained,IND,False,All-rounder,,2023.0,20.0,False,2023.0,,,,,False,,0.07142857142857142,False,,False,False,,,,,,False,,,,,False
S Gopal,,,,,,,,,,,,,,Shreyas Gopal,Shreyas Gopal,2026.0,CSK,30.0,retained,IND,False,Spin bowler,,2025.0,30.0,False,2022.0,1993-09-04,wrist_spin,Right-arm leg break,All-rounder,False,,0.21428571428571427,False,33.3,False,False,CSK,30.0,,,,False,,,,,False
Shubham Garhwal,,,,,,,,,,,,,,Shubham Garhwal,Shubham Garhwal,2022.0,RR,20.0,sold,IND,False,All-rounder,20.0,2022.0,20.0,False,2022.0,,,,,False,,,False,,False,False,,,,,,False,,,,,False
S Kaul,,,,,,,,,,,,,,Siddarth Kaul,Siddarth Kaul,2023.0,RCB,75.0,retained,IND,False,,,2022.0,75.0,True,2022.0,1990-05-19,pace,Right-arm medium,Bowler,True,,,False,36.6,True,False,,,,,,False,,,,,False
Sikandar Raza,,,,,,,,,,,,,,Sikandar Raza,Sikandar Raza,2024.0,PBKS,50.0,retained,ZIM,True,All-rounder,,2023.0,50.0,True,2023.0,1986-04-24,finger_spin,Right-arm off break,All-rounder,True,,0.14285714285714285,False,40.6,True,False,,,,,,False,,,,,False
R Smaran,,,,,,,,,,,,,,Smaran Ravichandran,Smaran Ravichandran,2026.0,SRH,30.0,retained,IND,False,,,,,,2026.0,,,,,False,,0.4,False,,False,False,SRH,30.0,,,,False,,,,,False
Sonu Yadav,,,,,,,,,,,,,,Sonu Yadav,Sonu Yadav,2023.0,RCB,20.0,sold,IND,False,All-rounder,20.0,2023.0,20.0,False,2023.0,1999-11-11,,,,False,,,False,27.1,False,False,,,,,,False,,,,,False
Subhranshu Senapati,,,,,,,,,,,,,,Subhranshu Senapati,Subhranshu Senapati,2023.0,CSK,20.0,retained,IND,False,Batter,,2022.0,20.0,False,2022.0,1996-12-30,pace,Right-arm medium,Batsman,False,,,False,30.0,False,False,,,,,,False,,,,,False
Sumit Kumar,,,,,,,,,,,,,,Sumit Kumar,Sumit Kumar,2024.0,DC,100.0,sold,IND,False,All-rounder,20.0,2024.0,100.0,False,2024.0,1995-12-30,finger_spin,Right-arm offbreak,Wicket-keeper batsman,False,,0.2857142857142857,False,31.0,False,True,,,,,,False,,,,,False
SS Mishra,,,,,,,,,,,,,,Sushant Mishra,Sushant Mishra,2026.0,RR,90.0,sold,IND,False,Fast bowler,30.0,2026.0,90.0,False,2024.0,2000-12-23,pace,Left arm medium fast,Bowler,False,,0.125,False,26.0,False,False,RR,90.0,,,,False,,,,,True
SS Prabhudessai,,,,,,,,,,,,,,Suyash Prabhudessai,Suyash Prabhudessai,2024.0,RCB,30.0,retained,IND,False,All-rounder,,2022.0,30.0,False,2022.0,1997-12-06,pace,Right-arm medium,Batting allrounder,False,,0.06666666666666667,False,29.0,False,False,,,,,,False,,,,,False
Swastik Chhikara,,,,,,,,,,,,,,Swastik Chhikara,Swastik Chikara,2025.0,RCB,30.0,sold,IND,False,Batter,30.0,2025.0,30.0,False,2024.0,,,,,False,,,False,,False,False,,,,,,False,,,,,False
Tanay Thyagarajan,,,,,,,,,,,,,,Tanay Thyagarajan,Tanay Thyagarajan,2024.0,PBKS,20.0,sold,IND,False,All-rounder,20.0,2024.0,20.0,False,2024.0,1995-11-15,finger_spin,Left-arm orthodox spin,,False,,,False,31.1,False,False,,,,,,False,,,,,False
Tejas Baroka,,,,,,,,,,,,,,Tejas Baroka,Tejas Baroka,2022.0,RR,20.0,sold,IND,False,Fast bowler,20.0,2022.0,20.0,False,2022.0,1996-02-01,wrist_spin,Leg break googly,Bowler,False,,,False,30.9,False,False,,,,,,False,,,,,False
T Dahiya,,,,,,,,,,,,,,Tejasvi Singh Dahiya,Tejasvi Singh,2026.0,KKR,300.0,sold,IND,False,Wicket-keeper,30.0,2026.0,300.0,False,2026.0,2002-04-18,,,Wicket-keeper-batsman,False,,0.14285714285714285,False,24.7,False,True,KKR,300.0,,,,False,,,,,True
TL Seifert,,,,,,,,,,,,,,Tim Seifert,Tim Seifert,2026.0,KKR,150.0,sold,NZ,True,Wicket-keeper,150.0,2026.0,150.0,True,2022.0,1994-12-14,,,Wicket-keeper-batsman,True,,0.21428571428571427,False,32.0,True,True,KKR,150.0,,,,False,,,,,True
TG Southee,,,,,,,,,,,,,,Tim Southee,Tim Southee,2023.0,KKR,150.0,retained,NZ,True,Fast bowler,,2022.0,150.0,True,2022.0,1988-12-11,pace,Right-arm medium-fast,Bowler,True,,,False,38.0,True,False,,,,,,False,,,,,False
Tom Banton,,,,,,,,,,,,,,Tom Banton,Tom Banton,2026.0,GT,200.0,sold,ENG,True,Wicket-keeper,200.0,2026.0,200.0,True,2026.0,1998-11-11,finger_spin,Right-arm off break,Batsman,True,,,False,28.1,True,True,GT,200.0,,,,False,,,,,True
Tom Curran (cricketer),,,,,,,,,,,,,,Tom Curran (cricketer),Tom Curran,2024.0,RCB,150.0,sold,ENG,True,All-rounder,150.0,2024.0,150.0,True,2024.0,1995-03-12,pace,Right-arm fast-medium,All-rounder,True,,,False,31.8,True,False,,,,,,False,,,,,False
T Kohler-Cadmore,,,,,,,,,,,,,,Tom Kohler-Cadmore,Tom Kohler-Cadmore,2024.0,RR,40.0,sold,ENG,True,Wicket-keeper,40.0,2024.0,40.0,False,2024.0,1994-08-19,finger_spin,Right-arm off break,Batsman,False,Wicketkeeper,0.2,False,32.3,False,True,,,,Wicketkeeper,,False,,,,,False
T Vijay,,,,,,,,,,,,,,Tripurana Vijay,Tripurana Vijay,2026.0,DC,30.0,retained,IND,False,All-rounder,,2025.0,30.0,False,2025.0,,,,,False,,0.07142857142857142,False,,False,False,DC,30.0,,,,False,,,,,False
TS Mills,,,,,,,,,,,,,,Tymal Mills,Tymal Mills,2022.0,MI,150.0,sold,ENG,True,Fast bowler,100.0,2022.0,150.0,True,2022.0,1992-08-12,pace,Left-arm fast,Bowler,True,,,False,34.3,True,False,,,,,,False,,,,,False
Umran Malik,,,,,,,,,,,,,,Umran Malik,Umran Malik,2026.0,KKR,75.0,retained,IND,False,Fast bowler,,2025.0,75.0,True,2022.0,1999-11-22,pace,Right-arm fast,Bowler,True,,0.0625,False,27.1,True,False,KKR,75.0,,,,False,,,,,True
Upendra Yadav (cricketer),,,,,,,,,,,,,,Upendra Yadav (cricketer),Upendra Yadav,2024.0,SRH,25.0,retained,IND,False,Wicket-keeper,,2023.0,25.0,False,2023.0,,finger_spin,Right-arm offbreak,Wicketkeeper Batter,False,,,False,,False,True,,,,,,False,,,,,False
V. P. Singh,,,,,,,,,,,,,,V. P. Singh,Vishwanath Singh,2024.0,PBKS,20.0,sold,IND,False,All-rounder,20.0,2024.0,20.0,False,2024.0,1931-06-25,,,,False,,,False,95.5,False,False,,,,,,False,,,,,False
Vansh Bedi,,,,,,,,,,,,,,Vansh Bedi,Vansh Bedi,2025.0,CSK,55.0,sold,IND,False,Wicket-keeper,30.0,2025.0,55.0,False,2025.0,,,,,False,,,False,,False,True,,,,,,False,,,,,False
VR Aaron,,,,,,,,,,,,,,Varun Aaron,Varun Aaron,2022.0,GT,50.0,sold,IND,False,Fast bowler,50.0,2022.0,50.0,True,2022.0,1989-10-29,pace,Right-arm fast,Bowler,True,,,False,37.1,True,False,,,,,,False,,,,,False
Vicky Ostwal,,,,,,,,,,,,,,Vicky Ostwal,Vicky Ostwal,2026.0,RCB,30.0,sold,IND,False,All-rounder,30.0,2026.0,30.0,False,2022.0,,,,,False,,,False,,False,False,RCB,30.0,,,,False,,,,,False
V Kaverappa,,,,,,,,,,,,,,Vidwath Kaverappa,Vidwath Kaverappa,2024.0,PBKS,20.0,retained,IND,False,Fast bowler,,2023.0,20.0,False,2023.0,1999-02-25,pace,Right-arm fast-medium,Bowler,False,,0.07142857142857142,False,27.8,False,False,,,,,,False,,,,,False
Vihaan Malhotra,,,,,,,,,,,,,,Vihaan Malhotra,Vihaan Malhotra,2026.0,RCB,30.0,sold,IND,False,All-rounder,30.0,2026.0,30.0,False,2026.0,2007-01-01,finger_spin,Right-arm Offbreak,All-rounder,False,,,False,20.0,False,False,RCB,30.0,,,,False,,,,,False
Vishal Nishad,,,,,,,,,,,,,,Vishal Nishad,Vishal Nishad,2026.0,PBKS,30.0,sold,IND,False,All-rounder,30.0,2026.0,30.0,False,2026.0,,,,,False,,,False,,False,False,PBKS,30.0,,,,False,,,,,False
Vishnu Vinod,,,,,,,,,,,,,,Vishnu Vinod,Vishnu Vinod,2026.0,PBKS,95.0,retained,IND,False,Wicket-keeper,,2025.0,95.0,False,2022.0,1993-12-02,pace,Right-arm medium-fast,Wicket-keeper-batter,False,,0.07142857142857142,False,33.0,False,True,PBKS,95.0,,,,False,,,,,True
Vivrant Sharma,,,,,,,,,,,,,,Vivrant Sharma,Vivrant Sharma,2023.0,SRH,260.0,sold,IND,False,All-rounder,20.0,2023.0,260.0,False,2023.0,1999-10-30,wrist_spin,Leg-Break Googly,All-rounder,False,,,False,27.1,False,False,,,,,,False,,,,,False
Writtick Chatterjee,,,,,,,,,,,,,,Writtick Chatterjee,Writtick Chatterjee,2022.0,PBKS,20.0,sold,IND,False,All-rounder,20.0,2022.0,20.0,False,2022.0,1992-09-28,finger_spin,Right-arm off-break,All-rounder,False,,,False,34.2,False,False,,,,,,False,,,,,False
YV Dhull,,,,,,,,,,,,,,Yash Dhull,Yash Dhull,2024.0,DC,50.0,retained,IND,False,All-rounder,,2022.0,50.0,False,2022.0,2002-11-11,finger_spin,Right arm off break,Batsman,False,,,False,24.1,False,False,,,,,,False,,,,,False
Yuvraj Chaudhary,,,,,,,,,,,,,,Yuvraj Chaudhary,Yuvraj Chaudhary,2025.0,LSG,30.0,sold,IND,False,All-rounder,30.0,2025.0,30.0,False,2025.0,2001-10-06,finger_spin,Slow left arm orthodox,All-rounder,False,,,False,25.2,False,False,,,,,,False,,,,,False
Zak Foulkes,,,,,,,,,,,,,,Zak Foulkes,Zak Foulkes,2026.0,CSK,75.0,sold,NZ,True,All-rounder,75.0,2026.0,75.0,True,2026.0,2002-06-05,pace,Right-arm medium,All-rounder,True,,,False,24.5,True,False,CSK,75.0,,,,False,,,,,True
