team,mode,player,cricsheet_name,action,role,all_roles,overseas,age,impact_score,fair_value_cr,expected_cost_cr,bid_ceiling_cr,gap_filled,starter,rationale,risk,backup_option
CSK,mini_2027,Jonny Bairstow,JM Bairstow,Buy,Opener,"Opener, Wicketkeeper",True,37.2,2.04,5.16,6.5,5.42,Amber,True,"#12 of 29 openers (+2.0 runs/match); fair value Rs 5.16 cr; fills Amber gap. Likely price Rs 6.50 cr is above our ceiling: bid only up to Rs 5.42 cr, else take the backup",age 37; played 43% of team games in 3 yrs; small sample (241 balls); overseas: international clashes,"Faf du Plessis (-1.6, ~Rs 2.61 cr)"
CSK,mini_2027,Mahipal Lomror,MK Lomror,Buy,,,False,27.1,0.15,1.22,1.48,1.22,Green,True,"no ranked role (+0.2 runs/match); fair value Rs 1.22 cr. Likely price Rs 1.48 cr is above our ceiling: bid only up to Rs 1.22 cr, else take the backup",small sample (74 balls),none within ceiling - prioritise this bid
CSK,mini_2027,Rasikh Salam,Rasikh Salam,Buy,Death pacer,Death pacer,False,26.7,0.02,1.18,2.22,1.36,Red,True,"#14 of 33 death pacers (+0.0 runs/match); fair value Rs 1.18 cr; fills Red gap. Likely price Rs 2.22 cr is above our ceiling: bid only up to Rs 1.36 cr, else take the backup",played 49% of team games in 3 yrs; volatile (season-to-season SD 2.2); only available if RCB release him (projected),"Akash Madhwal (-2.8, ~Rs 0.70 cr)"
CSK,mini_2027,Moeen Ali,MM Ali,Buy,Finger spinner,Finger spinner,True,39.5,1.02,4.14,5.63,4.14,Green,False,"#7 of 24 finger spinners (+1.0 runs/match); fair value Rs 4.14 cr. Likely price Rs 5.63 cr is above our ceiling: bid only up to Rs 4.14 cr, else take the backup",age 40; played 52% of team games in 3 yrs; small sample (256 balls); overseas: international clashes,"Liam Livingstone (-1.4, ~Rs 2.71 cr)"
CSK,mini_2027,Jake Fraser-McGurk,J Fraser-McGurk,Buy,Opener,Opener,True,24.7,0.26,3.52,5.04,3.7,Amber,False,"#18 of 29 openers (+0.3 runs/match); fair value Rs 3.52 cr; fills Amber gap. Likely price Rs 5.04 cr is above our ceiling: bid only up to Rs 3.70 cr, else take the backup",played 52% of team games in 3 yrs; volatile (season-to-season SD 4.7); small sample (193 balls); overseas: international clashes,"Faf du Plessis (-1.6, ~Rs 2.61 cr)"
CSK,mini_2027,Karn Sharma,KV Sharma,Buy,Wrist spinner,Wrist spinner,False,39.1,0.09,3.08,1.7,3.08,Green,False,#6 of 15 wrist spinners (+0.1 runs/match); fair value Rs 3.08 cr,age 39; played 48% of team games in 3 yrs; volatile (season-to-season SD 2.0); small sample (250 balls),none within ceiling - prioritise this bid
CSK,mini_2027,Yash Dayal,Yash Dayal,Buy,Powerplay pacer,Powerplay pacer,False,29.0,-0.21,1.13,2.0,1.13,Green,False,"#22 of 42 powerplay pacers (-0.2 runs/match); fair value Rs 1.13 cr. Likely price Rs 2.00 cr is above our ceiling: bid only up to Rs 1.13 cr, else take the backup",only available if RCB release him (projected),"Simarjeet Singh (-2.2, ~Rs 0.81 cr)"
CSK,mini_2027,Naman Dhir,Naman Dhir,Buy,Finisher,Finisher,False,,-0.34,1.1,1.98,1.1,Green,False,"#13 of 30 finishers (-0.3 runs/match); fair value Rs 1.10 cr. Likely price Rs 1.98 cr is above our ceiling: bid only up to Rs 1.10 cr, else take the backup",only available if MI release him (projected),none within ceiling - prioritise this bid
CSK,mini_2027,Glenn Maxwell,GJ Maxwell,Buy,Finger spinner,Finger spinner,True,38.2,-0.43,3.03,3.38,3.03,Green,False,"#9 of 24 finger spinners (-0.4 runs/match); fair value Rs 3.03 cr. Likely price Rs 3.38 cr is above our ceiling: bid only up to Rs 3.03 cr, else take the backup",age 38; played 52% of team games in 3 yrs; small sample (266 balls); overseas: international clashes,"Liam Livingstone (-1.4, ~Rs 2.71 cr)"
CSK,mini_2027,Sandeep Sharma,Sandeep Sharma,Buy,Death pacer,Death pacer,False,33.6,-0.69,1.02,1.68,1.17,Red,False,"#18 of 33 death pacers (-0.7 runs/match); fair value Rs 1.02 cr; fills Red gap. Likely price Rs 1.68 cr is above our ceiling: bid only up to Rs 1.17 cr, else take the backup",age 34; played 58% of team games in 3 yrs; volatile (season-to-season SD 2.6); only available if RR release him (projected),"Akash Madhwal (-2.8, ~Rs 0.70 cr)"
CSK,mini_2027,Ramandeep Singh,Ramandeep Singh,Buy,Finisher,Finisher,False,29.7,-0.75,1.0,1.66,1.0,Green,False,"#24 of 30 finishers (-0.8 runs/match); fair value Rs 1.00 cr. Likely price Rs 1.66 cr is above our ceiling: bid only up to Rs 1.00 cr, else take the backup",small sample (185 balls); only available if KKR release him (projected),none within ceiling - prioritise this bid
CSK,mini_2027,Suyash Sharma,Suyash Sharma,Buy,Wrist spinner,Wrist spinner,False,23.6,-0.89,0.97,1.4,0.97,Green,False,"#11 of 15 wrist spinners (-0.9 runs/match); fair value Rs 0.97 cr. Likely price Rs 1.40 cr is above our ceiling: bid only up to Rs 0.97 cr, else take the backup",only available if RCB release him (projected),none within ceiling - prioritise this bid
CSK,mini_2027,Akeal Hosein,AJ Hosein,Retain,Finger spinner,Finger spinner,True,33.6,3.66,7.34,2.0,,,True,#2 of 24 finger spinners (+3.7 runs/match); salary Rs 2.00 cr is below fair value Rs 7.34 cr,age 34; played 50% of team games in 3 yrs; small sample (151 balls); overseas: international clashes,
CSK,mini_2027,Noor Ahmad,Noor Ahmad,Retain,Wrist spinner,Wrist spinner,True,21.9,2.64,5.88,10.0,,,True,#2 of 15 wrist spinners (+2.6 runs/match); salary Rs 10.00 cr is above fair value Rs 5.88 cr,overseas: international clashes,
CSK,mini_2027,Ayush Mhatre,A Mhatre,Retain,Anchor,Anchor,False,19.4,1.52,1.64,0.3,,,True,#8 of 26 anchors (+1.5 runs/match); salary Rs 0.30 cr is below fair value Rs 1.64 cr,played 46% of team games in 3 yrs; small sample (240 balls),
CSK,mini_2027,Sanju Samson,SV Samson,Retain,Opener,"Opener, Wicketkeeper",False,32.1,0.92,3.69,18.0,,,True,#15 of 29 openers (+0.9 runs/match); salary Rs 18.00 cr is above fair value Rs 3.69 cr,"Low: regular, consistent performer",
CSK,mini_2027,Jamie Overton,J Overton,Retain,All-rounder,"Death pacer, All-rounder",True,32.7,0.72,3.88,1.5,,,True,#4 of 9 all-rounders (+0.7 runs/match); salary Rs 1.50 cr is below fair value Rs 3.88 cr,played 46% of team games in 3 yrs; volatile (season-to-season SD 3.1); small sample (297 balls); overseas: international clashes,
CSK,mini_2027,Mukesh Choudhary,Mukesh Choudhary,Retain,Powerplay pacer,Powerplay pacer,False,30.4,0.55,1.33,0.3,,,True,#13 of 42 powerplay pacers (+0.5 runs/match); salary Rs 0.30 cr is below fair value Rs 1.33 cr,played 26% of team games in 3 yrs; small sample (212 balls),
CSK,mini_2027,Khaleel Ahmed,KK Ahmed,Retain,Powerplay pacer,Powerplay pacer,False,29.0,0.45,3.33,4.8,,,True,#16 of 42 powerplay pacers (+0.4 runs/match); salary Rs 4.80 cr is above fair value Rs 3.33 cr,"Low: regular, consistent performer",
CSK,mini_2027,Sarfaraz Khan,SN Khan,Retain,,,False,29.1,0.23,3.18,0.75,,,True,no ranked role (+0.2 runs/match); salary Rs 0.75 cr is below fair value Rs 3.18 cr,played 57% of team games in 3 yrs; small sample (95 balls),
CSK,mini_2027,Anshul Kamboj,A Kamboj,Retain,Powerplay pacer,Powerplay pacer,False,26.0,0.14,3.12,3.4,,,True,#17 of 42 powerplay pacers (+0.1 runs/match); salary Rs 3.40 cr is above fair value Rs 3.12 cr,played 60% of team games in 3 yrs; volatile (season-to-season SD 3.0),
CSK,mini_2027,Dewald Brevis,D Brevis,Retain,Middle-order,Middle-order,True,23.6,0.05,3.36,2.2,,,False,#6 of 14 middle-orders (+0.1 runs/match); salary Rs 2.20 cr is below fair value Rs 3.36 cr,played 48% of team games in 3 yrs; volatile (season-to-season SD 2.4); overseas: international clashes,
CSK,mini_2027,Urvil Patel,Urvil Patel,Retain,Wicketkeeper,Wicketkeeper,False,28.2,-0.19,1.13,0.3,,,False,#18 of 32 wicketkeepers (-0.2 runs/match); salary Rs 0.30 cr is below fair value Rs 1.13 cr,played 36% of team games in 3 yrs; small sample (96 balls),
CSK,mini_2027,Shivam Dube,S Dube,Retain,Finisher,Finisher,False,33.5,-0.21,2.89,12.0,,,False,#8 of 30 finishers (-0.2 runs/match); salary Rs 12.00 cr is above fair value Rs 2.89 cr,age 34,
CSK,mini_2027,MS Dhoni,MS Dhoni,Retain,Finisher,"Finisher, Wicketkeeper",False,45.4,-0.4,1.08,4.0,,,False,#18 of 30 finishers (-0.4 runs/match); salary Rs 4.00 cr is above fair value Rs 1.08 cr,age 45; small sample (218 balls),
CSK,mini_2027,Prashant Veer,PR Veer,Release,,,False,21.1,-0.64,1.03,,,,False,"-0.6 runs/match, no ranked role; salary Rs 14.20 cr vs fair value Rs 1.03 cr - frees Rs 14.20 cr of purse",played 43% of team games in 3 yrs; small sample (79 balls),
CSK,mini_2027,Kartik Sharma,Kartik Sharma,Release,Middle-order,"Middle-order, Wicketkeeper",False,20.6,-0.79,0.99,,,,False,"-0.8 runs/match, #11 of 14 middle-orders; salary Rs 14.20 cr vs fair value Rs 0.99 cr - frees Rs 14.20 cr of purse",small sample (216 balls),
CSK,mini_2027,Gurjapneet Singh,Gurjapneet Singh,Release,Powerplay pacer,Powerplay pacer,False,28.1,-0.82,0.99,,,,False,"-0.8 runs/match, #28 of 42 powerplay pacers; salary Rs 2.20 cr vs fair value Rs 0.99 cr - frees Rs 2.20 cr of purse",played 57% of team games in 3 yrs; small sample (151 balls),
CSK,mini_2027,Rahul Chahar,RD Chahar,Release,Wrist spinner,Wrist spinner,False,27.4,-1.04,2.42,,,,False,"-1.0 runs/match, #12 of 15 wrist spinners; salary Rs 5.20 cr vs fair value Rs 2.42 cr - frees Rs 5.20 cr of purse",played 26% of team games in 3 yrs; small sample (231 balls),
CSK,mini_2027,Ruturaj Gaikwad,RD Gaikwad,Release,Opener,"Opener, Wicketkeeper",False,29.9,-2.07,1.93,,,,False,"-2.1 runs/match, #27 of 29 openers; salary Rs 18.00 cr vs fair value Rs 1.93 cr - frees Rs 18.00 cr of purse","Low: regular, consistent performer",
CSK,mini_2027,Matthew Short,MW Short,Release,,,True,31.1,-3.27,1.64,,,,False,"-3.3 runs/match, no ranked role; salary Rs 1.50 cr vs fair value Rs 1.64 cr - frees Rs 1.50 cr of purse",played 21% of team games in 3 yrs; small sample (70 balls); overseas: international clashes,
CSK,mini_2027,Matt Henry,MJ Henry,Release,Powerplay pacer,Powerplay pacer,True,35.0,-4.09,1.37,,,,False,"-4.1 runs/match, #41 of 42 powerplay pacers; salary Rs 2.00 cr vs fair value Rs 1.37 cr - frees Rs 2.00 cr of purse",age 35; played 25% of team games in 3 yrs; small sample (142 balls); overseas: international clashes,
CSK,mini_2027,Aman Khan,Aman Hakim Khan,Release,,,False,30.1,,,,,,False,"no recent data, no ranked role; salary Rs 0.40 cr vs fair value n/a - frees Rs 0.40 cr of purse",no recent IPL data,
CSK,mini_2027,Nathan Ellis,NT Ellis,Release,,,True,32.2,,,,,,False,"no recent data, no ranked role; salary Rs 2.00 cr vs fair value n/a - frees Rs 2.00 cr of purse",played 7% of team games in 3 yrs; no recent IPL data; overseas: international clashes,
CSK,mini_2027,Ramakrishna Ghosh,RS Ghosh,Release,,,False,29.3,,,,,,False,"no recent data, no ranked role; salary Rs 0.30 cr vs fair value n/a - frees Rs 0.30 cr of purse",played 7% of team games in 3 yrs; no recent IPL data,
CSK,mini_2027,Shreyas Gopal,S Gopal,Release,,,False,33.3,,,,,,False,"no recent data, no ranked role; salary Rs 0.30 cr vs fair value n/a - frees Rs 0.30 cr of purse",age 33; played 21% of team games in 3 yrs; no recent IPL data,
CSK,mini_2027,Zak Foulkes,Zak Foulkes,Release,,,True,24.5,,,,,,False,"no recent data, no ranked role; salary Rs 0.75 cr vs fair value n/a - frees Rs 0.75 cr of purse",no recent IPL data; overseas: international clashes,
DC,mini_2027,Jonny Bairstow,JM Bairstow,Buy,Opener,"Opener, Wicketkeeper",True,37.2,2.04,5.16,6.5,5.16,Green,True,"#12 of 29 openers (+2.0 runs/match); fair value Rs 5.16 cr. Likely price Rs 6.50 cr is above our ceiling: bid only up to Rs 5.16 cr, else take the backup",age 37; played 43% of team games in 3 yrs; small sample (241 balls); overseas: international clashes,"Faf du Plessis (-1.6, ~Rs 2.61 cr)"
DC,mini_2027,Moeen Ali,MM Ali,Buy,Finger spinner,Finger spinner,True,39.5,1.02,4.14,5.63,4.14,Green,True,"#7 of 24 finger spinners (+1.0 runs/match); fair value Rs 4.14 cr. Likely price Rs 5.63 cr is above our ceiling: bid only up to Rs 4.14 cr, else take the backup",age 40; played 52% of team games in 3 yrs; small sample (256 balls); overseas: international clashes,"Liam Livingstone (-1.4, ~Rs 2.71 cr)"
DC,mini_2027,Jake Fraser-McGurk,J Fraser-McGurk,Buy,Opener,Opener,True,24.7,0.26,3.52,5.04,3.52,Green,True,"#18 of 29 openers (+0.3 runs/match); fair value Rs 3.52 cr. Likely price Rs 5.04 cr is above our ceiling: bid only up to Rs 3.52 cr, else take the backup",played 52% of team games in 3 yrs; volatile (season-to-season SD 4.7); small sample (193 balls); overseas: international clashes,"Faf du Plessis (-1.6, ~Rs 2.61 cr)"
DC,mini_2027,Mahipal Lomror,MK Lomror,Buy,,,False,27.1,0.15,1.22,1.48,1.22,Green,True,"no ranked role (+0.2 runs/match); fair value Rs 1.22 cr. Likely price Rs 1.48 cr is above our ceiling: bid only up to Rs 1.22 cr, else take the backup",small sample (74 balls),none within ceiling - prioritise this bid
DC,mini_2027,Rasikh Salam,Rasikh Salam,Buy,Death pacer,Death pacer,False,26.7,0.02,1.18,2.22,1.24,Amber,True,"#14 of 33 death pacers (+0.0 runs/match); fair value Rs 1.18 cr; fills Amber gap. Likely price Rs 2.22 cr is above our ceiling: bid only up to Rs 1.24 cr, else take the backup",played 49% of team games in 3 yrs; volatile (season-to-season SD 2.2); only available if RCB release him (projected),"Akash Madhwal (-2.8, ~Rs 0.70 cr)"
DC,mini_2027,Karn Sharma,KV Sharma,Buy,Wrist spinner,Wrist spinner,False,39.1,0.09,3.08,1.7,3.08,Green,False,#6 of 15 wrist spinners (+0.1 runs/match); fair value Rs 3.08 cr,age 39; played 48% of team games in 3 yrs; volatile (season-to-season SD 2.0); small sample (250 balls),"Rahul Chahar (-1.0, ~Rs 2.66 cr)"
DC,mini_2027,Yash Dayal,Yash Dayal,Buy,Powerplay pacer,Powerplay pacer,False,29.0,-0.21,1.13,2.0,1.19,Amber,False,"#22 of 42 powerplay pacers (-0.2 runs/match); fair value Rs 1.13 cr; fills Amber gap. Likely price Rs 2.00 cr is above our ceiling: bid only up to Rs 1.19 cr, else take the backup",only available if RCB release him (projected),"Simarjeet Singh (-2.2, ~Rs 0.81 cr)"
DC,mini_2027,Naman Dhir,Naman Dhir,Buy,Finisher,Finisher,False,,-0.34,1.1,1.98,1.1,Green,False,"#13 of 30 finishers (-0.3 runs/match); fair value Rs 1.10 cr. Likely price Rs 1.98 cr is above our ceiling: bid only up to Rs 1.10 cr, else take the backup",only available if MI release him (projected),none within ceiling - prioritise this bid
DC,mini_2027,MS Dhoni,MS Dhoni,Buy,Finisher,"Finisher, Wicketkeeper",False,45.4,-0.4,1.08,1.78,1.08,Green,False,"#18 of 30 finishers (-0.4 runs/match); fair value Rs 1.08 cr. Likely price Rs 1.78 cr is above our ceiling: bid only up to Rs 1.08 cr, else take the backup",age 45; small sample (218 balls); only available if CSK release him (projected),none within ceiling - prioritise this bid
DC,mini_2027,Glenn Maxwell,GJ Maxwell,Buy,Finger spinner,Finger spinner,True,38.2,-0.43,3.03,3.38,3.03,Green,False,"#9 of 24 finger spinners (-0.4 runs/match); fair value Rs 3.03 cr. Likely price Rs 3.38 cr is above our ceiling: bid only up to Rs 3.03 cr, else take the backup",age 38; played 52% of team games in 3 yrs; small sample (266 balls); overseas: international clashes,"Liam Livingstone (-1.4, ~Rs 2.71 cr)"
DC,mini_2027,Sandeep Sharma,Sandeep Sharma,Buy,Death pacer,Death pacer,False,33.6,-0.69,1.02,1.68,1.07,Amber,False,"#18 of 33 death pacers (-0.7 runs/match); fair value Rs 1.02 cr; fills Amber gap. Likely price Rs 1.68 cr is above our ceiling: bid only up to Rs 1.07 cr, else take the backup",age 34; played 58% of team games in 3 yrs; volatile (season-to-season SD 2.6); only available if RR release him (projected),"Akash Madhwal (-2.8, ~Rs 0.70 cr)"
DC,mini_2027,Ramandeep Singh,Ramandeep Singh,Buy,Finisher,Finisher,False,29.7,-0.75,1.0,1.66,1.0,Green,False,"#24 of 30 finishers (-0.8 runs/match); fair value Rs 1.00 cr. Likely price Rs 1.66 cr is above our ceiling: bid only up to Rs 1.00 cr, else take the backup",small sample (185 balls); only available if KKR release him (projected),none within ceiling - prioritise this bid
DC,mini_2027,Kartik Sharma,Kartik Sharma,Buy,Middle-order,"Middle-order, Wicketkeeper",False,20.6,-0.79,0.99,2.54,1.04,Amber,False,"#11 of 14 middle-orders (-0.8 runs/match); fair value Rs 0.99 cr; fills Amber gap. Likely price Rs 2.54 cr is above our ceiling: bid only up to Rs 1.04 cr, else take the backup",small sample (216 balls); only available if CSK release him (projected),none within ceiling - prioritise this bid
DC,mini_2027,Gurjapneet Singh,Gurjapneet Singh,Buy,Powerplay pacer,Powerplay pacer,False,28.1,-0.82,0.99,1.33,1.04,Amber,False,"#28 of 42 powerplay pacers (-0.8 runs/match); fair value Rs 0.99 cr; fills Amber gap. Likely price Rs 1.33 cr is above our ceiling: bid only up to Rs 1.04 cr, else take the backup",played 57% of team games in 3 yrs; small sample (151 balls); only available if CSK release him (projected),"Simarjeet Singh (-2.2, ~Rs 0.81 cr)"
DC,mini_2027,Suyash Sharma,Suyash Sharma,Buy,Wrist spinner,Wrist spinner,False,23.6,-0.89,0.97,1.4,0.97,Green,False,"#11 of 15 wrist spinners (-0.9 runs/match); fair value Rs 0.97 cr. Likely price Rs 1.40 cr is above our ceiling: bid only up to Rs 0.97 cr, else take the backup",only available if RCB release him (projected),none within ceiling - prioritise this bid
DC,mini_2027,KL Rahul,KL Rahul,Retain,Opener,"Opener, Wicketkeeper",False,34.7,3.25,6.12,14.0,,,True,#7 of 29 openers (+3.3 runs/match); salary Rs 14.00 cr is above fair value Rs 6.12 cr,age 35,
DC,mini_2027,Lungi Ngidi,L Ngidi,Retain,Death pacer,Death pacer,True,30.7,3.11,6.51,2.0,,,True,#3 of 33 death pacers (+3.1 runs/match); salary Rs 2.00 cr is below fair value Rs 6.51 cr,played 48% of team games in 3 yrs; overseas: international clashes,
DC,mini_2027,Kuldeep Yadav,Kuldeep Yadav,Retain,Wrist spinner,Wrist spinner,False,32.0,0.76,3.57,13.25,,,True,#3 of 15 wrist spinners (+0.8 runs/match); salary Rs 13.25 cr is above fair value Rs 3.57 cr,volatile (season-to-season SD 2.8),
DC,mini_2027,Ashutosh Sharma,Ashutosh Sharma,Retain,Finisher,Finisher,False,28.2,0.68,1.36,3.8,,,True,#4 of 30 finishers (+0.7 runs/match); salary Rs 3.80 cr is above fair value Rs 1.36 cr,"Low: regular, consistent performer",
DC,mini_2027,Madhav Tiwari,M Tiwari,Retain,,,False,,0.6,1.34,0.4,,,True,no ranked role (+0.6 runs/match); salary Rs 0.40 cr is below fair value Rs 1.34 cr,played 17% of team games in 3 yrs; small sample (78 balls),
DC,mini_2027,Axar Patel,AR Patel,Retain,All-rounder,"Middle-order, Finger spinner, All-rounder",False,32.9,0.33,3.25,16.5,,,True,#5 of 9 all-rounders (+0.3 runs/match); salary Rs 16.50 cr is above fair value Rs 3.25 cr,"Low: regular, consistent performer",
DC,mini_2027,Sameer Rizvi,Sameer Rizvi,Retain,Anchor,Anchor,False,23.0,-0.32,1.1,0.95,,,True,#16 of 26 anchors (-0.3 runs/match); salary Rs 0.95 cr is below fair value Rs 1.10 cr,played 58% of team games in 3 yrs; small sample (293 balls),
DC,mini_2027,Prithvi Shaw,PP Shaw,Retain,Opener,Opener,False,27.1,-0.1,2.96,0.75,,,False,#20 of 29 openers (-0.1 runs/match); salary Rs 0.75 cr is below fair value Rs 2.96 cr,played 57% of team games in 3 yrs; small sample (121 balls),
DC,mini_2027,David Miller,DA Miller,Retain,Finisher,Finisher,True,37.5,-0.37,3.07,2.0,,,False,#15 of 30 finishers (-0.4 runs/match); salary Rs 2.00 cr is below fair value Rs 3.07 cr,age 38; overseas: international clashes,
DC,mini_2027,Vipraj Nigam,V Nigam,Retain,Wrist spinner,Wrist spinner,False,24.4,-0.72,1.01,0.3,,,False,#10 of 15 wrist spinners (-0.7 runs/match); salary Rs 0.30 cr is below fair value Rs 1.01 cr,"Low: regular, consistent performer",
DC,mini_2027,Tristan Stubbs,T Stubbs,Release,Finisher,"Finisher, Wicketkeeper",True,26.3,-0.25,3.15,,,,False,"-0.3 runs/match, #12 of 30 finishers; salary Rs 10.00 cr vs fair value Rs 3.15 cr - frees Rs 10.00 cr of purse",volatile (season-to-season SD 2.3); overseas: international clashes,
DC,mini_2027,Pathum Nissanka,P Nissanka,Release,Opener,Opener,True,28.6,-0.51,2.98,,,,False,"-0.5 runs/match, #21 of 29 openers; salary Rs 4.00 cr vs fair value Rs 2.98 cr - frees Rs 4.00 cr of purse",small sample (175 balls); overseas: international clashes,
DC,mini_2027,Mitchell Starc,MA Starc,Release,Powerplay pacer,Powerplay pacer,True,36.9,-0.66,2.88,,,,False,"-0.7 runs/match, #25 of 42 powerplay pacers; salary Rs 11.75 cr vs fair value Rs 2.88 cr - frees Rs 11.75 cr of purse",age 37; overseas: international clashes,
DC,mini_2027,Nitish Rana,N Rana,Release,Anchor,Anchor,False,33.0,-1.0,2.44,,,,False,"-1.0 runs/match, #18 of 26 anchors; salary Rs 4.20 cr vs fair value Rs 2.44 cr - frees Rs 4.20 cr of purse",age 33; played 52% of team games in 3 yrs,
DC,mini_2027,Karun Nair,KK Nair,Release,Anchor,Anchor,False,35.0,-1.05,2.41,,,,False,"-1.1 runs/match, #21 of 26 anchors; salary Rs 0.50 cr vs fair value Rs 2.41 cr - frees Rs 0.50 cr of purse",age 35; played 34% of team games in 3 yrs; small sample (133 balls),
DC,mini_2027,Kyle Jamieson,KA Jamieson,Release,Powerplay pacer,Powerplay pacer,True,32.0,-1.32,2.5,,,,False,"-1.3 runs/match, #30 of 42 powerplay pacers; salary Rs 2.00 cr vs fair value Rs 2.50 cr - frees Rs 2.00 cr of purse",played 19% of team games in 3 yrs; small sample (150 balls); overseas: international clashes,
DC,mini_2027,Abhishek Porel,Abishek Porel,Release,Anchor,"Anchor, Wicketkeeper",False,24.2,-1.55,0.84,,,,False,"-1.6 runs/match, #24 of 26 anchors; salary Rs 4.00 cr vs fair value Rs 0.84 cr - frees Rs 4.00 cr of purse","Low: regular, consistent performer",
DC,mini_2027,Dushmantha Chameera,PVD Chameera,Release,Death pacer,Death pacer,True,34.9,-1.96,2.17,,,,False,"-2.0 runs/match, #23 of 33 death pacers; salary Rs 0.75 cr vs fair value Rs 2.17 cr - frees Rs 0.75 cr of purse",age 35; played 21% of team games in 3 yrs; small sample (149 balls); overseas: international clashes,
DC,mini_2027,T. Natarajan,T Natarajan,Release,Death pacer,Death pacer,False,35.7,-2.16,1.9,,,,False,"-2.2 runs/match, #26 of 33 death pacers; salary Rs 10.75 cr vs fair value Rs 1.90 cr - frees Rs 10.75 cr of purse",age 36,
DC,mini_2027,Mukesh Kumar,Mukesh Kumar,Release,Death pacer,Death pacer,False,33.2,-2.24,1.86,,,,False,"-2.2 runs/match, #27 of 33 death pacers; salary Rs 8.00 cr vs fair value Rs 1.86 cr - frees Rs 8.00 cr of purse",age 33,
DC,mini_2027,Auqib Nabi,Auqib Nabi,Release,,,False,30.1,-4.75,1.08,,,,False,"-4.8 runs/match, no ranked role; salary Rs 8.40 cr vs fair value Rs 1.08 cr - frees Rs 8.40 cr of purse",played 36% of team games in 3 yrs; small sample (82 balls),
DC,mini_2027,Ajay Mandal,Ajay Mandal,Release,,,False,30.8,,,,,,False,"no recent data, no ranked role; salary Rs 0.30 cr vs fair value n/a - frees Rs 0.30 cr of purse",no recent IPL data,
DC,mini_2027,Ben Duckett,Ben Duckett,Release,,,True,32.2,,,,,,False,"no recent data, no ranked role; salary Rs 2.00 cr vs fair value n/a - frees Rs 2.00 cr of purse",no recent IPL data; overseas: international clashes,
DC,mini_2027,Sahil Parekh,Sahil Parekh,Release,,,False,,,,,,,False,"no recent data, no ranked role; salary Rs 0.30 cr vs fair value n/a - frees Rs 0.30 cr of purse",no recent IPL data,
DC,mini_2027,Tripurana Vijay,T Vijay,Release,,,False,,,,,,,False,"no recent data, no ranked role; salary Rs 0.30 cr vs fair value n/a - frees Rs 0.30 cr of purse",played 7% of team games in 3 yrs; no recent IPL data,
GT,mini_2027,Jonny Bairstow,JM Bairstow,Buy,Opener,"Opener, Wicketkeeper",True,37.2,2.04,5.16,6.5,5.42,Amber,True,"#12 of 29 openers (+2.0 runs/match); fair value Rs 5.16 cr; fills Amber gap. Likely price Rs 6.50 cr is above our ceiling: bid only up to Rs 5.42 cr, else take the backup",age 37; played 43% of team games in 3 yrs; small sample (241 balls); overseas: international clashes,"Jake Fraser-McGurk (+0.3, ~Rs 3.87 cr)"
GT,mini_2027,Mahipal Lomror,MK Lomror,Buy,,,False,27.1,0.15,1.22,1.48,1.22,Green,True,"no ranked role (+0.2 runs/match); fair value Rs 1.22 cr. Likely price Rs 1.48 cr is above our ceiling: bid only up to Rs 1.22 cr, else take the backup",small sample (74 balls),none within ceiling - prioritise this bid
GT,mini_2027,Karn Sharma,KV Sharma,Buy,Wrist spinner,Wrist spinner,False,39.1,0.09,3.08,1.7,3.08,Green,True,#6 of 15 wrist spinners (+0.1 runs/match); fair value Rs 3.08 cr,age 39; played 48% of team games in 3 yrs; volatile (season-to-season SD 2.0); small sample (250 balls),"Rahul Chahar (-1.0, ~Rs 2.66 cr)"
GT,mini_2027,Rasikh Salam,Rasikh Salam,Buy,Death pacer,Death pacer,False,26.7,0.02,1.18,2.22,1.36,Red,True,"#14 of 33 death pacers (+0.0 runs/match); fair value Rs 1.18 cr; fills Red gap. Likely price Rs 2.22 cr is above our ceiling: bid only up to Rs 1.36 cr, else take the backup",played 49% of team games in 3 yrs; volatile (season-to-season SD 2.2); only available if RCB release him (projected),"Akash Madhwal (-2.8, ~Rs 0.70 cr)"
GT,mini_2027,Moeen Ali,MM Ali,Buy,Finger spinner,Finger spinner,True,39.5,1.02,4.14,5.63,4.35,Amber,False,"#7 of 24 finger spinners (+1.0 runs/match); fair value Rs 4.14 cr; fills Amber gap. Likely price Rs 5.63 cr is above our ceiling: bid only up to Rs 4.35 cr, else take the backup",age 40; played 52% of team games in 3 yrs; small sample (256 balls); overseas: international clashes,"Glenn Maxwell (-0.4, ~Rs 3.33 cr)"
GT,mini_2027,Yash Dayal,Yash Dayal,Buy,Powerplay pacer,Powerplay pacer,False,29.0,-0.21,1.13,2.0,1.13,Green,False,"#22 of 42 powerplay pacers (-0.2 runs/match); fair value Rs 1.13 cr. Likely price Rs 2.00 cr is above our ceiling: bid only up to Rs 1.13 cr, else take the backup",only available if RCB release him (projected),"Simarjeet Singh (-2.2, ~Rs 0.81 cr)"
GT,mini_2027,Naman Dhir,Naman Dhir,Buy,Finisher,Finisher,False,,-0.34,1.1,1.98,1.1,Green,False,"#13 of 30 finishers (-0.3 runs/match); fair value Rs 1.10 cr. Likely price Rs 1.98 cr is above our ceiling: bid only up to Rs 1.10 cr, else take the backup",only available if MI release him (projected),none within ceiling - prioritise this bid
GT,mini_2027,MS Dhoni,MS Dhoni,Buy,Finisher,"Finisher, Wicketkeeper",False,45.4,-0.4,1.08,1.78,1.13,Amber,False,"#18 of 30 finishers (-0.4 runs/match); fair value Rs 1.08 cr; fills Amber gap. Likely price Rs 1.78 cr is above our ceiling: bid only up to Rs 1.13 cr, else take the backup",age 45; small sample (218 balls); only available if CSK release him (projected),"Ramandeep Singh (-0.8, ~Rs 1.10 cr)"
GT,mini_2027,Sandeep Sharma,Sandeep Sharma,Buy,Death pacer,Death pacer,False,33.6,-0.69,1.02,1.68,1.17,Red,False,"#18 of 33 death pacers (-0.7 runs/match); fair value Rs 1.02 cr; fills Red gap. Likely price Rs 1.68 cr is above our ceiling: bid only up to Rs 1.17 cr, else take the backup",age 34; played 58% of team games in 3 yrs; volatile (season-to-season SD 2.6); only available if RR release him (projected),"Akash Madhwal (-2.8, ~Rs 0.70 cr)"
GT,mini_2027,Kartik Sharma,Kartik Sharma,Buy,Middle-order,"Middle-order, Wicketkeeper",False,20.6,-0.79,0.99,2.54,1.04,Amber,False,"#11 of 14 middle-orders (-0.8 runs/match); fair value Rs 0.99 cr; fills Amber gap. Likely price Rs 2.54 cr is above our ceiling: bid only up to Rs 1.04 cr, else take the backup",small sample (216 balls); only available if CSK release him (projected),none within ceiling - prioritise this bid
GT,mini_2027,Gurjapneet Singh,Gurjapneet Singh,Buy,Powerplay pacer,Powerplay pacer,False,28.1,-0.82,0.99,1.33,0.99,Green,False,"#28 of 42 powerplay pacers (-0.8 runs/match); fair value Rs 0.99 cr. Likely price Rs 1.33 cr is above our ceiling: bid only up to Rs 0.99 cr, else take the backup",played 57% of team games in 3 yrs; small sample (151 balls); only available if CSK release him (projected),"Simarjeet Singh (-2.2, ~Rs 0.81 cr)"
GT,mini_2027,Suyash Sharma,Suyash Sharma,Buy,Wrist spinner,Wrist spinner,False,23.6,-0.89,0.97,1.4,0.97,Green,False,"#11 of 15 wrist spinners (-0.9 runs/match); fair value Rs 0.97 cr. Likely price Rs 1.40 cr is above our ceiling: bid only up to Rs 0.97 cr, else take the backup",only available if RCB release him (projected),none within ceiling - prioritise this bid
GT,mini_2027,Cameron Green,C Green,Buy,All-rounder,"Anchor, Powerplay pacer, All-rounder",True,27.5,-1.21,2.56,5.35,2.94,Red,False,"#7 of 9 all-rounders (-1.2 runs/match); fair value Rs 2.56 cr; fills Red gap. Likely price Rs 5.35 cr is above our ceiling: bid only up to Rs 2.94 cr, else take the backup",only available if KKR release him (projected); overseas: international clashes,"Hardik Pandya (-3.2, ~Rs 1.68 cr)"
GT,mini_2027,Jason Holder,JO Holder,Retain,Powerplay pacer,Powerplay pacer,True,35.1,4.7,9.18,7.0,,,True,#1 of 42 powerplay pacers (+4.7 runs/match); salary Rs 7.00 cr is below fair value Rs 9.18 cr,age 35; small sample (282 balls); overseas: international clashes,
GT,mini_2027,Sai Sudharsan,B Sai Sudharsan,Retain,Opener,Opener,False,25.2,4.21,7.53,8.5,,,True,#4 of 29 openers (+4.2 runs/match); salary Rs 8.50 cr is above fair value Rs 7.53 cr,"Low: regular, consistent performer",
GT,mini_2027,Shubman Gill,Shubman Gill,Retain,Opener,Opener,False,27.3,3.72,6.77,16.5,,,True,#6 of 29 openers (+3.7 runs/match); salary Rs 16.50 cr is above fair value Rs 6.77 cr,"Low: regular, consistent performer",
GT,mini_2027,Mohammed Siraj,Mohammed Siraj,Retain,Powerplay pacer,Powerplay pacer,False,32.8,2.48,5.17,12.25,,,True,#5 of 42 powerplay pacers (+2.5 runs/match); salary Rs 12.25 cr is above fair value Rs 5.17 cr,"Low: regular, consistent performer",
GT,mini_2027,Kagiso Rabada,K Rabada,Retain,Powerplay pacer,Powerplay pacer,True,31.6,1.75,4.85,10.75,,,True,#6 of 42 powerplay pacers (+1.8 runs/match); salary Rs 10.75 cr is above fair value Rs 4.85 cr,volatile (season-to-season SD 4.0); overseas: international clashes,
GT,mini_2027,Jos Buttler,JC Buttler,Retain,Anchor,"Anchor, Wicketkeeper",True,36.3,1.7,4.8,15.75,,,True,#6 of 26 anchors (+1.7 runs/match); salary Rs 15.75 cr is above fair value Rs 4.80 cr,age 36; overseas: international clashes,
GT,mini_2027,Prasidh Krishna,M Prasidh Krishna,Retain,Powerplay pacer,Powerplay pacer,False,30.8,1.42,4.11,9.5,,,True,#7 of 42 powerplay pacers (+1.4 runs/match); salary Rs 9.50 cr is above fair value Rs 4.11 cr,volatile (season-to-season SD 2.6),
GT,mini_2027,Sai Kishore,R Sai Kishore,Retain,Finger spinner,Finger spinner,False,30.1,0.46,3.34,2.0,,,True,#11 of 24 finger spinners (+0.5 runs/match); salary Rs 2.00 cr is below fair value Rs 3.34 cr,played 52% of team games in 3 yrs,
GT,mini_2027,Arshad Khan,Arshad Khan,Retain,Powerplay pacer,Powerplay pacer,False,29.0,-0.43,1.07,1.3,,,False,#24 of 42 powerplay pacers (-0.4 runs/match); salary Rs 1.30 cr is above fair value Rs 1.07 cr,played 43% of team games in 3 yrs,
GT,mini_2027,Anuj Rawat,Anuj Rawat,Retain,Wicketkeeper,Wicketkeeper,False,27.2,-1.13,0.92,0.3,,,False,#27 of 32 wicketkeepers (-1.1 runs/match); salary Rs 0.30 cr is below fair value Rs 0.92 cr,played 33% of team games in 3 yrs; small sample (77 balls),
GT,mini_2027,Rashid Khan,Rashid Khan,Release,Wrist spinner,"Finisher, Wrist spinner",True,28.2,0.61,3.79,,,,False,"+0.6 runs/match, #4 of 15 wrist spinners; salary Rs 18.00 cr vs fair value Rs 3.79 cr - frees Rs 18.00 cr of purse",overseas: international clashes,
GT,mini_2027,Shahrukh Khan,M Shahrukh Khan,Release,Middle-order,Middle-order,False,31.6,0.12,1.21,,,,False,"+0.1 runs/match, #5 of 14 middle-orders; salary Rs 4.00 cr vs fair value Rs 1.21 cr - frees Rs 4.00 cr of purse",small sample (226 balls),
GT,mini_2027,Rahul Tewatia,R Tewatia,Release,Finisher,Finisher,False,33.6,-0.41,1.08,,,,False,"-0.4 runs/match, #19 of 30 finishers; salary Rs 4.00 cr vs fair value Rs 1.08 cr - frees Rs 4.00 cr of purse",age 34,
GT,mini_2027,Washington Sundar,Washington Sundar,Release,Anchor,"Anchor, Finger spinner",False,27.2,-0.67,2.62,,,,False,"-0.7 runs/match, #13 of 26 anchors; salary Rs 3.20 cr vs fair value Rs 2.62 cr - frees Rs 3.20 cr of purse",played 52% of team games in 3 yrs,
GT,mini_2027,Ishant Sharma,I Sharma,Release,Powerplay pacer,Powerplay pacer,False,38.3,-1.55,2.16,,,,False,"-1.6 runs/match, #31 of 42 powerplay pacers; salary Rs 0.75 cr vs fair value Rs 2.16 cr - frees Rs 0.75 cr of purse",age 38; played 55% of team games in 3 yrs; small sample (279 balls),
GT,mini_2027,Ashok Sharma,Ashok Sharma,Release,Death pacer,Death pacer,False,,-3.33,0.57,,,,False,"-3.3 runs/match, #33 of 33 death pacers; salary Rs 0.90 cr vs fair value Rs 0.57 cr - frees Rs 0.90 cr of purse",played 35% of team games in 3 yrs; small sample (130 balls),
GT,mini_2027,Glenn Phillips,GD Phillips,Release,Wicketkeeper,Wicketkeeper,True,30.0,,,,,,False,"no recent data, no ranked role; salary Rs 2.00 cr vs fair value n/a - frees Rs 2.00 cr of purse",played 35% of team games in 3 yrs; no recent IPL data; overseas: international clashes,
GT,mini_2027,Gurnoor Brar,Gurnoor Brar,Release,,,False,26.6,,,,,,False,"no recent data, no ranked role; salary Rs 1.30 cr vs fair value n/a - frees Rs 1.30 cr of purse",no recent IPL data,
GT,mini_2027,Jayant Yadav,J Yadav,Release,,,False,36.9,,,,,,False,"no recent data, no ranked role; salary Rs 0.75 cr vs fair value n/a - frees Rs 0.75 cr of purse",age 37; no recent IPL data,
GT,mini_2027,Kumar Kushagra,Kumar Kushagra,Release,,,False,22.1,,,,,,False,"no recent data, no ranked role; salary Rs 0.65 cr vs fair value n/a - frees Rs 0.65 cr of purse",played 16% of team games in 3 yrs; no recent IPL data,
GT,mini_2027,Luke Wood,L Wood,Release,,,True,31.4,,,,,,False,"no recent data, no ranked role; salary Rs 0.75 cr vs fair value n/a - frees Rs 0.75 cr of purse",played 14% of team games in 3 yrs; no recent IPL data; overseas: international clashes,
GT,mini_2027,Manav Suthar,MJ Suthar,Release,,,False,24.4,,,,,,False,"no recent data, no ranked role; salary Rs 0.30 cr vs fair value n/a - frees Rs 0.30 cr of purse",played 17% of team games in 3 yrs; no recent IPL data,
GT,mini_2027,Nishant Sindhu,N Sindhu,Release,,,False,22.7,,,,,,False,"no recent data, no ranked role; salary Rs 0.30 cr vs fair value n/a - frees Rs 0.30 cr of purse",played 47% of team games in 3 yrs; no recent IPL data,
GT,mini_2027,Prithvi Raj,Prithvi Raj (cricketer),Release,,,False,28.8,,,,,,False,"no recent data, no ranked role; salary Rs 0.30 cr vs fair value n/a - frees Rs 0.30 cr of purse",no recent IPL data,
GT,mini_2027,Tom Banton,Tom Banton,Release,,,True,28.1,,,,,,False,"no recent data, no ranked role; salary Rs 2.00 cr vs fair value n/a - frees Rs 2.00 cr of purse",no recent IPL data; overseas: international clashes,
KKR,mini_2027,Jonny Bairstow,JM Bairstow,Buy,Opener,"Opener, Wicketkeeper",True,37.2,2.04,5.16,6.5,5.16,Green,True,"#12 of 29 openers (+2.0 runs/match); fair value Rs 5.16 cr. Likely price Rs 6.50 cr is above our ceiling: bid only up to Rs 5.16 cr, else take the backup",age 37; played 43% of team games in 3 yrs; small sample (241 balls); overseas: international clashes,"Jake Fraser-McGurk (+0.3, ~Rs 3.87 cr)"
KKR,mini_2027,Mahipal Lomror,MK Lomror,Buy,,,False,27.1,0.15,1.22,1.48,1.22,Green,True,"no ranked role (+0.2 runs/match); fair value Rs 1.22 cr. Likely price Rs 1.48 cr is above our ceiling: bid only up to Rs 1.22 cr, else take the backup",small sample (74 balls),none within ceiling - prioritise this bid
KKR,mini_2027,Karn Sharma,KV Sharma,Buy,Wrist spinner,Wrist spinner,False,39.1,0.09,3.08,1.7,3.08,Green,True,#6 of 15 wrist spinners (+0.1 runs/match); fair value Rs 3.08 cr,age 39; played 48% of team games in 3 yrs; volatile (season-to-season SD 2.0); small sample (250 balls),"Rahul Chahar (-1.0, ~Rs 2.66 cr)"
KKR,mini_2027,Rasikh Salam,Rasikh Salam,Buy,Death pacer,Death pacer,False,26.7,0.02,1.18,2.22,1.18,Green,True,"#14 of 33 death pacers (+0.0 runs/match); fair value Rs 1.18 cr. Likely price Rs 2.22 cr is above our ceiling: bid only up to Rs 1.18 cr, else take the backup",played 49% of team games in 3 yrs; volatile (season-to-season SD 2.2); only available if RCB release him (projected),"Sandeep Sharma (-0.7, ~Rs 1.12 cr)"
KKR,mini_2027,Moeen Ali,MM Ali,Buy,Finger spinner,Finger spinner,True,39.5,1.02,4.14,5.63,4.14,Green,False,"#7 of 24 finger spinners (+1.0 runs/match); fair value Rs 4.14 cr. Likely price Rs 5.63 cr is above our ceiling: bid only up to Rs 4.14 cr, else take the backup",age 40; played 52% of team games in 3 yrs; small sample (256 balls); overseas: international clashes,"Liam Livingstone (-1.4, ~Rs 2.71 cr)"
KKR,mini_2027,Yash Dayal,Yash Dayal,Buy,Powerplay pacer,Powerplay pacer,False,29.0,-0.21,1.13,2.0,1.13,Green,False,"#22 of 42 powerplay pacers (-0.2 runs/match); fair value Rs 1.13 cr. Likely price Rs 2.00 cr is above our ceiling: bid only up to Rs 1.13 cr, else take the backup",only available if RCB release him (projected),"Simarjeet Singh (-2.2, ~Rs 0.81 cr)"
KKR,mini_2027,Naman Dhir,Naman Dhir,Buy,Finisher,Finisher,False,,-0.34,1.1,1.98,1.16,Amber,False,"#13 of 30 finishers (-0.3 runs/match); fair value Rs 1.10 cr; fills Amber gap. Likely price Rs 1.98 cr is above our ceiling: bid only up to Rs 1.16 cr, else take the backup",only available if MI release him (projected),none within ceiling - prioritise this bid
KKR,mini_2027,MS Dhoni,MS Dhoni,Buy,Finisher,"Finisher, Wicketkeeper",False,45.4,-0.4,1.08,1.78,1.13,Amber,False,"#18 of 30 finishers (-0.4 runs/match); fair value Rs 1.08 cr; fills Amber gap. Likely price Rs 1.78 cr is above our ceiling: bid only up to Rs 1.13 cr, else take the backup",age 45; small sample (218 balls); only available if CSK release him (projected),none within ceiling - prioritise this bid
KKR,mini_2027,Glenn Maxwell,GJ Maxwell,Buy,Finger spinner,Finger spinner,True,38.2,-0.43,3.03,3.38,3.03,Green,False,"#9 of 24 finger spinners (-0.4 runs/match); fair value Rs 3.03 cr. Likely price Rs 3.38 cr is above our ceiling: bid only up to Rs 3.03 cr, else take the backup",age 38; played 52% of team games in 3 yrs; small sample (266 balls); overseas: international clashes,"Liam Livingstone (-1.4, ~Rs 2.71 cr)"
KKR,mini_2027,Prashant Veer,PR Veer,Buy,,,False,21.1,-0.64,1.03,2.63,1.03,Green,False,"no ranked role (-0.6 runs/match); fair value Rs 1.03 cr. Likely price Rs 2.63 cr is above our ceiling: bid only up to Rs 1.03 cr, else take the backup",played 43% of team games in 3 yrs; small sample (79 balls); only available if CSK release him (projected),none within ceiling - prioritise this bid
KKR,mini_2027,Gurjapneet Singh,Gurjapneet Singh,Buy,Powerplay pacer,Powerplay pacer,False,28.1,-0.82,0.99,1.33,0.99,Green,False,"#28 of 42 powerplay pacers (-0.8 runs/match); fair value Rs 0.99 cr. Likely price Rs 1.33 cr is above our ceiling: bid only up to Rs 0.99 cr, else take the backup",played 57% of team games in 3 yrs; small sample (151 balls); only available if CSK release him (projected),"Simarjeet Singh (-2.2, ~Rs 0.81 cr)"
KKR,mini_2027,Suyash Sharma,Suyash Sharma,Buy,Wrist spinner,Wrist spinner,False,23.6,-0.89,0.97,1.4,0.97,Green,False,"#11 of 15 wrist spinners (-0.9 runs/match); fair value Rs 0.97 cr. Likely price Rs 1.40 cr is above our ceiling: bid only up to Rs 0.97 cr, else take the backup",only available if RCB release him (projected),none within ceiling - prioritise this bid
KKR,mini_2027,Vijay Shankar,V Shankar,Buy,Middle-order,Middle-order,False,35.9,-1.15,2.36,1.8,2.36,Green,False,#13 of 14 middle-orders (-1.1 runs/match); fair value Rs 2.36 cr,age 36; played 50% of team games in 3 yrs; small sample (163 balls),"Kartik Sharma (-0.8, ~Rs 1.09 cr)"
KKR,mini_2027,Sunil Narine,SP Narine,Retain,All-rounder,"Opener, Finger spinner, All-rounder",True,38.6,6.32,13.03,12.0,,,True,#1 of 9 all-rounders (+6.3 runs/match); salary Rs 12.00 cr is below fair value Rs 13.03 cr,age 39; overseas: international clashes,
KKR,mini_2027,Mustafizur Rahman,Mustafizur Rahman,Retain,Death pacer,Death pacer,True,31.3,2.98,6.33,9.2,,,True,#4 of 33 death pacers (+3.0 runs/match); salary Rs 9.20 cr is above fair value Rs 6.33 cr,played 41% of team games in 3 yrs; small sample (273 balls); overseas: international clashes,
KKR,mini_2027,Varun Chakravarthy,CV Varun,Retain,Wrist spinner,Wrist spinner,False,35.3,2.98,5.77,12.0,,,True,#1 of 15 wrist spinners (+3.0 runs/match); salary Rs 12.00 cr is above fair value Rs 5.77 cr,age 35,
KKR,mini_2027,Finn Allen,FH Allen,Retain,Opener,"Opener, Wicketkeeper",True,27.6,2.72,5.98,2.0,,,True,#8 of 29 openers (+2.7 runs/match); salary Rs 2.00 cr is below fair value Rs 5.98 cr,small sample (163 balls); overseas: international clashes,
KKR,mini_2027,Harshit Rana,Harshit Rana,Retain,Powerplay pacer,Powerplay pacer,False,25.0,0.82,1.41,4.0,,,True,#8 of 42 powerplay pacers (+0.8 runs/match); salary Rs 4.00 cr is above fair value Rs 1.41 cr,"Low: regular, consistent performer",
KKR,mini_2027,Angkrish Raghuvanshi,A Raghuvanshi,Retain,Anchor,"Anchor, Wicketkeeper",False,22.5,0.18,1.22,3.0,,,True,#15 of 26 anchors (+0.2 runs/match); salary Rs 3.00 cr is above fair value Rs 1.22 cr,"Low: regular, consistent performer",
KKR,mini_2027,Rinku Singh,RK Singh,Retain,Finisher,Finisher,False,29.2,-0.1,2.96,13.0,,,True,#10 of 30 finishers (-0.1 runs/match); salary Rs 13.00 cr is above fair value Rs 2.96 cr,"Low: regular, consistent performer",
KKR,mini_2027,Kartik Tyagi,Kartik Tyagi,Retain,Death pacer,Death pacer,False,26.1,-0.23,1.12,0.3,,,True,#16 of 33 death pacers (-0.2 runs/match); salary Rs 0.30 cr is below fair value Rs 1.12 cr,played 58% of team games in 3 yrs; volatile (season-to-season SD 2.2),
KKR,mini_2027,Manish Pandey,MK Pandey,Retain,Middle-order,Middle-order,False,37.3,0.18,3.15,0.75,,,False,#4 of 14 middle-orders (+0.2 runs/match); salary Rs 0.75 cr is below fair value Rs 3.15 cr,age 37; played 24% of team games in 3 yrs; small sample (145 balls),
KKR,mini_2027,Anukul Roy,AS Roy,Retain,Finger spinner,Finger spinner,False,28.0,0.11,1.2,0.4,,,False,#12 of 24 finger spinners (+0.1 runs/match); salary Rs 0.40 cr is below fair value Rs 1.20 cr,played 44% of team games in 3 yrs; small sample (264 balls),
KKR,mini_2027,Vaibhav Arora,VG Arora,Retain,Powerplay pacer,Powerplay pacer,False,29.0,-0.02,1.17,1.8,,,False,#19 of 42 powerplay pacers (-0.0 runs/match); salary Rs 1.80 cr is above fair value Rs 1.17 cr,"Low: regular, consistent performer",
KKR,mini_2027,Rovman Powell,R Powell,Retain,Finisher,Finisher,True,33.4,-0.46,3.01,1.5,,,False,#21 of 30 finishers (-0.5 runs/match); salary Rs 1.50 cr is below fair value Rs 3.01 cr,age 33; played 52% of team games in 3 yrs; small sample (214 balls); overseas: international clashes,
KKR,mini_2027,Matheesha Pathirana,M Pathirana,Release,Death pacer,Death pacer,True,24.0,1.1,4.21,,,,False,"+1.1 runs/match, #10 of 33 death pacers; salary Rs 18.00 cr vs fair value Rs 4.21 cr - frees Rs 18.00 cr of purse",played 45% of team games in 3 yrs; volatile (season-to-season SD 3.4); overseas: international clashes,
KKR,mini_2027,Ramandeep Singh,Ramandeep Singh,Release,Finisher,Finisher,False,29.7,-0.75,1.0,,,,False,"-0.8 runs/match, #24 of 30 finishers; salary Rs 4.00 cr vs fair value Rs 1.00 cr - frees Rs 4.00 cr of purse",small sample (185 balls),
KKR,mini_2027,Cameron Green,C Green,Release,All-rounder,"Anchor, Powerplay pacer, All-rounder",True,27.5,-1.21,2.56,,,,False,"-1.2 runs/match, #7 of 9 all-rounders; salary Rs 25.20 cr vs fair value Rs 2.56 cr - frees Rs 25.20 cr of purse",overseas: international clashes,
KKR,mini_2027,Ajinkya Rahane,AM Rahane,Release,Opener,Opener,False,38.5,-1.92,2.0,,,,False,"-1.9 runs/match, #26 of 29 openers; salary Rs 1.50 cr vs fair value Rs 2.00 cr - frees Rs 1.50 cr of purse",age 38,
KKR,mini_2027,Rachin Ravindra,R Ravindra,Release,Opener,Opener,True,27.1,-2.15,2.09,,,,False,"-2.2 runs/match, #28 of 29 openers; salary Rs 2.00 cr vs fair value Rs 2.09 cr - frees Rs 2.00 cr of purse",small sample (299 balls); overseas: international clashes,
KKR,mini_2027,Rahul Tripathi,RA Tripathi,Release,Anchor,Anchor,False,35.8,-2.16,1.89,,,,False,"-2.2 runs/match, #26 of 26 anchors; salary Rs 0.75 cr vs fair value Rs 1.89 cr - frees Rs 0.75 cr of purse",age 36; played 37% of team games in 3 yrs; small sample (172 balls),
KKR,mini_2027,Akash Deep,Akash Deep,Release,Powerplay pacer,Powerplay pacer,False,30.0,-4.47,1.15,,,,False,"-4.5 runs/match, #42 of 42 powerplay pacers; salary Rs 1.00 cr vs fair value Rs 1.15 cr - frees Rs 1.00 cr of purse",played 24% of team games in 3 yrs; small sample (139 balls),
KKR,mini_2027,Daksh Kamra,Daksh Kamra,Release,,,False,,,,,,,False,"no recent data, no ranked role; salary Rs 0.30 cr vs fair value n/a - frees Rs 0.30 cr of purse",no recent IPL data,
KKR,mini_2027,Prashant Solanki,PH Solanki,Release,,,False,26.8,,,,,,False,"no recent data, no ranked role; salary Rs 0.30 cr vs fair value n/a - frees Rs 0.30 cr of purse",no recent IPL data,
KKR,mini_2027,Sarthak Ranjan,Sarthak Ranjan,Release,,,False,30.2,,,,,,False,"no recent data, no ranked role; salary Rs 0.30 cr vs fair value n/a - frees Rs 0.30 cr of purse",no recent IPL data,
KKR,mini_2027,Tejasvi Singh,T Dahiya,Release,,,False,24.7,,,,,,False,"no recent data, no ranked role; salary Rs 3.00 cr vs fair value n/a - frees Rs 3.00 cr of purse",played 14% of team games in 3 yrs; no recent IPL data,
KKR,mini_2027,Tim Seifert,TL Seifert,Release,,,True,32.0,,,,,,False,"no recent data, no ranked role; salary Rs 1.50 cr vs fair value n/a - frees Rs 1.50 cr of purse",played 21% of team games in 3 yrs; no recent IPL data; overseas: international clashes,
KKR,mini_2027,Umran Malik,Umran Malik,Release,,,False,27.1,,,,,,False,"no recent data, no ranked role; salary Rs 0.75 cr vs fair value n/a - frees Rs 0.75 cr of purse",played 6% of team games in 3 yrs; no recent IPL data,
LSG,mini_2027,Jonny Bairstow,JM Bairstow,Buy,Opener,"Opener, Wicketkeeper",True,37.2,2.04,5.16,6.5,5.42,Amber,True,"#12 of 29 openers (+2.0 runs/match); fair value Rs 5.16 cr; fills Amber gap. Likely price Rs 6.50 cr is above our ceiling: bid only up to Rs 5.42 cr, else take the backup",age 37; played 43% of team games in 3 yrs; small sample (241 balls); overseas: international clashes,"Faf du Plessis (-1.6, ~Rs 2.61 cr)"
LSG,mini_2027,Moeen Ali,MM Ali,Buy,Finger spinner,Finger spinner,True,39.5,1.02,4.14,5.63,4.76,Red,True,"#7 of 24 finger spinners (+1.0 runs/match); fair value Rs 4.14 cr; fills Red gap. Likely price Rs 5.63 cr is above our ceiling: bid only up to Rs 4.76 cr, else take the backup",age 40; played 52% of team games in 3 yrs; small sample (256 balls); overseas: international clashes,"Glenn Maxwell (-0.4, ~Rs 3.33 cr)"
LSG,mini_2027,Mahipal Lomror,MK Lomror,Buy,,,False,27.1,0.15,1.22,1.48,1.22,Green,True,"no ranked role (+0.2 runs/match); fair value Rs 1.22 cr. Likely price Rs 1.48 cr is above our ceiling: bid only up to Rs 1.22 cr, else take the backup",small sample (74 balls),none within ceiling - prioritise this bid
LSG,mini_2027,Karn Sharma,KV Sharma,Buy,Wrist spinner,Wrist spinner,False,39.1,0.09,3.08,1.7,3.08,Green,True,#6 of 15 wrist spinners (+0.1 runs/match); fair value Rs 3.08 cr,age 39; played 48% of team games in 3 yrs; volatile (season-to-season SD 2.0); small sample (250 balls),"Suyash Sharma (-0.9, ~Rs 1.07 cr)"
LSG,mini_2027,Rasikh Salam,Rasikh Salam,Buy,Death pacer,Death pacer,False,26.7,0.02,1.18,2.22,1.24,Amber,True,"#14 of 33 death pacers (+0.0 runs/match); fair value Rs 1.18 cr; fills Amber gap. Likely price Rs 2.22 cr is above our ceiling: bid only up to Rs 1.24 cr, else take the backup",played 49% of team games in 3 yrs; volatile (season-to-season SD 2.2); only available if RCB release him (projected),"Akash Madhwal (-2.8, ~Rs 0.70 cr)"
LSG,mini_2027,Jake Fraser-McGurk,J Fraser-McGurk,Buy,Opener,Opener,True,24.7,0.26,3.52,5.04,3.7,Amber,False,"#18 of 29 openers (+0.3 runs/match); fair value Rs 3.52 cr; fills Amber gap. Likely price Rs 5.04 cr is above our ceiling: bid only up to Rs 3.70 cr, else take the backup",played 52% of team games in 3 yrs; volatile (season-to-season SD 4.7); small sample (193 balls); overseas: international clashes,"Faf du Plessis (-1.6, ~Rs 2.61 cr)"
LSG,mini_2027,Yash Dayal,Yash Dayal,Buy,Powerplay pacer,Powerplay pacer,False,29.0,-0.21,1.13,2.0,1.13,Green,False,"#22 of 42 powerplay pacers (-0.2 runs/match); fair value Rs 1.13 cr. Likely price Rs 2.00 cr is above our ceiling: bid only up to Rs 1.13 cr, else take the backup",only available if RCB release him (projected),"Simarjeet Singh (-2.2, ~Rs 0.81 cr)"
LSG,mini_2027,Naman Dhir,Naman Dhir,Buy,Finisher,Finisher,False,,-0.34,1.1,1.98,1.16,Amber,False,"#13 of 30 finishers (-0.3 runs/match); fair value Rs 1.10 cr; fills Amber gap. Likely price Rs 1.98 cr is above our ceiling: bid only up to Rs 1.16 cr, else take the backup",only available if MI release him (projected),none within ceiling - prioritise this bid
LSG,mini_2027,MS Dhoni,MS Dhoni,Buy,Finisher,"Finisher, Wicketkeeper",False,45.4,-0.4,1.08,1.78,1.13,Amber,False,"#18 of 30 finishers (-0.4 runs/match); fair value Rs 1.08 cr; fills Amber gap. Likely price Rs 1.78 cr is above our ceiling: bid only up to Rs 1.13 cr, else take the backup",age 45; small sample (218 balls); only available if CSK release him (projected),none within ceiling - prioritise this bid
LSG,mini_2027,Prashant Veer,PR Veer,Buy,,,False,21.1,-0.64,1.03,2.63,1.03,Green,False,"no ranked role (-0.6 runs/match); fair value Rs 1.03 cr. Likely price Rs 2.63 cr is above our ceiling: bid only up to Rs 1.03 cr, else take the backup",played 43% of team games in 3 yrs; small sample (79 balls); only available if CSK release him (projected),none within ceiling - prioritise this bid
LSG,mini_2027,Sandeep Sharma,Sandeep Sharma,Buy,Death pacer,Death pacer,False,33.6,-0.69,1.02,1.68,1.07,Amber,False,"#18 of 33 death pacers (-0.7 runs/match); fair value Rs 1.02 cr; fills Amber gap. Likely price Rs 1.68 cr is above our ceiling: bid only up to Rs 1.07 cr, else take the backup",age 34; played 58% of team games in 3 yrs; volatile (season-to-season SD 2.6); only available if RR release him (projected),"Akash Madhwal (-2.8, ~Rs 0.70 cr)"
LSG,mini_2027,Ramandeep Singh,Ramandeep Singh,Buy,Finisher,Finisher,False,29.7,-0.75,1.0,1.66,1.05,Amber,False,"#24 of 30 finishers (-0.8 runs/match); fair value Rs 1.00 cr; fills Amber gap. Likely price Rs 1.66 cr is above our ceiling: bid only up to Rs 1.05 cr, else take the backup",small sample (185 balls); only available if KKR release him (projected),none within ceiling - prioritise this bid
LSG,mini_2027,Kartik Sharma,Kartik Sharma,Buy,Middle-order,"Middle-order, Wicketkeeper",False,20.6,-0.79,0.99,2.54,0.99,Green,False,"#11 of 14 middle-orders (-0.8 runs/match); fair value Rs 0.99 cr. Likely price Rs 2.54 cr is above our ceiling: bid only up to Rs 0.99 cr, else take the backup",small sample (216 balls); only available if CSK release him (projected),none within ceiling - prioritise this bid
LSG,mini_2027,Gurjapneet Singh,Gurjapneet Singh,Buy,Powerplay pacer,Powerplay pacer,False,28.1,-0.82,0.99,1.33,0.99,Green,False,"#28 of 42 powerplay pacers (-0.8 runs/match); fair value Rs 0.99 cr. Likely price Rs 1.33 cr is above our ceiling: bid only up to Rs 0.99 cr, else take the backup",played 57% of team games in 3 yrs; small sample (151 balls); only available if CSK release him (projected),"Simarjeet Singh (-2.2, ~Rs 0.81 cr)"
LSG,mini_2027,Cameron Green,C Green,Buy,All-rounder,"Anchor, Powerplay pacer, All-rounder",True,27.5,-1.21,2.56,5.35,2.94,Red,False,"#7 of 9 all-rounders (-1.2 runs/match); fair value Rs 2.56 cr; fills Red gap. Likely price Rs 5.35 cr is above our ceiling: bid only up to Rs 2.94 cr, else take the backup",only available if KKR release him (projected); overseas: international clashes,"Hardik Pandya (-3.2, ~Rs 1.68 cr)"
LSG,mini_2027,Josh Inglis,JP Inglis,Retain,Anchor,"Anchor, Wicketkeeper",True,31.8,5.06,9.94,8.6,,,True,#1 of 26 anchors (+5.1 runs/match); salary Rs 8.60 cr is below fair value Rs 9.94 cr,played 53% of team games in 3 yrs; overseas: international clashes,
LSG,mini_2027,Mohsin Khan,Mohsin Khan,Retain,Powerplay pacer,Powerplay pacer,False,28.4,3.8,2.68,4.0,,,True,#2 of 42 powerplay pacers (+3.8 runs/match); salary Rs 4.00 cr is above fair value Rs 2.68 cr,"Low: regular, consistent performer",
LSG,mini_2027,Mitchell Marsh,MR Marsh,Retain,Opener,Opener,True,35.2,3.27,6.74,3.4,,,True,#5 of 29 openers (+3.3 runs/match); salary Rs 3.40 cr is below fair value Rs 6.74 cr,age 35; overseas: international clashes,
LSG,mini_2027,Prince Yadav,Prince Yadav,Retain,Death pacer,Death pacer,False,25.0,1.52,4.21,0.3,,,True,#8 of 33 death pacers (+1.5 runs/match); salary Rs 0.30 cr is below fair value Rs 4.21 cr,volatile (season-to-season SD 3.4),
LSG,mini_2027,Akash Singh,Akash Singh,Retain,,,False,24.6,1.5,1.63,0.3,,,True,no ranked role (+1.5 runs/match); salary Rs 0.30 cr is below fair value Rs 1.63 cr,played 18% of team games in 3 yrs; small sample (109 balls),
LSG,mini_2027,Mohammed Shami,Mohammed Shami,Retain,Powerplay pacer,Powerplay pacer,False,36.3,0.02,3.04,10.0,,,True,#18 of 42 powerplay pacers (+0.0 runs/match); salary Rs 10.00 cr is above fair value Rs 3.04 cr,age 36; volatile (season-to-season SD 3.1),
LSG,mini_2027,Manimaran Siddharth,M Siddharth,Retain,Finger spinner,Finger spinner,False,28.5,-0.03,1.17,0.75,,,True,#16 of 24 finger spinners (-0.0 runs/match); salary Rs 0.75 cr is below fair value Rs 1.17 cr,played 21% of team games in 3 yrs; small sample (186 balls),
LSG,mini_2027,Nicholas Pooran,N Pooran,Retain,Anchor,"Anchor, Wicketkeeper",True,31.2,1.33,4.43,21.0,,,False,#9 of 26 anchors (+1.3 runs/match); salary Rs 21.00 cr is above fair value Rs 4.43 cr,volatile (season-to-season SD 3.8); overseas: international clashes,
LSG,mini_2027,Wanindu Hasaranga,PWH de Silva,Retain,Wrist spinner,Wrist spinner,True,29.4,-0.38,3.06,2.0,,,False,#8 of 15 wrist spinners (-0.4 runs/match); salary Rs 2.00 cr is below fair value Rs 3.06 cr,small sample (261 balls); overseas: international clashes,
LSG,mini_2027,Himmat Singh,Himmat Singh,Retain,,,False,30.1,-0.86,0.98,0.3,,,False,no ranked role (-0.9 runs/match); salary Rs 0.30 cr is below fair value Rs 0.98 cr,played 32% of team games in 3 yrs; small sample (69 balls),
LSG,mini_2027,Ayush Badoni,A Badoni,Release,Middle-order,Middle-order,False,27.0,-0.48,1.06,,,,False,"-0.5 runs/match, #9 of 14 middle-orders; salary Rs 4.00 cr vs fair value Rs 1.06 cr - frees Rs 4.00 cr of purse","Low: regular, consistent performer",
LSG,mini_2027,Abdul Samad,Abdul Samad,Release,Finisher,Finisher,False,25.1,-0.53,1.05,,,,False,"-0.5 runs/match, #23 of 30 finishers; salary Rs 4.20 cr vs fair value Rs 1.05 cr - frees Rs 4.20 cr of purse",small sample (292 balls),
LSG,mini_2027,Mukul Choudhary,MD Choudhary,Release,Finisher,"Finisher, Wicketkeeper",False,22.4,-0.81,0.99,,,,False,"-0.8 runs/match, #27 of 30 finishers; salary Rs 2.60 cr vs fair value Rs 0.99 cr - frees Rs 2.60 cr of purse",small sample (120 balls),
LSG,mini_2027,Rishabh Pant,RR Pant,Release,Anchor,"Anchor, Wicketkeeper",False,29.2,-0.96,2.46,,,,False,"-1.0 runs/match, #20 of 26 anchors; salary Rs 27.00 cr vs fair value Rs 2.46 cr - frees Rs 27.00 cr of purse",volatile (season-to-season SD 2.4),
LSG,mini_2027,Digvesh Rathi,DS Rathi,Release,Wrist spinner,Wrist spinner,False,27.0,-1.42,0.87,,,,False,"-1.4 runs/match, #13 of 15 wrist spinners; salary Rs 0.30 cr vs fair value Rs 0.87 cr - frees Rs 0.30 cr of purse",volatile (season-to-season SD 3.4),
LSG,mini_2027,Aiden Markram,AK Markram,Release,Opener,Opener,True,32.2,-1.7,2.3,,,,False,"-1.7 runs/match, #23 of 29 openers; salary Rs 2.00 cr vs fair value Rs 2.30 cr - frees Rs 2.00 cr of purse",overseas: international clashes,
LSG,mini_2027,Shahbaz Ahmed,Shahbaz Ahmed,Release,Finisher,"Finisher, Finger spinner",False,32.0,-2.3,1.84,,,,False,"-2.3 runs/match, #17 of 30 finishers; salary Rs 2.40 cr vs fair value Rs 1.84 cr - frees Rs 2.40 cr of purse",played 55% of team games in 3 yrs,
LSG,mini_2027,Avesh Khan,Avesh Khan,Release,Death pacer,Death pacer,False,30.0,-2.49,1.77,,,,False,"-2.5 runs/match, #29 of 33 death pacers; salary Rs 9.75 cr vs fair value Rs 1.77 cr - frees Rs 9.75 cr of purse","Low: regular, consistent performer",
LSG,mini_2027,Anrich Nortje,A Nortje,Release,Death pacer,Death pacer,True,33.1,-2.71,1.85,,,,False,"-2.7 runs/match, #30 of 33 death pacers; salary Rs 2.00 cr vs fair value Rs 1.85 cr - frees Rs 2.00 cr of purse",age 33; played 22% of team games in 3 yrs; small sample (207 balls); overseas: international clashes,
LSG,mini_2027,Mayank Yadav,MP Yadav,Release,Powerplay pacer,Powerplay pacer,False,24.5,-3.36,1.46,,,,False,"-3.4 runs/match, #39 of 42 powerplay pacers; salary Rs 11.00 cr vs fair value Rs 1.46 cr - frees Rs 11.00 cr of purse",played 24% of team games in 3 yrs; small sample (222 balls),
LSG,mini_2027,Akshat Raghuwanshi,Akshat Raghuwanshi,Release,,,False,23.2,,,,,,False,"no recent data, no ranked role; salary Rs 2.20 cr vs fair value n/a - frees Rs 2.20 cr of purse",played 21% of team games in 3 yrs; no recent IPL data,
LSG,mini_2027,Arjun Tendulkar,Arjun Tendulkar,Release,,,False,27.2,,,,,,False,"no recent data, no ranked role; salary Rs 0.30 cr vs fair value n/a - frees Rs 0.30 cr of purse",played 7% of team games in 3 yrs; no recent IPL data,
LSG,mini_2027,Arshin Kulkarni,AA Kulkarni,Release,,,False,,,,,,,False,"no recent data, no ranked role; salary Rs 0.30 cr vs fair value n/a - frees Rs 0.30 cr of purse",played 14% of team games in 3 yrs; no recent IPL data,
LSG,mini_2027,Matthew Breetzke,MP Breetzke,Release,,,True,28.1,,,,,,False,"no recent data, no ranked role; salary Rs 0.75 cr vs fair value n/a - frees Rs 0.75 cr of purse",played 7% of team games in 3 yrs; no recent IPL data; overseas: international clashes,
LSG,mini_2027,Naman Tiwari,Naman Tiwari,Release,,,False,,,,,,,False,"no recent data, no ranked role; salary Rs 1.00 cr vs fair value n/a - frees Rs 1.00 cr of purse",no recent IPL data,
MI,mini_2027,Jonny Bairstow,JM Bairstow,Buy,Opener,"Opener, Wicketkeeper",True,37.2,2.04,5.16,6.5,5.16,Green,True,"#12 of 29 openers (+2.0 runs/match); fair value Rs 5.16 cr. Likely price Rs 6.50 cr is above our ceiling: bid only up to Rs 5.16 cr, else take the backup",age 37; played 43% of team games in 3 yrs; small sample (241 balls); overseas: international clashes,"Jake Fraser-McGurk (+0.3, ~Rs 3.87 cr)"
MI,mini_2027,Mahipal Lomror,MK Lomror,Buy,,,False,27.1,0.15,1.22,1.48,1.22,Green,True,"no ranked role (+0.2 runs/match); fair value Rs 1.22 cr. Likely price Rs 1.48 cr is above our ceiling: bid only up to Rs 1.22 cr, else take the backup",small sample (74 balls),none within ceiling - prioritise this bid
MI,mini_2027,Karn Sharma,KV Sharma,Buy,Wrist spinner,Wrist spinner,False,39.1,0.09,3.08,1.7,3.23,Amber,True,#6 of 15 wrist spinners (+0.1 runs/match); fair value Rs 3.08 cr; fills Amber gap,age 39; played 48% of team games in 3 yrs; volatile (season-to-season SD 2.0); small sample (250 balls),"Rahul Chahar (-1.0, ~Rs 2.66 cr)"
MI,mini_2027,Rasikh Salam,Rasikh Salam,Buy,Death pacer,Death pacer,False,26.7,0.02,1.18,2.22,1.18,Green,True,"#14 of 33 death pacers (+0.0 runs/match); fair value Rs 1.18 cr. Likely price Rs 2.22 cr is above our ceiling: bid only up to Rs 1.18 cr, else take the backup",played 49% of team games in 3 yrs; volatile (season-to-season SD 2.2); only available if RCB release him (projected),"Akash Madhwal (-2.8, ~Rs 0.70 cr)"
MI,mini_2027,Yash Dayal,Yash Dayal,Buy,Powerplay pacer,Powerplay pacer,False,29.0,-0.21,1.13,2.0,1.13,Green,True,"#22 of 42 powerplay pacers (-0.2 runs/match); fair value Rs 1.13 cr. Likely price Rs 2.00 cr is above our ceiling: bid only up to Rs 1.13 cr, else take the backup",only available if RCB release him (projected),"Simarjeet Singh (-2.2, ~Rs 0.81 cr)"
MI,mini_2027,Moeen Ali,MM Ali,Buy,Finger spinner,Finger spinner,True,39.5,1.02,4.14,5.63,4.14,Green,False,"#7 of 24 finger spinners (+1.0 runs/match); fair value Rs 4.14 cr. Likely price Rs 5.63 cr is above our ceiling: bid only up to Rs 4.14 cr, else take the backup",age 40; played 52% of team games in 3 yrs; small sample (256 balls); overseas: international clashes,"Glenn Maxwell (-0.4, ~Rs 3.33 cr)"
MI,mini_2027,MS Dhoni,MS Dhoni,Buy,Finisher,"Finisher, Wicketkeeper",False,45.4,-0.4,1.08,1.78,1.08,Green,False,"#18 of 30 finishers (-0.4 runs/match); fair value Rs 1.08 cr. Likely price Rs 1.78 cr is above our ceiling: bid only up to Rs 1.08 cr, else take the backup",age 45; small sample (218 balls); only available if CSK release him (projected),none within ceiling - prioritise this bid
MI,mini_2027,Prashant Veer,PR Veer,Buy,,,False,21.1,-0.64,1.03,2.63,1.03,Green,False,"no ranked role (-0.6 runs/match); fair value Rs 1.03 cr. Likely price Rs 2.63 cr is above our ceiling: bid only up to Rs 1.03 cr, else take the backup",played 43% of team games in 3 yrs; small sample (79 balls); only available if CSK release him (projected),none within ceiling - prioritise this bid
MI,mini_2027,Sandeep Sharma,Sandeep Sharma,Buy,Death pacer,Death pacer,False,33.6,-0.69,1.02,1.68,1.02,Green,False,"#18 of 33 death pacers (-0.7 runs/match); fair value Rs 1.02 cr. Likely price Rs 1.68 cr is above our ceiling: bid only up to Rs 1.02 cr, else take the backup",age 34; played 58% of team games in 3 yrs; volatile (season-to-season SD 2.6); only available if RR release him (projected),"Akash Madhwal (-2.8, ~Rs 0.70 cr)"
MI,mini_2027,Ramandeep Singh,Ramandeep Singh,Buy,Finisher,Finisher,False,29.7,-0.75,1.0,1.66,1.0,Green,False,"#24 of 30 finishers (-0.8 runs/match); fair value Rs 1.00 cr. Likely price Rs 1.66 cr is above our ceiling: bid only up to Rs 1.00 cr, else take the backup",small sample (185 balls); only available if KKR release him (projected),none within ceiling - prioritise this bid
MI,mini_2027,Kartik Sharma,Kartik Sharma,Buy,Middle-order,"Middle-order, Wicketkeeper",False,20.6,-0.79,0.99,2.54,0.99,Green,False,"#11 of 14 middle-orders (-0.8 runs/match); fair value Rs 0.99 cr. Likely price Rs 2.54 cr is above our ceiling: bid only up to Rs 0.99 cr, else take the backup",small sample (216 balls); only available if CSK release him (projected),none within ceiling - prioritise this bid
MI,mini_2027,Gurjapneet Singh,Gurjapneet Singh,Buy,Powerplay pacer,Powerplay pacer,False,28.1,-0.82,0.99,1.33,0.99,Green,False,"#28 of 42 powerplay pacers (-0.8 runs/match); fair value Rs 0.99 cr. Likely price Rs 1.33 cr is above our ceiling: bid only up to Rs 0.99 cr, else take the backup",played 57% of team games in 3 yrs; small sample (151 balls); only available if CSK release him (projected),"Simarjeet Singh (-2.2, ~Rs 0.81 cr)"
MI,mini_2027,Suyash Sharma,Suyash Sharma,Buy,Wrist spinner,Wrist spinner,False,23.6,-0.89,0.97,1.4,1.02,Amber,False,"#11 of 15 wrist spinners (-0.9 runs/match); fair value Rs 0.97 cr; fills Amber gap. Likely price Rs 1.40 cr is above our ceiling: bid only up to Rs 1.02 cr, else take the backup",only available if RCB release him (projected),none within ceiling - prioritise this bid
MI,mini_2027,Jasprit Bumrah,JJ Bumrah,Retain,Death pacer,Death pacer,False,33.0,4.82,8.59,18.0,,,True,#2 of 33 death pacers (+4.8 runs/match); salary Rs 18.00 cr is above fair value Rs 8.59 cr,age 33,
MI,mini_2027,Ryan Rickelton,RD Rickelton,Retain,Opener,"Opener, Wicketkeeper",True,30.4,2.53,5.74,1.0,,,True,#9 of 29 openers (+2.5 runs/match); salary Rs 1.00 cr is below fair value Rs 5.74 cr,overseas: international clashes,
MI,mini_2027,Corbin Bosch,C Bosch,Retain,All-rounder,"Death pacer, All-rounder",True,32.3,1.96,5.07,0.75,,,True,#2 of 9 all-rounders (+2.0 runs/match); salary Rs 0.75 cr is below fair value Rs 5.07 cr,played 30% of team games in 3 yrs; small sample (226 balls); overseas: international clashes,
MI,mini_2027,Allah Ghazanfar,AM Ghazanfar,Retain,Finger spinner,Finger spinner,True,20.7,1.77,4.88,4.8,,,True,#5 of 24 finger spinners (+1.8 runs/match); salary Rs 4.80 cr is below fair value Rs 4.88 cr,small sample (236 balls); overseas: international clashes,
MI,mini_2027,Suryakumar Yadav,SA Yadav,Retain,Anchor,Anchor,False,36.3,1.65,4.32,16.35,,,True,#7 of 26 anchors (+1.7 runs/match); salary Rs 16.35 cr is above fair value Rs 4.32 cr,age 36; volatile (season-to-season SD 3.7),
MI,mini_2027,Ashwani Kumar,Ashwani Kumar,Retain,Powerplay pacer,Powerplay pacer,False,25.3,0.87,1.42,0.3,,,True,#10 of 42 powerplay pacers (+0.9 runs/match); salary Rs 0.30 cr is below fair value Rs 1.42 cr,played 33% of team games in 3 yrs; small sample (189 balls),
MI,mini_2027,Deepak Chahar,DL Chahar,Retain,Powerplay pacer,Powerplay pacer,False,34.4,0.52,3.38,9.25,,,True,#12 of 42 powerplay pacers (+0.5 runs/match); salary Rs 9.25 cr is above fair value Rs 3.38 cr,age 34,
MI,mini_2027,Mitchell Santner,MJ Santner,Retain,Finger spinner,Finger spinner,True,34.9,1.1,4.21,2.0,,,False,#8 of 24 finger spinners (+1.1 runs/match); salary Rs 2.00 cr is below fair value Rs 4.21 cr,age 35; played 45% of team games in 3 yrs; overseas: international clashes,
MI,mini_2027,Will Jacks,WG Jacks,Retain,Anchor,"Anchor, Finger spinner",True,28.1,0.29,3.54,5.25,,,False,#12 of 26 anchors (+0.3 runs/match); salary Rs 5.25 cr is above fair value Rs 3.54 cr,overseas: international clashes,
MI,mini_2027,Sherfane Rutherford,SE Rutherford,Retain,Finisher,Finisher,True,28.3,0.17,3.45,2.6,,,False,#7 of 30 finishers (+0.2 runs/match); salary Rs 2.60 cr is below fair value Rs 3.45 cr,small sample (260 balls); overseas: international clashes,
MI,mini_2027,Raghu Sharma,Raghu Sharma,Retain,,,False,33.8,-0.54,1.05,0.3,,,False,no ranked role (-0.5 runs/match); salary Rs 0.30 cr is below fair value Rs 1.05 cr,age 34; played 43% of team games in 3 yrs; small sample (90 balls),
MI,mini_2027,Robin Minz,R Minz,Retain,,,False,24.3,,,0.65,,,False,no ranked role (no recent data); salary Rs 0.65 cr is above fair value n/a,played 13% of team games in 3 yrs; no recent IPL data,
MI,mini_2027,Rohit Sharma,RG Sharma,Release,Opener,Opener,False,39.6,-0.04,3.0,,,,False,"-0.0 runs/match, #19 of 29 openers; salary Rs 16.30 cr vs fair value Rs 3.00 cr - frees Rs 16.30 cr of purse",age 40,
MI,mini_2027,Tilak Varma,Tilak Varma,Release,Middle-order,Middle-order,False,24.1,-0.24,2.87,,,,False,"-0.2 runs/match, #8 of 14 middle-orders; salary Rs 8.00 cr vs fair value Rs 2.87 cr - frees Rs 8.00 cr of purse","Low: regular, consistent performer",
MI,mini_2027,Naman Dhir,Naman Dhir,Release,Finisher,Finisher,False,,-0.34,1.1,,,,False,"-0.3 runs/match, #13 of 30 finishers; salary Rs 5.25 cr vs fair value Rs 1.10 cr - frees Rs 5.25 cr of purse","Low: regular, consistent performer",
MI,mini_2027,Trent Boult,TA Boult,Release,Powerplay pacer,Powerplay pacer,True,37.4,-0.69,2.86,,,,False,"-0.7 runs/match, #26 of 42 powerplay pacers; salary Rs 12.50 cr vs fair value Rs 2.86 cr - frees Rs 12.50 cr of purse",age 37; volatile (season-to-season SD 4.4); overseas: international clashes,
MI,mini_2027,Quinton de Kock,Q de Kock,Release,Opener,"Opener, Wicketkeeper",True,34.0,-1.1,2.62,,,,False,"-1.1 runs/match, #22 of 29 openers; salary Rs 1.00 cr vs fair value Rs 2.62 cr - frees Rs 1.00 cr of purse",age 34; played 54% of team games in 3 yrs; volatile (season-to-season SD 2.3); overseas: international clashes,
MI,mini_2027,Shardul Thakur,SN Thakur,Release,Death pacer,Death pacer,False,35.2,-2.04,1.95,,,,False,"-2.0 runs/match, #22 of 33 death pacers; salary Rs 2.00 cr vs fair value Rs 1.95 cr - frees Rs 2.00 cr of purse",age 35,
MI,mini_2027,Mayank Markande,M Markande,Release,Wrist spinner,Wrist spinner,False,29.1,-2.79,1.65,,,,False,"-2.8 runs/match, #15 of 15 wrist spinners; salary Rs 0.30 cr vs fair value Rs 1.65 cr - frees Rs 0.30 cr of purse",played 33% of team games in 3 yrs; small sample (162 balls),
MI,mini_2027,Hardik Pandya,HH Pandya,Release,All-rounder,"Finisher, Powerplay pacer, All-rounder",False,33.2,-3.16,1.53,,,,False,"-3.2 runs/match, #8 of 9 all-rounders; salary Rs 16.35 cr vs fair value Rs 1.53 cr - frees Rs 16.35 cr of purse",age 33,
MI,mini_2027,Atharva Ankolekar,Atharva Ankolekar,Release,,,False,26.2,,,,,,False,"no recent data, no ranked role; salary Rs 0.30 cr vs fair value n/a - frees Rs 0.30 cr of purse",no recent IPL data,
MI,mini_2027,Danish Malewar,DV Malewar,Release,,,False,23.2,,,,,,False,"no recent data, no ranked role; salary Rs 0.30 cr vs fair value n/a - frees Rs 0.30 cr of purse",played 14% of team games in 3 yrs; no recent IPL data,
MI,mini_2027,Mayank Rawat,Mayank Rawat,Release,,,False,,,,,,,False,"no recent data, no ranked role; salary Rs 0.30 cr vs fair value n/a - frees Rs 0.30 cr of purse",played 7% of team games in 3 yrs; no recent IPL data,
MI,mini_2027,Mohammad Izhar,Mohammad Izhar,Release,,,False,,,,,,,False,"no recent data, no ranked role; salary Rs 0.30 cr vs fair value n/a - frees Rs 0.30 cr of purse",no recent IPL data,
MI,mini_2027,Raj Angad Bawa,RA Bawa,Release,,,False,24.1,,,,,,False,"no recent data, no ranked role; salary Rs 0.30 cr vs fair value n/a - frees Rs 0.30 cr of purse",played 20% of team games in 3 yrs; no recent IPL data,
PBKS,mini_2027,Jonny Bairstow,JM Bairstow,Buy,Opener,"Opener, Wicketkeeper",True,37.2,2.04,5.16,6.5,5.16,Green,True,"#12 of 29 openers (+2.0 runs/match); fair value Rs 5.16 cr. Likely price Rs 6.50 cr is above our ceiling: bid only up to Rs 5.16 cr, else take the backup",age 37; played 43% of team games in 3 yrs; small sample (241 balls); overseas: international clashes,"Jake Fraser-McGurk (+0.3, ~Rs 3.87 cr)"
PBKS,mini_2027,Moeen Ali,MM Ali,Buy,Finger spinner,Finger spinner,True,39.5,1.02,4.14,5.63,4.14,Green,True,"#7 of 24 finger spinners (+1.0 runs/match); fair value Rs 4.14 cr. Likely price Rs 5.63 cr is above our ceiling: bid only up to Rs 4.14 cr, else take the backup",age 40; played 52% of team games in 3 yrs; small sample (256 balls); overseas: international clashes,"Glenn Maxwell (-0.4, ~Rs 3.33 cr)"
PBKS,mini_2027,Karn Sharma,KV Sharma,Buy,Wrist spinner,Wrist spinner,False,39.1,0.09,3.08,1.7,3.08,Green,True,#6 of 15 wrist spinners (+0.1 runs/match); fair value Rs 3.08 cr,age 39; played 48% of team games in 3 yrs; volatile (season-to-season SD 2.0); small sample (250 balls),"Rahul Chahar (-1.0, ~Rs 2.66 cr)"
PBKS,mini_2027,Rasikh Salam,Rasikh Salam,Buy,Death pacer,Death pacer,False,26.7,0.02,1.18,2.22,1.24,Amber,True,"#14 of 33 death pacers (+0.0 runs/match); fair value Rs 1.18 cr; fills Amber gap. Likely price Rs 2.22 cr is above our ceiling: bid only up to Rs 1.24 cr, else take the backup",played 49% of team games in 3 yrs; volatile (season-to-season SD 2.2); only available if RCB release him (projected),"Akash Madhwal (-2.8, ~Rs 0.70 cr)"
PBKS,mini_2027,Mahipal Lomror,MK Lomror,Buy,,,False,27.1,0.15,1.22,1.48,1.22,Green,False,"no ranked role (+0.2 runs/match); fair value Rs 1.22 cr. Likely price Rs 1.48 cr is above our ceiling: bid only up to Rs 1.22 cr, else take the backup",small sample (74 balls),none within ceiling - prioritise this bid
PBKS,mini_2027,Yash Dayal,Yash Dayal,Buy,Powerplay pacer,Powerplay pacer,False,29.0,-0.21,1.13,2.0,1.19,Amber,False,"#22 of 42 powerplay pacers (-0.2 runs/match); fair value Rs 1.13 cr; fills Amber gap. Likely price Rs 2.00 cr is above our ceiling: bid only up to Rs 1.19 cr, else take the backup",only available if RCB release him (projected),"Simarjeet Singh (-2.2, ~Rs 0.81 cr)"
PBKS,mini_2027,Naman Dhir,Naman Dhir,Buy,Finisher,Finisher,False,,-0.34,1.1,1.98,1.16,Amber,False,"#13 of 30 finishers (-0.3 runs/match); fair value Rs 1.10 cr; fills Amber gap. Likely price Rs 1.98 cr is above our ceiling: bid only up to Rs 1.16 cr, else take the backup",only available if MI release him (projected),"Ramandeep Singh (-0.8, ~Rs 1.10 cr)"
PBKS,mini_2027,MS Dhoni,MS Dhoni,Buy,Finisher,"Finisher, Wicketkeeper",False,45.4,-0.4,1.08,1.78,1.13,Amber,False,"#18 of 30 finishers (-0.4 runs/match); fair value Rs 1.08 cr; fills Amber gap. Likely price Rs 1.78 cr is above our ceiling: bid only up to Rs 1.13 cr, else take the backup",age 45; small sample (218 balls); only available if CSK release him (projected),"Ramandeep Singh (-0.8, ~Rs 1.10 cr)"
PBKS,mini_2027,Prashant Veer,PR Veer,Buy,,,False,21.1,-0.64,1.03,2.63,1.03,Green,False,"no ranked role (-0.6 runs/match); fair value Rs 1.03 cr. Likely price Rs 2.63 cr is above our ceiling: bid only up to Rs 1.03 cr, else take the backup",played 43% of team games in 3 yrs; small sample (79 balls); only available if CSK release him (projected),none within ceiling - prioritise this bid
PBKS,mini_2027,Sandeep Sharma,Sandeep Sharma,Buy,Death pacer,Death pacer,False,33.6,-0.69,1.02,1.68,1.07,Amber,False,"#18 of 33 death pacers (-0.7 runs/match); fair value Rs 1.02 cr; fills Amber gap. Likely price Rs 1.68 cr is above our ceiling: bid only up to Rs 1.07 cr, else take the backup",age 34; played 58% of team games in 3 yrs; volatile (season-to-season SD 2.6); only available if RR release him (projected),"Akash Madhwal (-2.8, ~Rs 0.70 cr)"
PBKS,mini_2027,Gurjapneet Singh,Gurjapneet Singh,Buy,Powerplay pacer,Powerplay pacer,False,28.1,-0.82,0.99,1.33,1.04,Amber,False,"#28 of 42 powerplay pacers (-0.8 runs/match); fair value Rs 0.99 cr; fills Amber gap. Likely price Rs 1.33 cr is above our ceiling: bid only up to Rs 1.04 cr, else take the backup",played 57% of team games in 3 yrs; small sample (151 balls); only available if CSK release him (projected),"Simarjeet Singh (-2.2, ~Rs 0.81 cr)"
PBKS,mini_2027,Suyash Sharma,Suyash Sharma,Buy,Wrist spinner,Wrist spinner,False,23.6,-0.89,0.97,1.4,0.97,Green,False,"#11 of 15 wrist spinners (-0.9 runs/match); fair value Rs 0.97 cr. Likely price Rs 1.40 cr is above our ceiling: bid only up to Rs 0.97 cr, else take the backup",only available if RCB release him (projected),none within ceiling - prioritise this bid
PBKS,mini_2027,Cameron Green,C Green,Buy,All-rounder,"Anchor, Powerplay pacer, All-rounder",True,27.5,-1.21,2.56,5.35,2.94,Red,False,"#7 of 9 all-rounders (-1.2 runs/match); fair value Rs 2.56 cr; fills Red gap. Likely price Rs 5.35 cr is above our ceiling: bid only up to Rs 2.94 cr, else take the backup",only available if KKR release him (projected); overseas: international clashes,"Hardik Pandya (-3.2, ~Rs 1.68 cr)"
PBKS,mini_2027,Shreyas Iyer,SS Iyer,Retain,Anchor,Anchor,False,32.0,3.05,5.86,26.75,,,True,#3 of 26 anchors (+3.1 runs/match); salary Rs 26.75 cr is above fair value Rs 5.86 cr,"Low: regular, consistent performer",
PBKS,mini_2027,Cooper Connolly,C Connolly,Retain,Anchor,Anchor,True,23.3,2.65,5.9,3.0,,,True,#4 of 26 anchors (+2.7 runs/match); salary Rs 3.00 cr is below fair value Rs 5.90 cr,overseas: international clashes,
PBKS,mini_2027,Prabhsimran Singh,P Simran Singh,Retain,Opener,"Opener, Wicketkeeper",False,26.3,2.46,2.0,4.0,,,True,#10 of 29 openers (+2.5 runs/match); salary Rs 4.00 cr is above fair value Rs 2.00 cr,"Low: regular, consistent performer",
PBKS,mini_2027,Harpreet Brar,Harpreet Brar,Retain,Finger spinner,Finger spinner,False,31.2,2.09,1.85,1.5,,,True,#3 of 24 finger spinners (+2.1 runs/match); salary Rs 1.50 cr is below fair value Rs 1.85 cr,played 50% of team games in 3 yrs,
PBKS,mini_2027,Priyansh Arya,Priyansh Arya,Retain,Opener,Opener,False,25.2,1.67,1.69,3.8,,,True,#13 of 29 openers (+1.7 runs/match); salary Rs 3.80 cr is above fair value Rs 1.69 cr,"Low: regular, consistent performer",
PBKS,mini_2027,Shashank Singh,Shashank Singh,Retain,Finisher,Finisher,False,35.1,0.8,1.4,5.5,,,True,#5 of 30 finishers (+0.8 runs/match); salary Rs 5.50 cr is above fair value Rs 1.40 cr,age 35,
PBKS,mini_2027,Suryansh Shedge,Suryansh Shedge,Retain,,,False,23.9,0.66,3.49,0.3,,,True,no ranked role (+0.7 runs/match); salary Rs 0.30 cr is below fair value Rs 3.49 cr,played 38% of team games in 3 yrs; small sample (119 balls),
PBKS,mini_2027,Marcus Stoinis,MP Stoinis,Retain,Middle-order,"Middle-order, Powerplay pacer",True,37.3,0.05,3.36,11.0,,,True,#2 of 14 middle-orders (+0.1 runs/match); salary Rs 11.00 cr is above fair value Rs 3.36 cr,age 37; overseas: international clashes,
PBKS,mini_2027,Azmatullah Omarzai,Azmatullah Omarzai,Retain,Powerplay pacer,Powerplay pacer,True,26.7,-0.41,3.04,2.4,,,False,#23 of 42 powerplay pacers (-0.4 runs/match); salary Rs 2.40 cr is below fair value Rs 3.04 cr,played 45% of team games in 3 yrs; overseas: international clashes,
PBKS,mini_2027,Arshdeep Singh,Arshdeep Singh,Release,Death pacer,Death pacer,False,27.9,0.3,3.23,,,,False,"+0.3 runs/match, #13 of 33 death pacers; salary Rs 18.00 cr vs fair value Rs 3.23 cr - frees Rs 18.00 cr of purse","Low: regular, consistent performer",
PBKS,mini_2027,Yuzvendra Chahal,YS Chahal,Release,Wrist spinner,Wrist spinner,False,36.4,-0.04,3.0,,,,False,"-0.0 runs/match, #7 of 15 wrist spinners; salary Rs 18.00 cr vs fair value Rs 3.00 cr - frees Rs 18.00 cr of purse",age 36,
PBKS,mini_2027,Nehal Wadhera,N Wadhera,Release,Middle-order,Middle-order,False,26.3,-0.7,1.01,,,,False,"-0.7 runs/match, #10 of 14 middle-orders; salary Rs 4.20 cr vs fair value Rs 1.01 cr - frees Rs 4.20 cr of purse","Low: regular, consistent performer",
PBKS,mini_2027,Lockie Ferguson,LH Ferguson,Release,Death pacer,Death pacer,True,35.5,-2.1,2.11,,,,False,"-2.1 runs/match, #24 of 33 death pacers; salary Rs 2.00 cr vs fair value Rs 2.11 cr - frees Rs 2.00 cr of purse",age 36; played 30% of team games in 3 yrs; small sample (280 balls); overseas: international clashes,
PBKS,mini_2027,Yash Thakur,Yash Thakur,Release,Death pacer,Death pacer,False,28.0,-2.14,1.91,,,,False,"-2.1 runs/match, #25 of 33 death pacers; salary Rs 1.60 cr vs fair value Rs 1.91 cr - frees Rs 1.60 cr of purse",played 28% of team games in 3 yrs; small sample (276 balls),
PBKS,mini_2027,Vijaykumar Vyshak,Vijaykumar Vyshak,Release,Powerplay pacer,Powerplay pacer,False,29.9,-2.2,0.73,,,,False,"-2.2 runs/match, #35 of 42 powerplay pacers; salary Rs 1.80 cr vs fair value Rs 0.73 cr - frees Rs 1.80 cr of purse",played 40% of team games in 3 yrs,
PBKS,mini_2027,Marco Jansen,M Jansen,Release,Finisher,"Finisher, Powerplay pacer",True,26.6,-2.9,1.77,,,,False,"-2.9 runs/match, #22 of 30 finishers; salary Rs 7.00 cr vs fair value Rs 1.77 cr - frees Rs 7.00 cr of purse",overseas: international clashes,
PBKS,mini_2027,Xavier Bartlett,XC Bartlett,Release,Powerplay pacer,Powerplay pacer,True,28.0,-3.53,1.55,,,,False,"-3.5 runs/match, #40 of 42 powerplay pacers; salary Rs 0.80 cr vs fair value Rs 1.55 cr - frees Rs 0.80 cr of purse",played 41% of team games in 3 yrs; small sample (289 balls); overseas: international clashes,
PBKS,mini_2027,Ben Dwarshuis,BJ Dwarshuis,Release,,,True,32.5,,,,,,False,"no recent data, no ranked role; salary Rs 4.40 cr vs fair value n/a - frees Rs 4.40 cr of purse",played 7% of team games in 3 yrs; no recent IPL data; overseas: international clashes,
PBKS,mini_2027,Harnoor Pannu,Harnoor Pannu,Release,,,False,,,,,,,False,"no recent data, no ranked role; salary Rs 0.30 cr vs fair value n/a - frees Rs 0.30 cr of purse",no recent IPL data,
PBKS,mini_2027,Mitchell Owen,MJ Owen,Release,,,True,25.2,,,,,,False,"no recent data, no ranked role; salary Rs 3.00 cr vs fair value n/a - frees Rs 3.00 cr of purse",played 6% of team games in 3 yrs; no recent IPL data; overseas: international clashes,
PBKS,mini_2027,Musheer Khan,Musheer Khan,Release,,,False,21.8,,,,,,False,"no recent data, no ranked role; salary Rs 0.30 cr vs fair value n/a - frees Rs 0.30 cr of purse",played 6% of team games in 3 yrs; no recent IPL data,
PBKS,mini_2027,Praveen Dubey,P Dubey,Release,,,False,33.5,,,,,,False,"no recent data, no ranked role; salary Rs 0.30 cr vs fair value n/a - frees Rs 0.30 cr of purse",age 34; played 6% of team games in 3 yrs; no recent IPL data,
PBKS,mini_2027,Pyla Avinash,Pyla Avinash,Release,,,False,,,,,,,False,"no recent data, no ranked role; salary Rs 0.30 cr vs fair value n/a - frees Rs 0.30 cr of purse",no recent IPL data,
PBKS,mini_2027,Vishal Nishad,Vishal Nishad,Release,,,False,,,,,,,False,"no recent data, no ranked role; salary Rs 0.30 cr vs fair value n/a - frees Rs 0.30 cr of purse",no recent IPL data,
PBKS,mini_2027,Vishnu Vinod,Vishnu Vinod,Release,,,False,33.0,,,,,,False,"no recent data, no ranked role; salary Rs 0.95 cr vs fair value n/a - frees Rs 0.95 cr of purse",age 33; played 7% of team games in 3 yrs; no recent IPL data,
RR,mini_2027,Jonny Bairstow,JM Bairstow,Buy,Opener,"Opener, Wicketkeeper",True,37.2,2.04,5.16,6.5,5.42,Amber,True,"#12 of 29 openers (+2.0 runs/match); fair value Rs 5.16 cr; fills Amber gap. Likely price Rs 6.50 cr is above our ceiling: bid only up to Rs 5.42 cr, else take the backup",age 37; played 43% of team games in 3 yrs; small sample (241 balls); overseas: international clashes,"Jake Fraser-McGurk (+0.3, ~Rs 3.87 cr)"
RR,mini_2027,Moeen Ali,MM Ali,Buy,Finger spinner,Finger spinner,True,39.5,1.02,4.14,5.63,4.14,Green,True,"#7 of 24 finger spinners (+1.0 runs/match); fair value Rs 4.14 cr. Likely price Rs 5.63 cr is above our ceiling: bid only up to Rs 4.14 cr, else take the backup",age 40; played 52% of team games in 3 yrs; small sample (256 balls); overseas: international clashes,"Glenn Maxwell (-0.4, ~Rs 3.33 cr)"
RR,mini_2027,Karn Sharma,KV Sharma,Buy,Wrist spinner,Wrist spinner,False,39.1,0.09,3.08,1.7,3.08,Green,True,#6 of 15 wrist spinners (+0.1 runs/match); fair value Rs 3.08 cr,age 39; played 48% of team games in 3 yrs; volatile (season-to-season SD 2.0); small sample (250 balls),"Rahul Chahar (-1.0, ~Rs 2.66 cr)"
RR,mini_2027,Rasikh Salam,Rasikh Salam,Buy,Death pacer,Death pacer,False,26.7,0.02,1.18,2.22,1.18,Green,True,"#14 of 33 death pacers (+0.0 runs/match); fair value Rs 1.18 cr. Likely price Rs 2.22 cr is above our ceiling: bid only up to Rs 1.18 cr, else take the backup",played 49% of team games in 3 yrs; volatile (season-to-season SD 2.2); only available if RCB release him (projected),"Akash Madhwal (-2.8, ~Rs 0.70 cr)"
RR,mini_2027,Mahipal Lomror,MK Lomror,Buy,,,False,27.1,0.15,1.22,1.48,1.22,Green,False,"no ranked role (+0.2 runs/match); fair value Rs 1.22 cr. Likely price Rs 1.48 cr is above our ceiling: bid only up to Rs 1.22 cr, else take the backup",small sample (74 balls),none within ceiling - prioritise this bid
RR,mini_2027,Yash Dayal,Yash Dayal,Buy,Powerplay pacer,Powerplay pacer,False,29.0,-0.21,1.13,2.0,1.13,Green,False,"#22 of 42 powerplay pacers (-0.2 runs/match); fair value Rs 1.13 cr. Likely price Rs 2.00 cr is above our ceiling: bid only up to Rs 1.13 cr, else take the backup",only available if RCB release him (projected),"Simarjeet Singh (-2.2, ~Rs 0.81 cr)"
RR,mini_2027,Naman Dhir,Naman Dhir,Buy,Finisher,Finisher,False,,-0.34,1.1,1.98,1.1,Green,False,"#13 of 30 finishers (-0.3 runs/match); fair value Rs 1.10 cr. Likely price Rs 1.98 cr is above our ceiling: bid only up to Rs 1.10 cr, else take the backup",only available if MI release him (projected),none within ceiling - prioritise this bid
RR,mini_2027,MS Dhoni,MS Dhoni,Buy,Finisher,"Finisher, Wicketkeeper",False,45.4,-0.4,1.08,1.78,1.13,Amber,False,"#18 of 30 finishers (-0.4 runs/match); fair value Rs 1.08 cr; fills Amber gap. Likely price Rs 1.78 cr is above our ceiling: bid only up to Rs 1.13 cr, else take the backup",age 45; small sample (218 balls); only available if CSK release him (projected),"Ramandeep Singh (-0.8, ~Rs 1.10 cr)"
RR,mini_2027,Gurjapneet Singh,Gurjapneet Singh,Buy,Powerplay pacer,Powerplay pacer,False,28.1,-0.82,0.99,1.33,0.99,Green,False,"#28 of 42 powerplay pacers (-0.8 runs/match); fair value Rs 0.99 cr. Likely price Rs 1.33 cr is above our ceiling: bid only up to Rs 0.99 cr, else take the backup",played 57% of team games in 3 yrs; small sample (151 balls); only available if CSK release him (projected),"Simarjeet Singh (-2.2, ~Rs 0.81 cr)"
RR,mini_2027,Suyash Sharma,Suyash Sharma,Buy,Wrist spinner,Wrist spinner,False,23.6,-0.89,0.97,1.4,0.97,Green,False,"#11 of 15 wrist spinners (-0.9 runs/match); fair value Rs 0.97 cr. Likely price Rs 1.40 cr is above our ceiling: bid only up to Rs 0.97 cr, else take the backup",only available if RCB release him (projected),none within ceiling - prioritise this bid
RR,mini_2027,Vaibhav Sooryavanshi,V Suryavanshi,Retain,Opener,Opener,False,15.7,9.33,22.77,1.1,,,True,#1 of 29 openers (+9.3 runs/match); salary Rs 1.10 cr is below fair value Rs 22.77 cr,"Low: regular, consistent performer",
RR,mini_2027,Jofra Archer,JC Archer,Retain,Powerplay pacer,Powerplay pacer,True,31.7,3.35,6.86,12.5,,,True,#3 of 42 powerplay pacers (+3.4 runs/match); salary Rs 12.50 cr is above fair value Rs 6.86 cr,overseas: international clashes,
RR,mini_2027,Vignesh Puthur,V Puthur,Retain,,,False,25.8,1.51,1.63,0.3,,,True,no ranked role (+1.5 runs/match); salary Rs 0.30 cr is below fair value Rs 1.63 cr,played 31% of team games in 3 yrs; small sample (72 balls),
RR,mini_2027,Riyan Parag,R Parag,Retain,Anchor,"Anchor, Finger spinner",False,25.1,1.18,3.91,14.0,,,True,#10 of 26 anchors (+1.2 runs/match); salary Rs 14.00 cr is above fair value Rs 3.91 cr,"Low: regular, consistent performer",
RR,mini_2027,Donovan Ferreira,D Ferreira,Retain,Finisher,"Finisher, Wicketkeeper",True,28.4,0.78,3.93,1.0,,,True,#3 of 30 finishers (+0.8 runs/match); salary Rs 1.00 cr is below fair value Rs 3.93 cr,played 39% of team games in 3 yrs; small sample (209 balls); overseas: international clashes,
RR,mini_2027,Ravindra Jadeja,RA Jadeja,Retain,All-rounder,"Finisher, Finger spinner, All-rounder",False,38.0,0.28,3.21,14.0,,,True,#6 of 9 all-rounders (+0.3 runs/match); salary Rs 14.00 cr is above fair value Rs 3.21 cr,age 38,
RR,mini_2027,Dhruv Jurel,Dhruv Jurel,Retain,Middle-order,"Middle-order, Wicketkeeper",False,25.9,0.18,3.15,14.0,,,True,#3 of 14 middle-orders (+0.2 runs/match); salary Rs 14.00 cr is above fair value Rs 3.15 cr,"Low: regular, consistent performer",
RR,mini_2027,Ravi Bishnoi,Ravi Bishnoi,Retain,Wrist spinner,Wrist spinner,False,26.3,-0.29,2.84,7.2,,,True,#9 of 15 wrist spinners (-0.3 runs/match); salary Rs 7.20 cr is above fair value Rs 2.84 cr,volatile (season-to-season SD 2.6),
RR,mini_2027,Nandre Burger,N Burger,Retain,Powerplay pacer,Powerplay pacer,True,31.3,0.77,3.92,3.5,,,False,#11 of 42 powerplay pacers (+0.8 runs/match); salary Rs 3.50 cr is below fair value Rs 3.92 cr,played 58% of team games in 3 yrs; overseas: international clashes,
RR,mini_2027,Yash Raj Punja,Yash Raj Punja,Retain,Finger spinner,Finger spinner,False,,0.25,1.24,0.3,,,False,#13 of 24 finger spinners (+0.3 runs/match); salary Rs 0.30 cr is below fair value Rs 1.24 cr,played 50% of team games in 3 yrs; small sample (180 balls),
RR,mini_2027,Kuldeep Sen,KR Sen,Retain,,,False,30.1,0.19,3.15,0.75,,,False,no ranked role (+0.2 runs/match); salary Rs 0.75 cr is below fair value Rs 3.15 cr,played 20% of team games in 3 yrs; small sample (72 balls),
RR,mini_2027,Shubham Dubey,SB Dubey,Retain,Finisher,Finisher,False,32.3,-0.37,1.09,0.8,,,False,#16 of 30 finishers (-0.4 runs/match); salary Rs 0.80 cr is below fair value Rs 1.09 cr,played 44% of team games in 3 yrs; small sample (143 balls),
RR,mini_2027,Yudhvir Singh,Yudhvir Singh,Retain,,,False,29.3,-1.06,0.94,0.35,,,False,no ranked role (-1.1 runs/match); salary Rs 0.35 cr is below fair value Rs 0.94 cr,played 21% of team games in 3 yrs; small sample (104 balls),
RR,mini_2027,Brijesh Sharma,Brijesh Sharma,Retain,Death pacer,Death pacer,False,,-1.26,0.9,0.3,,,False,#20 of 33 death pacers (-1.3 runs/match); salary Rs 0.30 cr is below fair value Rs 0.90 cr,small sample (277 balls),
RR,mini_2027,Yashasvi Jaiswal,YBK Jaiswal,Release,Opener,Opener,False,25.0,0.66,3.49,,,,False,"+0.7 runs/match, #16 of 29 openers; salary Rs 18.00 cr vs fair value Rs 3.49 cr - frees Rs 18.00 cr of purse","Low: regular, consistent performer",
RR,mini_2027,Sandeep Sharma,Sandeep Sharma,Release,Death pacer,Death pacer,False,33.6,-0.69,1.02,,,,False,"-0.7 runs/match, #18 of 33 death pacers; salary Rs 4.00 cr vs fair value Rs 1.02 cr - frees Rs 4.00 cr of purse",age 34; played 58% of team games in 3 yrs; volatile (season-to-season SD 2.6),
RR,mini_2027,Shimron Hetmyer,SO Hetmyer,Release,Finisher,Finisher,True,30.0,-1.25,2.54,,,,False,"-1.2 runs/match, #29 of 30 finishers; salary Rs 11.00 cr vs fair value Rs 2.54 cr - frees Rs 11.00 cr of purse",overseas: international clashes,
RR,mini_2027,Kwena Maphaka,KT Maphaka,Release,,,True,20.7,-1.82,2.24,,,,False,"-1.8 runs/match, no ranked role; salary Rs 1.50 cr vs fair value Rs 2.24 cr - frees Rs 1.50 cr of purse",played 14% of team games in 3 yrs; small sample (68 balls); overseas: international clashes,
RR,mini_2027,Tushar Deshpande,TU Deshpande,Release,Death pacer,Death pacer,False,31.6,-3.02,1.57,,,,False,"-3.0 runs/match, #32 of 33 death pacers; salary Rs 6.50 cr vs fair value Rs 1.57 cr - frees Rs 6.50 cr of purse","Low: regular, consistent performer",
RR,mini_2027,Sam Curran,SM Curran,Release,All-rounder,"Anchor, Powerplay pacer, All-rounder",True,28.5,-4.23,1.33,,,,False,"-4.2 runs/match, #9 of 9 all-rounders; salary Rs 2.40 cr vs fair value Rs 1.33 cr - frees Rs 2.40 cr of purse",overseas: international clashes,
RR,mini_2027,Adam Milne,AF Milne,Release,,,True,34.7,,,,,,False,"no recent data, no ranked role; salary Rs 2.40 cr vs fair value n/a - frees Rs 2.40 cr of purse",age 35; played 6% of team games in 3 yrs; no recent IPL data; overseas: international clashes,
RR,mini_2027,Aman Rao,Aman Rao,Release,,,False,,,,,,,False,"no recent data, no ranked role; salary Rs 0.30 cr vs fair value n/a - frees Rs 0.30 cr of purse",no recent IPL data,
RR,mini_2027,Lhuan-dre Pretorius,LG Pretorius,Release,,,True,20.7,,,,,,False,"no recent data, no ranked role; salary Rs 0.30 cr vs fair value n/a - frees Rs 0.30 cr of purse",played 12% of team games in 3 yrs; no recent IPL data; overseas: international clashes,
RR,mini_2027,Ravi Singh,Ravi Singh,Release,,,False,,,,,,,False,"no recent data, no ranked role; salary Rs 0.95 cr vs fair value n/a - frees Rs 0.95 cr of purse",played 6% of team games in 3 yrs; no recent IPL data,
RR,mini_2027,Sushant Mishra,SS Mishra,Release,,,False,26.0,,,,,,False,"no recent data, no ranked role; salary Rs 0.90 cr vs fair value n/a - frees Rs 0.90 cr of purse",played 12% of team games in 3 yrs; no recent IPL data,
RCB,mini_2027,Jonny Bairstow,JM Bairstow,Buy,Opener,"Opener, Wicketkeeper",True,37.2,2.04,5.16,6.5,5.16,Green,True,"#12 of 29 openers (+2.0 runs/match); fair value Rs 5.16 cr. Likely price Rs 6.50 cr is above our ceiling: bid only up to Rs 5.16 cr, else take the backup",age 37; played 43% of team games in 3 yrs; small sample (241 balls); overseas: international clashes,"Jake Fraser-McGurk (+0.3, ~Rs 3.87 cr)"
RCB,mini_2027,Moeen Ali,MM Ali,Buy,Finger spinner,Finger spinner,True,39.5,1.02,4.14,5.63,4.14,Green,False,"#7 of 24 finger spinners (+1.0 runs/match); fair value Rs 4.14 cr. Likely price Rs 5.63 cr is above our ceiling: bid only up to Rs 4.14 cr, else take the backup",age 40; played 52% of team games in 3 yrs; small sample (256 balls); overseas: international clashes,"Glenn Maxwell (-0.4, ~Rs 3.33 cr)"
RCB,mini_2027,Mahipal Lomror,MK Lomror,Buy,,,False,27.1,0.15,1.22,1.48,1.22,Green,False,"no ranked role (+0.2 runs/match); fair value Rs 1.22 cr. Likely price Rs 1.48 cr is above our ceiling: bid only up to Rs 1.22 cr, else take the backup",small sample (74 balls),none within ceiling - prioritise this bid
RCB,mini_2027,Karn Sharma,KV Sharma,Buy,Wrist spinner,Wrist spinner,False,39.1,0.09,3.08,1.7,3.23,Amber,False,#6 of 15 wrist spinners (+0.1 runs/match); fair value Rs 3.08 cr; fills Amber gap,age 39; played 48% of team games in 3 yrs; volatile (season-to-season SD 2.0); small sample (250 balls),"Rahul Chahar (-1.0, ~Rs 2.66 cr)"
RCB,mini_2027,Naman Dhir,Naman Dhir,Buy,Finisher,Finisher,False,,-0.34,1.1,1.98,1.1,Green,False,"#13 of 30 finishers (-0.3 runs/match); fair value Rs 1.10 cr. Likely price Rs 1.98 cr is above our ceiling: bid only up to Rs 1.10 cr, else take the backup",only available if MI release him (projected),none within ceiling - prioritise this bid
RCB,mini_2027,MS Dhoni,MS Dhoni,Buy,Finisher,"Finisher, Wicketkeeper",False,45.4,-0.4,1.08,1.78,1.08,Green,False,"#18 of 30 finishers (-0.4 runs/match); fair value Rs 1.08 cr. Likely price Rs 1.78 cr is above our ceiling: bid only up to Rs 1.08 cr, else take the backup",age 45; small sample (218 balls); only available if CSK release him (projected),none within ceiling - prioritise this bid
RCB,mini_2027,Kartik Sharma,Kartik Sharma,Buy,Middle-order,"Middle-order, Wicketkeeper",False,20.6,-0.79,0.99,2.54,1.14,Red,False,"#11 of 14 middle-orders (-0.8 runs/match); fair value Rs 0.99 cr; fills Red gap. Likely price Rs 2.54 cr is above our ceiling: bid only up to Rs 1.14 cr, else take the backup",small sample (216 balls); only available if CSK release him (projected),none within ceiling - prioritise this bid
RCB,mini_2027,Gurjapneet Singh,Gurjapneet Singh,Buy,Powerplay pacer,Powerplay pacer,False,28.1,-0.82,0.99,1.33,0.99,Green,False,"#28 of 42 powerplay pacers (-0.8 runs/match); fair value Rs 0.99 cr. Likely price Rs 1.33 cr is above our ceiling: bid only up to Rs 0.99 cr, else take the backup",played 57% of team games in 3 yrs; small sample (151 balls); only available if CSK release him (projected),"Simarjeet Singh (-2.2, ~Rs 0.81 cr)"
RCB,mini_2027,Nitish Kumar Reddy,Nithish Kumar Reddy,Buy,Middle-order,"Middle-order, Wicketkeeper, Powerplay pacer",False,23.6,-0.94,2.47,3.27,2.84,Red,False,"#7 of 14 middle-orders (-0.9 runs/match); fair value Rs 2.47 cr; fills Red gap. Likely price Rs 3.27 cr is above our ceiling: bid only up to Rs 2.84 cr, else take the backup",only available if SRH release him (projected),"Vijay Shankar (-1.1, ~Rs 2.60 cr)"
RCB,mini_2027,Bhuvneshwar Kumar,B Kumar,Retain,Death pacer,Death pacer,False,36.9,6.16,11.48,10.75,,,True,#1 of 33 death pacers (+6.2 runs/match); salary Rs 10.75 cr is below fair value Rs 11.48 cr,age 37,
RCB,mini_2027,Virat Kohli,V Kohli,Retain,Opener,Opener,False,38.1,4.54,8.08,21.0,,,True,#3 of 29 openers (+4.5 runs/match); salary Rs 21.00 cr is above fair value Rs 8.08 cr,age 38,
RCB,mini_2027,Josh Hazlewood,JR Hazlewood,Retain,Powerplay pacer,Powerplay pacer,True,35.9,3.42,6.96,12.5,,,True,#4 of 42 powerplay pacers (+3.4 runs/match); salary Rs 12.50 cr is above fair value Rs 6.96 cr,age 36; overseas: international clashes,
RCB,mini_2027,Rajat Patidar,RM Patidar,Retain,Anchor,Anchor,False,33.5,3.19,6.03,11.0,,,True,#2 of 26 anchors (+3.2 runs/match); salary Rs 11.00 cr is above fair value Rs 6.03 cr,age 34,
RCB,mini_2027,Nuwan Thushara,N Thushara,Retain,Death pacer,Death pacer,True,32.4,2.46,5.66,1.6,,,True,#5 of 33 death pacers (+2.5 runs/match); salary Rs 1.60 cr is below fair value Rs 5.66 cr,played 28% of team games in 3 yrs; small sample (180 balls); overseas: international clashes,
RCB,mini_2027,Swapnil Singh,Swapnil Singh,Retain,,,False,35.9,2.25,1.92,0.5,,,True,no ranked role (+2.3 runs/match); salary Rs 0.50 cr is below fair value Rs 1.92 cr,age 36; played 47% of team games in 3 yrs; small sample (111 balls),
RCB,mini_2027,Krunal Pandya,KH Pandya,Retain,All-rounder,"Finisher, Finger spinner, All-rounder",False,35.7,1.51,4.19,5.75,,,True,#3 of 9 all-rounders (+1.5 runs/match); salary Rs 5.75 cr is above fair value Rs 4.19 cr,age 36,
RCB,mini_2027,Tim David,TH David,Retain,Finisher,Finisher,True,30.7,1.33,4.43,3.0,,,True,#2 of 30 finishers (+1.3 runs/match); salary Rs 3.00 cr is below fair value Rs 4.43 cr,overseas: international clashes,
RCB,mini_2027,Venkatesh Iyer,VR Iyer,Retain,Anchor,Anchor,False,32.0,1.12,3.85,7.0,,,True,#11 of 26 anchors (+1.1 runs/match); salary Rs 7.00 cr is above fair value Rs 3.85 cr,"Low: regular, consistent performer",
RCB,mini_2027,Devdutt Padikkal,D Padikkal,Retain,Anchor,Anchor,False,26.4,0.19,3.15,2.0,,,True,#14 of 26 anchors (+0.2 runs/match); salary Rs 2.00 cr is below fair value Rs 3.15 cr,volatile (season-to-season SD 2.6),
RCB,mini_2027,Rasikh Salam,Rasikh Salam,Retain,Death pacer,Death pacer,False,26.7,0.02,1.18,6.0,,,True,#14 of 33 death pacers (+0.0 runs/match); salary Rs 6.00 cr is above fair value Rs 1.18 cr,played 49% of team games in 3 yrs; volatile (season-to-season SD 2.2),
RCB,mini_2027,Jacob Duffy,JA Duffy,Retain,Powerplay pacer,Powerplay pacer,True,32.4,0.51,3.71,2.0,,,False,#14 of 42 powerplay pacers (+0.5 runs/match); salary Rs 2.00 cr is below fair value Rs 3.71 cr,played 38% of team games in 3 yrs; small sample (144 balls); overseas: international clashes,
RCB,mini_2027,Phil Salt,PD Salt,Release,Opener,"Opener, Wicketkeeper",True,30.3,2.07,5.2,,,,False,"+2.1 runs/match, #11 of 29 openers; salary Rs 11.50 cr vs fair value Rs 5.20 cr - frees Rs 11.50 cr of purse",overseas: international clashes,
RCB,mini_2027,Yash Dayal,Yash Dayal,Release,Powerplay pacer,Powerplay pacer,False,29.0,-0.21,1.13,,,,False,"-0.2 runs/match, #22 of 42 powerplay pacers; salary Rs 5.00 cr vs fair value Rs 1.13 cr - frees Rs 5.00 cr of purse","Low: regular, consistent performer",
RCB,mini_2027,Jitesh Sharma,JM Sharma,Release,Finisher,"Finisher, Wicketkeeper",False,33.1,-0.72,2.59,,,,False,"-0.7 runs/match, #25 of 30 finishers; salary Rs 11.00 cr vs fair value Rs 2.59 cr - frees Rs 11.00 cr of purse",age 33,
RCB,mini_2027,Suyash Sharma,Suyash Sharma,Release,Wrist spinner,Wrist spinner,False,23.6,-0.89,0.97,,,,False,"-0.9 runs/match, #11 of 15 wrist spinners; salary Rs 2.60 cr vs fair value Rs 0.97 cr - frees Rs 2.60 cr of purse","Low: regular, consistent performer",
RCB,mini_2027,Romario Shepherd,R Shepherd,Release,Powerplay pacer,Powerplay pacer,True,32.1,-2.06,2.13,,,,False,"-2.1 runs/match, #32 of 42 powerplay pacers; salary Rs 1.50 cr vs fair value Rs 2.13 cr - frees Rs 1.50 cr of purse",overseas: international clashes,
RCB,mini_2027,Jacob Bethell,JG Bethell,Release,,,True,23.1,-2.07,2.12,,,,False,"-2.1 runs/match, no ranked role; salary Rs 2.60 cr vs fair value Rs 2.12 cr - frees Rs 2.60 cr of purse",played 29% of team games in 3 yrs; small sample (116 balls); overseas: international clashes,
RCB,mini_2027,Abhinandan Singh,Abhinandan Singh,Release,,,False,,,,,,,False,"no recent data, no ranked role; salary Rs 0.30 cr vs fair value n/a - frees Rs 0.30 cr of purse",played 19% of team games in 3 yrs; no recent IPL data,
RCB,mini_2027,Jordan Cox,Jordan Cox (cricketer),Release,,,True,26.1,,,,,,False,"no recent data, no ranked role; salary Rs 0.75 cr vs fair value n/a - frees Rs 0.75 cr of purse",no recent IPL data; overseas: international clashes,
RCB,mini_2027,Kanishk Chouhan,Kanishk Chouhan,Release,,,False,,,,,,,False,"no recent data, no ranked role; salary Rs 0.30 cr vs fair value n/a - frees Rs 0.30 cr of purse",no recent IPL data,
RCB,mini_2027,Mangesh Yadav,Mangesh Yadav,Release,,,False,,,,,,,False,"no recent data, no ranked role; salary Rs 5.20 cr vs fair value n/a - frees Rs 5.20 cr of purse",no recent IPL data,
RCB,mini_2027,Satvik Deswal,Satvik Deswal,Release,,,False,,,,,,,False,"no recent data, no ranked role; salary Rs 0.30 cr vs fair value n/a - frees Rs 0.30 cr of purse",no recent IPL data,
RCB,mini_2027,Vicky Ostwal,Vicky Ostwal,Release,,,False,,,,,,,False,"no recent data, no ranked role; salary Rs 0.30 cr vs fair value n/a - frees Rs 0.30 cr of purse",no recent IPL data,
RCB,mini_2027,Vihaan Malhotra,Vihaan Malhotra,Release,,,False,20.0,,,,,,False,"no recent data, no ranked role; salary Rs 0.30 cr vs fair value n/a - frees Rs 0.30 cr of purse",no recent IPL data,
SRH,mini_2027,Jonny Bairstow,JM Bairstow,Buy,Opener,"Opener, Wicketkeeper",True,37.2,2.04,5.16,6.5,5.16,Green,True,"#12 of 29 openers (+2.0 runs/match); fair value Rs 5.16 cr. Likely price Rs 6.50 cr is above our ceiling: bid only up to Rs 5.16 cr, else take the backup",age 37; played 43% of team games in 3 yrs; small sample (241 balls); overseas: international clashes,"Jake Fraser-McGurk (+0.3, ~Rs 3.87 cr)"
SRH,mini_2027,Moeen Ali,MM Ali,Buy,Finger spinner,Finger spinner,True,39.5,1.02,4.14,5.63,4.35,Amber,True,"#7 of 24 finger spinners (+1.0 runs/match); fair value Rs 4.14 cr; fills Amber gap. Likely price Rs 5.63 cr is above our ceiling: bid only up to Rs 4.35 cr, else take the backup",age 40; played 52% of team games in 3 yrs; small sample (256 balls); overseas: international clashes,"Maheesh Theekshana (-1.4, ~Rs 2.67 cr)"
SRH,mini_2027,Mahipal Lomror,MK Lomror,Buy,,,False,27.1,0.15,1.22,1.48,1.22,Green,True,"no ranked role (+0.2 runs/match); fair value Rs 1.22 cr. Likely price Rs 1.48 cr is above our ceiling: bid only up to Rs 1.22 cr, else take the backup",small sample (74 balls),none within ceiling - prioritise this bid
SRH,mini_2027,Karn Sharma,KV Sharma,Buy,Wrist spinner,Wrist spinner,False,39.1,0.09,3.08,1.7,3.23,Amber,True,#6 of 15 wrist spinners (+0.1 runs/match); fair value Rs 3.08 cr; fills Amber gap,age 39; played 48% of team games in 3 yrs; volatile (season-to-season SD 2.0); small sample (250 balls),"Rahul Chahar (-1.0, ~Rs 2.66 cr)"
SRH,mini_2027,Rasikh Salam,Rasikh Salam,Buy,Death pacer,Death pacer,False,26.7,0.02,1.18,2.22,1.18,Green,True,"#14 of 33 death pacers (+0.0 runs/match); fair value Rs 1.18 cr. Likely price Rs 2.22 cr is above our ceiling: bid only up to Rs 1.18 cr, else take the backup",played 49% of team games in 3 yrs; volatile (season-to-season SD 2.2); only available if RCB release him (projected),"Sandeep Sharma (-0.7, ~Rs 1.12 cr)"
SRH,mini_2027,Yash Dayal,Yash Dayal,Buy,Powerplay pacer,Powerplay pacer,False,29.0,-0.21,1.13,2.0,1.13,Green,False,"#22 of 42 powerplay pacers (-0.2 runs/match); fair value Rs 1.13 cr. Likely price Rs 2.00 cr is above our ceiling: bid only up to Rs 1.13 cr, else take the backup",only available if RCB release him (projected),"Simarjeet Singh (-2.2, ~Rs 0.81 cr)"
SRH,mini_2027,Naman Dhir,Naman Dhir,Buy,Finisher,Finisher,False,,-0.34,1.1,1.98,1.1,Green,False,"#13 of 30 finishers (-0.3 runs/match); fair value Rs 1.10 cr. Likely price Rs 1.98 cr is above our ceiling: bid only up to Rs 1.10 cr, else take the backup",only available if MI release him (projected),none within ceiling - prioritise this bid
SRH,mini_2027,MS Dhoni,MS Dhoni,Buy,Finisher,"Finisher, Wicketkeeper",False,45.4,-0.4,1.08,1.78,1.08,Green,False,"#18 of 30 finishers (-0.4 runs/match); fair value Rs 1.08 cr. Likely price Rs 1.78 cr is above our ceiling: bid only up to Rs 1.08 cr, else take the backup",age 45; small sample (218 balls); only available if CSK release him (projected),none within ceiling - prioritise this bid
SRH,mini_2027,Glenn Maxwell,GJ Maxwell,Buy,Finger spinner,Finger spinner,True,38.2,-0.43,3.03,3.38,3.18,Amber,False,"#9 of 24 finger spinners (-0.4 runs/match); fair value Rs 3.03 cr; fills Amber gap. Likely price Rs 3.38 cr is above our ceiling: bid only up to Rs 3.18 cr, else take the backup",age 38; played 52% of team games in 3 yrs; small sample (266 balls); overseas: international clashes,"Maheesh Theekshana (-1.4, ~Rs 2.67 cr)"
SRH,mini_2027,Prashant Veer,PR Veer,Buy,,,False,21.1,-0.64,1.03,2.63,1.03,Green,False,"no ranked role (-0.6 runs/match); fair value Rs 1.03 cr. Likely price Rs 2.63 cr is above our ceiling: bid only up to Rs 1.03 cr, else take the backup",played 43% of team games in 3 yrs; small sample (79 balls); only available if CSK release him (projected),none within ceiling - prioritise this bid
SRH,mini_2027,Ramandeep Singh,Ramandeep Singh,Buy,Finisher,Finisher,False,29.7,-0.75,1.0,1.66,1.0,Green,False,"#24 of 30 finishers (-0.8 runs/match); fair value Rs 1.00 cr. Likely price Rs 1.66 cr is above our ceiling: bid only up to Rs 1.00 cr, else take the backup",small sample (185 balls); only available if KKR release him (projected),none within ceiling - prioritise this bid
SRH,mini_2027,Kartik Sharma,Kartik Sharma,Buy,Middle-order,"Middle-order, Wicketkeeper",False,20.6,-0.79,0.99,2.54,0.99,Green,False,"#11 of 14 middle-orders (-0.8 runs/match); fair value Rs 0.99 cr. Likely price Rs 2.54 cr is above our ceiling: bid only up to Rs 0.99 cr, else take the backup",small sample (216 balls); only available if CSK release him (projected),none within ceiling - prioritise this bid
SRH,mini_2027,Gurjapneet Singh,Gurjapneet Singh,Buy,Powerplay pacer,Powerplay pacer,False,28.1,-0.82,0.99,1.33,0.99,Green,False,"#28 of 42 powerplay pacers (-0.8 runs/match); fair value Rs 0.99 cr. Likely price Rs 1.33 cr is above our ceiling: bid only up to Rs 0.99 cr, else take the backup",played 57% of team games in 3 yrs; small sample (151 balls); only available if CSK release him (projected),"Simarjeet Singh (-2.2, ~Rs 0.81 cr)"
SRH,mini_2027,Suyash Sharma,Suyash Sharma,Buy,Wrist spinner,Wrist spinner,False,23.6,-0.89,0.97,1.4,1.02,Amber,False,"#11 of 15 wrist spinners (-0.9 runs/match); fair value Rs 0.97 cr; fills Amber gap. Likely price Rs 1.40 cr is above our ceiling: bid only up to Rs 1.02 cr, else take the backup",only available if RCB release him (projected),none within ceiling - prioritise this bid
SRH,mini_2027,Cameron Green,C Green,Buy,All-rounder,"Anchor, Powerplay pacer, All-rounder",True,27.5,-1.21,2.56,5.35,2.94,Red,False,"#7 of 9 all-rounders (-1.2 runs/match); fair value Rs 2.56 cr; fills Red gap. Likely price Rs 5.35 cr is above our ceiling: bid only up to Rs 2.94 cr, else take the backup",only available if KKR release him (projected); overseas: international clashes,"Hardik Pandya (-3.2, ~Rs 1.68 cr)"
SRH,mini_2027,Abhishek Sharma,Abhishek Sharma,Retain,Opener,"Opener, Finger spinner",False,26.3,4.35,7.76,14.0,,,True,#2 of 29 openers (+4.4 runs/match); salary Rs 14.00 cr is above fair value Rs 7.76 cr,"Low: regular, consistent performer",
SRH,mini_2027,Heinrich Klaasen,H Klaasen,Retain,Middle-order,"Middle-order, Wicketkeeper",True,35.4,3.8,7.56,23.0,,,True,#1 of 14 middle-orders (+3.8 runs/match); salary Rs 23.00 cr is above fair value Rs 7.56 cr,age 35; overseas: international clashes,
SRH,mini_2027,Ishan Kishan,Ishan Kishan,Retain,Anchor,"Anchor, Wicketkeeper",False,28.4,2.33,5.01,11.25,,,True,#5 of 26 anchors (+2.3 runs/match); salary Rs 11.25 cr is above fair value Rs 5.01 cr,"Low: regular, consistent performer",
SRH,mini_2027,Eshan Malinga,E Malinga,Retain,Death pacer,Death pacer,True,25.9,2.13,5.27,1.2,,,True,#6 of 33 death pacers (+2.1 runs/match); salary Rs 1.20 cr is below fair value Rs 5.27 cr,overseas: international clashes,
SRH,mini_2027,Sakib Hussain,Sakib Hussain,Retain,Death pacer,Death pacer,False,22.0,1.36,1.58,0.3,,,True,#9 of 33 death pacers (+1.4 runs/match); salary Rs 0.30 cr is below fair value Rs 1.58 cr,small sample (259 balls),
SRH,mini_2027,Jaydev Unadkat,JD Unadkat,Retain,Powerplay pacer,Powerplay pacer,False,35.2,0.44,3.32,1.0,,,True,#15 of 42 powerplay pacers (+0.4 runs/match); salary Rs 1.00 cr is below fair value Rs 3.32 cr,age 35; played 49% of team games in 3 yrs; volatile (season-to-season SD 3.2),
SRH,mini_2027,Praful Hinge,PP Hinge,Retain,Death pacer,Death pacer,False,24.9,0.3,1.26,0.3,,,True,#12 of 33 death pacers (+0.3 runs/match); salary Rs 0.30 cr is below fair value Rs 1.26 cr,played 47% of team games in 3 yrs; small sample (165 balls),
SRH,mini_2027,Aniket Verma,Aniket Verma,Retain,Finisher,Finisher,False,24.9,-0.09,1.15,0.3,,,False,#9 of 30 finishers (-0.1 runs/match); salary Rs 0.30 cr is below fair value Rs 1.15 cr,small sample (196 balls),
SRH,mini_2027,Kamindu Mendis,PHKD Mendis,Retain,,,True,28.2,-0.37,3.07,0.75,,,False,no ranked role (-0.4 runs/match); salary Rs 0.75 cr is below fair value Rs 3.07 cr,played 36% of team games in 3 yrs; small sample (111 balls); overseas: international clashes,
SRH,mini_2027,Harsh Dubey,Harsh Dubey,Retain,Finger spinner,Finger spinner,False,24.4,-0.78,2.55,0.3,,,False,#20 of 24 finger spinners (-0.8 runs/match); salary Rs 0.30 cr is below fair value Rs 2.55 cr,played 38% of team games in 3 yrs; small sample (201 balls),
SRH,mini_2027,Travis Head,TM Head,Release,Opener,Opener,True,33.0,1.62,4.72,,,,False,"+1.6 runs/match, #14 of 29 openers; salary Rs 14.00 cr vs fair value Rs 4.72 cr - frees Rs 14.00 cr of purse",age 33; volatile (season-to-season SD 3.1); overseas: international clashes,
SRH,mini_2027,Pat Cummins,PJ Cummins,Release,Powerplay pacer,"Finisher, Powerplay pacer",True,33.6,0.97,4.1,,,,False,"+1.0 runs/match, #9 of 42 powerplay pacers; salary Rs 18.00 cr vs fair value Rs 4.10 cr - frees Rs 18.00 cr of purse",age 34; overseas: international clashes,
SRH,mini_2027,Nitish Kumar Reddy,Nithish Kumar Reddy,Release,Middle-order,"Middle-order, Wicketkeeper, Powerplay pacer",False,23.6,-0.94,2.47,,,,False,"-0.9 runs/match, #7 of 14 middle-orders; salary Rs 6.00 cr vs fair value Rs 2.47 cr - frees Rs 6.00 cr of purse","Low: regular, consistent performer",
SRH,mini_2027,Liam Livingstone,LS Livingstone,Release,Finger spinner,"Finisher, Finger spinner",True,33.4,-1.38,2.46,,,,False,"-1.4 runs/match, #14 of 24 finger spinners; salary Rs 13.00 cr vs fair value Rs 2.46 cr - frees Rs 13.00 cr of purse",age 33; played 43% of team games in 3 yrs; overseas: international clashes,
SRH,mini_2027,Harshal Patel,HV Patel,Release,Death pacer,Death pacer,False,36.1,-1.52,2.18,,,,False,"-1.5 runs/match, #21 of 33 death pacers; salary Rs 8.00 cr vs fair value Rs 2.18 cr - frees Rs 8.00 cr of purse",age 36,
SRH,mini_2027,Shivang Kumar,Shivang Kumar,Release,Finger spinner,Finger spinner,False,,-2.12,0.74,,,,False,"-2.1 runs/match, #23 of 24 finger spinners; salary Rs 0.30 cr vs fair value Rs 0.74 cr - frees Rs 0.30 cr of purse",small sample (280 balls),
SRH,mini_2027,Zeeshan Ansari,Zeeshan Ansari,Release,Wrist spinner,Wrist spinner,False,27.0,-2.29,0.72,,,,False,"-2.3 runs/match, #14 of 15 wrist spinners; salary Rs 0.40 cr vs fair value Rs 0.72 cr - frees Rs 0.40 cr of purse",small sample (203 balls),
SRH,mini_2027,Amit Kumar,Amit Kumar,Release,,,False,74.5,,,,,,False,"no recent data, no ranked role; salary Rs 0.30 cr vs fair value n/a - frees Rs 0.30 cr of purse",age 74; no recent IPL data,
SRH,mini_2027,Brydon Carse,Brydon Carse,Release,,,True,31.4,,,,,,False,"no recent data, no ranked role; salary Rs 1.00 cr vs fair value n/a - frees Rs 1.00 cr of purse",no recent IPL data; overseas: international clashes,
SRH,mini_2027,Jack Edwards,"Jack Edwards (cricketer, born 2000)",Release,,,True,26.7,,,,,,False,"no recent data, no ranked role; salary Rs 3.00 cr vs fair value n/a - frees Rs 3.00 cr of purse",no recent IPL data; overseas: international clashes,
SRH,mini_2027,Krains Fuletra,Krains Fuletra,Release,,,False,,,,,,,False,"no recent data, no ranked role; salary Rs 0.30 cr vs fair value n/a - frees Rs 0.30 cr of purse",no recent IPL data,
SRH,mini_2027,Onkar Tarmale,Onkar Tarmale,Release,,,False,,,,,,,False,"no recent data, no ranked role; salary Rs 0.30 cr vs fair value n/a - frees Rs 0.30 cr of purse",no recent IPL data,
SRH,mini_2027,Salil Arora,Salil Arora,Release,,,False,,,,,,,False,"no recent data, no ranked role; salary Rs 1.50 cr vs fair value n/a - frees Rs 1.50 cr of purse",played 7% of team games in 3 yrs; no recent IPL data,
SRH,mini_2027,Shivam Mavi,Shivam Mavi,Release,,,False,28.1,,,,,,False,"no recent data, no ranked role; salary Rs 0.75 cr vs fair value n/a - frees Rs 0.75 cr of purse",no recent IPL data,
SRH,mini_2027,Smaran Ravichandran,R Smaran,Release,,,False,,,,,,,False,"no recent data, no ranked role; salary Rs 0.30 cr vs fair value n/a - frees Rs 0.30 cr of purse",played 40% of team games in 3 yrs; no recent IPL data,
CSK,mega_2028,Nuwan Thushara,N Thushara,Buy,Death pacer,Death pacer,True,32.4,2.46,7.74,6.96,8.9,Red,True,#5 of 33 death pacers (+2.5 runs/match); fair value Rs 7.74 cr; fills Red gap,played 28% of team games in 3 yrs; small sample (180 balls); overseas: international clashes,"Matheesha Pathirana (+1.1, ~Rs 6.34 cr)"
CSK,mega_2028,Swapnil Singh,Swapnil Singh,Buy,,,False,35.9,2.25,2.62,2.39,2.62,Green,True,no ranked role (+2.3 runs/match); fair value Rs 2.62 cr,age 36; played 47% of team games in 3 yrs; small sample (111 balls),none within ceiling - prioritise this bid
CSK,mega_2028,Phil Salt,PD Salt,Buy,Opener,"Opener, Wicketkeeper",True,30.3,2.07,7.1,12.66,7.46,Amber,True,"#11 of 29 openers (+2.1 runs/match); fair value Rs 7.10 cr; fills Amber gap. Likely price Rs 12.66 cr is above our ceiling: bid only up to Rs 7.46 cr, else take the backup",overseas: international clashes,"Travis Head (+1.6, ~Rs 7.10 cr)"
CSK,mega_2028,Priyansh Arya,Priyansh Arya,Buy,Opener,Opener,False,25.2,1.67,2.31,4.26,2.43,Amber,True,"#13 of 29 openers (+1.7 runs/match); fair value Rs 2.31 cr; fills Amber gap. Likely price Rs 4.26 cr is above our ceiling: bid only up to Rs 2.43 cr, else take the backup","Low: regular, consistent performer",none within ceiling - prioritise this bid
CSK,mega_2028,Akash Singh,Akash Singh,Buy,,,False,24.6,1.5,2.23,1.73,2.23,Green,True,no ranked role (+1.5 runs/match); fair value Rs 2.23 cr,played 18% of team games in 3 yrs; small sample (109 balls),none within ceiling - prioritise this bid
CSK,mega_2028,Prasidh Krishna,M Prasidh Krishna,Buy,Powerplay pacer,Powerplay pacer,False,30.8,1.42,5.62,9.87,5.62,Green,True,"#7 of 42 powerplay pacers (+1.4 runs/match); fair value Rs 5.62 cr. Likely price Rs 9.87 cr is above our ceiling: bid only up to Rs 5.62 cr, else take the backup",volatile (season-to-season SD 2.6),"Deepak Chahar (+0.5, ~Rs 5.08 cr)"
CSK,mega_2028,Sakib Hussain,Sakib Hussain,Buy,Death pacer,Death pacer,False,22.0,1.36,2.16,1.67,2.48,Red,True,#9 of 33 death pacers (+1.4 runs/match); fair value Rs 2.16 cr; fills Red gap,small sample (259 balls),"Rasikh Salam (+0.0, ~Rs 1.77 cr)"
CSK,mega_2028,Praful Hinge,PP Hinge,Buy,Death pacer,Death pacer,False,24.9,0.3,1.72,1.35,1.98,Red,True,#12 of 33 death pacers (+0.3 runs/match); fair value Rs 1.72 cr; fills Red gap,played 47% of team games in 3 yrs; small sample (165 balls),"Rasikh Salam (+0.0, ~Rs 1.77 cr)"
CSK,mega_2028,Ashwani Kumar,Ashwani Kumar,Buy,Powerplay pacer,Powerplay pacer,False,25.3,0.87,1.94,1.52,1.94,Green,False,#10 of 42 powerplay pacers (+0.9 runs/match); fair value Rs 1.94 cr,played 33% of team games in 3 yrs; small sample (189 balls),"Vaibhav Arora (-0.0, ~Rs 1.76 cr)"
CSK,mega_2028,Harshit Rana,Harshit Rana,Buy,Powerplay pacer,Powerplay pacer,False,25.0,0.82,1.92,3.66,1.92,Green,False,"#8 of 42 powerplay pacers (+0.8 runs/match); fair value Rs 1.92 cr. Likely price Rs 3.66 cr is above our ceiling: bid only up to Rs 1.92 cr, else take the backup","Low: regular, consistent performer","Vaibhav Arora (-0.0, ~Rs 1.76 cr)"
CSK,mega_2028,Donovan Ferreira,D Ferreira,Buy,Finisher,"Finisher, Wicketkeeper",True,28.4,0.78,5.37,4.24,5.64,Amber,False,#3 of 30 finishers (+0.8 runs/match); fair value Rs 5.37 cr; fills Amber gap,played 39% of team games in 3 yrs; small sample (209 balls); overseas: international clashes,"Shashank Singh (+0.8, ~Rs 2.10 cr)"
CSK,mega_2028,Suryansh Shedge,Suryansh Shedge,Buy,,,False,23.9,0.66,4.77,2.6,4.77,Green,False,no ranked role (+0.7 runs/match); fair value Rs 4.77 cr,played 38% of team games in 3 yrs; small sample (119 balls),none within ceiling - prioritise this bid
CSK,mega_2028,Madhav Tiwari,M Tiwari,Buy,,,False,,0.6,1.83,1.6,1.83,Green,False,no ranked role (+0.6 runs/match); fair value Rs 1.83 cr,played 17% of team games in 3 yrs; small sample (78 balls),none within ceiling - prioritise this bid
CSK,mega_2028,Yash Raj Punja,Yash Raj Punja,Buy,Finger spinner,Finger spinner,False,,0.25,1.7,1.34,1.7,Green,False,#13 of 24 finger spinners (+0.3 runs/match); fair value Rs 1.70 cr,played 50% of team games in 3 yrs; small sample (180 balls),"Shivang Kumar (-2.1, ~Rs 1.12 cr)"
CSK,mega_2028,Angkrish Raghuvanshi,A Raghuvanshi,Buy,Anchor,"Anchor, Wicketkeeper",False,22.5,0.18,1.67,2.92,1.75,Amber,False,"#15 of 26 anchors (+0.2 runs/match); fair value Rs 1.67 cr; fills Amber gap. Likely price Rs 2.92 cr is above our ceiling: bid only up to Rs 1.75 cr, else take the backup","Low: regular, consistent performer","Sameer Rizvi (-0.3, ~Rs 1.65 cr)"
CSK,mega_2028,Shahrukh Khan,M Shahrukh Khan,Buy,Middle-order,Middle-order,False,31.6,0.12,1.65,3.19,1.65,Green,False,"#5 of 14 middle-orders (+0.1 runs/match); fair value Rs 1.65 cr. Likely price Rs 3.19 cr is above our ceiling: bid only up to Rs 1.65 cr, else take the backup",small sample (226 balls),"Ayush Badoni (-0.5, ~Rs 1.59 cr)"
CSK,mega_2028,Aniket Verma,Aniket Verma,Buy,Finisher,Finisher,False,24.9,-0.09,1.58,1.25,1.58,Green,False,#9 of 30 finishers (-0.1 runs/match); fair value Rs 1.58 cr,small sample (196 balls),"Ramandeep Singh (-0.8, ~Rs 1.51 cr)"
CSK,mega_2028,Kartik Tyagi,Kartik Tyagi,Buy,Death pacer,Death pacer,False,26.1,-0.23,1.53,1.22,1.76,Red,False,#16 of 33 death pacers (-0.2 runs/match); fair value Rs 1.53 cr; fills Red gap,played 58% of team games in 3 yrs; volatile (season-to-season SD 2.2),"Sandeep Sharma (-0.7, ~Rs 1.53 cr)"
CSK,mega_2028,Akeal Hosein,AJ Hosein,Buy back,Finger spinner,Finger spinner,True,33.6,3.66,10.03,9.56,10.03,Green,True,#2 of 24 finger spinners (+3.7 runs/match); fair value Rs 10.03 cr,age 34; played 50% of team games in 3 yrs; small sample (151 balls); overseas: international clashes,"Krunal Pandya (+1.5, ~Rs 6.30 cr)"
CSK,mega_2028,Noor Ahmad,Noor Ahmad,Buy back,Wrist spinner,Wrist spinner,True,21.9,2.64,8.04,13.53,8.04,Green,True,"#2 of 15 wrist spinners (+2.6 runs/match); fair value Rs 8.04 cr. Likely price Rs 13.53 cr is above our ceiling: bid only up to Rs 8.04 cr, else take the backup",overseas: international clashes,"Rashid Khan (+0.6, ~Rs 5.71 cr)"
CSK,mega_2028,Ayush Mhatre,A Mhatre,Buy back,Anchor,Anchor,False,19.4,1.52,2.24,1.73,2.24,Green,True,#8 of 26 anchors (+1.5 runs/match); fair value Rs 2.24 cr,played 46% of team games in 3 yrs; small sample (240 balls),"Sameer Rizvi (-0.3, ~Rs 1.65 cr)"
CSK,mega_2028,Sanju Samson,SV Samson,Buy back,Opener,"Opener, Wicketkeeper",False,32.1,0.92,5.05,11.13,5.3,Amber,True,"#15 of 29 openers (+0.9 runs/match); fair value Rs 5.05 cr; fills Amber gap. Likely price Rs 11.13 cr is above our ceiling: bid only up to Rs 5.30 cr, else take the backup","Low: regular, consistent performer","Yashasvi Jaiswal (+0.7, ~Rs 5.25 cr)"
CSK,mega_2028,Jamie Overton,J Overton,Buy back,All-rounder,"Death pacer, All-rounder",True,32.7,0.72,5.3,4.81,6.09,Red,False,#4 of 9 all-rounders (+0.7 runs/match); fair value Rs 5.30 cr; fills Red gap,played 46% of team games in 3 yrs; volatile (season-to-season SD 3.1); small sample (297 balls); overseas: international clashes,"Axar Patel (+0.3, ~Rs 4.88 cr)"
CSK,mega_2028,Mukesh Choudhary,Mukesh Choudhary,Buy back,Powerplay pacer,Powerplay pacer,False,30.4,0.55,1.81,1.43,1.81,Green,False,#13 of 42 powerplay pacers (+0.5 runs/match); fair value Rs 1.81 cr,played 26% of team games in 3 yrs; small sample (212 balls),"Vaibhav Arora (-0.0, ~Rs 1.76 cr)"
CSK,mega_2028,Urvil Patel,Urvil Patel,Buy back,Wicketkeeper,Wicketkeeper,False,28.2,-0.19,1.54,1.23,1.62,Amber,False,#18 of 32 wicketkeepers (-0.2 runs/match); fair value Rs 1.54 cr; fills Amber gap,played 36% of team games in 3 yrs; small sample (96 balls),"Mukul Choudhary (-0.8, ~Rs 1.49 cr)"
CSK,mega_2028,Khaleel Ahmed,KK Ahmed,Release,Powerplay pacer,Powerplay pacer,False,29.0,0.45,4.55,,,,False,"+0.4 runs/match, #16 of 42 powerplay pacers; salary Rs 4.80 cr vs fair value Rs 4.55 cr - frees Rs 4.80 cr of purse","Low: regular, consistent performer",
CSK,mega_2028,Sarfaraz Khan,SN Khan,Release,,,False,29.1,0.23,4.34,,,,False,"+0.2 runs/match, no ranked role; salary Rs 0.75 cr vs fair value Rs 4.34 cr - frees Rs 0.75 cr of purse",played 57% of team games in 3 yrs; small sample (95 balls),
CSK,mega_2028,Anshul Kamboj,A Kamboj,Release,Powerplay pacer,Powerplay pacer,False,26.0,0.14,4.26,,,,False,"+0.1 runs/match, #17 of 42 powerplay pacers; salary Rs 3.40 cr vs fair value Rs 4.26 cr - frees Rs 3.40 cr of purse",played 60% of team games in 3 yrs; volatile (season-to-season SD 3.0),
CSK,mega_2028,Dewald Brevis,D Brevis,Release,Middle-order,Middle-order,True,23.6,0.05,4.59,,,,False,"+0.1 runs/match, #6 of 14 middle-orders; salary Rs 2.20 cr vs fair value Rs 4.59 cr - frees Rs 2.20 cr of purse",played 48% of team games in 3 yrs; volatile (season-to-season SD 2.4); overseas: international clashes,
CSK,mega_2028,Shivam Dube,S Dube,Release,Finisher,Finisher,False,33.5,-0.21,3.95,,,,False,"-0.2 runs/match, #8 of 30 finishers; salary Rs 12.00 cr vs fair value Rs 3.95 cr - frees Rs 12.00 cr of purse",age 34,
CSK,mega_2028,MS Dhoni,MS Dhoni,Release,Finisher,"Finisher, Wicketkeeper",False,45.4,-0.4,1.48,,,,False,"-0.4 runs/match, #18 of 30 finishers; salary Rs 4.00 cr vs fair value Rs 1.48 cr - frees Rs 4.00 cr of purse",age 45; small sample (218 balls),
CSK,mega_2028,Prashant Veer,PR Veer,Release,,,False,21.1,-0.64,1.4,,,,False,"-0.6 runs/match, no ranked role; salary Rs 14.20 cr vs fair value Rs 1.40 cr - frees Rs 14.20 cr of purse",played 43% of team games in 3 yrs; small sample (79 balls),
CSK,mega_2028,Kartik Sharma,Kartik Sharma,Release,Middle-order,"Middle-order, Wicketkeeper",False,20.6,-0.79,1.36,,,,False,"-0.8 runs/match, #11 of 14 middle-orders; salary Rs 14.20 cr vs fair value Rs 1.36 cr - frees Rs 14.20 cr of purse",small sample (216 balls),
CSK,mega_2028,Gurjapneet Singh,Gurjapneet Singh,Release,Powerplay pacer,Powerplay pacer,False,28.1,-0.82,1.35,,,,False,"-0.8 runs/match, #28 of 42 powerplay pacers; salary Rs 2.20 cr vs fair value Rs 1.35 cr - frees Rs 2.20 cr of purse",played 57% of team games in 3 yrs; small sample (151 balls),
CSK,mega_2028,Rahul Chahar,RD Chahar,Release,Wrist spinner,Wrist spinner,False,27.4,-1.04,3.3,,,,False,"-1.0 runs/match, #12 of 15 wrist spinners; salary Rs 5.20 cr vs fair value Rs 3.30 cr - frees Rs 5.20 cr of purse",played 26% of team games in 3 yrs; small sample (231 balls),
CSK,mega_2028,Ruturaj Gaikwad,RD Gaikwad,Release,Opener,"Opener, Wicketkeeper",False,29.9,-2.07,2.64,,,,False,"-2.1 runs/match, #27 of 29 openers; salary Rs 18.00 cr vs fair value Rs 2.64 cr - frees Rs 18.00 cr of purse","Low: regular, consistent performer",
CSK,mega_2028,Matthew Short,MW Short,Release,,,True,31.1,-3.27,2.24,,,,False,"-3.3 runs/match, no ranked role; salary Rs 1.50 cr vs fair value Rs 2.24 cr - frees Rs 1.50 cr of purse",played 21% of team games in 3 yrs; small sample (70 balls); overseas: international clashes,
CSK,mega_2028,Matt Henry,MJ Henry,Release,Powerplay pacer,Powerplay pacer,True,35.0,-4.09,1.87,,,,False,"-4.1 runs/match, #41 of 42 powerplay pacers; salary Rs 2.00 cr vs fair value Rs 1.87 cr - frees Rs 2.00 cr of purse",age 35; played 25% of team games in 3 yrs; small sample (142 balls); overseas: international clashes,
CSK,mega_2028,Aman Khan,Aman Hakim Khan,Release,,,False,30.1,,,,,,False,"no recent data, no ranked role; salary Rs 0.40 cr vs fair value n/a - frees Rs 0.40 cr of purse",no recent IPL data,
CSK,mega_2028,Nathan Ellis,NT Ellis,Release,,,True,32.2,,,,,,False,"no recent data, no ranked role; salary Rs 2.00 cr vs fair value n/a - frees Rs 2.00 cr of purse",played 7% of team games in 3 yrs; no recent IPL data; overseas: international clashes,
CSK,mega_2028,Ramakrishna Ghosh,RS Ghosh,Release,,,False,29.3,,,,,,False,"no recent data, no ranked role; salary Rs 0.30 cr vs fair value n/a - frees Rs 0.30 cr of purse",played 7% of team games in 3 yrs; no recent IPL data,
CSK,mega_2028,Shreyas Gopal,S Gopal,Release,,,False,33.3,,,,,,False,"no recent data, no ranked role; salary Rs 0.30 cr vs fair value n/a - frees Rs 0.30 cr of purse",age 33; played 21% of team games in 3 yrs; no recent IPL data,
CSK,mega_2028,Zak Foulkes,Zak Foulkes,Release,,,True,24.5,,,,,,False,"no recent data, no ranked role; salary Rs 0.75 cr vs fair value n/a - frees Rs 0.75 cr of purse",no recent IPL data; overseas: international clashes,
DC,mega_2028,Nuwan Thushara,N Thushara,Buy,Death pacer,Death pacer,True,32.4,2.46,7.74,6.96,8.13,Amber,True,#5 of 33 death pacers (+2.5 runs/match); fair value Rs 7.74 cr; fills Amber gap,played 28% of team games in 3 yrs; small sample (180 balls); overseas: international clashes,"Matheesha Pathirana (+1.1, ~Rs 6.34 cr)"
DC,mega_2028,Swapnil Singh,Swapnil Singh,Buy,,,False,35.9,2.25,2.62,2.39,2.62,Green,True,no ranked role (+2.3 runs/match); fair value Rs 2.62 cr,age 36; played 47% of team games in 3 yrs; small sample (111 balls),none within ceiling - prioritise this bid
DC,mega_2028,Jos Buttler,JC Buttler,Buy,Anchor,"Anchor, Wicketkeeper",True,36.3,1.7,6.56,13.1,7.54,Red,True,"#6 of 26 anchors (+1.7 runs/match); fair value Rs 6.56 cr; fills Red gap. Likely price Rs 13.10 cr is above our ceiling: bid only up to Rs 7.54 cr, else take the backup",age 36; overseas: international clashes,"Will Jacks (+0.3, ~Rs 5.32 cr)"
DC,mega_2028,Priyansh Arya,Priyansh Arya,Buy,Opener,Opener,False,25.2,1.67,2.31,4.26,2.31,Green,True,"#13 of 29 openers (+1.7 runs/match); fair value Rs 2.31 cr. Likely price Rs 4.26 cr is above our ceiling: bid only up to Rs 2.31 cr, else take the backup","Low: regular, consistent performer",none within ceiling - prioritise this bid
DC,mega_2028,Suryakumar Yadav,SA Yadav,Buy,Anchor,Anchor,False,36.3,1.65,5.91,12.45,6.8,Red,True,"#7 of 26 anchors (+1.7 runs/match); fair value Rs 5.91 cr; fills Red gap. Likely price Rs 12.45 cr is above our ceiling: bid only up to Rs 6.80 cr, else take the backup",age 36; volatile (season-to-season SD 3.7),"Will Jacks (+0.3, ~Rs 5.32 cr)"
DC,mega_2028,Akash Singh,Akash Singh,Buy,,,False,24.6,1.5,2.23,1.73,2.23,Green,True,no ranked role (+1.5 runs/match); fair value Rs 2.23 cr,played 18% of team games in 3 yrs; small sample (109 balls),none within ceiling - prioritise this bid
DC,mega_2028,Prasidh Krishna,M Prasidh Krishna,Buy,Powerplay pacer,Powerplay pacer,False,30.8,1.42,5.62,9.87,5.9,Amber,True,"#7 of 42 powerplay pacers (+1.4 runs/match); fair value Rs 5.62 cr; fills Amber gap. Likely price Rs 9.87 cr is above our ceiling: bid only up to Rs 5.90 cr, else take the backup",volatile (season-to-season SD 2.6),"Harshit Rana (+0.8, ~Rs 2.11 cr)"
DC,mega_2028,Sakib Hussain,Sakib Hussain,Buy,Death pacer,Death pacer,False,22.0,1.36,2.16,1.67,2.27,Amber,True,#9 of 33 death pacers (+1.4 runs/match); fair value Rs 2.16 cr; fills Amber gap,small sample (259 balls),"Rasikh Salam (+0.0, ~Rs 1.77 cr)"
DC,mega_2028,Nicholas Pooran,N Pooran,Buy,Anchor,"Anchor, Wicketkeeper",True,31.2,1.33,6.05,13.43,6.96,Red,True,"#9 of 26 anchors (+1.3 runs/match); fair value Rs 6.05 cr; fills Red gap. Likely price Rs 13.43 cr is above our ceiling: bid only up to Rs 6.96 cr, else take the backup",volatile (season-to-season SD 3.8); overseas: international clashes,"Will Jacks (+0.3, ~Rs 5.32 cr)"
DC,mega_2028,Venkatesh Iyer,VR Iyer,Buy,Anchor,Anchor,False,32.0,1.12,5.27,8.37,6.06,Red,True,"#11 of 26 anchors (+1.1 runs/match); fair value Rs 5.27 cr; fills Red gap. Likely price Rs 8.37 cr is above our ceiling: bid only up to Rs 6.06 cr, else take the backup","Low: regular, consistent performer","Will Jacks (+0.3, ~Rs 5.32 cr)"
DC,mega_2028,Ashwani Kumar,Ashwani Kumar,Buy,Powerplay pacer,Powerplay pacer,False,25.3,0.87,1.94,1.52,2.04,Amber,False,#10 of 42 powerplay pacers (+0.9 runs/match); fair value Rs 1.94 cr; fills Amber gap,played 33% of team games in 3 yrs; small sample (189 balls),"Vaibhav Arora (-0.0, ~Rs 1.76 cr)"
DC,mega_2028,Jamie Overton,J Overton,Buy,All-rounder,"Death pacer, All-rounder",True,32.7,0.72,5.3,4.81,5.57,Amber,False,#4 of 9 all-rounders (+0.7 runs/match); fair value Rs 5.30 cr; fills Amber gap,played 46% of team games in 3 yrs; volatile (season-to-season SD 3.1); small sample (297 balls); overseas: international clashes,"Ravindra Jadeja (+0.3, ~Rs 4.83 cr)"
DC,mega_2028,Mukesh Choudhary,Mukesh Choudhary,Buy,Powerplay pacer,Powerplay pacer,False,30.4,0.55,1.81,1.43,1.9,Amber,False,#13 of 42 powerplay pacers (+0.5 runs/match); fair value Rs 1.81 cr; fills Amber gap,played 26% of team games in 3 yrs; small sample (212 balls),"Vaibhav Arora (-0.0, ~Rs 1.76 cr)"
DC,mega_2028,Praful Hinge,PP Hinge,Buy,Death pacer,Death pacer,False,24.9,0.3,1.72,1.35,1.81,Amber,False,#12 of 33 death pacers (+0.3 runs/match); fair value Rs 1.72 cr; fills Amber gap,played 47% of team games in 3 yrs; small sample (165 balls),"Rasikh Salam (+0.0, ~Rs 1.77 cr)"
DC,mega_2028,Yash Raj Punja,Yash Raj Punja,Buy,Finger spinner,Finger spinner,False,,0.25,1.7,1.34,1.7,Green,False,#13 of 24 finger spinners (+0.3 runs/match); fair value Rs 1.70 cr,played 50% of team games in 3 yrs; small sample (180 balls),"Shivang Kumar (-2.1, ~Rs 1.12 cr)"
DC,mega_2028,Angkrish Raghuvanshi,A Raghuvanshi,Buy,Anchor,"Anchor, Wicketkeeper",False,22.5,0.18,1.67,2.92,1.92,Red,False,"#15 of 26 anchors (+0.2 runs/match); fair value Rs 1.67 cr; fills Red gap. Likely price Rs 2.92 cr is above our ceiling: bid only up to Rs 1.92 cr, else take the backup","Low: regular, consistent performer",none within ceiling - prioritise this bid
DC,mega_2028,Shahrukh Khan,M Shahrukh Khan,Buy,Middle-order,Middle-order,False,31.6,0.12,1.65,3.19,1.73,Amber,False,"#5 of 14 middle-orders (+0.1 runs/match); fair value Rs 1.65 cr; fills Amber gap. Likely price Rs 3.19 cr is above our ceiling: bid only up to Rs 1.73 cr, else take the backup",small sample (226 balls),"Ayush Badoni (-0.5, ~Rs 1.59 cr)"
DC,mega_2028,Aniket Verma,Aniket Verma,Buy,Finisher,Finisher,False,24.9,-0.09,1.58,1.25,1.58,Green,False,#9 of 30 finishers (-0.1 runs/match); fair value Rs 1.58 cr,small sample (196 balls),"Ramandeep Singh (-0.8, ~Rs 1.51 cr)"
DC,mega_2028,Kartik Tyagi,Kartik Tyagi,Buy,Death pacer,Death pacer,False,26.1,-0.23,1.53,1.22,1.61,Amber,False,#16 of 33 death pacers (-0.2 runs/match); fair value Rs 1.53 cr; fills Amber gap,played 58% of team games in 3 yrs; volatile (season-to-season SD 2.2),"Sandeep Sharma (-0.7, ~Rs 1.53 cr)"
DC,mega_2028,Shubham Dubey,SB Dubey,Buy,Finisher,Finisher,False,32.3,-0.37,1.48,1.66,1.48,Green,False,"#16 of 30 finishers (-0.4 runs/match); fair value Rs 1.48 cr. Likely price Rs 1.66 cr is above our ceiling: bid only up to Rs 1.48 cr, else take the backup",played 44% of team games in 3 yrs; small sample (143 balls),none within ceiling - prioritise this bid
DC,mega_2028,KL Rahul,KL Rahul,Buy back,Opener,"Opener, Wicketkeeper",False,34.7,3.25,8.36,16.27,8.36,Green,True,"#7 of 29 openers (+3.3 runs/match); fair value Rs 8.36 cr. Likely price Rs 16.27 cr is above our ceiling: bid only up to Rs 8.36 cr, else take the backup",age 35,"Phil Salt (+2.1, ~Rs 7.81 cr)"
DC,mega_2028,Lungi Ngidi,L Ngidi,Buy back,Death pacer,Death pacer,True,30.7,3.11,8.89,8.55,9.33,Amber,True,#3 of 33 death pacers (+3.1 runs/match); fair value Rs 8.89 cr; fills Amber gap,played 48% of team games in 3 yrs; overseas: international clashes,"Matheesha Pathirana (+1.1, ~Rs 6.34 cr)"
DC,mega_2028,Madhav Tiwari,M Tiwari,Buy back,,,False,,0.6,1.83,1.6,1.83,Green,False,no ranked role (+0.6 runs/match); fair value Rs 1.83 cr,played 17% of team games in 3 yrs; small sample (78 balls),none within ceiling - prioritise this bid
DC,mega_2028,Sameer Rizvi,Sameer Rizvi,Buy back,Anchor,Anchor,False,23.0,-0.32,1.5,1.78,1.73,Red,False,"#16 of 26 anchors (-0.3 runs/match); fair value Rs 1.50 cr; fills Red gap. Likely price Rs 1.78 cr is above our ceiling: bid only up to Rs 1.73 cr, else take the backup",played 58% of team games in 3 yrs; small sample (293 balls),none within ceiling - prioritise this bid
DC,mega_2028,Vipraj Nigam,V Nigam,Buy back,Wrist spinner,Wrist spinner,False,24.4,-0.72,1.38,1.11,1.38,Green,False,#10 of 15 wrist spinners (-0.7 runs/match); fair value Rs 1.38 cr,"Low: regular, consistent performer","Digvesh Rathi (-1.4, ~Rs 1.30 cr)"
DC,mega_2028,Kuldeep Yadav,Kuldeep Yadav,Release,Wrist spinner,Wrist spinner,False,32.0,0.76,4.88,,,,False,"+0.8 runs/match, #3 of 15 wrist spinners; salary Rs 13.25 cr vs fair value Rs 4.88 cr - frees Rs 13.25 cr of purse",volatile (season-to-season SD 2.8),
DC,mega_2028,Ashutosh Sharma,Ashutosh Sharma,Release,Finisher,Finisher,False,28.2,0.68,1.86,,,,False,"+0.7 runs/match, #4 of 30 finishers; salary Rs 3.80 cr vs fair value Rs 1.86 cr - frees Rs 3.80 cr of purse","Low: regular, consistent performer",
DC,mega_2028,Axar Patel,AR Patel,Release,All-rounder,"Middle-order, Finger spinner, All-rounder",False,32.9,0.33,4.44,,,,False,"+0.3 runs/match, #5 of 9 all-rounders; salary Rs 16.50 cr vs fair value Rs 4.44 cr - frees Rs 16.50 cr of purse","Low: regular, consistent performer",
DC,mega_2028,Prithvi Shaw,PP Shaw,Release,Opener,Opener,False,27.1,-0.1,4.05,,,,False,"-0.1 runs/match, #20 of 29 openers; salary Rs 0.75 cr vs fair value Rs 4.05 cr - frees Rs 0.75 cr of purse",played 57% of team games in 3 yrs; small sample (121 balls),
DC,mega_2028,Tristan Stubbs,T Stubbs,Release,Finisher,"Finisher, Wicketkeeper",True,26.3,-0.25,4.3,,,,False,"-0.3 runs/match, #12 of 30 finishers; salary Rs 10.00 cr vs fair value Rs 4.30 cr - frees Rs 10.00 cr of purse",volatile (season-to-season SD 2.3); overseas: international clashes,
DC,mega_2028,David Miller,DA Miller,Release,Finisher,Finisher,True,37.5,-0.37,4.19,,,,False,"-0.4 runs/match, #15 of 30 finishers; salary Rs 2.00 cr vs fair value Rs 4.19 cr - frees Rs 2.00 cr of purse",age 38; overseas: international clashes,
DC,mega_2028,Pathum Nissanka,P Nissanka,Release,Opener,Opener,True,28.6,-0.51,4.07,,,,False,"-0.5 runs/match, #21 of 29 openers; salary Rs 4.00 cr vs fair value Rs 4.07 cr - frees Rs 4.00 cr of purse",small sample (175 balls); overseas: international clashes,
DC,mega_2028,Mitchell Starc,MA Starc,Release,Powerplay pacer,Powerplay pacer,True,36.9,-0.66,3.94,,,,False,"-0.7 runs/match, #25 of 42 powerplay pacers; salary Rs 11.75 cr vs fair value Rs 3.94 cr - frees Rs 11.75 cr of purse",age 37; overseas: international clashes,
DC,mega_2028,Nitish Rana,N Rana,Release,Anchor,Anchor,False,33.0,-1.0,3.33,,,,False,"-1.0 runs/match, #18 of 26 anchors; salary Rs 4.20 cr vs fair value Rs 3.33 cr - frees Rs 4.20 cr of purse",age 33; played 52% of team games in 3 yrs,
DC,mega_2028,Karun Nair,KK Nair,Release,Anchor,Anchor,False,35.0,-1.05,3.29,,,,False,"-1.1 runs/match, #21 of 26 anchors; salary Rs 0.50 cr vs fair value Rs 3.29 cr - frees Rs 0.50 cr of purse",age 35; played 34% of team games in 3 yrs; small sample (133 balls),
DC,mega_2028,Kyle Jamieson,KA Jamieson,Release,Powerplay pacer,Powerplay pacer,True,32.0,-1.32,3.41,,,,False,"-1.3 runs/match, #30 of 42 powerplay pacers; salary Rs 2.00 cr vs fair value Rs 3.41 cr - frees Rs 2.00 cr of purse",played 19% of team games in 3 yrs; small sample (150 balls); overseas: international clashes,
DC,mega_2028,Abhishek Porel,Abishek Porel,Release,Anchor,"Anchor, Wicketkeeper",False,24.2,-1.55,1.15,,,,False,"-1.6 runs/match, #24 of 26 anchors; salary Rs 4.00 cr vs fair value Rs 1.15 cr - frees Rs 4.00 cr of purse","Low: regular, consistent performer",
DC,mega_2028,Dushmantha Chameera,PVD Chameera,Release,Death pacer,Death pacer,True,34.9,-1.96,2.97,,,,False,"-2.0 runs/match, #23 of 33 death pacers; salary Rs 0.75 cr vs fair value Rs 2.97 cr - frees Rs 0.75 cr of purse",age 35; played 21% of team games in 3 yrs; small sample (149 balls); overseas: international clashes,
DC,mega_2028,T. Natarajan,T Natarajan,Release,Death pacer,Death pacer,False,35.7,-2.16,2.59,,,,False,"-2.2 runs/match, #26 of 33 death pacers; salary Rs 10.75 cr vs fair value Rs 2.59 cr - frees Rs 10.75 cr of purse",age 36,
DC,mega_2028,Mukesh Kumar,Mukesh Kumar,Release,Death pacer,Death pacer,False,33.2,-2.24,2.55,,,,False,"-2.2 runs/match, #27 of 33 death pacers; salary Rs 8.00 cr vs fair value Rs 2.55 cr - frees Rs 8.00 cr of purse",age 33,
DC,mega_2028,Auqib Nabi,Auqib Nabi,Release,,,False,30.1,-4.75,1.48,,,,False,"-4.8 runs/match, no ranked role; salary Rs 8.40 cr vs fair value Rs 1.48 cr - frees Rs 8.40 cr of purse",played 36% of team games in 3 yrs; small sample (82 balls),
DC,mega_2028,Ajay Mandal,Ajay Mandal,Release,,,False,30.8,,,,,,False,"no recent data, no ranked role; salary Rs 0.30 cr vs fair value n/a - frees Rs 0.30 cr of purse",no recent IPL data,
DC,mega_2028,Ben Duckett,Ben Duckett,Release,,,True,32.2,,,,,,False,"no recent data, no ranked role; salary Rs 2.00 cr vs fair value n/a - frees Rs 2.00 cr of purse",no recent IPL data; overseas: international clashes,
DC,mega_2028,Sahil Parekh,Sahil Parekh,Release,,,False,,,,,,,False,"no recent data, no ranked role; salary Rs 0.30 cr vs fair value n/a - frees Rs 0.30 cr of purse",no recent IPL data,
DC,mega_2028,Tripurana Vijay,T Vijay,Release,,,False,,,,,,,False,"no recent data, no ranked role; salary Rs 0.30 cr vs fair value n/a - frees Rs 0.30 cr of purse",played 7% of team games in 3 yrs; no recent IPL data,
GT,mega_2028,Nuwan Thushara,N Thushara,Buy,Death pacer,Death pacer,True,32.4,2.46,7.74,6.96,8.9,Red,True,#5 of 33 death pacers (+2.5 runs/match); fair value Rs 7.74 cr; fills Red gap,played 28% of team games in 3 yrs; small sample (180 balls); overseas: international clashes,"Matheesha Pathirana (+1.1, ~Rs 6.34 cr)"
GT,mega_2028,Swapnil Singh,Swapnil Singh,Buy,,,False,35.9,2.25,2.62,2.39,2.62,Green,True,no ranked role (+2.3 runs/match); fair value Rs 2.62 cr,age 36; played 47% of team games in 3 yrs; small sample (111 balls),none within ceiling - prioritise this bid
GT,mega_2028,Priyansh Arya,Priyansh Arya,Buy,Opener,Opener,False,25.2,1.67,2.31,4.26,2.31,Green,True,"#13 of 29 openers (+1.7 runs/match); fair value Rs 2.31 cr. Likely price Rs 4.26 cr is above our ceiling: bid only up to Rs 2.31 cr, else take the backup","Low: regular, consistent performer",none within ceiling - prioritise this bid
GT,mega_2028,Krunal Pandya,KH Pandya,Buy,All-rounder,"Finisher, Finger spinner, All-rounder",False,35.7,1.51,5.73,8.46,6.59,Red,True,"#3 of 9 all-rounders (+1.5 runs/match); fair value Rs 5.73 cr; fills Red gap. Likely price Rs 8.46 cr is above our ceiling: bid only up to Rs 6.59 cr, else take the backup",age 36,"Axar Patel (+0.3, ~Rs 4.88 cr)"
GT,mega_2028,Sakib Hussain,Sakib Hussain,Buy,Death pacer,Death pacer,False,22.0,1.36,2.16,1.67,2.48,Red,True,#9 of 33 death pacers (+1.4 runs/match); fair value Rs 2.16 cr; fills Red gap,small sample (259 balls),"Sandeep Sharma (-0.7, ~Rs 1.53 cr)"
GT,mega_2028,Jamie Overton,J Overton,Buy,All-rounder,"Death pacer, All-rounder",True,32.7,0.72,5.3,4.81,6.09,Red,True,#4 of 9 all-rounders (+0.7 runs/match); fair value Rs 5.30 cr; fills Red gap,played 46% of team games in 3 yrs; volatile (season-to-season SD 3.1); small sample (297 balls); overseas: international clashes,"Axar Patel (+0.3, ~Rs 4.88 cr)"
GT,mega_2028,Rasikh Salam,Rasikh Salam,Buy,Death pacer,Death pacer,False,26.7,0.02,1.61,3.59,1.85,Red,True,"#14 of 33 death pacers (+0.0 runs/match); fair value Rs 1.61 cr; fills Red gap. Likely price Rs 3.59 cr is above our ceiling: bid only up to Rs 1.85 cr, else take the backup",played 49% of team games in 3 yrs; volatile (season-to-season SD 2.2); only available if RCB release him (projected),"Sandeep Sharma (-0.7, ~Rs 1.53 cr)"
GT,mega_2028,Akash Singh,Akash Singh,Buy,,,False,24.6,1.5,2.23,1.73,2.23,Green,False,no ranked role (+1.5 runs/match); fair value Rs 2.23 cr,played 18% of team games in 3 yrs; small sample (109 balls),none within ceiling - prioritise this bid
GT,mega_2028,Ashwani Kumar,Ashwani Kumar,Buy,Powerplay pacer,Powerplay pacer,False,25.3,0.87,1.94,1.52,1.94,Green,False,#10 of 42 powerplay pacers (+0.9 runs/match); fair value Rs 1.94 cr,played 33% of team games in 3 yrs; small sample (189 balls),"Vaibhav Arora (-0.0, ~Rs 1.76 cr)"
GT,mega_2028,Suryansh Shedge,Suryansh Shedge,Buy,,,False,23.9,0.66,4.77,2.6,4.77,Green,False,no ranked role (+0.7 runs/match); fair value Rs 4.77 cr,played 38% of team games in 3 yrs; small sample (119 balls),none within ceiling - prioritise this bid
GT,mega_2028,Madhav Tiwari,M Tiwari,Buy,,,False,,0.6,1.83,1.6,1.83,Green,False,no ranked role (+0.6 runs/match); fair value Rs 1.83 cr,played 17% of team games in 3 yrs; small sample (78 balls),none within ceiling - prioritise this bid
GT,mega_2028,Mukesh Choudhary,Mukesh Choudhary,Buy,Powerplay pacer,Powerplay pacer,False,30.4,0.55,1.81,1.43,1.81,Green,False,#13 of 42 powerplay pacers (+0.5 runs/match); fair value Rs 1.81 cr,played 26% of team games in 3 yrs; small sample (212 balls),"Vaibhav Arora (-0.0, ~Rs 1.76 cr)"
GT,mega_2028,Praful Hinge,PP Hinge,Buy,Death pacer,Death pacer,False,24.9,0.3,1.72,1.35,1.98,Red,False,#12 of 33 death pacers (+0.3 runs/match); fair value Rs 1.72 cr; fills Red gap,played 47% of team games in 3 yrs; small sample (165 balls),"Sandeep Sharma (-0.7, ~Rs 1.53 cr)"
GT,mega_2028,Yash Raj Punja,Yash Raj Punja,Buy,Finger spinner,Finger spinner,False,,0.25,1.7,1.34,1.78,Amber,False,#13 of 24 finger spinners (+0.3 runs/match); fair value Rs 1.70 cr; fills Amber gap,played 50% of team games in 3 yrs; small sample (180 balls),"Manimaran Siddharth (-0.0, ~Rs 1.76 cr)"
GT,mega_2028,Angkrish Raghuvanshi,A Raghuvanshi,Buy,Anchor,"Anchor, Wicketkeeper",False,22.5,0.18,1.67,2.92,1.75,Amber,False,"#15 of 26 anchors (+0.2 runs/match); fair value Rs 1.67 cr; fills Amber gap. Likely price Rs 2.92 cr is above our ceiling: bid only up to Rs 1.75 cr, else take the backup","Low: regular, consistent performer","Sameer Rizvi (-0.3, ~Rs 1.65 cr)"
GT,mega_2028,Manish Pandey,MK Pandey,Buy,Middle-order,Middle-order,False,37.3,0.18,4.3,3.22,4.3,Green,False,#4 of 14 middle-orders (+0.2 runs/match); fair value Rs 4.30 cr,age 37; played 24% of team games in 3 yrs; small sample (145 balls),"Ayush Badoni (-0.5, ~Rs 1.59 cr)"
GT,mega_2028,Anukul Roy,AS Roy,Buy,Finger spinner,Finger spinner,False,28.0,0.11,1.65,1.44,1.73,Amber,False,#12 of 24 finger spinners (+0.1 runs/match); fair value Rs 1.65 cr; fills Amber gap,played 44% of team games in 3 yrs; small sample (264 balls),"Shivang Kumar (-2.1, ~Rs 1.12 cr)"
GT,mega_2028,Karn Sharma,KV Sharma,Buy,Wrist spinner,Wrist spinner,False,39.1,0.09,4.22,2.76,4.22,Green,False,#6 of 15 wrist spinners (+0.1 runs/match); fair value Rs 4.22 cr,age 39; played 48% of team games in 3 yrs; volatile (season-to-season SD 2.0); small sample (250 balls),"Vipraj Nigam (-0.7, ~Rs 1.52 cr)"
GT,mega_2028,Aniket Verma,Aniket Verma,Buy,Finisher,Finisher,False,24.9,-0.09,1.58,1.25,1.58,Green,False,#9 of 30 finishers (-0.1 runs/match); fair value Rs 1.58 cr,small sample (196 balls),"Ramandeep Singh (-0.8, ~Rs 1.51 cr)"
GT,mega_2028,Kartik Tyagi,Kartik Tyagi,Buy,Death pacer,Death pacer,False,26.1,-0.23,1.53,1.22,1.76,Red,False,#16 of 33 death pacers (-0.2 runs/match); fair value Rs 1.53 cr; fills Red gap,played 58% of team games in 3 yrs; volatile (season-to-season SD 2.2),"Sandeep Sharma (-0.7, ~Rs 1.53 cr)"
GT,mega_2028,Mohammed Siraj,Mohammed Siraj,Buy back,Powerplay pacer,Powerplay pacer,False,32.8,2.48,7.07,13.31,7.07,Green,True,"#5 of 42 powerplay pacers (+2.5 runs/match); fair value Rs 7.07 cr. Likely price Rs 13.31 cr is above our ceiling: bid only up to Rs 7.07 cr, else take the backup","Low: regular, consistent performer","Pat Cummins (+1.0, ~Rs 6.16 cr)"
GT,mega_2028,Kagiso Rabada,K Rabada,Buy back,Powerplay pacer,Powerplay pacer,True,31.6,1.75,6.63,11.62,6.63,Green,True,"#6 of 42 powerplay pacers (+1.8 runs/match); fair value Rs 6.63 cr. Likely price Rs 11.62 cr is above our ceiling: bid only up to Rs 6.63 cr, else take the backup",volatile (season-to-season SD 4.0); overseas: international clashes,"Pat Cummins (+1.0, ~Rs 6.16 cr)"
GT,mega_2028,Jason Holder,JO Holder,Retain,Powerplay pacer,Powerplay pacer,True,35.1,4.7,12.54,14.33,,,True,#1 of 42 powerplay pacers (+4.7 runs/match); retention slot costs ~Rs 14.33 cr vs likely auction price Rs 16.40 cr,age 35; small sample (282 balls); overseas: international clashes,
GT,mega_2028,Sai Sudharsan,B Sai Sudharsan,Retain,Opener,Opener,False,25.2,4.21,10.29,14.33,,,True,#4 of 29 openers (+4.2 runs/match); retention slot costs ~Rs 14.33 cr vs likely auction price Rs 15.08 cr,"Low: regular, consistent performer",
GT,mega_2028,Shubman Gill,Shubman Gill,Retain,Opener,Opener,False,27.3,3.72,9.25,14.33,,,True,#6 of 29 openers (+3.7 runs/match); retention slot costs ~Rs 14.33 cr vs likely auction price Rs 17.17 cr,"Low: regular, consistent performer",
GT,mega_2028,Jos Buttler,JC Buttler,Release,Anchor,"Anchor, Wicketkeeper",True,36.3,1.7,6.56,,,,False,"+1.7 runs/match, #6 of 26 anchors; salary Rs 15.75 cr vs fair value Rs 6.56 cr - frees Rs 15.75 cr of purse",age 36; overseas: international clashes,
GT,mega_2028,Prasidh Krishna,M Prasidh Krishna,Release,Powerplay pacer,Powerplay pacer,False,30.8,1.42,5.62,,,,False,"+1.4 runs/match, #7 of 42 powerplay pacers; salary Rs 9.50 cr vs fair value Rs 5.62 cr - frees Rs 9.50 cr of purse",volatile (season-to-season SD 2.6),
GT,mega_2028,Rashid Khan,Rashid Khan,Release,Wrist spinner,"Finisher, Wrist spinner",True,28.2,0.61,5.19,,,,False,"+0.6 runs/match, #4 of 15 wrist spinners; salary Rs 18.00 cr vs fair value Rs 5.19 cr - frees Rs 18.00 cr of purse",overseas: international clashes,
GT,mega_2028,Sai Kishore,R Sai Kishore,Release,Finger spinner,Finger spinner,False,30.1,0.46,4.57,,,,False,"+0.5 runs/match, #11 of 24 finger spinners; salary Rs 2.00 cr vs fair value Rs 4.57 cr - frees Rs 2.00 cr of purse",played 52% of team games in 3 yrs,
GT,mega_2028,Shahrukh Khan,M Shahrukh Khan,Release,Middle-order,Middle-order,False,31.6,0.12,1.65,,,,False,"+0.1 runs/match, #5 of 14 middle-orders; salary Rs 4.00 cr vs fair value Rs 1.65 cr - frees Rs 4.00 cr of purse",small sample (226 balls),
GT,mega_2028,Rahul Tewatia,R Tewatia,Release,Finisher,Finisher,False,33.6,-0.41,1.47,,,,False,"-0.4 runs/match, #19 of 30 finishers; salary Rs 4.00 cr vs fair value Rs 1.47 cr - frees Rs 4.00 cr of purse",age 34,
GT,mega_2028,Arshad Khan,Arshad Khan,Release,Powerplay pacer,Powerplay pacer,False,29.0,-0.43,1.47,,,,False,"-0.4 runs/match, #24 of 42 powerplay pacers; salary Rs 1.30 cr vs fair value Rs 1.47 cr - frees Rs 1.30 cr of purse",played 43% of team games in 3 yrs,
GT,mega_2028,Washington Sundar,Washington Sundar,Release,Anchor,"Anchor, Finger spinner",False,27.2,-0.67,3.58,,,,False,"-0.7 runs/match, #13 of 26 anchors; salary Rs 3.20 cr vs fair value Rs 3.58 cr - frees Rs 3.20 cr of purse",played 52% of team games in 3 yrs,
GT,mega_2028,Anuj Rawat,Anuj Rawat,Release,Wicketkeeper,Wicketkeeper,False,27.2,-1.13,1.26,,,,False,"-1.1 runs/match, #27 of 32 wicketkeepers; salary Rs 0.30 cr vs fair value Rs 1.26 cr - frees Rs 0.30 cr of purse",played 33% of team games in 3 yrs; small sample (77 balls),
GT,mega_2028,Ishant Sharma,I Sharma,Release,Powerplay pacer,Powerplay pacer,False,38.3,-1.55,2.96,,,,False,"-1.6 runs/match, #31 of 42 powerplay pacers; salary Rs 0.75 cr vs fair value Rs 2.96 cr - frees Rs 0.75 cr of purse",age 38; played 55% of team games in 3 yrs; small sample (279 balls),
GT,mega_2028,Ashok Sharma,Ashok Sharma,Release,Death pacer,Death pacer,False,,-3.33,0.78,,,,False,"-3.3 runs/match, #33 of 33 death pacers; salary Rs 0.90 cr vs fair value Rs 0.78 cr - frees Rs 0.90 cr of purse",played 35% of team games in 3 yrs; small sample (130 balls),
GT,mega_2028,Glenn Phillips,GD Phillips,Release,Wicketkeeper,Wicketkeeper,True,30.0,,,,,,False,"no recent data, no ranked role; salary Rs 2.00 cr vs fair value n/a - frees Rs 2.00 cr of purse",played 35% of team games in 3 yrs; no recent IPL data; overseas: international clashes,
GT,mega_2028,Gurnoor Brar,Gurnoor Brar,Release,,,False,26.6,,,,,,False,"no recent data, no ranked role; salary Rs 1.30 cr vs fair value n/a - frees Rs 1.30 cr of purse",no recent IPL data,
GT,mega_2028,Jayant Yadav,J Yadav,Release,,,False,36.9,,,,,,False,"no recent data, no ranked role; salary Rs 0.75 cr vs fair value n/a - frees Rs 0.75 cr of purse",age 37; no recent IPL data,
GT,mega_2028,Kumar Kushagra,Kumar Kushagra,Release,,,False,22.1,,,,,,False,"no recent data, no ranked role; salary Rs 0.65 cr vs fair value n/a - frees Rs 0.65 cr of purse",played 16% of team games in 3 yrs; no recent IPL data,
GT,mega_2028,Luke Wood,L Wood,Release,,,True,31.4,,,,,,False,"no recent data, no ranked role; salary Rs 0.75 cr vs fair value n/a - frees Rs 0.75 cr of purse",played 14% of team games in 3 yrs; no recent IPL data; overseas: international clashes,
GT,mega_2028,Manav Suthar,MJ Suthar,Release,,,False,24.4,,,,,,False,"no recent data, no ranked role; salary Rs 0.30 cr vs fair value n/a - frees Rs 0.30 cr of purse",played 17% of team games in 3 yrs; no recent IPL data,
GT,mega_2028,Nishant Sindhu,N Sindhu,Release,,,False,22.7,,,,,,False,"no recent data, no ranked role; salary Rs 0.30 cr vs fair value n/a - frees Rs 0.30 cr of purse",played 47% of team games in 3 yrs; no recent IPL data,
GT,mega_2028,Prithvi Raj,Prithvi Raj (cricketer),Release,,,False,28.8,,,,,,False,"no recent data, no ranked role; salary Rs 0.30 cr vs fair value n/a - frees Rs 0.30 cr of purse",no recent IPL data,
GT,mega_2028,Tom Banton,Tom Banton,Release,,,True,28.1,,,,,,False,"no recent data, no ranked role; salary Rs 2.00 cr vs fair value n/a - frees Rs 2.00 cr of purse",no recent IPL data; overseas: international clashes,
KKR,mega_2028,Swapnil Singh,Swapnil Singh,Buy,,,False,35.9,2.25,2.62,2.39,2.62,Green,True,no ranked role (+2.3 runs/match); fair value Rs 2.62 cr,age 36; played 47% of team games in 3 yrs; small sample (111 balls),none within ceiling - prioritise this bid
KKR,mega_2028,Kagiso Rabada,K Rabada,Buy,Powerplay pacer,Powerplay pacer,True,31.6,1.75,6.63,11.62,6.63,Green,True,"#6 of 42 powerplay pacers (+1.8 runs/match); fair value Rs 6.63 cr. Likely price Rs 11.62 cr is above our ceiling: bid only up to Rs 6.63 cr, else take the backup",volatile (season-to-season SD 4.0); overseas: international clashes,"Prasidh Krishna (+1.4, ~Rs 6.18 cr)"
KKR,mega_2028,Priyansh Arya,Priyansh Arya,Buy,Opener,Opener,False,25.2,1.67,2.31,4.26,2.31,Green,True,"#13 of 29 openers (+1.7 runs/match); fair value Rs 2.31 cr. Likely price Rs 4.26 cr is above our ceiling: bid only up to Rs 2.31 cr, else take the backup","Low: regular, consistent performer",none within ceiling - prioritise this bid
KKR,mega_2028,Krunal Pandya,KH Pandya,Buy,All-rounder,"Finisher, Finger spinner, All-rounder",False,35.7,1.51,5.73,8.46,6.02,Amber,True,"#3 of 9 all-rounders (+1.5 runs/match); fair value Rs 5.73 cr; fills Amber gap. Likely price Rs 8.46 cr is above our ceiling: bid only up to Rs 6.02 cr, else take the backup",age 36,"Axar Patel (+0.3, ~Rs 4.88 cr)"
KKR,mega_2028,Sakib Hussain,Sakib Hussain,Buy,Death pacer,Death pacer,False,22.0,1.36,2.16,1.67,2.16,Green,True,#9 of 33 death pacers (+1.4 runs/match); fair value Rs 2.16 cr,small sample (259 balls),"Rasikh Salam (+0.0, ~Rs 1.77 cr)"
KKR,mega_2028,Venkatesh Iyer,VR Iyer,Buy,Anchor,Anchor,False,32.0,1.12,5.27,8.37,5.53,Amber,True,"#11 of 26 anchors (+1.1 runs/match); fair value Rs 5.27 cr; fills Amber gap. Likely price Rs 8.37 cr is above our ceiling: bid only up to Rs 5.53 cr, else take the backup","Low: regular, consistent performer","Will Jacks (+0.3, ~Rs 5.32 cr)"
KKR,mega_2028,Shashank Singh,Shashank Singh,Buy,Finisher,Finisher,False,35.1,0.8,1.91,4.07,2.01,Amber,True,"#5 of 30 finishers (+0.8 runs/match); fair value Rs 1.91 cr; fills Amber gap. Likely price Rs 4.07 cr is above our ceiling: bid only up to Rs 2.01 cr, else take the backup",age 35,"Naman Dhir (-0.3, ~Rs 1.65 cr)"
KKR,mega_2028,Devdutt Padikkal,D Padikkal,Buy,Anchor,Anchor,False,26.4,0.19,4.31,4.52,4.53,Amber,True,#14 of 26 anchors (+0.2 runs/match); fair value Rs 4.31 cr; fills Amber gap,volatile (season-to-season SD 2.6),"Sameer Rizvi (-0.3, ~Rs 1.65 cr)"
KKR,mega_2028,Akash Singh,Akash Singh,Buy,,,False,24.6,1.5,2.23,1.73,2.23,Green,False,no ranked role (+1.5 runs/match); fair value Rs 2.23 cr,played 18% of team games in 3 yrs; small sample (109 balls),none within ceiling - prioritise this bid
KKR,mega_2028,Ashwani Kumar,Ashwani Kumar,Buy,Powerplay pacer,Powerplay pacer,False,25.3,0.87,1.94,1.52,1.94,Green,False,#10 of 42 powerplay pacers (+0.9 runs/match); fair value Rs 1.94 cr,played 33% of team games in 3 yrs; small sample (189 balls),"Yash Dayal (-0.2, ~Rs 1.69 cr)"
KKR,mega_2028,Donovan Ferreira,D Ferreira,Buy,Finisher,"Finisher, Wicketkeeper",True,28.4,0.78,5.37,4.24,5.64,Amber,False,#3 of 30 finishers (+0.8 runs/match); fair value Rs 5.37 cr; fills Amber gap,played 39% of team games in 3 yrs; small sample (209 balls); overseas: international clashes,"Ravindra Jadeja (+0.3, ~Rs 4.83 cr)"
KKR,mega_2028,Jamie Overton,J Overton,Buy,All-rounder,"Death pacer, All-rounder",True,32.7,0.72,5.3,4.81,5.3,Green,False,#4 of 9 all-rounders (+0.7 runs/match); fair value Rs 5.30 cr,played 46% of team games in 3 yrs; volatile (season-to-season SD 3.1); small sample (297 balls); overseas: international clashes,"Axar Patel (+0.3, ~Rs 4.88 cr)"
KKR,mega_2028,Suryansh Shedge,Suryansh Shedge,Buy,,,False,23.9,0.66,4.77,2.6,4.77,Green,False,no ranked role (+0.7 runs/match); fair value Rs 4.77 cr,played 38% of team games in 3 yrs; small sample (119 balls),none within ceiling - prioritise this bid
KKR,mega_2028,Madhav Tiwari,M Tiwari,Buy,,,False,,0.6,1.83,1.6,1.83,Green,False,no ranked role (+0.6 runs/match); fair value Rs 1.83 cr,played 17% of team games in 3 yrs; small sample (78 balls),none within ceiling - prioritise this bid
KKR,mega_2028,Mukesh Choudhary,Mukesh Choudhary,Buy,Powerplay pacer,Powerplay pacer,False,30.4,0.55,1.81,1.43,1.81,Green,False,#13 of 42 powerplay pacers (+0.5 runs/match); fair value Rs 1.81 cr,played 26% of team games in 3 yrs; small sample (212 balls),"Yash Dayal (-0.2, ~Rs 1.69 cr)"
KKR,mega_2028,Praful Hinge,PP Hinge,Buy,Death pacer,Death pacer,False,24.9,0.3,1.72,1.35,1.72,Green,False,#12 of 33 death pacers (+0.3 runs/match); fair value Rs 1.72 cr,played 47% of team games in 3 yrs; small sample (165 balls),"Sandeep Sharma (-0.7, ~Rs 1.53 cr)"
KKR,mega_2028,Yash Raj Punja,Yash Raj Punja,Buy,Finger spinner,Finger spinner,False,,0.25,1.7,1.34,1.7,Green,False,#13 of 24 finger spinners (+0.3 runs/match); fair value Rs 1.70 cr,played 50% of team games in 3 yrs; small sample (180 balls),"Shivang Kumar (-2.1, ~Rs 1.12 cr)"
KKR,mega_2028,Aniket Verma,Aniket Verma,Buy,Finisher,Finisher,False,24.9,-0.09,1.58,1.25,1.66,Amber,False,#9 of 30 finishers (-0.1 runs/match); fair value Rs 1.58 cr; fills Amber gap,small sample (196 balls),"Naman Dhir (-0.3, ~Rs 1.65 cr)"
KKR,mega_2028,Finn Allen,FH Allen,Buy back,Opener,"Opener, Wicketkeeper",True,27.6,2.72,8.17,7.91,8.17,Green,True,#8 of 29 openers (+2.7 runs/match); fair value Rs 8.17 cr,small sample (163 balls); overseas: international clashes,"Phil Salt (+2.1, ~Rs 7.81 cr)"
KKR,mega_2028,Manish Pandey,MK Pandey,Buy back,Middle-order,Middle-order,False,37.3,0.18,4.3,3.22,4.3,Green,False,#4 of 14 middle-orders (+0.2 runs/match); fair value Rs 4.30 cr,age 37; played 24% of team games in 3 yrs; small sample (145 balls),"Shahrukh Khan (+0.1, ~Rs 1.82 cr)"
KKR,mega_2028,Anukul Roy,AS Roy,Buy back,Finger spinner,Finger spinner,False,28.0,0.11,1.65,1.44,1.65,Green,False,#12 of 24 finger spinners (+0.1 runs/match); fair value Rs 1.65 cr,played 44% of team games in 3 yrs; small sample (264 balls),"Shivang Kumar (-2.1, ~Rs 1.12 cr)"
KKR,mega_2028,Kartik Tyagi,Kartik Tyagi,Buy back,Death pacer,Death pacer,False,26.1,-0.23,1.53,1.22,1.53,Green,False,#16 of 33 death pacers (-0.2 runs/match); fair value Rs 1.53 cr,played 58% of team games in 3 yrs; volatile (season-to-season SD 2.2),"Sandeep Sharma (-0.7, ~Rs 1.53 cr)"
KKR,mega_2028,Sunil Narine,SP Narine,Retain,All-rounder,"Opener, Finger spinner, All-rounder",True,38.6,6.32,17.82,14.33,,,True,#1 of 9 all-rounders (+6.3 runs/match); retention slot costs ~Rs 14.33 cr vs likely auction price Rs 18.00 cr,age 39; overseas: international clashes,
KKR,mega_2028,Mustafizur Rahman,Mustafizur Rahman,Retain,Death pacer,Death pacer,True,31.3,2.98,8.65,14.33,,,True,#4 of 33 death pacers (+3.0 runs/match); retention slot costs ~Rs 14.33 cr vs likely auction price Rs 12.79 cr,played 41% of team games in 3 yrs; small sample (273 balls); overseas: international clashes,
KKR,mega_2028,Varun Chakravarthy,CV Varun,Retain,Wrist spinner,Wrist spinner,False,35.3,2.98,7.89,14.33,,,True,#1 of 15 wrist spinners (+3.0 runs/match); retention slot costs ~Rs 14.33 cr vs likely auction price Rs 13.29 cr,age 35,
KKR,mega_2028,Matheesha Pathirana,M Pathirana,Release,Death pacer,Death pacer,True,24.0,1.1,5.76,,,,False,"+1.1 runs/match, #10 of 33 death pacers; salary Rs 18.00 cr vs fair value Rs 5.76 cr - frees Rs 18.00 cr of purse",played 45% of team games in 3 yrs; volatile (season-to-season SD 3.4); overseas: international clashes,
KKR,mega_2028,Harshit Rana,Harshit Rana,Release,Powerplay pacer,Powerplay pacer,False,25.0,0.82,1.92,,,,False,"+0.8 runs/match, #8 of 42 powerplay pacers; salary Rs 4.00 cr vs fair value Rs 1.92 cr - frees Rs 4.00 cr of purse","Low: regular, consistent performer",
KKR,mega_2028,Angkrish Raghuvanshi,A Raghuvanshi,Release,Anchor,"Anchor, Wicketkeeper",False,22.5,0.18,1.67,,,,False,"+0.2 runs/match, #15 of 26 anchors; salary Rs 3.00 cr vs fair value Rs 1.67 cr - frees Rs 3.00 cr of purse","Low: regular, consistent performer",
KKR,mega_2028,Vaibhav Arora,VG Arora,Release,Powerplay pacer,Powerplay pacer,False,29.0,-0.02,1.6,,,,False,"-0.0 runs/match, #19 of 42 powerplay pacers; salary Rs 1.80 cr vs fair value Rs 1.60 cr - frees Rs 1.80 cr of purse","Low: regular, consistent performer",
KKR,mega_2028,Rinku Singh,RK Singh,Release,Finisher,Finisher,False,29.2,-0.1,4.05,,,,False,"-0.1 runs/match, #10 of 30 finishers; salary Rs 13.00 cr vs fair value Rs 4.05 cr - frees Rs 13.00 cr of purse","Low: regular, consistent performer",
KKR,mega_2028,Rovman Powell,R Powell,Release,Finisher,Finisher,True,33.4,-0.46,4.11,,,,False,"-0.5 runs/match, #21 of 30 finishers; salary Rs 1.50 cr vs fair value Rs 4.11 cr - frees Rs 1.50 cr of purse",age 33; played 52% of team games in 3 yrs; small sample (214 balls); overseas: international clashes,
KKR,mega_2028,Ramandeep Singh,Ramandeep Singh,Release,Finisher,Finisher,False,29.7,-0.75,1.37,,,,False,"-0.8 runs/match, #24 of 30 finishers; salary Rs 4.00 cr vs fair value Rs 1.37 cr - frees Rs 4.00 cr of purse",small sample (185 balls),
KKR,mega_2028,Cameron Green,C Green,Release,All-rounder,"Anchor, Powerplay pacer, All-rounder",True,27.5,-1.21,3.49,,,,False,"-1.2 runs/match, #7 of 9 all-rounders; salary Rs 25.20 cr vs fair value Rs 3.49 cr - frees Rs 25.20 cr of purse",overseas: international clashes,
KKR,mega_2028,Ajinkya Rahane,AM Rahane,Release,Opener,Opener,False,38.5,-1.92,2.73,,,,False,"-1.9 runs/match, #26 of 29 openers; salary Rs 1.50 cr vs fair value Rs 2.73 cr - frees Rs 1.50 cr of purse",age 38,
KKR,mega_2028,Rachin Ravindra,R Ravindra,Release,Opener,Opener,True,27.1,-2.15,2.85,,,,False,"-2.2 runs/match, #28 of 29 openers; salary Rs 2.00 cr vs fair value Rs 2.85 cr - frees Rs 2.00 cr of purse",small sample (299 balls); overseas: international clashes,
KKR,mega_2028,Rahul Tripathi,RA Tripathi,Release,Anchor,Anchor,False,35.8,-2.16,2.59,,,,False,"-2.2 runs/match, #26 of 26 anchors; salary Rs 0.75 cr vs fair value Rs 2.59 cr - frees Rs 0.75 cr of purse",age 36; played 37% of team games in 3 yrs; small sample (172 balls),
KKR,mega_2028,Akash Deep,Akash Deep,Release,Powerplay pacer,Powerplay pacer,False,30.0,-4.47,1.57,,,,False,"-4.5 runs/match, #42 of 42 powerplay pacers; salary Rs 1.00 cr vs fair value Rs 1.57 cr - frees Rs 1.00 cr of purse",played 24% of team games in 3 yrs; small sample (139 balls),
KKR,mega_2028,Daksh Kamra,Daksh Kamra,Release,,,False,,,,,,,False,"no recent data, no ranked role; salary Rs 0.30 cr vs fair value n/a - frees Rs 0.30 cr of purse",no recent IPL data,
KKR,mega_2028,Prashant Solanki,PH Solanki,Release,,,False,26.8,,,,,,False,"no recent data, no ranked role; salary Rs 0.30 cr vs fair value n/a - frees Rs 0.30 cr of purse",no recent IPL data,
KKR,mega_2028,Sarthak Ranjan,Sarthak Ranjan,Release,,,False,30.2,,,,,,False,"no recent data, no ranked role; salary Rs 0.30 cr vs fair value n/a - frees Rs 0.30 cr of purse",no recent IPL data,
KKR,mega_2028,Tejasvi Singh,T Dahiya,Release,,,False,24.7,,,,,,False,"no recent data, no ranked role; salary Rs 3.00 cr vs fair value n/a - frees Rs 3.00 cr of purse",played 14% of team games in 3 yrs; no recent IPL data,
KKR,mega_2028,Tim Seifert,TL Seifert,Release,,,True,32.0,,,,,,False,"no recent data, no ranked role; salary Rs 1.50 cr vs fair value n/a - frees Rs 1.50 cr of purse",played 21% of team games in 3 yrs; no recent IPL data; overseas: international clashes,
KKR,mega_2028,Umran Malik,Umran Malik,Release,,,False,27.1,,,,,,False,"no recent data, no ranked role; salary Rs 0.75 cr vs fair value n/a - frees Rs 0.75 cr of purse",played 6% of team games in 3 yrs; no recent IPL data,
LSG,mega_2028,Nuwan Thushara,N Thushara,Buy,Death pacer,Death pacer,True,32.4,2.46,7.74,6.96,8.13,Amber,True,#5 of 33 death pacers (+2.5 runs/match); fair value Rs 7.74 cr; fills Amber gap,played 28% of team games in 3 yrs; small sample (180 balls); overseas: international clashes,"Matheesha Pathirana (+1.1, ~Rs 6.34 cr)"
LSG,mega_2028,Swapnil Singh,Swapnil Singh,Buy,,,False,35.9,2.25,2.62,2.39,2.62,Green,True,no ranked role (+2.3 runs/match); fair value Rs 2.62 cr,age 36; played 47% of team games in 3 yrs; small sample (111 balls),none within ceiling - prioritise this bid
LSG,mega_2028,Phil Salt,PD Salt,Buy,Opener,"Opener, Wicketkeeper",True,30.3,2.07,7.1,12.66,7.46,Amber,True,"#11 of 29 openers (+2.1 runs/match); fair value Rs 7.10 cr; fills Amber gap. Likely price Rs 12.66 cr is above our ceiling: bid only up to Rs 7.46 cr, else take the backup",overseas: international clashes,"Travis Head (+1.6, ~Rs 7.10 cr)"
LSG,mega_2028,Priyansh Arya,Priyansh Arya,Buy,Opener,Opener,False,25.2,1.67,2.31,4.26,2.43,Amber,True,"#13 of 29 openers (+1.7 runs/match); fair value Rs 2.31 cr; fills Amber gap. Likely price Rs 4.26 cr is above our ceiling: bid only up to Rs 2.43 cr, else take the backup","Low: regular, consistent performer",none within ceiling - prioritise this bid
LSG,mega_2028,Krunal Pandya,KH Pandya,Buy,All-rounder,"Finisher, Finger spinner, All-rounder",False,35.7,1.51,5.73,8.46,6.59,Red,True,"#3 of 9 all-rounders (+1.5 runs/match); fair value Rs 5.73 cr; fills Red gap. Likely price Rs 8.46 cr is above our ceiling: bid only up to Rs 6.59 cr, else take the backup",age 36,"Axar Patel (+0.3, ~Rs 4.88 cr)"
LSG,mega_2028,Sakib Hussain,Sakib Hussain,Buy,Death pacer,Death pacer,False,22.0,1.36,2.16,1.67,2.27,Amber,True,#9 of 33 death pacers (+1.4 runs/match); fair value Rs 2.16 cr; fills Amber gap,small sample (259 balls),"Rasikh Salam (+0.0, ~Rs 1.77 cr)"
LSG,mega_2028,Sai Kishore,R Sai Kishore,Buy,Finger spinner,Finger spinner,False,30.1,0.46,4.57,4.77,5.26,Red,True,#11 of 24 finger spinners (+0.5 runs/match); fair value Rs 4.57 cr; fills Red gap,played 52% of team games in 3 yrs,"Axar Patel (+0.3, ~Rs 4.88 cr)"
LSG,mega_2028,Mitchell Santner,MJ Santner,Buy,Finger spinner,Finger spinner,True,34.9,1.1,5.76,5.72,6.62,Red,False,#8 of 24 finger spinners (+1.1 runs/match); fair value Rs 5.76 cr; fills Red gap,age 35; played 45% of team games in 3 yrs; overseas: international clashes,"Moeen Ali (+1.0, ~Rs 6.23 cr)"
LSG,mega_2028,Ashwani Kumar,Ashwani Kumar,Buy,Powerplay pacer,Powerplay pacer,False,25.3,0.87,1.94,1.52,1.94,Green,False,#10 of 42 powerplay pacers (+0.9 runs/match); fair value Rs 1.94 cr,played 33% of team games in 3 yrs; small sample (189 balls),"Vaibhav Arora (-0.0, ~Rs 1.76 cr)"
LSG,mega_2028,Donovan Ferreira,D Ferreira,Buy,Finisher,"Finisher, Wicketkeeper",True,28.4,0.78,5.37,4.24,5.64,Amber,False,#3 of 30 finishers (+0.8 runs/match); fair value Rs 5.37 cr; fills Amber gap,played 39% of team games in 3 yrs; small sample (209 balls); overseas: international clashes,"Shashank Singh (+0.8, ~Rs 2.10 cr)"
LSG,mega_2028,Jamie Overton,J Overton,Buy,All-rounder,"Death pacer, All-rounder",True,32.7,0.72,5.3,4.81,6.09,Red,False,#4 of 9 all-rounders (+0.7 runs/match); fair value Rs 5.30 cr; fills Red gap,played 46% of team games in 3 yrs; volatile (season-to-season SD 3.1); small sample (297 balls); overseas: international clashes,"Axar Patel (+0.3, ~Rs 4.88 cr)"
LSG,mega_2028,Suryansh Shedge,Suryansh Shedge,Buy,,,False,23.9,0.66,4.77,2.6,4.77,Green,False,no ranked role (+0.7 runs/match); fair value Rs 4.77 cr,played 38% of team games in 3 yrs; small sample (119 balls),none within ceiling - prioritise this bid
LSG,mega_2028,Madhav Tiwari,M Tiwari,Buy,,,False,,0.6,1.83,1.6,1.83,Green,False,no ranked role (+0.6 runs/match); fair value Rs 1.83 cr,played 17% of team games in 3 yrs; small sample (78 balls),none within ceiling - prioritise this bid
LSG,mega_2028,Mukesh Choudhary,Mukesh Choudhary,Buy,Powerplay pacer,Powerplay pacer,False,30.4,0.55,1.81,1.43,1.81,Green,False,#13 of 42 powerplay pacers (+0.5 runs/match); fair value Rs 1.81 cr,played 26% of team games in 3 yrs; small sample (212 balls),"Vaibhav Arora (-0.0, ~Rs 1.76 cr)"
LSG,mega_2028,Praful Hinge,PP Hinge,Buy,Death pacer,Death pacer,False,24.9,0.3,1.72,1.35,1.81,Amber,False,#12 of 33 death pacers (+0.3 runs/match); fair value Rs 1.72 cr; fills Amber gap,played 47% of team games in 3 yrs; small sample (165 balls),"Rasikh Salam (+0.0, ~Rs 1.77 cr)"
LSG,mega_2028,Yash Raj Punja,Yash Raj Punja,Buy,Finger spinner,Finger spinner,False,,0.25,1.7,1.34,1.95,Red,False,#13 of 24 finger spinners (+0.3 runs/match); fair value Rs 1.70 cr; fills Red gap,played 50% of team games in 3 yrs; small sample (180 balls),"Shivang Kumar (-2.1, ~Rs 1.12 cr)"
LSG,mega_2028,Shahrukh Khan,M Shahrukh Khan,Buy,Middle-order,Middle-order,False,31.6,0.12,1.65,3.19,1.65,Green,False,"#5 of 14 middle-orders (+0.1 runs/match); fair value Rs 1.65 cr. Likely price Rs 3.19 cr is above our ceiling: bid only up to Rs 1.65 cr, else take the backup",small sample (226 balls),"Nehal Wadhera (-0.7, ~Rs 1.52 cr)"
LSG,mega_2028,Anukul Roy,AS Roy,Buy,Finger spinner,Finger spinner,False,28.0,0.11,1.65,1.44,1.9,Red,False,#12 of 24 finger spinners (+0.1 runs/match); fair value Rs 1.65 cr; fills Red gap,played 44% of team games in 3 yrs; small sample (264 balls),"Shivang Kumar (-2.1, ~Rs 1.12 cr)"
LSG,mega_2028,Karn Sharma,KV Sharma,Buy,Wrist spinner,Wrist spinner,False,39.1,0.09,4.22,2.76,4.22,Green,False,#6 of 15 wrist spinners (+0.1 runs/match); fair value Rs 4.22 cr,age 39; played 48% of team games in 3 yrs; volatile (season-to-season SD 2.0); small sample (250 balls),"Vipraj Nigam (-0.7, ~Rs 1.52 cr)"
LSG,mega_2028,Josh Inglis,JP Inglis,Buy back,Anchor,"Anchor, Wicketkeeper",True,31.8,5.06,13.58,18.0,13.58,Green,True,"#1 of 26 anchors (+5.1 runs/match); fair value Rs 13.58 cr. Likely price Rs 18.00 cr is above our ceiling: bid only up to Rs 13.58 cr, else take the backup",played 53% of team games in 3 yrs; overseas: international clashes,"Jos Buttler (+1.7, ~Rs 7.22 cr)"
LSG,mega_2028,Mitchell Marsh,MR Marsh,Buy back,Opener,Opener,True,35.2,3.27,9.21,10.59,9.67,Amber,True,"#5 of 29 openers (+3.3 runs/match); fair value Rs 9.21 cr; fills Amber gap. Likely price Rs 10.59 cr is above our ceiling: bid only up to Rs 9.67 cr, else take the backup",age 35; overseas: international clashes,"Jonny Bairstow (+2.0, ~Rs 7.76 cr)"
LSG,mega_2028,Prince Yadav,Prince Yadav,Buy back,Death pacer,Death pacer,False,25.0,1.52,5.75,3.08,6.04,Amber,True,#8 of 33 death pacers (+1.5 runs/match); fair value Rs 5.75 cr; fills Amber gap,volatile (season-to-season SD 3.4),"Arshdeep Singh (+0.3, ~Rs 4.85 cr)"
LSG,mega_2028,Akash Singh,Akash Singh,Buy back,,,False,24.6,1.5,2.23,1.73,2.23,Green,True,no ranked role (+1.5 runs/match); fair value Rs 2.23 cr,played 18% of team games in 3 yrs; small sample (109 balls),none within ceiling - prioritise this bid
LSG,mega_2028,Manimaran Siddharth,M Siddharth,Buy back,Finger spinner,Finger spinner,False,28.5,-0.03,1.6,1.74,1.84,Red,False,#16 of 24 finger spinners (-0.0 runs/match); fair value Rs 1.60 cr; fills Red gap,played 21% of team games in 3 yrs; small sample (186 balls),"Shivang Kumar (-2.1, ~Rs 1.12 cr)"
LSG,mega_2028,Mohsin Khan,Mohsin Khan,Retain,Powerplay pacer,Powerplay pacer,False,28.4,3.8,3.66,4.0,,,True,#2 of 42 powerplay pacers (+3.8 runs/match); retention slot costs ~Rs 4.00 cr vs likely auction price Rs 6.03 cr,"Low: regular, consistent performer",
LSG,mega_2028,Nicholas Pooran,N Pooran,Release,Anchor,"Anchor, Wicketkeeper",True,31.2,1.33,6.05,,,,False,"+1.3 runs/match, #9 of 26 anchors; salary Rs 21.00 cr vs fair value Rs 6.05 cr - frees Rs 21.00 cr of purse",volatile (season-to-season SD 3.8); overseas: international clashes,
LSG,mega_2028,Mohammed Shami,Mohammed Shami,Release,Powerplay pacer,Powerplay pacer,False,36.3,0.02,4.15,,,,False,"+0.0 runs/match, #18 of 42 powerplay pacers; salary Rs 10.00 cr vs fair value Rs 4.15 cr - frees Rs 10.00 cr of purse",age 36; volatile (season-to-season SD 3.1),
LSG,mega_2028,Wanindu Hasaranga,PWH de Silva,Release,Wrist spinner,Wrist spinner,True,29.4,-0.38,4.18,,,,False,"-0.4 runs/match, #8 of 15 wrist spinners; salary Rs 2.00 cr vs fair value Rs 4.18 cr - frees Rs 2.00 cr of purse",small sample (261 balls); overseas: international clashes,
LSG,mega_2028,Ayush Badoni,A Badoni,Release,Middle-order,Middle-order,False,27.0,-0.48,1.45,,,,False,"-0.5 runs/match, #9 of 14 middle-orders; salary Rs 4.00 cr vs fair value Rs 1.45 cr - frees Rs 4.00 cr of purse","Low: regular, consistent performer",
LSG,mega_2028,Abdul Samad,Abdul Samad,Release,Finisher,Finisher,False,25.1,-0.53,1.44,,,,False,"-0.5 runs/match, #23 of 30 finishers; salary Rs 4.20 cr vs fair value Rs 1.44 cr - frees Rs 4.20 cr of purse",small sample (292 balls),
LSG,mega_2028,Mukul Choudhary,MD Choudhary,Release,Finisher,"Finisher, Wicketkeeper",False,22.4,-0.81,1.35,,,,False,"-0.8 runs/match, #27 of 30 finishers; salary Rs 2.60 cr vs fair value Rs 1.35 cr - frees Rs 2.60 cr of purse",small sample (120 balls),
LSG,mega_2028,Himmat Singh,Himmat Singh,Release,,,False,30.1,-0.86,1.34,,,,False,"-0.9 runs/match, no ranked role; salary Rs 0.30 cr vs fair value Rs 1.34 cr - frees Rs 0.30 cr of purse",played 32% of team games in 3 yrs; small sample (69 balls),
LSG,mega_2028,Rishabh Pant,RR Pant,Release,Anchor,"Anchor, Wicketkeeper",False,29.2,-0.96,3.36,,,,False,"-1.0 runs/match, #20 of 26 anchors; salary Rs 27.00 cr vs fair value Rs 3.36 cr - frees Rs 27.00 cr of purse",volatile (season-to-season SD 2.4),
LSG,mega_2028,Digvesh Rathi,DS Rathi,Release,Wrist spinner,Wrist spinner,False,27.0,-1.42,1.18,,,,False,"-1.4 runs/match, #13 of 15 wrist spinners; salary Rs 0.30 cr vs fair value Rs 1.18 cr - frees Rs 0.30 cr of purse",volatile (season-to-season SD 3.4),
LSG,mega_2028,Aiden Markram,AK Markram,Release,Opener,Opener,True,32.2,-1.7,3.14,,,,False,"-1.7 runs/match, #23 of 29 openers; salary Rs 2.00 cr vs fair value Rs 3.14 cr - frees Rs 2.00 cr of purse",overseas: international clashes,
LSG,mega_2028,Shahbaz Ahmed,Shahbaz Ahmed,Release,Finisher,"Finisher, Finger spinner",False,32.0,-2.3,2.51,,,,False,"-2.3 runs/match, #17 of 30 finishers; salary Rs 2.40 cr vs fair value Rs 2.51 cr - frees Rs 2.40 cr of purse",played 55% of team games in 3 yrs,
LSG,mega_2028,Avesh Khan,Avesh Khan,Release,Death pacer,Death pacer,False,30.0,-2.49,2.42,,,,False,"-2.5 runs/match, #29 of 33 death pacers; salary Rs 9.75 cr vs fair value Rs 2.42 cr - frees Rs 9.75 cr of purse","Low: regular, consistent performer",
LSG,mega_2028,Anrich Nortje,A Nortje,Release,Death pacer,Death pacer,True,33.1,-2.71,2.53,,,,False,"-2.7 runs/match, #30 of 33 death pacers; salary Rs 2.00 cr vs fair value Rs 2.53 cr - frees Rs 2.00 cr of purse",age 33; played 22% of team games in 3 yrs; small sample (207 balls); overseas: international clashes,
LSG,mega_2028,Mayank Yadav,MP Yadav,Release,Powerplay pacer,Powerplay pacer,False,24.5,-3.36,2.0,,,,False,"-3.4 runs/match, #39 of 42 powerplay pacers; salary Rs 11.00 cr vs fair value Rs 2.00 cr - frees Rs 11.00 cr of purse",played 24% of team games in 3 yrs; small sample (222 balls),
LSG,mega_2028,Akshat Raghuwanshi,Akshat Raghuwanshi,Release,,,False,23.2,,,,,,False,"no recent data, no ranked role; salary Rs 2.20 cr vs fair value n/a - frees Rs 2.20 cr of purse",played 21% of team games in 3 yrs; no recent IPL data,
LSG,mega_2028,Arjun Tendulkar,Arjun Tendulkar,Release,,,False,27.2,,,,,,False,"no recent data, no ranked role; salary Rs 0.30 cr vs fair value n/a - frees Rs 0.30 cr of purse",played 7% of team games in 3 yrs; no recent IPL data,
LSG,mega_2028,Arshin Kulkarni,AA Kulkarni,Release,,,False,,,,,,,False,"no recent data, no ranked role; salary Rs 0.30 cr vs fair value n/a - frees Rs 0.30 cr of purse",played 14% of team games in 3 yrs; no recent IPL data,
LSG,mega_2028,Matthew Breetzke,MP Breetzke,Release,,,True,28.1,,,,,,False,"no recent data, no ranked role; salary Rs 0.75 cr vs fair value n/a - frees Rs 0.75 cr of purse",played 7% of team games in 3 yrs; no recent IPL data; overseas: international clashes,
LSG,mega_2028,Naman Tiwari,Naman Tiwari,Release,,,False,,,,,,,False,"no recent data, no ranked role; salary Rs 1.00 cr vs fair value n/a - frees Rs 1.00 cr of purse",no recent IPL data,
MI,mega_2028,Nuwan Thushara,N Thushara,Buy,Death pacer,Death pacer,True,32.4,2.46,7.74,6.96,7.74,Green,True,#5 of 33 death pacers (+2.5 runs/match); fair value Rs 7.74 cr,played 28% of team games in 3 yrs; small sample (180 balls); overseas: international clashes,"Matheesha Pathirana (+1.1, ~Rs 6.34 cr)"
MI,mega_2028,Swapnil Singh,Swapnil Singh,Buy,,,False,35.9,2.25,2.62,2.39,2.62,Green,True,no ranked role (+2.3 runs/match); fair value Rs 2.62 cr,age 36; played 47% of team games in 3 yrs; small sample (111 balls),none within ceiling - prioritise this bid
MI,mega_2028,Phil Salt,PD Salt,Buy,Opener,"Opener, Wicketkeeper",True,30.3,2.07,7.1,12.66,7.1,Green,True,"#11 of 29 openers (+2.1 runs/match); fair value Rs 7.10 cr. Likely price Rs 12.66 cr is above our ceiling: bid only up to Rs 7.10 cr, else take the backup",overseas: international clashes,"Travis Head (+1.6, ~Rs 7.10 cr)"
MI,mega_2028,Priyansh Arya,Priyansh Arya,Buy,Opener,Opener,False,25.2,1.67,2.31,4.26,2.31,Green,True,"#13 of 29 openers (+1.7 runs/match); fair value Rs 2.31 cr. Likely price Rs 4.26 cr is above our ceiling: bid only up to Rs 2.31 cr, else take the backup","Low: regular, consistent performer",none within ceiling - prioritise this bid
MI,mega_2028,Krunal Pandya,KH Pandya,Buy,All-rounder,"Finisher, Finger spinner, All-rounder",False,35.7,1.51,5.73,8.46,5.73,Green,True,"#3 of 9 all-rounders (+1.5 runs/match); fair value Rs 5.73 cr. Likely price Rs 8.46 cr is above our ceiling: bid only up to Rs 5.73 cr, else take the backup",age 36,"Axar Patel (+0.3, ~Rs 4.88 cr)"
MI,mega_2028,Akash Singh,Akash Singh,Buy,,,False,24.6,1.5,2.23,1.73,2.23,Green,True,no ranked role (+1.5 runs/match); fair value Rs 2.23 cr,played 18% of team games in 3 yrs; small sample (109 balls),none within ceiling - prioritise this bid
MI,mega_2028,Prasidh Krishna,M Prasidh Krishna,Buy,Powerplay pacer,Powerplay pacer,False,30.8,1.42,5.62,9.87,5.62,Green,True,"#7 of 42 powerplay pacers (+1.4 runs/match); fair value Rs 5.62 cr. Likely price Rs 9.87 cr is above our ceiling: bid only up to Rs 5.62 cr, else take the backup",volatile (season-to-season SD 2.6),"Jacob Duffy (+0.5, ~Rs 5.58 cr)"
MI,mega_2028,Sakib Hussain,Sakib Hussain,Buy,Death pacer,Death pacer,False,22.0,1.36,2.16,1.67,2.16,Green,True,#9 of 33 death pacers (+1.4 runs/match); fair value Rs 2.16 cr,small sample (259 balls),"Rasikh Salam (+0.0, ~Rs 1.77 cr)"
MI,mega_2028,Harshit Rana,Harshit Rana,Buy,Powerplay pacer,Powerplay pacer,False,25.0,0.82,1.92,3.66,1.92,Green,False,"#8 of 42 powerplay pacers (+0.8 runs/match); fair value Rs 1.92 cr. Likely price Rs 3.66 cr is above our ceiling: bid only up to Rs 1.92 cr, else take the backup","Low: regular, consistent performer","Vaibhav Arora (-0.0, ~Rs 1.76 cr)"
MI,mega_2028,Donovan Ferreira,D Ferreira,Buy,Finisher,"Finisher, Wicketkeeper",True,28.4,0.78,5.37,4.24,5.37,Green,False,#3 of 30 finishers (+0.8 runs/match); fair value Rs 5.37 cr,played 39% of team games in 3 yrs; small sample (209 balls); overseas: international clashes,"Shashank Singh (+0.8, ~Rs 2.10 cr)"
MI,mega_2028,Suryansh Shedge,Suryansh Shedge,Buy,,,False,23.9,0.66,4.77,2.6,4.77,Green,False,no ranked role (+0.7 runs/match); fair value Rs 4.77 cr,played 38% of team games in 3 yrs; small sample (119 balls),none within ceiling - prioritise this bid
MI,mega_2028,Madhav Tiwari,M Tiwari,Buy,,,False,,0.6,1.83,1.6,1.83,Green,False,no ranked role (+0.6 runs/match); fair value Rs 1.83 cr,played 17% of team games in 3 yrs; small sample (78 balls),none within ceiling - prioritise this bid
MI,mega_2028,Mukesh Choudhary,Mukesh Choudhary,Buy,Powerplay pacer,Powerplay pacer,False,30.4,0.55,1.81,1.43,1.81,Green,False,#13 of 42 powerplay pacers (+0.5 runs/match); fair value Rs 1.81 cr,played 26% of team games in 3 yrs; small sample (212 balls),"Vaibhav Arora (-0.0, ~Rs 1.76 cr)"
MI,mega_2028,Praful Hinge,PP Hinge,Buy,Death pacer,Death pacer,False,24.9,0.3,1.72,1.35,1.72,Green,False,#12 of 33 death pacers (+0.3 runs/match); fair value Rs 1.72 cr,played 47% of team games in 3 yrs; small sample (165 balls),"Kartik Tyagi (-0.2, ~Rs 1.68 cr)"
MI,mega_2028,Yash Raj Punja,Yash Raj Punja,Buy,Finger spinner,Finger spinner,False,,0.25,1.7,1.34,1.7,Green,False,#13 of 24 finger spinners (+0.3 runs/match); fair value Rs 1.70 cr,played 50% of team games in 3 yrs; small sample (180 balls),"Shivang Kumar (-2.1, ~Rs 1.12 cr)"
MI,mega_2028,Shahrukh Khan,M Shahrukh Khan,Buy,Middle-order,Middle-order,False,31.6,0.12,1.65,3.19,1.65,Green,False,"#5 of 14 middle-orders (+0.1 runs/match); fair value Rs 1.65 cr. Likely price Rs 3.19 cr is above our ceiling: bid only up to Rs 1.65 cr, else take the backup",small sample (226 balls),"Ayush Badoni (-0.5, ~Rs 1.59 cr)"
MI,mega_2028,Anukul Roy,AS Roy,Buy,Finger spinner,Finger spinner,False,28.0,0.11,1.65,1.44,1.65,Green,False,#12 of 24 finger spinners (+0.1 runs/match); fair value Rs 1.65 cr,played 44% of team games in 3 yrs; small sample (264 balls),"Shivang Kumar (-2.1, ~Rs 1.12 cr)"
MI,mega_2028,Karn Sharma,KV Sharma,Buy,Wrist spinner,Wrist spinner,False,39.1,0.09,4.22,2.76,4.43,Amber,False,#6 of 15 wrist spinners (+0.1 runs/match); fair value Rs 4.22 cr; fills Amber gap,age 39; played 48% of team games in 3 yrs; volatile (season-to-season SD 2.0); small sample (250 balls),"Ravi Bishnoi (-0.3, ~Rs 4.28 cr)"
MI,mega_2028,Aniket Verma,Aniket Verma,Buy,Finisher,Finisher,False,24.9,-0.09,1.58,1.25,1.58,Green,False,#9 of 30 finishers (-0.1 runs/match); fair value Rs 1.58 cr,small sample (196 balls),"Ramandeep Singh (-0.8, ~Rs 1.51 cr)"
MI,mega_2028,Ryan Rickelton,RD Rickelton,Buy back,Opener,"Opener, Wicketkeeper",True,30.4,2.53,7.85,6.01,7.85,Green,True,#9 of 29 openers (+2.5 runs/match); fair value Rs 7.85 cr,overseas: international clashes,"Jonny Bairstow (+2.0, ~Rs 7.76 cr)"
MI,mega_2028,Allah Ghazanfar,AM Ghazanfar,Buy back,Finger spinner,Finger spinner,True,20.7,1.77,6.67,8.84,6.67,Green,True,"#5 of 24 finger spinners (+1.8 runs/match); fair value Rs 6.67 cr. Likely price Rs 8.84 cr is above our ceiling: bid only up to Rs 6.67 cr, else take the backup",small sample (236 balls); overseas: international clashes,"Moeen Ali (+1.0, ~Rs 6.23 cr)"
MI,mega_2028,Suryakumar Yadav,SA Yadav,Buy back,Anchor,Anchor,False,36.3,1.65,5.91,12.45,5.91,Green,True,"#7 of 26 anchors (+1.7 runs/match); fair value Rs 5.91 cr. Likely price Rs 12.45 cr is above our ceiling: bid only up to Rs 5.91 cr, else take the backup",age 36; volatile (season-to-season SD 3.7),"Venkatesh Iyer (+1.1, ~Rs 5.80 cr)"
MI,mega_2028,Corbin Bosch,C Bosch,Buy back,All-rounder,"Death pacer, All-rounder",True,32.3,1.96,6.93,4.85,6.93,Green,False,#2 of 9 all-rounders (+2.0 runs/match); fair value Rs 6.93 cr,played 30% of team games in 3 yrs; small sample (226 balls); overseas: international clashes,"Jamie Overton (+0.7, ~Rs 5.83 cr)"
MI,mega_2028,Ashwani Kumar,Ashwani Kumar,Buy back,Powerplay pacer,Powerplay pacer,False,25.3,0.87,1.94,1.52,1.94,Green,False,#10 of 42 powerplay pacers (+0.9 runs/match); fair value Rs 1.94 cr,played 33% of team games in 3 yrs; small sample (189 balls),"Vaibhav Arora (-0.0, ~Rs 1.76 cr)"
MI,mega_2028,Jasprit Bumrah,JJ Bumrah,Retain,Death pacer,Death pacer,False,33.0,4.82,11.74,18.0,,,True,#2 of 33 death pacers (+4.8 runs/match); retention slot costs ~Rs 18.00 cr vs likely auction price Rs 22.03 cr,age 33,
MI,mega_2028,Mitchell Santner,MJ Santner,Release,Finger spinner,Finger spinner,True,34.9,1.1,5.76,,,,False,"+1.1 runs/match, #8 of 24 finger spinners; salary Rs 2.00 cr vs fair value Rs 5.76 cr - frees Rs 2.00 cr of purse",age 35; played 45% of team games in 3 yrs; overseas: international clashes,
MI,mega_2028,Deepak Chahar,DL Chahar,Release,Powerplay pacer,Powerplay pacer,False,34.4,0.52,4.62,,,,False,"+0.5 runs/match, #12 of 42 powerplay pacers; salary Rs 9.25 cr vs fair value Rs 4.62 cr - frees Rs 9.25 cr of purse",age 34,
MI,mega_2028,Will Jacks,WG Jacks,Release,Anchor,"Anchor, Finger spinner",True,28.1,0.29,4.84,,,,False,"+0.3 runs/match, #12 of 26 anchors; salary Rs 5.25 cr vs fair value Rs 4.84 cr - frees Rs 5.25 cr of purse",overseas: international clashes,
MI,mega_2028,Sherfane Rutherford,SE Rutherford,Release,Finisher,Finisher,True,28.3,0.17,4.71,,,,False,"+0.2 runs/match, #7 of 30 finishers; salary Rs 2.60 cr vs fair value Rs 4.71 cr - frees Rs 2.60 cr of purse",small sample (260 balls); overseas: international clashes,
MI,mega_2028,Rohit Sharma,RG Sharma,Release,Opener,Opener,False,39.6,-0.04,4.1,,,,False,"-0.0 runs/match, #19 of 29 openers; salary Rs 16.30 cr vs fair value Rs 4.10 cr - frees Rs 16.30 cr of purse",age 40,
MI,mega_2028,Tilak Varma,Tilak Varma,Release,Middle-order,Middle-order,False,24.1,-0.24,3.93,,,,False,"-0.2 runs/match, #8 of 14 middle-orders; salary Rs 8.00 cr vs fair value Rs 3.93 cr - frees Rs 8.00 cr of purse","Low: regular, consistent performer",
MI,mega_2028,Naman Dhir,Naman Dhir,Release,Finisher,Finisher,False,,-0.34,1.5,,,,False,"-0.3 runs/match, #13 of 30 finishers; salary Rs 5.25 cr vs fair value Rs 1.50 cr - frees Rs 5.25 cr of purse","Low: regular, consistent performer",
MI,mega_2028,Raghu Sharma,Raghu Sharma,Release,,,False,33.8,-0.54,1.43,,,,False,"-0.5 runs/match, no ranked role; salary Rs 0.30 cr vs fair value Rs 1.43 cr - frees Rs 0.30 cr of purse",age 34; played 43% of team games in 3 yrs; small sample (90 balls),
MI,mega_2028,Trent Boult,TA Boult,Release,Powerplay pacer,Powerplay pacer,True,37.4,-0.69,3.91,,,,False,"-0.7 runs/match, #26 of 42 powerplay pacers; salary Rs 12.50 cr vs fair value Rs 3.91 cr - frees Rs 12.50 cr of purse",age 37; volatile (season-to-season SD 4.4); overseas: international clashes,
MI,mega_2028,Quinton de Kock,Q de Kock,Release,Opener,"Opener, Wicketkeeper",True,34.0,-1.1,3.58,,,,False,"-1.1 runs/match, #22 of 29 openers; salary Rs 1.00 cr vs fair value Rs 3.58 cr - frees Rs 1.00 cr of purse",age 34; played 54% of team games in 3 yrs; volatile (season-to-season SD 2.3); overseas: international clashes,
MI,mega_2028,Shardul Thakur,SN Thakur,Release,Death pacer,Death pacer,False,35.2,-2.04,2.66,,,,False,"-2.0 runs/match, #22 of 33 death pacers; salary Rs 2.00 cr vs fair value Rs 2.66 cr - frees Rs 2.00 cr of purse",age 35,
MI,mega_2028,Mayank Markande,M Markande,Release,Wrist spinner,Wrist spinner,False,29.1,-2.79,2.26,,,,False,"-2.8 runs/match, #15 of 15 wrist spinners; salary Rs 0.30 cr vs fair value Rs 2.26 cr - frees Rs 0.30 cr of purse",played 33% of team games in 3 yrs; small sample (162 balls),
MI,mega_2028,Hardik Pandya,HH Pandya,Release,All-rounder,"Finisher, Powerplay pacer, All-rounder",False,33.2,-3.16,2.09,,,,False,"-3.2 runs/match, #8 of 9 all-rounders; salary Rs 16.35 cr vs fair value Rs 2.09 cr - frees Rs 16.35 cr of purse",age 33,
MI,mega_2028,Atharva Ankolekar,Atharva Ankolekar,Release,,,False,26.2,,,,,,False,"no recent data, no ranked role; salary Rs 0.30 cr vs fair value n/a - frees Rs 0.30 cr of purse",no recent IPL data,
MI,mega_2028,Danish Malewar,DV Malewar,Release,,,False,23.2,,,,,,False,"no recent data, no ranked role; salary Rs 0.30 cr vs fair value n/a - frees Rs 0.30 cr of purse",played 14% of team games in 3 yrs; no recent IPL data,
MI,mega_2028,Mayank Rawat,Mayank Rawat,Release,,,False,,,,,,,False,"no recent data, no ranked role; salary Rs 0.30 cr vs fair value n/a - frees Rs 0.30 cr of purse",played 7% of team games in 3 yrs; no recent IPL data,
MI,mega_2028,Mohammad Izhar,Mohammad Izhar,Release,,,False,,,,,,,False,"no recent data, no ranked role; salary Rs 0.30 cr vs fair value n/a - frees Rs 0.30 cr of purse",no recent IPL data,
MI,mega_2028,Raj Angad Bawa,RA Bawa,Release,,,False,24.1,,,,,,False,"no recent data, no ranked role; salary Rs 0.30 cr vs fair value n/a - frees Rs 0.30 cr of purse",played 20% of team games in 3 yrs; no recent IPL data,
MI,mega_2028,Robin Minz,R Minz,Release,,,False,24.3,,,,,,False,"no recent data, no ranked role; salary Rs 0.65 cr vs fair value n/a - frees Rs 0.65 cr of purse",played 13% of team games in 3 yrs; no recent IPL data,
PBKS,mega_2028,Nuwan Thushara,N Thushara,Buy,Death pacer,Death pacer,True,32.4,2.46,7.74,6.96,8.13,Amber,True,#5 of 33 death pacers (+2.5 runs/match); fair value Rs 7.74 cr; fills Amber gap,played 28% of team games in 3 yrs; small sample (180 balls); overseas: international clashes,"Matheesha Pathirana (+1.1, ~Rs 6.34 cr)"
PBKS,mega_2028,Swapnil Singh,Swapnil Singh,Buy,,,False,35.9,2.25,2.62,2.39,2.62,Green,True,no ranked role (+2.3 runs/match); fair value Rs 2.62 cr,age 36; played 47% of team games in 3 yrs; small sample (111 balls),none within ceiling - prioritise this bid
PBKS,mega_2028,Kagiso Rabada,K Rabada,Buy,Powerplay pacer,Powerplay pacer,True,31.6,1.75,6.63,11.62,6.96,Amber,True,"#6 of 42 powerplay pacers (+1.8 runs/match); fair value Rs 6.63 cr; fills Amber gap. Likely price Rs 11.62 cr is above our ceiling: bid only up to Rs 6.96 cr, else take the backup",volatile (season-to-season SD 4.0); overseas: international clashes,"Prasidh Krishna (+1.4, ~Rs 6.18 cr)"
PBKS,mega_2028,Krunal Pandya,KH Pandya,Buy,All-rounder,"Finisher, Finger spinner, All-rounder",False,35.7,1.51,5.73,8.46,6.59,Red,True,"#3 of 9 all-rounders (+1.5 runs/match); fair value Rs 5.73 cr; fills Red gap. Likely price Rs 8.46 cr is above our ceiling: bid only up to Rs 6.59 cr, else take the backup",age 36,"Axar Patel (+0.3, ~Rs 4.88 cr)"
PBKS,mega_2028,Sakib Hussain,Sakib Hussain,Buy,Death pacer,Death pacer,False,22.0,1.36,2.16,1.67,2.27,Amber,True,#9 of 33 death pacers (+1.4 runs/match); fair value Rs 2.16 cr; fills Amber gap,small sample (259 balls),"Sandeep Sharma (-0.7, ~Rs 1.53 cr)"
PBKS,mega_2028,Jamie Overton,J Overton,Buy,All-rounder,"Death pacer, All-rounder",True,32.7,0.72,5.3,4.81,6.09,Red,True,#4 of 9 all-rounders (+0.7 runs/match); fair value Rs 5.30 cr; fills Red gap,played 46% of team games in 3 yrs; volatile (season-to-season SD 3.1); small sample (297 balls); overseas: international clashes,"Axar Patel (+0.3, ~Rs 4.88 cr)"
PBKS,mega_2028,Mukesh Choudhary,Mukesh Choudhary,Buy,Powerplay pacer,Powerplay pacer,False,30.4,0.55,1.81,1.43,1.9,Amber,True,#13 of 42 powerplay pacers (+0.5 runs/match); fair value Rs 1.81 cr; fills Amber gap,played 26% of team games in 3 yrs; small sample (212 balls),"Vaibhav Arora (-0.0, ~Rs 1.76 cr)"
PBKS,mega_2028,Akash Singh,Akash Singh,Buy,,,False,24.6,1.5,2.23,1.73,2.23,Green,False,no ranked role (+1.5 runs/match); fair value Rs 2.23 cr,played 18% of team games in 3 yrs; small sample (109 balls),none within ceiling - prioritise this bid
PBKS,mega_2028,Tim David,TH David,Buy,Finisher,Finisher,True,30.7,1.33,6.06,6.9,6.36,Amber,False,"#2 of 30 finishers (+1.3 runs/match); fair value Rs 6.06 cr; fills Amber gap. Likely price Rs 6.90 cr is above our ceiling: bid only up to Rs 6.36 cr, else take the backup",overseas: international clashes,"Pat Cummins (+1.0, ~Rs 6.16 cr)"
PBKS,mega_2028,Ashwani Kumar,Ashwani Kumar,Buy,Powerplay pacer,Powerplay pacer,False,25.3,0.87,1.94,1.52,2.04,Amber,False,#10 of 42 powerplay pacers (+0.9 runs/match); fair value Rs 1.94 cr; fills Amber gap,played 33% of team games in 3 yrs; small sample (189 balls),"Vaibhav Arora (-0.0, ~Rs 1.76 cr)"
PBKS,mega_2028,Donovan Ferreira,D Ferreira,Buy,Finisher,"Finisher, Wicketkeeper",True,28.4,0.78,5.37,4.24,5.64,Amber,False,#3 of 30 finishers (+0.8 runs/match); fair value Rs 5.37 cr; fills Amber gap,played 39% of team games in 3 yrs; small sample (209 balls); overseas: international clashes,"Ravindra Jadeja (+0.3, ~Rs 4.83 cr)"
PBKS,mega_2028,Madhav Tiwari,M Tiwari,Buy,,,False,,0.6,1.83,1.6,1.83,Green,False,no ranked role (+0.6 runs/match); fair value Rs 1.83 cr,played 17% of team games in 3 yrs; small sample (78 balls),none within ceiling - prioritise this bid
PBKS,mega_2028,Praful Hinge,PP Hinge,Buy,Death pacer,Death pacer,False,24.9,0.3,1.72,1.35,1.81,Amber,False,#12 of 33 death pacers (+0.3 runs/match); fair value Rs 1.72 cr; fills Amber gap,played 47% of team games in 3 yrs; small sample (165 balls),"Sandeep Sharma (-0.7, ~Rs 1.53 cr)"
PBKS,mega_2028,Yash Raj Punja,Yash Raj Punja,Buy,Finger spinner,Finger spinner,False,,0.25,1.7,1.34,1.7,Green,False,#13 of 24 finger spinners (+0.3 runs/match); fair value Rs 1.70 cr,played 50% of team games in 3 yrs; small sample (180 balls),"Shivang Kumar (-2.1, ~Rs 1.12 cr)"
PBKS,mega_2028,Manish Pandey,MK Pandey,Buy,Middle-order,Middle-order,False,37.3,0.18,4.3,3.22,4.3,Green,False,#4 of 14 middle-orders (+0.2 runs/match); fair value Rs 4.30 cr,age 37; played 24% of team games in 3 yrs; small sample (145 balls),"Shahrukh Khan (+0.1, ~Rs 1.82 cr)"
PBKS,mega_2028,Karn Sharma,KV Sharma,Buy,Wrist spinner,Wrist spinner,False,39.1,0.09,4.22,2.76,4.22,Green,False,#6 of 15 wrist spinners (+0.1 runs/match); fair value Rs 4.22 cr,age 39; played 48% of team games in 3 yrs; volatile (season-to-season SD 2.0); small sample (250 balls),"Vipraj Nigam (-0.7, ~Rs 1.52 cr)"
PBKS,mega_2028,Rasikh Salam,Rasikh Salam,Buy,Death pacer,Death pacer,False,26.7,0.02,1.61,3.59,1.69,Amber,False,"#14 of 33 death pacers (+0.0 runs/match); fair value Rs 1.61 cr; fills Amber gap. Likely price Rs 3.59 cr is above our ceiling: bid only up to Rs 1.69 cr, else take the backup",played 49% of team games in 3 yrs; volatile (season-to-season SD 2.2); only available if RCB release him (projected),"Sandeep Sharma (-0.7, ~Rs 1.53 cr)"
PBKS,mega_2028,Kartik Tyagi,Kartik Tyagi,Buy,Death pacer,Death pacer,False,26.1,-0.23,1.53,1.22,1.61,Amber,False,#16 of 33 death pacers (-0.2 runs/match); fair value Rs 1.53 cr; fills Amber gap,played 58% of team games in 3 yrs; volatile (season-to-season SD 2.2),"Sandeep Sharma (-0.7, ~Rs 1.53 cr)"
PBKS,mega_2028,Cooper Connolly,C Connolly,Buy back,Anchor,Anchor,True,23.3,2.65,8.06,8.98,8.06,Green,True,"#4 of 26 anchors (+2.7 runs/match); fair value Rs 8.06 cr. Likely price Rs 8.98 cr is above our ceiling: bid only up to Rs 8.06 cr, else take the backup",overseas: international clashes,"Jos Buttler (+1.7, ~Rs 7.22 cr)"
PBKS,mega_2028,Harpreet Brar,Harpreet Brar,Buy back,Finger spinner,Finger spinner,False,31.2,2.09,2.53,3.37,2.53,Green,True,"#3 of 24 finger spinners (+2.1 runs/match); fair value Rs 2.53 cr. Likely price Rs 3.37 cr is above our ceiling: bid only up to Rs 2.53 cr, else take the backup",played 50% of team games in 3 yrs,"Anukul Roy (+0.1, ~Rs 1.82 cr)"
PBKS,mega_2028,Shashank Singh,Shashank Singh,Buy back,Finisher,Finisher,False,35.1,0.8,1.91,4.07,2.01,Amber,False,"#5 of 30 finishers (+0.8 runs/match); fair value Rs 1.91 cr; fills Amber gap. Likely price Rs 4.07 cr is above our ceiling: bid only up to Rs 2.01 cr, else take the backup",age 35,"Aniket Verma (-0.1, ~Rs 1.74 cr)"
PBKS,mega_2028,Suryansh Shedge,Suryansh Shedge,Buy back,,,False,23.9,0.66,4.77,2.6,4.77,Green,False,no ranked role (+0.7 runs/match); fair value Rs 4.77 cr,played 38% of team games in 3 yrs; small sample (119 balls),none within ceiling - prioritise this bid
PBKS,mega_2028,Shreyas Iyer,SS Iyer,Retain,Anchor,Anchor,False,32.0,3.05,8.01,8.67,,,True,#3 of 26 anchors (+3.1 runs/match); retention slot costs ~Rs 8.67 cr vs likely auction price Rs 17.74 cr,"Low: regular, consistent performer",
PBKS,mega_2028,Prabhsimran Singh,P Simran Singh,Retain,Opener,"Opener, Wicketkeeper",False,26.3,2.46,2.74,8.67,,,True,#10 of 29 openers (+2.5 runs/match); retention slot costs ~Rs 8.67 cr vs likely auction price Rs 4.62 cr,"Low: regular, consistent performer",
PBKS,mega_2028,Priyansh Arya,Priyansh Arya,Retain,Opener,Opener,False,25.2,1.67,2.31,8.67,,,True,#13 of 29 openers (+1.7 runs/match); retention slot costs ~Rs 8.67 cr vs likely auction price Rs 3.87 cr,"Low: regular, consistent performer",
PBKS,mega_2028,Arshdeep Singh,Arshdeep Singh,Release,Death pacer,Death pacer,False,27.9,0.3,4.41,,,,False,"+0.3 runs/match, #13 of 33 death pacers; salary Rs 18.00 cr vs fair value Rs 4.41 cr - frees Rs 18.00 cr of purse","Low: regular, consistent performer",
PBKS,mega_2028,Marcus Stoinis,MP Stoinis,Release,Middle-order,"Middle-order, Powerplay pacer",True,37.3,0.05,4.59,,,,False,"+0.1 runs/match, #2 of 14 middle-orders; salary Rs 11.00 cr vs fair value Rs 4.59 cr - frees Rs 11.00 cr of purse",age 37; overseas: international clashes,
PBKS,mega_2028,Yuzvendra Chahal,YS Chahal,Release,Wrist spinner,Wrist spinner,False,36.4,-0.04,4.1,,,,False,"-0.0 runs/match, #7 of 15 wrist spinners; salary Rs 18.00 cr vs fair value Rs 4.10 cr - frees Rs 18.00 cr of purse",age 36,
PBKS,mega_2028,Azmatullah Omarzai,Azmatullah Omarzai,Release,Powerplay pacer,Powerplay pacer,True,26.7,-0.41,4.16,,,,False,"-0.4 runs/match, #23 of 42 powerplay pacers; salary Rs 2.40 cr vs fair value Rs 4.16 cr - frees Rs 2.40 cr of purse",played 45% of team games in 3 yrs; overseas: international clashes,
PBKS,mega_2028,Nehal Wadhera,N Wadhera,Release,Middle-order,Middle-order,False,26.3,-0.7,1.38,,,,False,"-0.7 runs/match, #10 of 14 middle-orders; salary Rs 4.20 cr vs fair value Rs 1.38 cr - frees Rs 4.20 cr of purse","Low: regular, consistent performer",
PBKS,mega_2028,Lockie Ferguson,LH Ferguson,Release,Death pacer,Death pacer,True,35.5,-2.1,2.88,,,,False,"-2.1 runs/match, #24 of 33 death pacers; salary Rs 2.00 cr vs fair value Rs 2.88 cr - frees Rs 2.00 cr of purse",age 36; played 30% of team games in 3 yrs; small sample (280 balls); overseas: international clashes,
PBKS,mega_2028,Yash Thakur,Yash Thakur,Release,Death pacer,Death pacer,False,28.0,-2.14,2.6,,,,False,"-2.1 runs/match, #25 of 33 death pacers; salary Rs 1.60 cr vs fair value Rs 2.60 cr - frees Rs 1.60 cr of purse",played 28% of team games in 3 yrs; small sample (276 balls),
PBKS,mega_2028,Vijaykumar Vyshak,Vijaykumar Vyshak,Release,Powerplay pacer,Powerplay pacer,False,29.9,-2.2,1.0,,,,False,"-2.2 runs/match, #35 of 42 powerplay pacers; salary Rs 1.80 cr vs fair value Rs 1.00 cr - frees Rs 1.80 cr of purse",played 40% of team games in 3 yrs,
PBKS,mega_2028,Marco Jansen,M Jansen,Release,Finisher,"Finisher, Powerplay pacer",True,26.6,-2.9,2.42,,,,False,"-2.9 runs/match, #22 of 30 finishers; salary Rs 7.00 cr vs fair value Rs 2.42 cr - frees Rs 7.00 cr of purse",overseas: international clashes,
PBKS,mega_2028,Xavier Bartlett,XC Bartlett,Release,Powerplay pacer,Powerplay pacer,True,28.0,-3.53,2.12,,,,False,"-3.5 runs/match, #40 of 42 powerplay pacers; salary Rs 0.80 cr vs fair value Rs 2.12 cr - frees Rs 0.80 cr of purse",played 41% of team games in 3 yrs; small sample (289 balls); overseas: international clashes,
PBKS,mega_2028,Ben Dwarshuis,BJ Dwarshuis,Release,,,True,32.5,,,,,,False,"no recent data, no ranked role; salary Rs 4.40 cr vs fair value n/a - frees Rs 4.40 cr of purse",played 7% of team games in 3 yrs; no recent IPL data; overseas: international clashes,
PBKS,mega_2028,Harnoor Pannu,Harnoor Pannu,Release,,,False,,,,,,,False,"no recent data, no ranked role; salary Rs 0.30 cr vs fair value n/a - frees Rs 0.30 cr of purse",no recent IPL data,
PBKS,mega_2028,Mitchell Owen,MJ Owen,Release,,,True,25.2,,,,,,False,"no recent data, no ranked role; salary Rs 3.00 cr vs fair value n/a - frees Rs 3.00 cr of purse",played 6% of team games in 3 yrs; no recent IPL data; overseas: international clashes,
PBKS,mega_2028,Musheer Khan,Musheer Khan,Release,,,False,21.8,,,,,,False,"no recent data, no ranked role; salary Rs 0.30 cr vs fair value n/a - frees Rs 0.30 cr of purse",played 6% of team games in 3 yrs; no recent IPL data,
PBKS,mega_2028,Praveen Dubey,P Dubey,Release,,,False,33.5,,,,,,False,"no recent data, no ranked role; salary Rs 0.30 cr vs fair value n/a - frees Rs 0.30 cr of purse",age 34; played 6% of team games in 3 yrs; no recent IPL data,
PBKS,mega_2028,Pyla Avinash,Pyla Avinash,Release,,,False,,,,,,,False,"no recent data, no ranked role; salary Rs 0.30 cr vs fair value n/a - frees Rs 0.30 cr of purse",no recent IPL data,
PBKS,mega_2028,Vishal Nishad,Vishal Nishad,Release,,,False,,,,,,,False,"no recent data, no ranked role; salary Rs 0.30 cr vs fair value n/a - frees Rs 0.30 cr of purse",no recent IPL data,
PBKS,mega_2028,Vishnu Vinod,Vishnu Vinod,Release,,,False,33.0,,,,,,False,"no recent data, no ranked role; salary Rs 0.95 cr vs fair value n/a - frees Rs 0.95 cr of purse",age 33; played 7% of team games in 3 yrs; no recent IPL data,
RR,mega_2028,Nuwan Thushara,N Thushara,Buy,Death pacer,Death pacer,True,32.4,2.46,7.74,6.96,7.74,Green,True,#5 of 33 death pacers (+2.5 runs/match); fair value Rs 7.74 cr,played 28% of team games in 3 yrs; small sample (180 balls); overseas: international clashes,"Matheesha Pathirana (+1.1, ~Rs 6.34 cr)"
RR,mega_2028,Swapnil Singh,Swapnil Singh,Buy,,,False,35.9,2.25,2.62,2.39,2.62,Green,True,no ranked role (+2.3 runs/match); fair value Rs 2.62 cr,age 36; played 47% of team games in 3 yrs; small sample (111 balls),none within ceiling - prioritise this bid
RR,mega_2028,Jonny Bairstow,JM Bairstow,Buy,Opener,"Opener, Wicketkeeper",True,37.2,2.04,7.05,10.48,7.4,Amber,True,"#12 of 29 openers (+2.0 runs/match); fair value Rs 7.05 cr; fills Amber gap. Likely price Rs 10.48 cr is above our ceiling: bid only up to Rs 7.40 cr, else take the backup",age 37; played 43% of team games in 3 yrs; small sample (241 balls); overseas: international clashes,"Travis Head (+1.6, ~Rs 7.10 cr)"
RR,mega_2028,Kagiso Rabada,K Rabada,Buy,Powerplay pacer,Powerplay pacer,True,31.6,1.75,6.63,11.62,6.63,Green,True,"#6 of 42 powerplay pacers (+1.8 runs/match); fair value Rs 6.63 cr. Likely price Rs 11.62 cr is above our ceiling: bid only up to Rs 6.63 cr, else take the backup",volatile (season-to-season SD 4.0); overseas: international clashes,"Prasidh Krishna (+1.4, ~Rs 6.18 cr)"
RR,mega_2028,Priyansh Arya,Priyansh Arya,Buy,Opener,Opener,False,25.2,1.67,2.31,4.26,2.31,Green,True,"#13 of 29 openers (+1.7 runs/match); fair value Rs 2.31 cr. Likely price Rs 4.26 cr is above our ceiling: bid only up to Rs 2.31 cr, else take the backup","Low: regular, consistent performer",none within ceiling - prioritise this bid
RR,mega_2028,Krunal Pandya,KH Pandya,Buy,All-rounder,"Finisher, Finger spinner, All-rounder",False,35.7,1.51,5.73,8.46,5.73,Green,True,"#3 of 9 all-rounders (+1.5 runs/match); fair value Rs 5.73 cr. Likely price Rs 8.46 cr is above our ceiling: bid only up to Rs 5.73 cr, else take the backup",age 36,"Axar Patel (+0.3, ~Rs 4.88 cr)"
RR,mega_2028,Akash Singh,Akash Singh,Buy,,,False,24.6,1.5,2.23,1.73,2.23,Green,True,no ranked role (+1.5 runs/match); fair value Rs 2.23 cr,played 18% of team games in 3 yrs; small sample (109 balls),none within ceiling - prioritise this bid
RR,mega_2028,Sakib Hussain,Sakib Hussain,Buy,Death pacer,Death pacer,False,22.0,1.36,2.16,1.67,2.16,Green,True,#9 of 33 death pacers (+1.4 runs/match); fair value Rs 2.16 cr,small sample (259 balls),"Akash Madhwal (-2.8, ~Rs 0.97 cr)"
RR,mega_2028,Venkatesh Iyer,VR Iyer,Buy,Anchor,Anchor,False,32.0,1.12,5.27,8.37,5.27,Green,True,"#11 of 26 anchors (+1.1 runs/match); fair value Rs 5.27 cr. Likely price Rs 8.37 cr is above our ceiling: bid only up to Rs 5.27 cr, else take the backup","Low: regular, consistent performer","Devdutt Padikkal (+0.2, ~Rs 4.74 cr)"
RR,mega_2028,Ashwani Kumar,Ashwani Kumar,Buy,Powerplay pacer,Powerplay pacer,False,25.3,0.87,1.94,1.52,1.94,Green,False,#10 of 42 powerplay pacers (+0.9 runs/match); fair value Rs 1.94 cr,played 33% of team games in 3 yrs; small sample (189 balls),"Vaibhav Arora (-0.0, ~Rs 1.76 cr)"
RR,mega_2028,Jamie Overton,J Overton,Buy,All-rounder,"Death pacer, All-rounder",True,32.7,0.72,5.3,4.81,5.3,Green,False,#4 of 9 all-rounders (+0.7 runs/match); fair value Rs 5.30 cr,played 46% of team games in 3 yrs; volatile (season-to-season SD 3.1); small sample (297 balls); overseas: international clashes,"Axar Patel (+0.3, ~Rs 4.88 cr)"
RR,mega_2028,Suryansh Shedge,Suryansh Shedge,Buy,,,False,23.9,0.66,4.77,2.6,4.77,Green,False,no ranked role (+0.7 runs/match); fair value Rs 4.77 cr,played 38% of team games in 3 yrs; small sample (119 balls),none within ceiling - prioritise this bid
RR,mega_2028,Madhav Tiwari,M Tiwari,Buy,,,False,,0.6,1.83,1.6,1.83,Green,False,no ranked role (+0.6 runs/match); fair value Rs 1.83 cr,played 17% of team games in 3 yrs; small sample (78 balls),none within ceiling - prioritise this bid
RR,mega_2028,Mukesh Choudhary,Mukesh Choudhary,Buy,Powerplay pacer,Powerplay pacer,False,30.4,0.55,1.81,1.43,1.81,Green,False,#13 of 42 powerplay pacers (+0.5 runs/match); fair value Rs 1.81 cr,played 26% of team games in 3 yrs; small sample (212 balls),"Vaibhav Arora (-0.0, ~Rs 1.76 cr)"
RR,mega_2028,Praful Hinge,PP Hinge,Buy,Death pacer,Death pacer,False,24.9,0.3,1.72,1.35,1.72,Green,False,#12 of 33 death pacers (+0.3 runs/match); fair value Rs 1.72 cr,played 47% of team games in 3 yrs; small sample (165 balls),"Akash Madhwal (-2.8, ~Rs 0.97 cr)"
RR,mega_2028,Angkrish Raghuvanshi,A Raghuvanshi,Buy,Anchor,"Anchor, Wicketkeeper",False,22.5,0.18,1.67,2.92,1.75,Amber,False,"#15 of 26 anchors (+0.2 runs/match); fair value Rs 1.67 cr; fills Amber gap. Likely price Rs 2.92 cr is above our ceiling: bid only up to Rs 1.75 cr, else take the backup","Low: regular, consistent performer","Sameer Rizvi (-0.3, ~Rs 1.65 cr)"
RR,mega_2028,Manish Pandey,MK Pandey,Buy,Middle-order,Middle-order,False,37.3,0.18,4.3,3.22,4.3,Green,False,#4 of 14 middle-orders (+0.2 runs/match); fair value Rs 4.30 cr,age 37; played 24% of team games in 3 yrs; small sample (145 balls),"Shahrukh Khan (+0.1, ~Rs 1.82 cr)"
RR,mega_2028,Karn Sharma,KV Sharma,Buy,Wrist spinner,Wrist spinner,False,39.1,0.09,4.22,2.76,4.22,Green,False,#6 of 15 wrist spinners (+0.1 runs/match); fair value Rs 4.22 cr,age 39; played 48% of team games in 3 yrs; volatile (season-to-season SD 2.0); small sample (250 balls),"Vipraj Nigam (-0.7, ~Rs 1.52 cr)"
RR,mega_2028,Rasikh Salam,Rasikh Salam,Buy,Death pacer,Death pacer,False,26.7,0.02,1.61,3.59,1.61,Green,False,"#14 of 33 death pacers (+0.0 runs/match); fair value Rs 1.61 cr. Likely price Rs 3.59 cr is above our ceiling: bid only up to Rs 1.61 cr, else take the backup",played 49% of team games in 3 yrs; volatile (season-to-season SD 2.2); only available if RCB release him (projected),"Akash Madhwal (-2.8, ~Rs 0.97 cr)"
RR,mega_2028,Kartik Tyagi,Kartik Tyagi,Buy,Death pacer,Death pacer,False,26.1,-0.23,1.53,1.22,1.53,Green,False,#16 of 33 death pacers (-0.2 runs/match); fair value Rs 1.53 cr,played 58% of team games in 3 yrs; volatile (season-to-season SD 2.2),"Akash Madhwal (-2.8, ~Rs 0.97 cr)"
RR,mega_2028,Vignesh Puthur,V Puthur,Buy back,,,False,25.8,1.51,2.23,1.73,2.23,Green,True,no ranked role (+1.5 runs/match); fair value Rs 2.23 cr,played 31% of team games in 3 yrs; small sample (72 balls),none within ceiling - prioritise this bid
RR,mega_2028,Donovan Ferreira,D Ferreira,Buy back,Finisher,"Finisher, Wicketkeeper",True,28.4,0.78,5.37,4.24,5.64,Amber,False,#3 of 30 finishers (+0.8 runs/match); fair value Rs 5.37 cr; fills Amber gap,played 39% of team games in 3 yrs; small sample (209 balls); overseas: international clashes,"Shashank Singh (+0.8, ~Rs 2.10 cr)"
RR,mega_2028,Yash Raj Punja,Yash Raj Punja,Buy back,Finger spinner,Finger spinner,False,,0.25,1.7,1.34,1.7,Green,False,#13 of 24 finger spinners (+0.3 runs/match); fair value Rs 1.70 cr,played 50% of team games in 3 yrs; small sample (180 balls),"Shivang Kumar (-2.1, ~Rs 1.12 cr)"
RR,mega_2028,Vaibhav Sooryavanshi,V Suryavanshi,Retain,Opener,Opener,False,15.7,9.33,31.12,16.0,,,True,#1 of 29 openers (+9.3 runs/match); retention slot costs ~Rs 16.00 cr vs likely auction price Rs 20.75 cr,"Low: regular, consistent performer",
RR,mega_2028,Jofra Archer,JC Archer,Retain,Powerplay pacer,Powerplay pacer,True,31.7,3.35,9.38,16.0,,,True,#3 of 42 powerplay pacers (+3.4 runs/match); retention slot costs ~Rs 16.00 cr vs likely auction price Rs 15.31 cr,overseas: international clashes,
RR,mega_2028,Riyan Parag,R Parag,Release,Anchor,"Anchor, Finger spinner",False,25.1,1.18,5.34,,,,False,"+1.2 runs/match, #10 of 26 anchors; salary Rs 14.00 cr vs fair value Rs 5.34 cr - frees Rs 14.00 cr of purse","Low: regular, consistent performer",
RR,mega_2028,Nandre Burger,N Burger,Release,Powerplay pacer,Powerplay pacer,True,31.3,0.77,5.36,,,,False,"+0.8 runs/match, #11 of 42 powerplay pacers; salary Rs 3.50 cr vs fair value Rs 5.36 cr - frees Rs 3.50 cr of purse",played 58% of team games in 3 yrs; overseas: international clashes,
RR,mega_2028,Yashasvi Jaiswal,YBK Jaiswal,Release,Opener,Opener,False,25.0,0.66,4.77,,,,False,"+0.7 runs/match, #16 of 29 openers; salary Rs 18.00 cr vs fair value Rs 4.77 cr - frees Rs 18.00 cr of purse","Low: regular, consistent performer",
RR,mega_2028,Ravindra Jadeja,RA Jadeja,Release,All-rounder,"Finisher, Finger spinner, All-rounder",False,38.0,0.28,4.39,,,,False,"+0.3 runs/match, #6 of 9 all-rounders; salary Rs 14.00 cr vs fair value Rs 4.39 cr - frees Rs 14.00 cr of purse",age 38,
RR,mega_2028,Kuldeep Sen,KR Sen,Release,,,False,30.1,0.19,4.31,,,,False,"+0.2 runs/match, no ranked role; salary Rs 0.75 cr vs fair value Rs 4.31 cr - frees Rs 0.75 cr of purse",played 20% of team games in 3 yrs; small sample (72 balls),
RR,mega_2028,Dhruv Jurel,Dhruv Jurel,Release,Middle-order,"Middle-order, Wicketkeeper",False,25.9,0.18,4.3,,,,False,"+0.2 runs/match, #3 of 14 middle-orders; salary Rs 14.00 cr vs fair value Rs 4.30 cr - frees Rs 14.00 cr of purse","Low: regular, consistent performer",
RR,mega_2028,Ravi Bishnoi,Ravi Bishnoi,Release,Wrist spinner,Wrist spinner,False,26.3,-0.29,3.89,,,,False,"-0.3 runs/match, #9 of 15 wrist spinners; salary Rs 7.20 cr vs fair value Rs 3.89 cr - frees Rs 7.20 cr of purse",volatile (season-to-season SD 2.6),
RR,mega_2028,Shubham Dubey,SB Dubey,Release,Finisher,Finisher,False,32.3,-0.37,1.48,,,,False,"-0.4 runs/match, #16 of 30 finishers; salary Rs 0.80 cr vs fair value Rs 1.48 cr - frees Rs 0.80 cr of purse",played 44% of team games in 3 yrs; small sample (143 balls),
RR,mega_2028,Sandeep Sharma,Sandeep Sharma,Release,Death pacer,Death pacer,False,33.6,-0.69,1.39,,,,False,"-0.7 runs/match, #18 of 33 death pacers; salary Rs 4.00 cr vs fair value Rs 1.39 cr - frees Rs 4.00 cr of purse",age 34; played 58% of team games in 3 yrs; volatile (season-to-season SD 2.6),
RR,mega_2028,Yudhvir Singh,Yudhvir Singh,Release,,,False,29.3,-1.06,1.28,,,,False,"-1.1 runs/match, no ranked role; salary Rs 0.35 cr vs fair value Rs 1.28 cr - frees Rs 0.35 cr of purse",played 21% of team games in 3 yrs; small sample (104 balls),
RR,mega_2028,Shimron Hetmyer,SO Hetmyer,Release,Finisher,Finisher,True,30.0,-1.25,3.47,,,,False,"-1.2 runs/match, #29 of 30 finishers; salary Rs 11.00 cr vs fair value Rs 3.47 cr - frees Rs 11.00 cr of purse",overseas: international clashes,
RR,mega_2028,Brijesh Sharma,Brijesh Sharma,Release,Death pacer,Death pacer,False,,-1.26,1.23,,,,False,"-1.3 runs/match, #20 of 33 death pacers; salary Rs 0.30 cr vs fair value Rs 1.23 cr - frees Rs 0.30 cr of purse",small sample (277 balls),
RR,mega_2028,Kwena Maphaka,KT Maphaka,Release,,,True,20.7,-1.82,3.06,,,,False,"-1.8 runs/match, no ranked role; salary Rs 1.50 cr vs fair value Rs 3.06 cr - frees Rs 1.50 cr of purse",played 14% of team games in 3 yrs; small sample (68 balls); overseas: international clashes,
RR,mega_2028,Tushar Deshpande,TU Deshpande,Release,Death pacer,Death pacer,False,31.6,-3.02,2.15,,,,False,"-3.0 runs/match, #32 of 33 death pacers; salary Rs 6.50 cr vs fair value Rs 2.15 cr - frees Rs 6.50 cr of purse","Low: regular, consistent performer",
RR,mega_2028,Sam Curran,SM Curran,Release,All-rounder,"Anchor, Powerplay pacer, All-rounder",True,28.5,-4.23,1.82,,,,False,"-4.2 runs/match, #9 of 9 all-rounders; salary Rs 2.40 cr vs fair value Rs 1.82 cr - frees Rs 2.40 cr of purse",overseas: international clashes,
RR,mega_2028,Adam Milne,AF Milne,Release,,,True,34.7,,,,,,False,"no recent data, no ranked role; salary Rs 2.40 cr vs fair value n/a - frees Rs 2.40 cr of purse",age 35; played 6% of team games in 3 yrs; no recent IPL data; overseas: international clashes,
RR,mega_2028,Aman Rao,Aman Rao,Release,,,False,,,,,,,False,"no recent data, no ranked role; salary Rs 0.30 cr vs fair value n/a - frees Rs 0.30 cr of purse",no recent IPL data,
RR,mega_2028,Lhuan-dre Pretorius,LG Pretorius,Release,,,True,20.7,,,,,,False,"no recent data, no ranked role; salary Rs 0.30 cr vs fair value n/a - frees Rs 0.30 cr of purse",played 12% of team games in 3 yrs; no recent IPL data; overseas: international clashes,
RR,mega_2028,Ravi Singh,Ravi Singh,Release,,,False,,,,,,,False,"no recent data, no ranked role; salary Rs 0.95 cr vs fair value n/a - frees Rs 0.95 cr of purse",played 6% of team games in 3 yrs; no recent IPL data,
RR,mega_2028,Sushant Mishra,SS Mishra,Release,,,False,26.0,,,,,,False,"no recent data, no ranked role; salary Rs 0.90 cr vs fair value n/a - frees Rs 0.90 cr of purse",played 12% of team games in 3 yrs; no recent IPL data,
RCB,mega_2028,Jonny Bairstow,JM Bairstow,Buy,Opener,"Opener, Wicketkeeper",True,37.2,2.04,7.05,10.48,7.05,Green,True,"#12 of 29 openers (+2.0 runs/match); fair value Rs 7.05 cr. Likely price Rs 10.48 cr is above our ceiling: bid only up to Rs 7.05 cr, else take the backup",age 37; played 43% of team games in 3 yrs; small sample (241 balls); overseas: international clashes,"Yashasvi Jaiswal (+0.7, ~Rs 5.25 cr)"
RCB,mega_2028,Kagiso Rabada,K Rabada,Buy,Powerplay pacer,Powerplay pacer,True,31.6,1.75,6.63,11.62,6.63,Green,True,"#6 of 42 powerplay pacers (+1.8 runs/match); fair value Rs 6.63 cr. Likely price Rs 11.62 cr is above our ceiling: bid only up to Rs 6.63 cr, else take the backup",volatile (season-to-season SD 4.0); overseas: international clashes,"Prasidh Krishna (+1.4, ~Rs 6.18 cr)"
RCB,mega_2028,Priyansh Arya,Priyansh Arya,Buy,Opener,Opener,False,25.2,1.67,2.31,4.26,2.31,Green,True,"#13 of 29 openers (+1.7 runs/match); fair value Rs 2.31 cr. Likely price Rs 4.26 cr is above our ceiling: bid only up to Rs 2.31 cr, else take the backup","Low: regular, consistent performer",none within ceiling - prioritise this bid
RCB,mega_2028,Sakib Hussain,Sakib Hussain,Buy,Death pacer,Death pacer,False,22.0,1.36,2.16,1.67,2.16,Green,True,#9 of 33 death pacers (+1.4 runs/match); fair value Rs 2.16 cr,small sample (259 balls),"Sandeep Sharma (-0.7, ~Rs 1.53 cr)"
RCB,mega_2028,Mukesh Choudhary,Mukesh Choudhary,Buy,Powerplay pacer,Powerplay pacer,False,30.4,0.55,1.81,1.43,1.81,Green,True,#13 of 42 powerplay pacers (+0.5 runs/match); fair value Rs 1.81 cr,played 26% of team games in 3 yrs; small sample (212 balls),"Vaibhav Arora (-0.0, ~Rs 1.76 cr)"
RCB,mega_2028,Akash Singh,Akash Singh,Buy,,,False,24.6,1.5,2.23,1.73,2.23,Green,False,no ranked role (+1.5 runs/match); fair value Rs 2.23 cr,played 18% of team games in 3 yrs; small sample (109 balls),none within ceiling - prioritise this bid
RCB,mega_2028,Ashwani Kumar,Ashwani Kumar,Buy,Powerplay pacer,Powerplay pacer,False,25.3,0.87,1.94,1.52,1.94,Green,False,#10 of 42 powerplay pacers (+0.9 runs/match); fair value Rs 1.94 cr,played 33% of team games in 3 yrs; small sample (189 balls),"Vaibhav Arora (-0.0, ~Rs 1.76 cr)"
RCB,mega_2028,Suryansh Shedge,Suryansh Shedge,Buy,,,False,23.9,0.66,4.77,2.6,4.77,Green,False,no ranked role (+0.7 runs/match); fair value Rs 4.77 cr,played 38% of team games in 3 yrs; small sample (119 balls),none within ceiling - prioritise this bid
RCB,mega_2028,Madhav Tiwari,M Tiwari,Buy,,,False,,0.6,1.83,1.6,1.83,Green,False,no ranked role (+0.6 runs/match); fair value Rs 1.83 cr,played 17% of team games in 3 yrs; small sample (78 balls),none within ceiling - prioritise this bid
RCB,mega_2028,Praful Hinge,PP Hinge,Buy,Death pacer,Death pacer,False,24.9,0.3,1.72,1.35,1.72,Green,False,#12 of 33 death pacers (+0.3 runs/match); fair value Rs 1.72 cr,played 47% of team games in 3 yrs; small sample (165 balls),"Sandeep Sharma (-0.7, ~Rs 1.53 cr)"
RCB,mega_2028,Yash Raj Punja,Yash Raj Punja,Buy,Finger spinner,Finger spinner,False,,0.25,1.7,1.34,1.7,Green,False,#13 of 24 finger spinners (+0.3 runs/match); fair value Rs 1.70 cr,played 50% of team games in 3 yrs; small sample (180 balls),"Shivang Kumar (-2.1, ~Rs 1.12 cr)"
RCB,mega_2028,Manish Pandey,MK Pandey,Buy,Middle-order,Middle-order,False,37.3,0.18,4.3,3.22,4.94,Red,False,#4 of 14 middle-orders (+0.2 runs/match); fair value Rs 4.30 cr; fills Red gap,age 37; played 24% of team games in 3 yrs; small sample (145 balls),"Axar Patel (+0.3, ~Rs 4.88 cr)"
RCB,mega_2028,Karn Sharma,KV Sharma,Buy,Wrist spinner,Wrist spinner,False,39.1,0.09,4.22,2.76,4.43,Amber,False,#6 of 15 wrist spinners (+0.1 runs/match); fair value Rs 4.22 cr; fills Amber gap,age 39; played 48% of team games in 3 yrs; volatile (season-to-season SD 2.0); small sample (250 balls),"Ravi Bishnoi (-0.3, ~Rs 4.28 cr)"
RCB,mega_2028,Aniket Verma,Aniket Verma,Buy,Finisher,Finisher,False,24.9,-0.09,1.58,1.25,1.58,Green,False,#9 of 30 finishers (-0.1 runs/match); fair value Rs 1.58 cr,small sample (196 balls),"Ramandeep Singh (-0.8, ~Rs 1.51 cr)"
RCB,mega_2028,Urvil Patel,Urvil Patel,Buy,Wicketkeeper,Wicketkeeper,False,28.2,-0.19,1.54,1.23,1.54,Green,False,#18 of 32 wicketkeepers (-0.2 runs/match); fair value Rs 1.54 cr,played 36% of team games in 3 yrs; small sample (96 balls),"Kartik Sharma (-0.8, ~Rs 1.50 cr)"
RCB,mega_2028,Kartik Tyagi,Kartik Tyagi,Buy,Death pacer,Death pacer,False,26.1,-0.23,1.53,1.22,1.53,Green,False,#16 of 33 death pacers (-0.2 runs/match); fair value Rs 1.53 cr,played 58% of team games in 3 yrs; volatile (season-to-season SD 2.2),"Sandeep Sharma (-0.7, ~Rs 1.53 cr)"
RCB,mega_2028,Rajat Patidar,RM Patidar,Buy back,Anchor,Anchor,False,33.5,3.19,8.24,14.77,8.24,Green,True,"#2 of 26 anchors (+3.2 runs/match); fair value Rs 8.24 cr. Likely price Rs 14.77 cr is above our ceiling: bid only up to Rs 8.24 cr, else take the backup",age 34,"Jos Buttler (+1.7, ~Rs 7.22 cr)"
RCB,mega_2028,Nuwan Thushara,N Thushara,Buy back,Death pacer,Death pacer,True,32.4,2.46,7.74,6.96,7.74,Green,True,#5 of 33 death pacers (+2.5 runs/match); fair value Rs 7.74 cr,played 28% of team games in 3 yrs; small sample (180 balls); overseas: international clashes,"Matheesha Pathirana (+1.1, ~Rs 6.34 cr)"
RCB,mega_2028,Swapnil Singh,Swapnil Singh,Buy back,,,False,35.9,2.25,2.62,2.39,2.62,Green,True,no ranked role (+2.3 runs/match); fair value Rs 2.62 cr,age 36; played 47% of team games in 3 yrs; small sample (111 balls),none within ceiling - prioritise this bid
RCB,mega_2028,Krunal Pandya,KH Pandya,Buy back,All-rounder,"Finisher, Finger spinner, All-rounder",False,35.7,1.51,5.73,8.46,5.73,Green,True,"#3 of 9 all-rounders (+1.5 runs/match); fair value Rs 5.73 cr. Likely price Rs 8.46 cr is above our ceiling: bid only up to Rs 5.73 cr, else take the backup",age 36,"Axar Patel (+0.3, ~Rs 4.88 cr)"
RCB,mega_2028,Bhuvneshwar Kumar,B Kumar,Retain,Death pacer,Death pacer,False,36.9,6.16,15.69,14.33,,,True,#1 of 33 death pacers (+6.2 runs/match); retention slot costs ~Rs 14.33 cr vs likely auction price Rs 24.13 cr,age 37,
RCB,mega_2028,Virat Kohli,V Kohli,Retain,Opener,Opener,False,38.1,4.54,11.04,14.33,,,True,#3 of 29 openers (+4.5 runs/match); retention slot costs ~Rs 14.33 cr vs likely auction price Rs 21.96 cr,age 38,
RCB,mega_2028,Josh Hazlewood,JR Hazlewood,Retain,Powerplay pacer,Powerplay pacer,True,35.9,3.42,9.51,14.33,,,True,#4 of 42 powerplay pacers (+3.4 runs/match); retention slot costs ~Rs 14.33 cr vs likely auction price Rs 15.51 cr,age 36; overseas: international clashes,
RCB,mega_2028,Phil Salt,PD Salt,Release,Opener,"Opener, Wicketkeeper",True,30.3,2.07,7.1,,,,False,"+2.1 runs/match, #11 of 29 openers; salary Rs 11.50 cr vs fair value Rs 7.10 cr - frees Rs 11.50 cr of purse",overseas: international clashes,
RCB,mega_2028,Tim David,TH David,Release,Finisher,Finisher,True,30.7,1.33,6.06,,,,False,"+1.3 runs/match, #2 of 30 finishers; salary Rs 3.00 cr vs fair value Rs 6.06 cr - frees Rs 3.00 cr of purse",overseas: international clashes,
RCB,mega_2028,Venkatesh Iyer,VR Iyer,Release,Anchor,Anchor,False,32.0,1.12,5.27,,,,False,"+1.1 runs/match, #11 of 26 anchors; salary Rs 7.00 cr vs fair value Rs 5.27 cr - frees Rs 7.00 cr of purse","Low: regular, consistent performer",
RCB,mega_2028,Jacob Duffy,JA Duffy,Release,Powerplay pacer,Powerplay pacer,True,32.4,0.51,5.07,,,,False,"+0.5 runs/match, #14 of 42 powerplay pacers; salary Rs 2.00 cr vs fair value Rs 5.07 cr - frees Rs 2.00 cr of purse",played 38% of team games in 3 yrs; small sample (144 balls); overseas: international clashes,
RCB,mega_2028,Devdutt Padikkal,D Padikkal,Release,Anchor,Anchor,False,26.4,0.19,4.31,,,,False,"+0.2 runs/match, #14 of 26 anchors; salary Rs 2.00 cr vs fair value Rs 4.31 cr - frees Rs 2.00 cr of purse",volatile (season-to-season SD 2.6),
RCB,mega_2028,Rasikh Salam,Rasikh Salam,Release,Death pacer,Death pacer,False,26.7,0.02,1.61,,,,False,"+0.0 runs/match, #14 of 33 death pacers; salary Rs 6.00 cr vs fair value Rs 1.61 cr - frees Rs 6.00 cr of purse",played 49% of team games in 3 yrs; volatile (season-to-season SD 2.2),
RCB,mega_2028,Yash Dayal,Yash Dayal,Release,Powerplay pacer,Powerplay pacer,False,29.0,-0.21,1.54,,,,False,"-0.2 runs/match, #22 of 42 powerplay pacers; salary Rs 5.00 cr vs fair value Rs 1.54 cr - frees Rs 5.00 cr of purse","Low: regular, consistent performer",
RCB,mega_2028,Jitesh Sharma,JM Sharma,Release,Finisher,"Finisher, Wicketkeeper",False,33.1,-0.72,3.54,,,,False,"-0.7 runs/match, #25 of 30 finishers; salary Rs 11.00 cr vs fair value Rs 3.54 cr - frees Rs 11.00 cr of purse",age 33,
RCB,mega_2028,Suyash Sharma,Suyash Sharma,Release,Wrist spinner,Wrist spinner,False,23.6,-0.89,1.33,,,,False,"-0.9 runs/match, #11 of 15 wrist spinners; salary Rs 2.60 cr vs fair value Rs 1.33 cr - frees Rs 2.60 cr of purse","Low: regular, consistent performer",
RCB,mega_2028,Romario Shepherd,R Shepherd,Release,Powerplay pacer,Powerplay pacer,True,32.1,-2.06,2.9,,,,False,"-2.1 runs/match, #32 of 42 powerplay pacers; salary Rs 1.50 cr vs fair value Rs 2.90 cr - frees Rs 1.50 cr of purse",overseas: international clashes,
RCB,mega_2028,Jacob Bethell,JG Bethell,Release,,,True,23.1,-2.07,2.9,,,,False,"-2.1 runs/match, no ranked role; salary Rs 2.60 cr vs fair value Rs 2.90 cr - frees Rs 2.60 cr of purse",played 29% of team games in 3 yrs; small sample (116 balls); overseas: international clashes,
RCB,mega_2028,Abhinandan Singh,Abhinandan Singh,Release,,,False,,,,,,,False,"no recent data, no ranked role; salary Rs 0.30 cr vs fair value n/a - frees Rs 0.30 cr of purse",played 19% of team games in 3 yrs; no recent IPL data,
RCB,mega_2028,Jordan Cox,Jordan Cox (cricketer),Release,,,True,26.1,,,,,,False,"no recent data, no ranked role; salary Rs 0.75 cr vs fair value n/a - frees Rs 0.75 cr of purse",no recent IPL data; overseas: international clashes,
RCB,mega_2028,Kanishk Chouhan,Kanishk Chouhan,Release,,,False,,,,,,,False,"no recent data, no ranked role; salary Rs 0.30 cr vs fair value n/a - frees Rs 0.30 cr of purse",no recent IPL data,
RCB,mega_2028,Mangesh Yadav,Mangesh Yadav,Release,,,False,,,,,,,False,"no recent data, no ranked role; salary Rs 5.20 cr vs fair value n/a - frees Rs 5.20 cr of purse",no recent IPL data,
RCB,mega_2028,Satvik Deswal,Satvik Deswal,Release,,,False,,,,,,,False,"no recent data, no ranked role; salary Rs 0.30 cr vs fair value n/a - frees Rs 0.30 cr of purse",no recent IPL data,
RCB,mega_2028,Vicky Ostwal,Vicky Ostwal,Release,,,False,,,,,,,False,"no recent data, no ranked role; salary Rs 0.30 cr vs fair value n/a - frees Rs 0.30 cr of purse",no recent IPL data,
RCB,mega_2028,Vihaan Malhotra,Vihaan Malhotra,Release,,,False,20.0,,,,,,False,"no recent data, no ranked role; salary Rs 0.30 cr vs fair value n/a - frees Rs 0.30 cr of purse",no recent IPL data,
SRH,mega_2028,Nuwan Thushara,N Thushara,Buy,Death pacer,Death pacer,True,32.4,2.46,7.74,6.96,7.74,Green,True,#5 of 33 death pacers (+2.5 runs/match); fair value Rs 7.74 cr,played 28% of team games in 3 yrs; small sample (180 balls); overseas: international clashes,"Matheesha Pathirana (+1.1, ~Rs 6.34 cr)"
SRH,mega_2028,Swapnil Singh,Swapnil Singh,Buy,,,False,35.9,2.25,2.62,2.39,2.62,Green,True,no ranked role (+2.3 runs/match); fair value Rs 2.62 cr,age 36; played 47% of team games in 3 yrs; small sample (111 balls),none within ceiling - prioritise this bid
SRH,mega_2028,Kagiso Rabada,K Rabada,Buy,Powerplay pacer,Powerplay pacer,True,31.6,1.75,6.63,11.62,6.63,Green,True,"#6 of 42 powerplay pacers (+1.8 runs/match); fair value Rs 6.63 cr. Likely price Rs 11.62 cr is above our ceiling: bid only up to Rs 6.63 cr, else take the backup",volatile (season-to-season SD 4.0); overseas: international clashes,"Prasidh Krishna (+1.4, ~Rs 6.18 cr)"
SRH,mega_2028,Priyansh Arya,Priyansh Arya,Buy,Opener,Opener,False,25.2,1.67,2.31,4.26,2.31,Green,True,"#13 of 29 openers (+1.7 runs/match); fair value Rs 2.31 cr. Likely price Rs 4.26 cr is above our ceiling: bid only up to Rs 2.31 cr, else take the backup","Low: regular, consistent performer",none within ceiling - prioritise this bid
SRH,mega_2028,Krunal Pandya,KH Pandya,Buy,All-rounder,"Finisher, Finger spinner, All-rounder",False,35.7,1.51,5.73,8.46,6.59,Red,True,"#3 of 9 all-rounders (+1.5 runs/match); fair value Rs 5.73 cr; fills Red gap. Likely price Rs 8.46 cr is above our ceiling: bid only up to Rs 6.59 cr, else take the backup",age 36,"Axar Patel (+0.3, ~Rs 4.88 cr)"
SRH,mega_2028,Jamie Overton,J Overton,Buy,All-rounder,"Death pacer, All-rounder",True,32.7,0.72,5.3,4.81,6.09,Red,True,#4 of 9 all-rounders (+0.7 runs/match); fair value Rs 5.30 cr; fills Red gap,played 46% of team games in 3 yrs; volatile (season-to-season SD 3.1); small sample (297 balls); overseas: international clashes,"Axar Patel (+0.3, ~Rs 4.88 cr)"
SRH,mega_2028,Mukesh Choudhary,Mukesh Choudhary,Buy,Powerplay pacer,Powerplay pacer,False,30.4,0.55,1.81,1.43,1.81,Green,True,#13 of 42 powerplay pacers (+0.5 runs/match); fair value Rs 1.81 cr,played 26% of team games in 3 yrs; small sample (212 balls),"Vaibhav Arora (-0.0, ~Rs 1.76 cr)"
SRH,mega_2028,Ravindra Jadeja,RA Jadeja,Buy,All-rounder,"Finisher, Finger spinner, All-rounder",False,38.0,0.28,4.39,8.98,5.05,Red,True,"#6 of 9 all-rounders (+0.3 runs/match); fair value Rs 4.39 cr; fills Red gap. Likely price Rs 8.98 cr is above our ceiling: bid only up to Rs 5.05 cr, else take the backup",age 38,"Axar Patel (+0.3, ~Rs 4.88 cr)"
SRH,mega_2028,Akash Singh,Akash Singh,Buy,,,False,24.6,1.5,2.23,1.73,2.23,Green,False,no ranked role (+1.5 runs/match); fair value Rs 2.23 cr,played 18% of team games in 3 yrs; small sample (109 balls),none within ceiling - prioritise this bid
SRH,mega_2028,Ashwani Kumar,Ashwani Kumar,Buy,Powerplay pacer,Powerplay pacer,False,25.3,0.87,1.94,1.52,1.94,Green,False,#10 of 42 powerplay pacers (+0.9 runs/match); fair value Rs 1.94 cr,played 33% of team games in 3 yrs; small sample (189 balls),"Vaibhav Arora (-0.0, ~Rs 1.76 cr)"
SRH,mega_2028,Donovan Ferreira,D Ferreira,Buy,Finisher,"Finisher, Wicketkeeper",True,28.4,0.78,5.37,4.24,5.37,Green,False,#3 of 30 finishers (+0.8 runs/match); fair value Rs 5.37 cr,played 39% of team games in 3 yrs; small sample (209 balls); overseas: international clashes,"Shashank Singh (+0.8, ~Rs 2.10 cr)"
SRH,mega_2028,Suryansh Shedge,Suryansh Shedge,Buy,,,False,23.9,0.66,4.77,2.6,4.77,Green,False,no ranked role (+0.7 runs/match); fair value Rs 4.77 cr,played 38% of team games in 3 yrs; small sample (119 balls),none within ceiling - prioritise this bid
SRH,mega_2028,Madhav Tiwari,M Tiwari,Buy,,,False,,0.6,1.83,1.6,1.83,Green,False,no ranked role (+0.6 runs/match); fair value Rs 1.83 cr,played 17% of team games in 3 yrs; small sample (78 balls),none within ceiling - prioritise this bid
SRH,mega_2028,Yash Raj Punja,Yash Raj Punja,Buy,Finger spinner,Finger spinner,False,,0.25,1.7,1.34,1.78,Amber,False,#13 of 24 finger spinners (+0.3 runs/match); fair value Rs 1.70 cr; fills Amber gap,played 50% of team games in 3 yrs; small sample (180 balls),none within ceiling - prioritise this bid
SRH,mega_2028,Anukul Roy,AS Roy,Buy,Finger spinner,Finger spinner,False,28.0,0.11,1.65,1.44,1.73,Amber,False,#12 of 24 finger spinners (+0.1 runs/match); fair value Rs 1.65 cr; fills Amber gap,played 44% of team games in 3 yrs; small sample (264 balls),none within ceiling - prioritise this bid
SRH,mega_2028,Karn Sharma,KV Sharma,Buy,Wrist spinner,Wrist spinner,False,39.1,0.09,4.22,2.76,4.43,Amber,False,#6 of 15 wrist spinners (+0.1 runs/match); fair value Rs 4.22 cr; fills Amber gap,age 39; played 48% of team games in 3 yrs; volatile (season-to-season SD 2.0); small sample (250 balls),"Ravi Bishnoi (-0.3, ~Rs 4.28 cr)"
SRH,mega_2028,Rasikh Salam,Rasikh Salam,Buy,Death pacer,Death pacer,False,26.7,0.02,1.61,3.59,1.61,Green,False,"#14 of 33 death pacers (+0.0 runs/match); fair value Rs 1.61 cr. Likely price Rs 3.59 cr is above our ceiling: bid only up to Rs 1.61 cr, else take the backup",played 49% of team games in 3 yrs; volatile (season-to-season SD 2.2); only available if RCB release him (projected),"Sandeep Sharma (-0.7, ~Rs 1.53 cr)"
SRH,mega_2028,Manimaran Siddharth,M Siddharth,Buy,Finger spinner,Finger spinner,False,28.5,-0.03,1.6,1.74,1.68,Amber,False,"#16 of 24 finger spinners (-0.0 runs/match); fair value Rs 1.60 cr; fills Amber gap. Likely price Rs 1.74 cr is above our ceiling: bid only up to Rs 1.68 cr, else take the backup",played 21% of team games in 3 yrs; small sample (186 balls),none within ceiling - prioritise this bid
SRH,mega_2028,Kartik Tyagi,Kartik Tyagi,Buy,Death pacer,Death pacer,False,26.1,-0.23,1.53,1.22,1.53,Green,False,#16 of 33 death pacers (-0.2 runs/match); fair value Rs 1.53 cr,played 58% of team games in 3 yrs; volatile (season-to-season SD 2.2),"Sandeep Sharma (-0.7, ~Rs 1.53 cr)"
SRH,mega_2028,Sakib Hussain,Sakib Hussain,Buy back,Death pacer,Death pacer,False,22.0,1.36,2.16,1.67,2.16,Green,True,#9 of 33 death pacers (+1.4 runs/match); fair value Rs 2.16 cr,small sample (259 balls),"Sandeep Sharma (-0.7, ~Rs 1.53 cr)"
SRH,mega_2028,Eshan Malinga,E Malinga,Buy back,Death pacer,Death pacer,True,25.9,2.13,7.2,5.91,7.2,Green,False,#6 of 33 death pacers (+2.1 runs/match); fair value Rs 7.20 cr,overseas: international clashes,"Matheesha Pathirana (+1.1, ~Rs 6.34 cr)"
SRH,mega_2028,Praful Hinge,PP Hinge,Buy back,Death pacer,Death pacer,False,24.9,0.3,1.72,1.35,1.72,Green,False,#12 of 33 death pacers (+0.3 runs/match); fair value Rs 1.72 cr,played 47% of team games in 3 yrs; small sample (165 balls),"Sandeep Sharma (-0.7, ~Rs 1.53 cr)"
SRH,mega_2028,Abhishek Sharma,Abhishek Sharma,Retain,Opener,"Opener, Finger spinner",False,26.3,4.35,10.61,14.33,,,True,#2 of 29 openers (+4.4 runs/match); retention slot costs ~Rs 14.33 cr vs likely auction price Rs 18.41 cr,"Low: regular, consistent performer",
SRH,mega_2028,Heinrich Klaasen,H Klaasen,Retain,Middle-order,"Middle-order, Wicketkeeper",True,35.4,3.8,10.33,14.33,,,True,#1 of 14 middle-orders (+3.8 runs/match); retention slot costs ~Rs 14.33 cr vs likely auction price Rs 18.00 cr,age 35; overseas: international clashes,
SRH,mega_2028,Ishan Kishan,Ishan Kishan,Retain,Anchor,"Anchor, Wicketkeeper",False,28.4,2.33,6.85,14.33,,,True,#5 of 26 anchors (+2.3 runs/match); retention slot costs ~Rs 14.33 cr vs likely auction price Rs 11.41 cr,"Low: regular, consistent performer",
SRH,mega_2028,Travis Head,TM Head,Release,Opener,Opener,True,33.0,1.62,6.45,,,,False,"+1.6 runs/match, #14 of 29 openers; salary Rs 14.00 cr vs fair value Rs 6.45 cr - frees Rs 14.00 cr of purse",age 33; volatile (season-to-season SD 3.1); overseas: international clashes,
SRH,mega_2028,Pat Cummins,PJ Cummins,Release,Powerplay pacer,"Finisher, Powerplay pacer",True,33.6,0.97,5.6,,,,False,"+1.0 runs/match, #9 of 42 powerplay pacers; salary Rs 18.00 cr vs fair value Rs 5.60 cr - frees Rs 18.00 cr of purse",age 34; overseas: international clashes,
SRH,mega_2028,Jaydev Unadkat,JD Unadkat,Release,Powerplay pacer,Powerplay pacer,False,35.2,0.44,4.54,,,,False,"+0.4 runs/match, #15 of 42 powerplay pacers; salary Rs 1.00 cr vs fair value Rs 4.54 cr - frees Rs 1.00 cr of purse",age 35; played 49% of team games in 3 yrs; volatile (season-to-season SD 3.2),
SRH,mega_2028,Aniket Verma,Aniket Verma,Release,Finisher,Finisher,False,24.9,-0.09,1.58,,,,False,"-0.1 runs/match, #9 of 30 finishers; salary Rs 0.30 cr vs fair value Rs 1.58 cr - frees Rs 0.30 cr of purse",small sample (196 balls),
SRH,mega_2028,Kamindu Mendis,PHKD Mendis,Release,,,True,28.2,-0.37,4.19,,,,False,"-0.4 runs/match, no ranked role; salary Rs 0.75 cr vs fair value Rs 4.19 cr - frees Rs 0.75 cr of purse",played 36% of team games in 3 yrs; small sample (111 balls); overseas: international clashes,
SRH,mega_2028,Harsh Dubey,Harsh Dubey,Release,Finger spinner,Finger spinner,False,24.4,-0.78,3.49,,,,False,"-0.8 runs/match, #20 of 24 finger spinners; salary Rs 0.30 cr vs fair value Rs 3.49 cr - frees Rs 0.30 cr of purse",played 38% of team games in 3 yrs; small sample (201 balls),
SRH,mega_2028,Nitish Kumar Reddy,Nithish Kumar Reddy,Release,Middle-order,"Middle-order, Wicketkeeper, Powerplay pacer",False,23.6,-0.94,3.37,,,,False,"-0.9 runs/match, #7 of 14 middle-orders; salary Rs 6.00 cr vs fair value Rs 3.37 cr - frees Rs 6.00 cr of purse","Low: regular, consistent performer",
SRH,mega_2028,Liam Livingstone,LS Livingstone,Release,Finger spinner,"Finisher, Finger spinner",True,33.4,-1.38,3.37,,,,False,"-1.4 runs/match, #14 of 24 finger spinners; salary Rs 13.00 cr vs fair value Rs 3.37 cr - frees Rs 13.00 cr of purse",age 33; played 43% of team games in 3 yrs; overseas: international clashes,
SRH,mega_2028,Harshal Patel,HV Patel,Release,Death pacer,Death pacer,False,36.1,-1.52,2.98,,,,False,"-1.5 runs/match, #21 of 33 death pacers; salary Rs 8.00 cr vs fair value Rs 2.98 cr - frees Rs 8.00 cr of purse",age 36,
SRH,mega_2028,Shivang Kumar,Shivang Kumar,Release,Finger spinner,Finger spinner,False,,-2.12,1.02,,,,False,"-2.1 runs/match, #23 of 24 finger spinners; salary Rs 0.30 cr vs fair value Rs 1.02 cr - frees Rs 0.30 cr of purse",small sample (280 balls),
SRH,mega_2028,Zeeshan Ansari,Zeeshan Ansari,Release,Wrist spinner,Wrist spinner,False,27.0,-2.29,0.98,,,,False,"-2.3 runs/match, #14 of 15 wrist spinners; salary Rs 0.40 cr vs fair value Rs 0.98 cr - frees Rs 0.40 cr of purse",small sample (203 balls),
SRH,mega_2028,Amit Kumar,Amit Kumar,Release,,,False,74.5,,,,,,False,"no recent data, no ranked role; salary Rs 0.30 cr vs fair value n/a - frees Rs 0.30 cr of purse",age 74; no recent IPL data,
SRH,mega_2028,Brydon Carse,Brydon Carse,Release,,,True,31.4,,,,,,False,"no recent data, no ranked role; salary Rs 1.00 cr vs fair value n/a - frees Rs 1.00 cr of purse",no recent IPL data; overseas: international clashes,
SRH,mega_2028,Jack Edwards,"Jack Edwards (cricketer, born 2000)",Release,,,True,26.7,,,,,,False,"no recent data, no ranked role; salary Rs 3.00 cr vs fair value n/a - frees Rs 3.00 cr of purse",no recent IPL data; overseas: international clashes,
SRH,mega_2028,Krains Fuletra,Krains Fuletra,Release,,,False,,,,,,,False,"no recent data, no ranked role; salary Rs 0.30 cr vs fair value n/a - frees Rs 0.30 cr of purse",no recent IPL data,
SRH,mega_2028,Onkar Tarmale,Onkar Tarmale,Release,,,False,,,,,,,False,"no recent data, no ranked role; salary Rs 0.30 cr vs fair value n/a - frees Rs 0.30 cr of purse",no recent IPL data,
SRH,mega_2028,Salil Arora,Salil Arora,Release,,,False,,,,,,,False,"no recent data, no ranked role; salary Rs 1.50 cr vs fair value n/a - frees Rs 1.50 cr of purse",played 7% of team games in 3 yrs; no recent IPL data,
SRH,mega_2028,Shivam Mavi,Shivam Mavi,Release,,,False,28.1,,,,,,False,"no recent data, no ranked role; salary Rs 0.75 cr vs fair value n/a - frees Rs 0.75 cr of purse",no recent IPL data,
SRH,mega_2028,Smaran Ravichandran,R Smaran,Release,,,False,,,,,,,False,"no recent data, no ranked role; salary Rs 0.30 cr vs fair value n/a - frees Rs 0.30 cr of purse",played 40% of team games in 3 yrs; no recent IPL data,
